update,episode,circumstance,mask,partner,style,outcome,chosen_regret,o,c,e,a,n,step_o,step_c,step_e,step_a,step_n
1,1,work,mask_work,environment,network_actively,failed,-1.2101,-0.00000,0.00000,-0.00000,-0.00000,0.00000,-0.000000,0.000000,-0.000000,-0.000000,0.000000
2,1,work,mask_work,environment,take_notes,delayed,0.1155,-0.00000,0.00000,-0.00000,-0.00000,0.00000,0.000000,0.000000,0.000000,0.000000,0.000000
3,1,work,mask_work,environment,deep_work,goal_achieved,3.5320,-0.00000,0.00000,-0.00000,-0.00000,-0.00000,0.000000,0.000000,0.000000,0.000000,-0.000000
4,1,work,mask_work,environment,rest_deeply,delayed,0.2337,-0.00000,0.00000,-0.00000,-0.00000,-0.00000,0.000000,0.000000,0.000000,0.000000,0.000000
5,1,work,mask_work,environment,quick_scan,failed,-0.7759,0.00000,0.00000,-0.00000,-0.00000,-0.00000,0.000000,0.000000,0.000000,0.000000,0.000000
6,1,work,mask_work,environment,take_notes,goal_achieved,3.6913,0.00000,0.00000,-0.00000,-0.00000,-0.00000,0.000000,0.000000,0.000000,0.000000,0.000000
7,1,work,mask_work,environment,deep_work,delayed,0.3270,0.00000,0.00000,-0.00000,-0.00000,-0.00000,0.000000,0.000000,0.000000,0.000000,0.000000
8,1,work,mask_work,environment,network_actively,failed,-0.9152,0.00000,0.00000,-0.00000,-0.00000,-0.00000,0.000000,0.000000,0.000000,0.000000,0.000000
9,1,work,mask_work,environment,take_notes,failed,-0.6542,-0.00000,0.00000,-0.00000,-0.00000,-0.00000,-0.000000,0.000000,0.000000,0.000000,0.000000
10,1,home,mask_home,environment,take_notes,failed,-2.3087,-0.00000,-0.00000,0.00000,0.00000,0.00000,-0.000000,-0.000000,0.000000,0.000000,0.000000
11,1,home,mask_home,environment,network_actively,delayed,-0.3618,-0.00000,-0.00000,-0.00000,-0.00000,0.00000,0.000000,0.000000,-0.000000,-0.000000,0.000000
12,1,home,mask_home,environment,network_actively,delayed,-0.3618,-0.00000,-0.00000,-0.00000,-0.00000,0.00000,0.000000,0.000000,0.000000,0.000000,0.000000
13,1,home,mask_home,environment,quick_scan,goal_achieved,3.2438,-0.00000,-0.00000,-0.00000,-0.00000,0.00000,0.000000,0.000000,0.000000,0.000000,0.000000
14,1,home,mask_home,environment,network_actively,failed,-1.2213,-0.00000,-0.00000,-0.00000,-0.00000,0.00000,0.000000,0.000000,0.000000,0.000000,0.000000
15,1,home,mask_home,environment,deep_work,goal_achieved,2.9646,-0.00000,0.00000,-0.00000,-0.00000,0.00000,0.000000,0.000000,0.000000,0.000000,0.000000
16,1,home,mask_home,environment,network_actively,failed,-1.4348,-0.00000,0.00000,-0.00000,-0.00000,0.00000,0.000000,0.000000,0.000000,0.000000,0.000000
17,1,home,mask_home,environment,network_actively,failed,-1.4348,-0.00000,0.00000,-0.00000,-0.00000,0.00000,0.000000,0.000000,0.000000,0.000000,0.000000
18,1,home,mask_home,environment,network_actively,delayed,-0.8337,-0.00000,-0.00000,-0.00000,-0.00000,0.00000,0.000000,-0.000000,0.000000,0.000000,0.000000
19,1,conference,mask_conference,environment,network_actively,goal_achieved,1.1944,0.00000,-0.00000,0.00000,0.00000,-0.00000,0.000000,-0.000000,0.000000,0.000000,-0.000000
20,1,conference,mask_conference,environment,network_actively,goal_achieved,1.1944,0.00000,-0.00000,0.00000,0.00000,-0.00000,0.000000,0.000000,0.000000,0.000000,0.000000
21,1,conference,mask_conference,environment,rest_deeply,failed,-3.3702,0.00000,-0.00000,0.00000,0.00000,-0.00000,0.000000,0.000000,0.000000,0.000000,0.000000
22,1,conference,mask_conference,environment,network_actively,delayed,-0.3056,0.00000,0.00000,-0.00000,-0.00000,-0.00000,0.000000,0.000000,-0.000000,-0.000000,0.000000
23,1,conference,mask_conference,environment,network_actively,goal_achieved,1.4978,0.00000,-0.00000,0.00000,0.00000,-0.00000,0.000000,-0.000000,0.000000,0.000000,0.000000
24,1,conference,mask_conference,environment,network_actively,goal_achieved,1.4978,0.00000,-0.00000,0.00000,0.00000,-0.00000,0.000000,0.000000,0.000000,0.000000,0.000000
25,1,conference,mask_conference,environment,network_actively,goal_achieved,1.4978,0.00000,-0.00000,0.00000,0.00000,-0.00000,0.000000,0.000000,0.000000,0.000000,0.000000
26,1,conference,mask_conference,environment,network_actively,goal_achieved,1.4978,0.00000,-0.00000,0.00000,0.00000,-0.00000,0.000000,0.000000,0.000000,0.000000,0.000000
27,1,conference,mask_conference,environment,network_actively,goal_achieved,1.4978,0.00000,-0.00000,0.00000,0.00000,-0.00000,0.000000,0.000000,0.000000,0.000000,0.000000
28,2,work,mask_work,environment,network_actively,failed,-0.8122,0.00000,0.00000,-0.00000,-0.00000,-0.00000,0.000000,0.000000,0.000000,0.000000,0.000000
29,2,work,mask_work,environment,deep_work,goal_achieved,3.8597,0.00000,0.00000,-0.00000,-0.00000,-0.00000,0.000000,0.000000,0.000000,0.000000,0.000000
30,2,work,mask_work,environment,quick_scan,goal_achieved,3.7316,-0.00000,0.00000,-0.00000,-0.00000,0.00000,-0.000000,0.000000,0.000000,0.000000,0.000000
31,2,work,mask_work,environment,network_actively,failed,-1.1240,-0.00000,0.00000,-0.00000,-0.00000,-0.00000,0.000000,0.000000,0.000000,0.000000,-0.000000
32,2,work,mask_work,environment,rest_deeply,delayed,0.2580,-0.00000,0.00000,-0.00000,-0.00000,-0.00000,0.000000,0.000000,0.000000,0.000000,0.000000
33,2,work,mask_work,environment,rest_deeply,goal_achieved,3.5530,-0.00000,0.00000,-0.00000,-0.00000,0.00000,0.000000,0.000000,0.000000,0.000000,0.000000
34,2,work,mask_work,environment,network_actively,goal_achieved,1.1289,0.00000,-0.00000,0.00000,0.00000,-0.00000,0.000000,-0.000000,0.000000,0.000000,-0.000000
35,2,work,mask_work,environment,tidy_up,goal_achieved,3.0135,-0.00000,0.00000,-0.00000,-0.00000,-0.00000,-0.000000,0.000000,-0.000000,-0.000000,0.000000
36,2,work,mask_work,environment,network_actively,failed,-1.4554,-0.00000,0.00000,-0.00000,-0.00000,-0.00000,0.000000,0.000000,0.000000,0.000000,0.000000
37,2,home,mask_home,environment,rest_deeply,delayed,-0.2256,-0.00000,0.00000,-0.00000,-0.00000,0.00000,0.000000,0.000000,0.000000,0.000000,0.000000
38,2,home,mask_home,environment,quick_scan,goal_achieved,3.5064,-0.00000,0.00000,-0.00000,-0.00000,0.00000,0.000000,0.000000,0.000000,0.000000,0.000000
39,2,home,mask_home,environment,network_actively,delayed,-0.6820,-0.00000,0.00000,-0.00000,-0.00000,0.00000,0.000000,0.000000,0.000000,0.000000,0.000000
40,2,home,mask_home,environment,network_actively,delayed,-0.6820,-0.00000,0.00000,-0.00000,-0.00000,0.00000,0.000000,0.000000,0.000000,0.000000,0.000000
41,2,home,mask_home,environment,rest_deeply,goal_achieved,2.9883,-0.00000,-0.00000,-0.00000,-0.00000,0.00000,0.000000,-0.000000,0.000000,0.000000,0.000000
42,2,home,mask_home,environment,network_actively,delayed,-0.9095,-0.00000,-0.00000,-0.00000,-0.00000,0.00000,0.000000,0.000000,0.000000,0.000000,0.000000
43,2,home,mask_home,environment,deep_work,failed,-1.6843,-0.00000,-0.00000,-0.00000,-0.00000,0.00000,0.000000,0.000000,0.000000,0.000000,0.000000
44,2,home,mask_home,environment,network_actively,goal_achieved,1.1073,-0.00000,-0.00000,0.00000,0.00000,0.00000,0.000000,0.000000,0.000000,0.000000,0.000000
45,2,home,mask_home,environment,network_actively,failed,-1.2972,-0.00000,-0.00000,-0.00000,-0.00000,0.00000,0.000000,0.000000,-0.000000,-0.000000,0.000000
46,2,conference,mask_conference,environment,network_actively,goal_achieved,1.4978,0.00000,-0.00000,0.00000,0.00000,-0.00000,0.000000,0.000000,0.000000,0.000000,0.000000
47,2,conference,mask_conference,environment,network_actively,goal_achieved,1.4978,0.00000,-0.00000,0.00000,0.00000,-0.00000,0.000000,0.000000,0.000000,0.000000,0.000000
48,2,conference,mask_conference,environment,network_actively,goal_achieved,1.4978,0.00000,-0.00000,0.00000,0.00000,-0.00000,0.000000,0.000000,0.000000,0.000000,0.000000
49,2,conference,mask_conference,environment,network_actively,delayed,-0.3056,0.00000,0.00000,-0.00000,-0.00000,-0.00000,0.000000,0.000000,-0.000000,-0.000000,0.000000
50,2,conference,mask_conference,environment,tidy_up,delayed,-1.8499,0.00000,-0.00000,0.00000,0.00000,-0.00000,0.000000,-0.000000,0.000000,0.000000,0.000000
51,2,conference,mask_conference,environment,deep_work,delayed,-1.8992,0.00000,-0.00000,0.00000,0.00000,0.00000,0.000000,0.000000,0.000000,0.000000,0.000000
52,2,conference,mask_conference,environment,network_actively,goal_achieved,1.6944,0.00000,-0.00000,0.00000,0.00000,-0.00000,0.000000,0.000000,0.000000,0.000000,-0.000000
53,2,conference,mask_conference,environment,quick_scan,goal_achieved,1.8495,0.00000,-0.00000,0.00000,0.00000,0.00000,0.000000,0.000000,0.000000,0.000000,0.000000
54,2,conference,mask_conference,environment,deep_work,delayed,-2.1825,0.00000,-0.00000,0.00000,0.00000,0.00000,0.000000,0.000000,0.000000,0.000000,0.000000
55,3,work,mask_work,environment,network_actively,failed,-1.4554,-0.00000,0.00000,-0.00000,-0.00000,-0.00000,0.000000,0.000000,0.000000,0.000000,0.000000
56,3,work,mask_work,environment,network_actively,failed,-1.4554,-0.00000,0.00000,-0.00000,-0.00000,-0.00000,0.000000,0.000000,0.000000,0.000000,0.000000
57,3,work,mask_work,environment,network_actively,failed,-1.4554,-0.00000,0.00000,-0.00000,-0.00000,-0.00000,0.000000,0.000000,0.000000,0.000000,0.000000
58,3,work,mask_work,environment,deep_work,delayed,-0.4483,-0.00000,0.00000,-0.00000,-0.00000,0.00000,0.000000,0.000000,0.000000,0.000000,0.000000
59,3,work,mask_work,environment,network_actively,failed,-1.4020,-0.00000,0.00000,-0.00000,-0.00000,-0.00000,0.000000,0.000000,0.000000,0.000000,-0.000000
60,3,work,mask_work,environment,rest_deeply,failed,-1.2262,-0.00000,0.00000,-0.00000,-0.00000,-0.00000,0.000000,0.000000,0.000000,0.000000,0.000000
61,3,work,mask_work,environment,take_notes,delayed,-0.3014,-0.00000,0.00000,-0.00000,-0.00000,-0.00000,0.000000,0.000000,0.000000,0.000000,0.000000
62,3,work,mask_work,environment,deep_work,goal_achieved,3.1067,-0.00000,0.00000,-0.00000,-0.00000,-0.00000,0.000000,0.000000,0.000000,0.000000,0.000000
63,3,work,mask_work,environment,tidy_up,failed,-1.2496,0.00000,0.00000,-0.00000,-0.00000,0.00000,0.000000,0.000000,0.000000,0.000000,0.000000
64,3,home,mask_home,environment,take_notes,failed,-1.9351,-0.00000,-0.00000,-0.00000,-0.00000,0.00000,0.000000,0.000000,0.000000,0.000000,0.000000
65,3,home,mask_home,environment,network_actively,delayed,-0.6960,-0.00000,-0.00000,-0.00000,-0.00000,0.00000,0.000000,0.000000,0.000000,0.000000,0.000000
66,3,home,mask_home,environment,tidy_up,goal_achieved,2.9162,-0.00000,-0.00000,-0.00000,-0.00000,0.00000,0.000000,0.000000,0.000000,0.000000,0.000000
67,3,home,mask_home,environment,rest_deeply,goal_achieved,2.8327,-0.00000,-0.00000,-0.00000,-0.00000,0.00000,0.000000,0.000000,0.000000,0.000000,0.000000
68,3,home,mask_home,environment,rest_deeply,goal_achieved,2.8327,-0.00000,-0.00000,-0.00000,-0.00000,0.00000,0.000000,0.000000,0.000000,0.000000,0.000000
69,3,home,mask_home,environment,network_actively,failed,-1.5907,-0.00000,-0.00000,-0.00000,-0.00000,0.00000,0.000000,0.000000,0.000000,0.000000,0.000000
70,3,home,mask_home,environment,network_actively,failed,-1.5907,-0.00000,-0.00000,-0.00000,-0.00000,0.00000,0.000000,0.000000,0.000000,0.000000,0.000000
71,3,home,mask_home,environment,network_actively,failed,-1.5907,-0.00000,-0.00000,-0.00000,-0.00000,0.00000,0.000000,0.000000,0.000000,0.000000,0.000000
72,3,home,mask_home,environment,tidy_up,goal_achieved,2.9214,-0.00000,-0.00000,-0.00000,-0.00000,0.00000,0.000000,0.000000,0.000000,0.000000,0.000000
73,3,conference,mask_conference,environment,network_actively,goal_achieved,1.4360,0.00000,-0.00000,0.00000,0.00000,0.00000,0.000000,0.000000,0.000000,0.000000,0.000000
74,3,conference,mask_conference,environment,take_notes,delayed,-1.9603,0.00000,-0.00000,0.00000,0.00000,0.00000,0.000000,0.000000,0.000000,0.000000,0.000000
75,3,conference,mask_conference,environment,network_actively,goal_achieved,1.5596,0.00000,-0.00000,0.00000,0.00000,0.00000,0.000000,0.000000,0.000000,0.000000,0.000000
76,3,conference,mask_conference,environment,tidy_up,failed,-3.1030,0.00000,-0.00000,0.00000,0.00000,0.00000,0.000000,0.000000,0.000000,0.000000,0.000000
77,3,conference,mask_conference,environment,rest_deeply,failed,-3.0039,0.00000,-0.00000,0.00000,0.00000,0.00000,0.000000,0.000000,0.000000,0.000000,0.000000
78,3,conference,mask_conference,environment,network_actively,delayed,-0.1989,-0.00000,-0.00000,0.00000,-0.00000,0.00000,-0.000000,0.000000,0.000000,-0.000000,0.000000
79,3,conference,mask_conference,environment,rest_deeply,goal_achieved,1.4948,-0.00000,-0.00000,0.00000,0.00000,0.00000,0.000000,0.000000,0.000000,0.000000,0.000000
80,3,conference,mask_conference,environment,network_actively,goal_achieved,1.4023,0.00000,-0.00000,0.00000,0.00000,0.00000,0.000000,0.000000,0.000000,0.000000,0.000000
81,3,conference,mask_conference,environment,network_actively,goal_achieved,1.4023,0.00000,-0.00000,0.00000,0.00000,0.00000,0.000000,0.000000,0.000000,0.000000,0.000000
82,4,work,mask_work,environment,take_notes,delayed,-0.1536,-0.00000,0.00000,-0.00000,-0.00000,0.00000,-0.000000,0.000000,0.000000,0.000000,0.000000
83,4,work,mask_work,environment,take_notes,goal_achieved,3.2256,0.00000,0.00000,-0.00000,-0.00000,-0.00000,0.000000,0.000000,0.000000,0.000000,-0.000000
84,4,work,mask_work,environment,take_notes,failed,-1.2800,-0.00000,0.00000,-0.00000,-0.00000,0.00000,-0.000000,0.000000,0.000000,0.000000,0.000000
85,4,work,mask_work,environment,network_actively,failed,-1.1667,-0.00000,0.00000,-0.00000,-0.00000,0.00000,0.000000,0.000000,0.000000,0.000000,0.000000
86,4,work,mask_work,environment,network_actively,failed,-1.1667,-0.00000,0.00000,-0.00000,-0.00000,0.00000,0.000000,0.000000,0.000000,0.000000,0.000000
87,4,work,mask_work,environment,deep_work,goal_achieved,3.3209,0.00000,0.00000,-0.00000,-0.00000,-0.00000,0.000000,0.000000,0.000000,0.000000,-0.000000
88,4,work,mask_work,environment,network_actively,failed,-1.1880,-0.00000,0.00000,-0.00000,-0.00000,0.00000,-0.000000,0.000000,0.000000,0.000000,0.000000
89,4,work,mask_work,environment,network_actively,goal_achieved,1.2165,0.00000,-0.00000,0.00000,0.00000,-0.00000,0.000000,-0.000000,0.000000,0.000000,-0.000000
90,4,work,mask_work,environment,rest_deeply,failed,-1.1993,0.00000,0.00000,-0.00000,-0.00000,-0.00000,0.000000,0.000000,-0.000000,-0.000000,0.000000
91,4,home,mask_home,environment,quick_scan,failed,-1.4357,-0.00000,0.00000,-0.00000,-0.00000,-0.00000,0.000000,0.000000,0.000000,0.000000,-0.000000
92,4,home,mask_home,environment,tidy_up,goal_achieved,3.0937,-0.00000,-0.00000,-0.00000,-0.00000,0.00000,0.000000,-0.000000,0.000000,0.000000,0.000000
93,4,home,mask_home,environment,network_actively,failed,-1.4184,-0.00000,0.00000,-0.00000,-0.00000,0.00000,0.000000,0.000000,0.000000,0.000000,0.000000
94,4,home,mask_home,environment,rest_deeply,goal_achieved,3.1537,-0.00000,-0.00000,-0.00000,-0.00000,0.00000,0.000000,-0.000000,0.000000,0.000000,0.000000
95,4,home,mask_home,environment,network_actively,goal_achieved,0.9633,-0.00000,-0.00000,0.00000,0.00000,0.00000,0.000000,0.000000,0.000000,0.000000,0.000000
96,4,home,mask_home,environment,tidy_up,goal_achieved,2.9743,-0.00000,-0.00000,-0.00000,-0.00000,0.00000,0.000000,0.000000,-0.000000,-0.000000,0.000000
97,4,home,mask_home,environment,network_actively,goal_achieved,0.9633,-0.00000,-0.00000,0.00000,0.00000,0.00000,0.000000,0.000000,0.000000,0.000000,0.000000
98,4,home,mask_home,environment,take_notes,failed,-2.1741,-0.00000,-0.00000,-0.00000,-0.00000,0.00000,0.000000,0.000000,-0.000000,-0.000000,0.000000
99,4,home,mask_home,environment,network_actively,goal_achieved,0.9633,-0.00000,-0.00000,0.00000,0.00000,0.00000,0.000000,0.000000,0.000000,0.000000,0.000000
100,4,conference,mask_conference,environment,network_actively,goal_achieved,1.4023,0.00000,-0.00000,0.00000,0.00000,0.00000,0.000000,0.000000,0.000000,0.000000,0.000000
101,4,conference,mask_conference,environment,quick_scan,delayed,-1.5387,0.00000,-0.00000,0.00000,0.00000,-0.00000,0.000000,0.000000,0.000000,0.000000,-0.000000
102,4,conference,mask_conference,environment,rest_deeply,delayed,-1.6640,0.00000,-0.00000,0.00000,0.00000,0.00000,0.000000,0.000000,0.000000,0.000000,0.000000
103,4,conference,mask_conference,environment,rest_deeply,failed,-2.7623,0.00000,-0.00000,0.00000,0.00000,0.00000,0.000000,0.000000,0.000000,0.000000,0.000000
104,4,conference,mask_conference,environment,deep_work,failed,-3.1072,0.00000,-0.00000,0.00000,0.00000,0.00000,0.000000,0.000000,0.000000,0.000000,0.000000
105,4,conference,mask_conference,environment,network_actively,goal_achieved,1.6822,0.00000,-0.00000,0.00000,0.00000,0.00000,0.000000,0.000000,0.000000,0.000000,0.000000
106,4,conference,mask_conference,environment,quick_scan,delayed,-1.4680,0.00000,-0.00000,0.00000,0.00000,-0.00000,0.000000,0.000000,0.000000,0.000000,-0.000000
107,4,conference,mask_conference,environment,tidy_up,delayed,-1.7681,0.00000,-0.00000,0.00000,0.00000,0.00000,0.000000,0.000000,0.000000,0.000000,0.000000
108,4,conference,mask_conference,environment,network_actively,delayed,-0.0715,-0.00000,-0.00000,0.00000,-0.00000,0.00000,-0.000000,0.000000,0.000000,-0.000000,0.000000
109,5,work,mask_work,environment,rest_deeply,failed,-1.1993,0.00000,0.00000,-0.00000,-0.00000,-0.00000,0.000000,0.000000,0.000000,0.000000,0.000000
110,5,work,mask_work,environment,rest_deeply,delayed,-0.1010,0.00000,0.00000,-0.00000,-0.00000,-0.00000,0.000000,0.000000,0.000000,0.000000,0.000000
111,5,work,mask_work,environment,network_actively,delayed,-0.5111,0.00000,0.00000,-0.00000,-0.00000,-0.00000,0.000000,0.000000,0.000000,0.000000,0.000000
112,5,work,mask_work,environment,network_actively,delayed,-0.5111,0.00000,0.00000,-0.00000,-0.00000,-0.00000,0.000000,0.000000,0.000000,0.000000,0.000000
113,5,work,mask_work,environment,network_actively,failed,-1.1122,-0.00000,0.00000,-0.00000,-0.00000,-0.00000,-0.000000,0.000000,0.000000,0.000000,0.000000
114,5,work,mask_work,environment,quick_scan,failed,-1.1214,0.00000,0.00000,-0.00000,-0.00000,-0.00000,0.000000,0.000000,0.000000,0.000000,0.000000
115,5,work,mask_work,environment,rest_deeply,goal_achieved,3.2692,-0.00000,0.00000,-0.00000,-0.00000,0.00000,-0.000000,0.000000,0.000000,0.000000,0.000000
116,5,work,mask_work,environment,deep_work,goal_achieved,3.2606,0.00000,0.00000,-0.00000,-0.00000,-0.00000,0.000000,0.000000,0.000000,0.000000,-0.000000
117,5,work,mask_work,environment,network_actively,failed,-1.0982,-0.00000,0.00000,-0.00000,-0.00000,-0.00000,-0.000000,0.000000,0.000000,0.000000,0.000000
118,5,home,mask_home,environment,network_actively,failed,-1.4412,-0.00000,0.00000,-0.00000,-0.00000,0.00000,0.000000,0.000000,-0.000000,-0.000000,0.000000
119,5,home,mask_home,environment,network_actively,goal_achieved,0.9633,-0.00000,-0.00000,0.00000,0.00000,0.00000,0.000000,-0.000000,0.000000,0.000000,0.000000
120,5,home,mask_home,environment,network_actively,failed,-1.4412,-0.00000,0.00000,-0.00000,-0.00000,0.00000,0.000000,0.000000,-0.000000,-0.000000,0.000000
121,5,home,mask_home,environment,network_actively,delayed,-0.8401,-0.00000,-0.00000,-0.00000,-0.00000,0.00000,0.000000,-0.000000,0.000000,0.000000,0.000000
122,5,home,mask_home,environment,quick_scan,failed,-1.7725,-0.00000,0.00000,-0.00000,-0.00000,-0.00000,0.000000,0.000000,0.000000,0.000000,-0.000000
123,5,home,mask_home,environment,quick_scan,goal_achieved,2.7106,-0.00000,-0.00000,-0.00000,-0.00000,0.00000,0.000000,-0.000000,0.000000,0.000000,0.000000
124,5,home,mask_home,environment,tidy_up,goal_achieved,2.7913,-0.00000,-0.00000,-0.00000,-0.00000,0.00000,0.000000,0.000000,0.000000,0.000000,0.000000
125,5,home,mask_home,environment,network_actively,failed,-1.4067,-0.00000,0.00000,-0.00000,-0.00000,0.00000,0.000000,0.000000,0.000000,0.000000,0.000000
126,5,home,mask_home,environment,quick_scan,failed,-1.7396,-0.00000,0.00000,-0.00000,-0.00000,-0.00000,0.000000,0.000000,0.000000,0.000000,-0.000000
127,5,conference,mask_conference,environment,rest_deeply,failed,-2.6137,0.00000,-0.00000,0.00000,0.00000,0.00000,0.000000,0.000000,0.000000,0.000000,0.000000
128,5,conference,mask_conference,environment,deep_work,goal_achieved,1.6041,0.00000,-0.00000,0.00000,0.00000,-0.00000,0.000000,0.000000,0.000000,0.000000,-0.000000
129,5,conference,mask_conference,environment,network_actively,goal_achieved,1.6682,0.00000,-0.00000,0.00000,0.00000,0.00000,0.000000,0.000000,0.000000,0.000000,0.000000
130,5,conference,mask_conference,environment,network_actively,goal_achieved,1.6682,0.00000,-0.00000,0.00000,0.00000,0.00000,0.000000,0.000000,0.000000,0.000000,0.000000
131,5,conference,mask_conference,environment,network_actively,goal_achieved,1.6682,0.00000,-0.00000,0.00000,0.00000,0.00000,0.000000,0.000000,0.000000,0.000000,0.000000
132,5,conference,mask_conference,environment,network_actively,goal_achieved,1.6682,0.00000,-0.00000,0.00000,0.00000,0.00000,0.000000,0.000000,0.000000,0.000000,0.000000
133,5,conference,mask_conference,environment,deep_work,delayed,-1.8850,0.00000,-0.00000,0.00000,0.00000,0.00000,0.000000,0.000000,0.000000,0.000000,0.000000
134,5,conference,mask_conference,environment,network_actively,goal_achieved,1.6789,0.00000,-0.00000,0.00000,0.00000,0.00000,0.000000,0.000000,0.000000,0.000000,0.000000
135,5,conference,mask_conference,environment,quick_scan,goal_achieved,1.8339,0.00000,-0.00000,0.00000,0.00000,0.00000,0.000000,0.000000,0.000000,0.000000,0.000000
136,6,work,mask_work,environment,network_actively,delayed,-0.4970,0.00000,0.00000,-0.00000,-0.00000,-0.00000,0.000000,0.000000,0.000000,0.000000,0.000000
137,6,work,mask_work,environment,network_actively,delayed,-0.4970,0.00000,0.00000,-0.00000,-0.00000,-0.00000,0.000000,0.000000,0.000000,0.000000,0.000000
138,6,work,mask_work,environment,rest_deeply,delayed,-0.0486,0.00000,0.00000,-0.00000,-0.00000,-0.00000,0.000000,0.000000,0.000000,0.000000,0.000000
139,6,work,mask_work,environment,network_actively,failed,-1.0918,-0.00000,0.00000,-0.00000,-0.00000,-0.00000,-0.000000,0.000000,0.000000,0.000000,0.000000
140,6,work,mask_work,environment,network_actively,failed,-1.0918,-0.00000,0.00000,-0.00000,-0.00000,-0.00000,0.000000,0.000000,0.000000,0.000000,0.000000
141,6,work,mask_work,environment,deep_work,goal_achieved,3.2947,0.00000,0.00000,-0.00000,-0.00000,-0.00000,0.000000,0.000000,0.000000,0.000000,0.000000
142,6,work,mask_work,environment,network_actively,failed,-1.1033,-0.00000,0.00000,-0.00000,-0.00000,-0.00000,-0.000000,0.000000,0.000000,0.000000,0.000000
143,6,work,mask_work,environment,network_actively,failed,-1.1033,-0.00000,0.00000,-0.00000,-0.00000,-0.00000,0.000000,0.000000,0.000000,0.000000,0.000000
144,6,work,mask_work,environment,network_actively,failed,-1.1033,-0.00000,0.00000,-0.00000,-0.00000,-0.00000,0.000000,0.000000,0.000000,0.000000,0.000000
145,6,home,mask_home,environment,rest_deeply,goal_achieved,2.9289,-0.00000,-0.00000,-0.00000,-0.00000,0.00000,0.000000,-0.000000,0.000000,0.000000,0.000000
146,6,home,mask_home,environment,rest_deeply,goal_achieved,2.9289,-0.00000,-0.00000,-0.00000,-0.00000,0.00000,0.000000,0.000000,0.000000,0.000000,0.000000
147,6,home,mask_home,environment,network_actively,delayed,-0.7799,-0.00000,-0.00000,-0.00000,-0.00000,0.00000,0.000000,0.000000,0.000000,0.000000,0.000000
148,6,home,mask_home,environment,network_actively,failed,-1.3810,-0.00000,0.00000,-0.00000,-0.00000,0.00000,0.000000,0.000000,0.000000,0.000000,0.000000
149,6,home,mask_home,environment,network_actively,failed,-1.3810,-0.00000,0.00000,-0.00000,-0.00000,0.00000,0.000000,0.000000,0.000000,0.000000,0.000000
150,6,home,mask_home,environment,network_actively,failed,-1.3810,-0.00000,0.00000,-0.00000,-0.00000,0.00000,0.000000,0.000000,0.000000,0.000000,0.000000
151,6,home,mask_home,environment,quick_scan,goal_achieved,2.8025,-0.00000,-0.00000,-0.00000,-0.00000,0.00000,0.000000,-0.000000,0.000000,0.000000,0.000000
152,6,home,mask_home,environment,take_notes,failed,-2.1380,-0.00000,-0.00000,-0.00000,-0.00000,0.00000,0.000000,0.000000,0.000000,0.000000,0.000000
153,6,home,mask_home,environment,network_actively,delayed,-0.8168,-0.00000,-0.00000,-0.00000,-0.00000,0.00000,0.000000,0.000000,0.000000,0.000000,0.000000
154,6,conference,mask_conference,environment,network_actively,goal_achieved,1.6143,0.00000,-0.00000,0.00000,0.00000,0.00000,0.000000,0.000000,0.000000,0.000000,0.000000
155,6,conference,mask_conference,environment,tidy_up,delayed,-1.8893,0.00000,-0.00000,0.00000,0.00000,0.00000,0.000000,0.000000,0.000000,0.000000,0.000000
156,6,conference,mask_conference,environment,network_actively,goal_achieved,1.6068,0.00000,-0.00000,0.00000,0.00000,0.00000,0.000000,0.000000,0.000000,0.000000,0.000000
157,6,conference,mask_conference,environment,deep_work,failed,-3.1337,0.00000,-0.00000,0.00000,0.00000,0.00000,0.000000,0.000000,0.000000,0.000000,0.000000
158,6,conference,mask_conference,environment,network_actively,goal_achieved,1.6317,0.00000,-0.00000,0.00000,0.00000,0.00000,0.000000,0.000000,0.000000,0.000000,0.000000
159,6,conference,mask_conference,environment,tidy_up,failed,-3.0444,0.00000,-0.00000,0.00000,0.00000,0.00000,0.000000,0.000000,0.000000,0.000000,0.000000
160,6,conference,mask_conference,environment,rest_deeply,goal_achieved,1.5653,-0.00000,-0.00000,0.00000,0.00000,0.00000,-0.000000,0.000000,0.000000,0.000000,0.000000
161,6,conference,mask_conference,environment,quick_scan,goal_achieved,1.7652,0.00000,-0.00000,0.00000,0.00000,0.00000,0.000000,0.000000,0.000000,0.000000,0.000000
162,6,conference,mask_conference,environment,deep_work,failed,-3.2372,-0.00000,-0.00000,0.00000,0.00000,0.00000,-0.000000,0.000000,0.000000,0.000000,0.000000
163,7,work,mask_work,environment,network_actively,delayed,-0.5022,0.00000,0.00000,-0.00000,-0.00000,-0.00000,0.000000,0.000000,0.000000,0.000000,0.000000
164,7,work,mask_work,environment,network_actively,delayed,-0.5022,0.00000,0.00000,-0.00000,-0.00000,-0.00000,0.000000,0.000000,0.000000,0.000000,0.000000
165,7,work,mask_work,environment,network_actively,failed,-1.1033,-0.00000,0.00000,-0.00000,-0.00000,-0.00000,-0.000000,0.000000,0.000000,0.000000,0.000000
166,7,work,mask_work,environment,network_actively,delayed,-0.5022,0.00000,0.00000,-0.00000,-0.00000,-0.00000,0.000000,0.000000,0.000000,0.000000,0.000000
167,7,work,mask_work,environment,network_actively,failed,-1.1033,-0.00000,0.00000,-0.00000,-0.00000,-0.00000,-0.000000,0.000000,0.000000,0.000000,0.000000
168,7,work,mask_work,environment,quick_scan,goal_achieved,3.3417,-0.00000,0.00000,-0.00000,-0.00000,0.00000,0.000000,0.000000,0.000000,0.000000,0.000000
169,7,work,mask_work,environment,network_actively,failed,-1.1894,-0.00000,0.00000,-0.00000,-0.00000,-0.00000,0.000000,0.000000,0.000000,0.000000,-0.000000
170,7,work,mask_work,environment,network_actively,delayed,-0.5883,0.00000,0.00000,-0.00000,-0.00000,-0.00000,0.000000,0.000000,0.000000,0.000000,0.000000
171,7,work,mask_work,environment,deep_work,goal_achieved,3.2381,0.00000,0.00000,-0.00000,-0.00000,-0.00000,0.000000,0.000000,0.000000,0.000000,0.000000
172,7,home,mask_home,environment,network_actively,goal_achieved,0.9865,-0.00000,-0.00000,0.00000,0.00000,0.00000,0.000000,0.000000,0.000000,0.000000,0.000000
173,7,home,mask_home,environment,quick_scan,delayed,-0.6232,-0.00000,-0.00000,-0.00000,-0.00000,-0.00000,0.000000,0.000000,-0.000000,-0.000000,-0.000000
174,7,home,mask_home,environment,network_actively,failed,-1.3972,-0.00000,0.00000,-0.00000,-0.00000,0.00000,0.000000,0.000000,0.000000,0.000000,0.000000
175,7,home,mask_home,environment,rest_deeply,goal_achieved,2.9581,-0.00000,-0.00000,-0.00000,-0.00000,0.00000,0.000000,-0.000000,0.000000,0.000000,0.000000
176,7,home,mask_home,environment,network_actively,failed,-1.4053,-0.00000,0.00000,-0.00000,-0.00000,0.00000,0.000000,0.000000,0.000000,0.000000,0.000000
177,7,home,mask_home,environment,quick_scan,goal_achieved,2.7770,-0.00000,-0.00000,-0.00000,-0.00000,0.00000,0.000000,-0.000000,0.000000,0.000000,0.000000
178,7,home,mask_home,environment,network_actively,failed,-1.4322,-0.00000,0.00000,-0.00000,-0.00000,0.00000,0.000000,0.000000,0.000000,0.000000,0.000000
179,7,home,mask_home,environment,network_actively,failed,-1.4322,-0.00000,0.00000,-0.00000,-0.00000,0.00000,0.000000,0.000000,0.000000,0.000000,0.000000
180,7,home,mask_home,environment,network_actively,failed,-1.4322,-0.00000,0.00000,-0.00000,-0.00000,0.00000,0.000000,0.000000,0.000000,0.000000,0.000000
181,7,conference,mask_conference,environment,network_actively,goal_achieved,1.5556,0.00000,-0.00000,0.00000,0.00000,0.00000,0.000000,0.000000,0.000000,0.000000,0.000000
182,7,conference,mask_conference,environment,network_actively,goal_achieved,1.5556,0.00000,-0.00000,0.00000,0.00000,0.00000,0.000000,0.000000,0.000000,0.000000,0.000000
183,7,conference,mask_conference,environment,take_notes,goal_achieved,1.3879,0.00000,-0.00000,0.00000,0.00000,0.00000,0.000000,0.000000,0.000000,0.000000,0.000000
184,7,conference,mask_conference,environment,network_actively,goal_achieved,1.3702,0.00000,-0.00000,0.00000,0.00000,0.00000,0.000000,0.000000,0.000000,0.000000,0.000000
185,7,conference,mask_conference,environment,network_actively,goal_achieved,1.3702,0.00000,-0.00000,0.00000,0.00000,0.00000,0.000000,0.000000,0.000000,0.000000,0.000000
186,7,conference,mask_conference,environment,network_actively,goal_achieved,1.3702,0.00000,-0.00000,0.00000,0.00000,0.00000,0.000000,0.000000,0.000000,0.000000,0.000000
187,7,conference,mask_conference,environment,take_notes,goal_achieved,1.3658,0.00000,-0.00000,0.00000,0.00000,0.00000,0.000000,0.000000,0.000000,0.000000,0.000000
188,7,conference,mask_conference,environment,network_actively,goal_achieved,1.3084,0.00000,-0.00000,0.00000,0.00000,0.00000,0.000000,0.000000,0.000000,0.000000,0.000000
189,7,conference,mask_conference,environment,deep_work,failed,-3.5304,0.00000,-0.00000,0.00000,0.00000,0.00000,0.000000,0.000000,0.000000,0.000000,0.000000
190,8,work,mask_work,environment,take_notes,failed,-1.3765,-0.00000,0.00000,-0.00000,-0.00000,-0.00000,-0.000000,0.000000,0.000000,0.000000,0.000000
191,8,work,mask_work,environment,network_actively,failed,-1.1740,-0.00000,0.00000,-0.00000,-0.00000,-0.00000,0.000000,0.000000,0.000000,0.000000,0.000000
192,8,work,mask_work,environment,deep_work,goal_achieved,3.2722,0.00000,0.00000,-0.00000,-0.00000,-0.00000,0.000000,0.000000,0.000000,0.000000,0.000000
193,8,work,mask_work,environment,network_actively,goal_achieved,1.2233,0.00000,-0.00000,0.00000,0.00000,-0.00000,0.000000,-0.000000,0.000000,0.000000,0.000000
194,8,work,mask_work,environment,network_actively,delayed,-0.5800,0.00000,0.00000,-0.00000,-0.00000,-0.00000,0.000000,0.000000,-0.000000,-0.000000,0.000000
195,8,work,mask_work,environment,network_actively,failed,-1.1812,-0.00000,0.00000,-0.00000,-0.00000,-0.00000,-0.000000,0.000000,0.000000,0.000000,0.000000
196,8,work,mask_work,environment,deep_work,goal_achieved,3.2083,0.00000,0.00000,-0.00000,-0.00000,-0.00000,0.000000,0.000000,0.000000,0.000000,0.000000
197,8,work,mask_work,environment,quick_scan,delayed,-0.0723,0.00000,0.00000,-0.00000,-0.00000,-0.00000,0.000000,0.000000,0.000000,0.000000,0.000000
198,8,work,mask_work,environment,deep_work,goal_achieved,3.2341,0.00000,0.00000,-0.00000,-0.00000,-0.00000,0.000000,0.000000,0.000000,0.000000,0.000000
199,8,home,mask_home,environment,rest_deeply,goal_achieved,3.0125,-0.00000,-0.00000,-0.00000,-0.00000,0.00000,0.000000,-0.000000,0.000000,0.000000,0.000000
200,8,home,mask_home,environment,rest_deeply,delayed,-0.2824,-0.00000,0.00000,-0.00000,-0.00000,0.00000,0.000000,0.000000,0.000000,0.000000,0.000000
201,8,home,mask_home,environment,network_actively,delayed,-0.7970,-0.00000,-0.00000,-0.00000,-0.00000,0.00000,0.000000,-0.000000,0.000000,0.000000,0.000000
202,8,home,mask_home,environment,take_notes,delayed,-0.9506,-0.00000,0.00000,-0.00000,-0.00000,0.00000,0.000000,0.000000,0.000000,0.000000,0.000000
203,8,home,mask_home,environment,rest_deeply,goal_achieved,2.9873,-0.00000,-0.00000,-0.00000,-0.00000,0.00000,0.000000,-0.000000,0.000000,0.000000,0.000000
204,8,home,mask_home,environment,take_notes,delayed,-0.9588,-0.00000,0.00000,-0.00000,-0.00000,0.00000,0.000000,0.000000,0.000000,0.000000,0.000000
205,8,home,mask_home,environment,take_notes,failed,-2.0852,-0.00000,-0.00000,-0.00000,-0.00000,0.00000,0.000000,-0.000000,0.000000,0.000000,0.000000
206,8,home,mask_home,environment,network_actively,failed,-1.4417,-0.00000,0.00000,-0.00000,-0.00000,0.00000,0.000000,0.000000,0.000000,0.000000,0.000000
207,8,home,mask_home,environment,network_actively,delayed,-0.8406,-0.00000,-0.00000,-0.00000,-0.00000,0.00000,0.000000,-0.000000,0.000000,0.000000,0.000000
208,8,conference,mask_conference,environment,tidy_up,delayed,-2.2538,0.00000,-0.00000,0.00000,0.00000,0.00000,0.000000,0.000000,0.000000,0.000000,0.000000
209,8,conference,mask_conference,environment,network_actively,goal_achieved,1.3157,0.00000,-0.00000,0.00000,0.00000,0.00000,0.000000,0.000000,0.000000,0.000000,0.000000
210,8,conference,mask_conference,environment,network_actively,goal_achieved,1.3157,0.00000,-0.00000,0.00000,0.00000,0.00000,0.000000,0.000000,0.000000,0.000000,0.000000
211,8,conference,mask_conference,environment,tidy_up,goal_achieved,1.2145,-0.00000,-0.00000,0.00000,0.00000,0.00000,-0.000000,0.000000,0.000000,0.000000,0.000000
212,8,conference,mask_conference,environment,take_notes,goal_achieved,1.3118,0.00000,-0.00000,0.00000,0.00000,0.00000,0.000000,0.000000,0.000000,0.000000,0.000000
213,8,conference,mask_conference,environment,deep_work,goal_achieved,0.9509,0.00000,-0.00000,0.00000,0.00000,-0.00000,0.000000,0.000000,0.000000,0.000000,-0.000000
214,8,conference,mask_conference,environment,network_actively,goal_achieved,1.2049,0.00000,-0.00000,0.00000,0.00000,0.00000,0.000000,0.000000,0.000000,0.000000,0.000000
215,8,conference,mask_conference,environment,quick_scan,delayed,-1.9936,0.00000,-0.00000,0.00000,0.00000,-0.00000,0.000000,0.000000,0.000000,0.000000,-0.000000
216,8,conference,mask_conference,environment,rest_deeply,delayed,-2.1260,0.00000,-0.00000,0.00000,0.00000,0.00000,0.000000,0.000000,0.000000,0.000000,0.000000
217,9,work,mask_work,environment,rest_deeply,goal_achieved,3.1830,-0.00000,0.00000,-0.00000,-0.00000,0.00000,-0.000000,0.000000,0.000000,0.000000,0.000000
218,9,work,mask_work,environment,network_actively,failed,-1.2064,-0.00000,0.00000,-0.00000,-0.00000,-0.00000,0.000000,0.000000,0.000000,0.000000,-0.000000
219,9,work,mask_work,environment,rest_deeply,delayed,-0.1017,0.00000,0.00000,-0.00000,-0.00000,-0.00000,0.000000,0.000000,0.000000,0.000000,0.000000
220,9,work,mask_work,environment,take_notes,goal_achieved,3.0611,0.00000,0.00000,-0.00000,-0.00000,-0.00000,0.000000,0.000000,0.000000,0.000000,0.000000
221,9,work,mask_work,environment,network_actively,goal_achieved,1.1703,0.00000,-0.00000,0.00000,0.00000,-0.00000,0.000000,-0.000000,0.000000,0.000000,0.000000
222,9,work,mask_work,environment,quick_scan,delayed,-0.1937,0.00000,0.00000,-0.00000,-0.00000,-0.00000,0.000000,0.000000,-0.000000,-0.000000,0.000000
223,9,work,mask_work,environment,rest_deeply,failed,-1.2775,0.00000,0.00000,-0.00000,-0.00000,-0.00000,0.000000,0.000000,0.000000,0.000000,0.000000
224,9,work,mask_work,environment,network_actively,failed,-1.1975,-0.00000,0.00000,-0.00000,-0.00000,-0.00000,-0.000000,0.000000,0.000000,0.000000,0.000000
225,9,work,mask_work,environment,network_actively,delayed,-0.5963,0.00000,0.00000,-0.00000,-0.00000,-0.00000,0.000000,0.000000,0.000000,0.000000,0.000000
226,9,home,mask_home,environment,network_actively,goal_achieved,0.9628,-0.00000,-0.00000,0.00000,0.00000,0.00000,0.000000,0.000000,0.000000,0.000000,0.000000
227,9,home,mask_home,environment,tidy_up,goal_achieved,2.8808,-0.00000,-0.00000,-0.00000,-0.00000,0.00000,0.000000,0.000000,-0.000000,-0.000000,0.000000
228,9,home,mask_home,environment,network_actively,failed,-1.4417,-0.00000,0.00000,-0.00000,-0.00000,0.00000,0.000000,0.000000,0.000000,0.000000,0.000000
229,9,home,mask_home,environment,network_actively,failed,-1.4417,-0.00000,0.00000,-0.00000,-0.00000,0.00000,0.000000,0.000000,0.000000,0.000000,0.000000
230,9,home,mask_home,environment,network_actively,delayed,-0.8406,-0.00000,-0.00000,-0.00000,-0.00000,0.00000,0.000000,-0.000000,0.000000,0.000000,0.000000
231,9,home,mask_home,environment,network_actively,failed,-1.4417,-0.00000,0.00000,-0.00000,-0.00000,0.00000,0.000000,0.000000,0.000000,0.000000,0.000000
232,9,home,mask_home,environment,quick_scan,failed,-1.6449,-0.00000,0.00000,-0.00000,-0.00000,-0.00000,0.000000,0.000000,0.000000,0.000000,-0.000000
233,9,home,mask_home,environment,network_actively,delayed,-0.8104,-0.00000,-0.00000,-0.00000,-0.00000,0.00000,0.000000,-0.000000,0.000000,0.000000,0.000000
234,9,home,mask_home,environment,network_actively,delayed,-0.8104,-0.00000,-0.00000,-0.00000,-0.00000,0.00000,0.000000,0.000000,0.000000,0.000000,0.000000
235,9,conference,mask_conference,environment,network_actively,goal_achieved,1.2491,0.00000,-0.00000,0.00000,0.00000,0.00000,0.000000,0.000000,0.000000,0.000000,0.000000
236,9,conference,mask_conference,environment,network_actively,goal_achieved,1.2491,0.00000,-0.00000,0.00000,0.00000,0.00000,0.000000,0.000000,0.000000,0.000000,0.000000
237,9,conference,mask_conference,environment,network_actively,goal_achieved,1.2491,0.00000,-0.00000,0.00000,0.00000,0.00000,0.000000,0.000000,0.000000,0.000000,0.000000
238,9,conference,mask_conference,environment,take_notes,goal_achieved,1.2983,0.00000,-0.00000,0.00000,0.00000,0.00000,0.000000,0.000000,0.000000,0.000000,0.000000
239,9,conference,mask_conference,environment,rest_deeply,failed,-3.2579,0.00000,-0.00000,0.00000,0.00000,0.00000,0.000000,0.000000,0.000000,0.000000,0.000000
240,9,conference,mask_conference,environment,network_actively,goal_achieved,1.2517,0.00000,-0.00000,0.00000,0.00000,0.00000,0.000000,0.000000,0.000000,0.000000,0.000000
241,9,conference,mask_conference,environment,network_actively,goal_achieved,1.2517,0.00000,-0.00000,0.00000,0.00000,0.00000,0.000000,0.000000,0.000000,0.000000,0.000000
242,9,conference,mask_conference,environment,rest_deeply,delayed,-2.1684,0.00000,-0.00000,0.00000,0.00000,0.00000,0.000000,0.000000,0.000000,0.000000,0.000000
243,9,conference,mask_conference,environment,network_actively,goal_achieved,1.2533,0.00000,-0.00000,0.00000,0.00000,0.00000,0.000000,0.000000,0.000000,0.000000,0.000000
244,10,work,mask_work,environment,rest_deeply,failed,-1.2723,0.00000,0.00000,-0.00000,-0.00000,-0.00000,0.000000,0.000000,0.000000,0.000000,0.000000
245,10,work,mask_work,environment,network_actively,delayed,-0.5798,0.00000,0.00000,-0.00000,-0.00000,-0.00000,0.000000,0.000000,0.000000,0.000000,0.000000
246,10,work,mask_work,environment,network_actively,failed,-1.1809,-0.00000,0.00000,-0.00000,-0.00000,-0.00000,-0.000000,0.000000,0.000000,0.000000,0.000000
247,10,work,mask_work,environment,network_actively,goal_achieved,1.2236,0.00000,-0.00000,0.00000,0.00000,-0.00000,0.000000,-0.000000,0.000000,0.000000,0.000000
248,10,work,mask_work,environment,network_actively,failed,-1.1809,-0.00000,0.00000,-0.00000,-0.00000,-0.00000,-0.000000,0.000000,-0.000000,-0.000000,0.000000
249,10,work,mask_work,environment,network_actively,goal_achieved,1.2236,0.00000,-0.00000,0.00000,0.00000,-0.00000,0.000000,-0.000000,0.000000,0.000000,0.000000
250,10,work,mask_work,environment,network_actively,goal_achieved,1.2236,0.00000,-0.00000,0.00000,0.00000,-0.00000,0.000000,0.000000,0.000000,0.000000,0.000000
251,10,work,mask_work,environment,take_notes,goal_achieved,2.9326,0.00000,0.00000,-0.00000,-0.00000,-0.00000,0.000000,0.000000,-0.000000,-0.000000,0.000000
252,10,work,mask_work,environment,network_actively,goal_achieved,1.1947,0.00000,-0.00000,0.00000,0.00000,-0.00000,0.000000,-0.000000,0.000000,0.000000,0.000000
253,10,home,mask_home,environment,network_actively,failed,-1.4115,-0.00000,0.00000,-0.00000,-0.00000,0.00000,0.000000,0.000000,0.000000,0.000000,0.000000
254,10,home,mask_home,environment,network_actively,failed,-1.4115,-0.00000,0.00000,-0.00000,-0.00000,0.00000,0.000000,0.000000,0.000000,0.000000,0.000000
255,10,home,mask_home,environment,take_notes,failed,-2.0179,-0.00000,-0.00000,-0.00000,-0.00000,0.00000,0.000000,-0.000000,0.000000,0.000000,0.000000
256,10,home,mask_home,environment,network_actively,delayed,-0.8060,-0.00000,-0.00000,-0.00000,-0.00000,0.00000,0.000000,0.000000,0.000000,0.000000,0.000000
257,10,home,mask_home,environment,quick_scan,goal_achieved,2.8666,-0.00000,-0.00000,-0.00000,-0.00000,0.00000,0.000000,0.000000,0.000000,0.000000,0.000000
258,10,home,mask_home,environment,network_actively,goal_achieved,0.9750,-0.00000,-0.00000,0.00000,0.00000,0.00000,0.000000,0.000000,0.000000,0.000000,0.000000
259,10,home,mask_home,environment,tidy_up,delayed,-0.5574,-0.00000,-0.00000,-0.00000,-0.00000,0.00000,0.000000,0.000000,-0.000000,-0.000000,0.000000
260,10,home,mask_home,environment,quick_scan,goal_achieved,2.8643,-0.00000,-0.00000,-0.00000,-0.00000,0.00000,0.000000,0.000000,0.000000,0.000000,0.000000
261,10,home,mask_home,environment,network_actively,failed,-1.4095,-0.00000,0.00000,-0.00000,-0.00000,0.00000,0.000000,0.000000,0.000000,0.000000,0.000000
262,10,conference,mask_conference,environment,deep_work,failed,-3.6072,0.00000,-0.00000,0.00000,0.00000,0.00000,0.000000,0.000000,0.000000,0.000000,0.000000
263,10,conference,mask_conference,environment,rest_deeply,delayed,-2.1595,0.00000,-0.00000,0.00000,0.00000,0.00000,0.000000,0.000000,0.000000,0.000000,0.000000
264,10,conference,mask_conference,environment,network_actively,goal_achieved,1.2678,0.00000,-0.00000,0.00000,0.00000,0.00000,0.000000,0.000000,0.000000,0.000000,0.000000
265,10,conference,mask_conference,environment,take_notes,delayed,-2.0606,0.00000,-0.00000,0.00000,0.00000,0.00000,0.000000,0.000000,0.000000,0.000000,0.000000
266,10,conference,mask_conference,environment,rest_deeply,delayed,-2.1140,0.00000,-0.00000,0.00000,0.00000,0.00000,0.000000,0.000000,0.000000,0.000000,0.000000
267,10,conference,mask_conference,environment,deep_work,failed,-3.5592,0.00000,-0.00000,0.00000,0.00000,0.00000,0.000000,0.000000,0.000000,0.000000,0.000000
268,10,conference,mask_conference,environment,network_actively,goal_achieved,1.3290,0.00000,-0.00000,0.00000,0.00000,0.00000,0.000000,0.000000,0.000000,0.000000,0.000000
269,10,conference,mask_conference,environment,network_actively,goal_achieved,1.3290,0.00000,-0.00000,0.00000,0.00000,0.00000,0.000000,0.000000,0.000000,0.000000,0.000000
270,10,conference,mask_conference,environment,network_actively,goal_achieved,1.3290,0.00000,-0.00000,0.00000,0.00000,0.00000,0.000000,0.000000,0.000000,0.000000,0.000000
271,11,work,mask_work,environment,network_actively,failed,-1.2098,0.00000,0.00000,-0.00000,-0.00000,-0.00000,0.000000,0.000000,-0.000000,-0.000000,0.000000
272,11,work,mask_work,environment,network_actively,goal_achieved,1.1947,0.00000,-0.00000,0.00000,0.00000,-0.00000,0.000000,-0.000000,0.000000,0.000000,0.000000
273,11,work,mask_work,environment,network_actively,failed,-1.2098,0.00000,0.00000,-0.00000,-0.00000,-0.00000,0.000000,0.000000,-0.000000,-0.000000,0.000000
274,11,work,mask_work,environment,network_actively,failed,-1.2098,0.00000,0.00000,-0.00000,-0.00000,-0.00000,0.000000,0.000000,0.000000,0.000000,0.000000
275,11,work,mask_work,environment,network_actively,delayed,-0.6086,0.00000,0.00000,-0.00000,-0.00000,-0.00000,0.000000,0.000000,0.000000,0.000000,0.000000
276,11,work,mask_work,environment,deep_work,delayed,-0.4599,-0.00000,0.00000,-0.00000,-0.00000,0.00000,-0.000000,0.000000,0.000000,0.000000,0.000000
277,11,work,mask_work,environment,network_actively,delayed,-0.5881,0.00000,0.00000,-0.00000,-0.00000,-0.00000,0.000000,0.000000,0.000000,0.000000,-0.000000
278,11,work,mask_work,environment,tidy_up,delayed,-0.4613,0.00000,0.00000,-0.00000,-0.00000,-0.00000,0.000000,0.000000,0.000000,0.000000,0.000000
279,11,work,mask_work,environment,network_actively,failed,-1.1593,0.00000,0.00000,-0.00000,-0.00000,-0.00000,0.000000,0.000000,0.000000,0.000000,0.000000
280,11,home,mask_home,environment,network_actively,failed,-1.4095,-0.00000,0.00000,-0.00000,-0.00000,0.00000,0.000000,0.000000,0.000000,0.000000,0.000000
281,11,home,mask_home,environment,network_actively,failed,-1.4095,-0.00000,0.00000,-0.00000,-0.00000,0.00000,0.000000,0.000000,0.000000,0.000000,0.000000
282,11,home,mask_home,environment,network_actively,goal_achieved,0.9950,-0.00000,-0.00000,0.00000,0.00000,0.00000,0.000000,-0.000000,0.000000,0.000000,0.000000
283,11,home,mask_home,environment,tidy_up,goal_achieved,2.9033,-0.00000,-0.00000,-0.00000,-0.00000,0.00000,0.000000,0.000000,-0.000000,-0.000000,0.000000
284,11,home,mask_home,environment,quick_scan,failed,-1.6247,-0.00000,0.00000,-0.00000,-0.00000,-0.00000,0.000000,0.000000,0.000000,0.000000,-0.000000
285,11,home,mask_home,environment,network_actively,goal_achieved,1.0142,-0.00000,-0.00000,0.00000,0.00000,0.00000,0.000000,-0.000000,0.000000,0.000000,0.000000
286,11,home,mask_home,environment,quick_scan,delayed,-0.5402,-0.00000,0.00000,-0.00000,-0.00000,-0.00000,0.000000,0.000000,-0.000000,-0.000000,-0.000000
287,11,home,mask_home,environment,tidy_up,goal_achieved,2.9024,-0.00000,-0.00000,-0.00000,-0.00000,0.00000,0.000000,-0.000000,0.000000,0.000000,0.000000
288,11,home,mask_home,environment,deep_work,failed,-2.0101,-0.00000,-0.00000,-0.00000,-0.00000,0.00000,0.000000,0.000000,0.000000,0.000000,0.000000
289,11,conference,mask_conference,environment,quick_scan,failed,-3.0717,0.00000,-0.00000,0.00000,0.00000,-0.00000,0.000000,0.000000,0.000000,0.000000,-0.000000
290,11,conference,mask_conference,environment,quick_scan,goal_achieved,1.4114,0.00000,-0.00000,0.00000,0.00000,0.00000,0.000000,0.000000,0.000000,0.000000,0.000000
291,11,conference,mask_conference,environment,quick_scan,goal_achieved,1.4114,0.00000,-0.00000,0.00000,0.00000,0.00000,0.000000,0.000000,0.000000,0.000000,0.000000
292,11,conference,mask_conference,environment,network_actively,goal_achieved,1.3219,0.00000,-0.00000,0.00000,0.00000,0.00000,0.000000,0.000000,0.000000,0.000000,0.000000
293,11,conference,mask_conference,environment,network_actively,goal_achieved,1.3219,0.00000,-0.00000,0.00000,0.00000,0.00000,0.000000,0.000000,0.000000,0.000000,0.000000
294,11,conference,mask_conference,environment,network_actively,goal_achieved,1.3219,0.00000,-0.00000,0.00000,0.00000,0.00000,0.000000,0.000000,0.000000,0.000000,0.000000
295,11,conference,mask_conference,environment,rest_deeply,delayed,-2.1308,0.00000,-0.00000,0.00000,0.00000,0.00000,0.000000,0.000000,0.000000,0.000000,0.000000
296,11,conference,mask_conference,environment,quick_scan,failed,-3.0803,0.00000,-0.00000,0.00000,0.00000,-0.00000,0.000000,0.000000,0.000000,0.000000,-0.000000
297,11,conference,mask_conference,environment,take_notes,goal_achieved,1.3369,0.00000,-0.00000,0.00000,0.00000,0.00000,0.000000,0.000000,0.000000,0.000000,0.000000
298,12,work,mask_work,environment,network_actively,failed,-1.1593,0.00000,0.00000,-0.00000,-0.00000,-0.00000,0.000000,0.000000,0.000000,0.000000,0.000000
299,12,work,mask_work,environment,rest_deeply,delayed,-0.3087,0.00000,0.00000,-0.00000,-0.00000,-0.00000,0.000000,0.000000,0.000000,0.000000,0.000000
300,12,work,mask_work,environment,network_actively,delayed,-0.5548,0.00000,0.00000,-0.00000,-0.00000,-0.00000,0.000000,0.000000,0.000000,0.000000,0.000000
301,12,work,mask_work,environment,network_actively,goal_achieved,1.2486,0.00000,-0.00000,0.00000,0.00000,-0.00000,0.000000,-0.000000,0.000000,0.000000,0.000000
302,12,work,mask_work,environment,network_actively,delayed,-0.5548,0.00000,0.00000,-0.00000,-0.00000,-0.00000,0.000000,0.000000,-0.000000,-0.000000,0.000000
303,12,work,mask_work,environment,quick_scan,failed,-1.4419,0.00000,0.00000,-0.00000,-0.00000,-0.00000,0.000000,0.000000,0.000000,0.000000,0.000000
304,12,work,mask_work,environment,network_actively,failed,-1.1252,0.00000,0.00000,-0.00000,-0.00000,-0.00000,0.000000,0.000000,0.000000,0.000000,0.000000
305,12,work,mask_work,environment,network_actively,delayed,-0.5241,0.00000,0.00000,-0.00000,-0.00000,-0.00000,0.000000,0.000000,0.000000,0.000000,0.000000
306,12,work,mask_work,environment,network_actively,failed,-1.1252,0.00000,0.00000,-0.00000,-0.00000,-0.00000,0.000000,0.000000,0.000000,0.000000,0.000000
307,12,home,mask_home,environment,rest_deeply,goal_achieved,3.0648,-0.00000,-0.00000,-0.00000,-0.00000,0.00000,0.000000,0.000000,0.000000,0.000000,0.000000
308,12,home,mask_home,environment,network_actively,failed,-1.3184,-0.00000,0.00000,-0.00000,-0.00000,0.00000,0.000000,0.000000,0.000000,0.000000,0.000000
309,12,home,mask_home,environment,network_actively,failed,-1.3184,-0.00000,0.00000,-0.00000,-0.00000,0.00000,0.000000,0.000000,0.000000,0.000000,0.000000
310,12,home,mask_home,environment,rest_deeply,goal_achieved,3.0888,-0.00000,-0.00000,-0.00000,-0.00000,0.00000,0.000000,-0.000000,0.000000,0.000000,0.000000
311,12,home,mask_home,environment,quick_scan,delayed,-0.4615,-0.00000,-0.00000,-0.00000,-0.00000,0.00000,0.000000,0.000000,0.000000,0.000000,0.000000
312,12,home,mask_home,environment,deep_work,delayed,-0.8457,-0.00000,-0.00000,-0.00000,-0.00000,0.00000,0.000000,0.000000,0.000000,0.000000,0.000000
313,12,home,mask_home,environment,take_notes,goal_achieved,2.5341,-0.00000,0.00000,-0.00000,-0.00000,0.00000,0.000000,0.000000,0.000000,0.000000,0.000000
314,12,home,mask_home,environment,rest_deeply,goal_achieved,3.0561,-0.00000,-0.00000,-0.00000,-0.00000,0.00000,0.000000,-0.000000,0.000000,0.000000,0.000000
315,12,home,mask_home,environment,network_actively,failed,-1.3620,-0.00000,0.00000,-0.00000,-0.00000,0.00000,0.000000,0.000000,0.000000,0.000000,0.000000
316,12,conference,mask_conference,environment,take_notes,delayed,-2.0423,0.00000,-0.00000,0.00000,0.00000,0.00000,0.000000,0.000000,0.000000,0.000000,0.000000
317,12,conference,mask_conference,environment,deep_work,failed,-3.5373,0.00000,-0.00000,0.00000,0.00000,0.00000,0.000000,0.000000,0.000000,0.000000,0.000000
318,12,conference,mask_conference,environment,network_actively,goal_achieved,1.3802,0.00000,-0.00000,0.00000,0.00000,0.00000,0.000000,0.000000,0.000000,0.000000,0.000000
319,12,conference,mask_conference,environment,network_actively,goal_achieved,1.3802,0.00000,-0.00000,0.00000,0.00000,0.00000,0.000000,0.000000,0.000000,0.000000,0.000000
320,12,conference,mask_conference,environment,network_actively,delayed,-0.4232,0.00000,0.00000,-0.00000,-0.00000,0.00000,0.000000,0.000000,-0.000000,-0.000000,0.000000
321,12,conference,mask_conference,environment,network_actively,goal_achieved,1.3802,0.00000,-0.00000,0.00000,0.00000,0.00000,0.000000,-0.000000,0.000000,0.000000,0.000000
322,12,conference,mask_conference,environment,network_actively,goal_achieved,1.3802,0.00000,-0.00000,0.00000,0.00000,0.00000,0.000000,0.000000,0.000000,0.000000,0.000000
323,12,conference,mask_conference,environment,network_actively,goal_achieved,1.3802,0.00000,-0.00000,0.00000,0.00000,0.00000,0.000000,0.000000,0.000000,0.000000,0.000000
324,12,conference,mask_conference,environment,network_actively,goal_achieved,1.3802,0.00000,-0.00000,0.00000,0.00000,0.00000,0.000000,0.000000,0.000000,0.000000,0.000000
325,13,work,mask_work,environment,tidy_up,delayed,-0.4229,0.00000,0.00000,-0.00000,-0.00000,-0.00000,0.000000,0.000000,0.000000,0.000000,0.000000
326,13,work,mask_work,environment,network_actively,failed,-1.1102,0.00000,0.00000,-0.00000,-0.00000,-0.00000,0.000000,0.000000,0.000000,0.000000,0.000000
327,13,work,mask_work,environment,take_notes,delayed,-0.3830,0.00000,0.00000,-0.00000,-0.00000,-0.00000,0.000000,0.000000,0.000000,0.000000,0.000000
328,13,work,mask_work,environment,network_actively,goal_achieved,1.3044,0.00000,-0.00000,0.00000,0.00000,-0.00000,0.000000,-0.000000,0.000000,0.000000,0.000000
329,13,work,mask_work,environment,deep_work,goal_achieved,3.0400,0.00000,0.00000,-0.00000,-0.00000,-0.00000,0.000000,0.000000,-0.000000,-0.000000,0.000000
330,13,work,mask_work,environment,network_actively,delayed,-0.5042,0.00000,0.00000,-0.00000,-0.00000,-0.00000,0.000000,0.000000,0.000000,0.000000,0.000000
331,13,work,mask_work,environment,rest_deeply,failed,-1.3968,0.00000,0.00000,-0.00000,-0.00000,-0.00000,0.000000,0.000000,0.000000,0.000000,0.000000
332,13,work,mask_work,environment,deep_work,goal_achieved,3.0526,0.00000,0.00000,-0.00000,-0.00000,-0.00000,0.000000,0.000000,0.000000,0.000000,0.000000
333,13,work,mask_work,environment,deep_work,goal_achieved,3.0526,0.00000,0.00000,-0.00000,-0.00000,-0.00000,0.000000,0.000000,0.000000,0.000000,0.000000
334,13,home,mask_home,environment,network_actively,failed,-1.3620,-0.00000,0.00000,-0.00000,-0.00000,0.00000,0.000000,0.000000,0.000000,0.000000,0.000000
335,13,home,mask_home,environment,deep_work,goal_achieved,2.5499,-0.00000,0.00000,-0.00000,-0.00000,-0.00000,0.000000,0.000000,0.000000,0.000000,-0.000000
336,13,home,mask_home,environment,network_actively,delayed,-0.8196,-0.00000,-0.00000,-0.00000,-0.00000,0.00000,0.000000,-0.000000,0.000000,0.000000,0.000000
337,13,home,mask_home,environment,network_actively,failed,-1.4207,-0.00000,0.00000,-0.00000,-0.00000,0.00000,0.000000,0.000000,0.000000,0.000000,0.000000
338,13,home,mask_home,environment,network_actively,goal_achieved,0.9838,-0.00000,-0.00000,0.00000,0.00000,0.00000,0.000000,-0.000000,0.000000,0.000000,0.000000
339,13,home,mask_home,environment,network_actively,failed,-1.4207,-0.00000,0.00000,-0.00000,-0.00000,0.00000,0.000000,0.000000,-0.000000,-0.000000,0.000000
340,13,home,mask_home,environment,rest_deeply,goal_achieved,3.0078,-0.00000,-0.00000,-0.00000,-0.00000,0.00000,0.000000,-0.000000,0.000000,0.000000,0.000000
341,13,home,mask_home,environment,network_actively,failed,-1.4251,-0.00000,0.00000,-0.00000,-0.00000,0.00000,0.000000,0.000000,0.000000,0.000000,0.000000
342,13,home,mask_home,environment,tidy_up,goal_achieved,2.9047,-0.00000,-0.00000,-0.00000,-0.00000,0.00000,0.000000,-0.000000,0.000000,0.000000,0.000000
343,13,conference,mask_conference,environment,network_actively,goal_achieved,1.3802,0.00000,-0.00000,0.00000,0.00000,0.00000,0.000000,0.000000,0.000000,0.000000,0.000000
344,13,conference,mask_conference,environment,network_actively,goal_achieved,1.3802,0.00000,-0.00000,0.00000,0.00000,0.00000,0.000000,0.000000,0.000000,0.000000,0.000000
345,13,conference,mask_conference,environment,network_actively,goal_achieved,1.3802,0.00000,-0.00000,0.00000,0.00000,0.00000,0.000000,0.000000,0.000000,0.000000,0.000000
346,13,conference,mask_conference,environment,tidy_up,failed,-3.3695,0.00000,-0.00000,0.00000,0.00000,0.00000,0.000000,0.000000,0.000000,0.000000,0.000000
347,13,conference,mask_conference,environment,network_actively,goal_achieved,1.3930,0.00000,-0.00000,0.00000,0.00000,0.00000,0.000000,0.000000,0.000000,0.000000,0.000000
348,13,conference,mask_conference,environment,network_actively,goal_achieved,1.3930,0.00000,-0.00000,0.00000,0.00000,0.00000,0.000000,0.000000,0.000000,0.000000,0.000000
349,13,conference,mask_conference,environment,network_actively,delayed,-0.4103,0.00000,0.00000,-0.00000,-0.00000,0.00000,0.000000,0.000000,-0.000000,-0.000000,0.000000
350,13,conference,mask_conference,environment,quick_scan,delayed,-1.8925,0.00000,-0.00000,0.00000,0.00000,-0.00000,0.000000,-0.000000,0.000000,0.000000,-0.000000
351,13,conference,mask_conference,environment,deep_work,failed,-3.4794,0.00000,-0.00000,0.00000,0.00000,0.00000,0.000000,0.000000,0.000000,0.000000,0.000000
352,14,work,mask_work,environment,network_actively,goal_achieved,1.3036,0.00000,-0.00000,0.00000,0.00000,-0.00000,0.000000,-0.000000,0.000000,0.000000,0.000000
353,14,work,mask_work,environment,network_actively,failed,-1.1009,0.00000,0.00000,-0.00000,-0.00000,-0.00000,0.000000,0.000000,-0.000000,-0.000000,0.000000
354,14,work,mask_work,environment,network_actively,failed,-1.1009,0.00000,0.00000,-0.00000,-0.00000,-0.00000,0.000000,0.000000,0.000000,0.000000,0.000000
355,14,work,mask_work,environment,network_actively,failed,-1.1009,0.00000,0.00000,-0.00000,-0.00000,-0.00000,0.000000,0.000000,0.000000,0.000000,0.000000
356,14,work,mask_work,environment,rest_deeply,failed,-1.4072,0.00000,0.00000,-0.00000,-0.00000,-0.00000,0.000000,0.000000,0.000000,0.000000,0.000000
357,14,work,mask_work,environment,take_notes,failed,-1.5331,-0.00000,0.00000,-0.00000,-0.00000,-0.00000,-0.000000,0.000000,0.000000,0.000000,0.000000
358,14,work,mask_work,environment,tidy_up,failed,-1.5683,0.00000,0.00000,-0.00000,-0.00000,-0.00000,0.000000,0.000000,0.000000,0.000000,0.000000
359,14,work,mask_work,environment,network_actively,goal_achieved,1.3606,0.00000,-0.00000,0.00000,0.00000,-0.00000,0.000000,-0.000000,0.000000,0.000000,0.000000
360,14,work,mask_work,environment,network_actively,goal_achieved,1.3606,0.00000,-0.00000,0.00000,0.00000,-0.00000,0.000000,0.000000,0.000000,0.000000,0.000000
361,14,home,mask_home,environment,network_actively,failed,-1.4281,-0.00000,0.00000,-0.00000,-0.00000,0.00000,0.000000,0.000000,0.000000,0.000000,0.000000
362,14,home,mask_home,environment,network_actively,failed,-1.4281,-0.00000,0.00000,-0.00000,-0.00000,0.00000,0.000000,0.000000,0.000000,0.000000,0.000000
363,14,home,mask_home,environment,tidy_up,delayed,-0.5563,-0.00000,-0.00000,-0.00000,-0.00000,0.00000,0.000000,-0.000000,0.000000,0.000000,0.000000
364,14,home,mask_home,environment,network_actively,failed,-1.4060,-0.00000,0.00000,-0.00000,-0.00000,0.00000,0.000000,0.000000,0.000000,0.000000,0.000000
365,14,home,mask_home,environment,tidy_up,goal_achieved,2.9332,-0.00000,-0.00000,-0.00000,-0.00000,0.00000,0.000000,-0.000000,0.000000,0.000000,0.000000
366,14,home,mask_home,environment,network_actively,delayed,-0.8090,-0.00000,-0.00000,-0.00000,-0.00000,0.00000,0.000000,0.000000,0.000000,0.000000,0.000000
367,14,home,mask_home,environment,deep_work,delayed,-0.8432,-0.00000,-0.00000,-0.00000,-0.00000,0.00000,0.000000,0.000000,0.000000,0.000000,0.000000
368,14,home,mask_home,environment,network_actively,failed,-1.3959,-0.00000,0.00000,-0.00000,-0.00000,0.00000,0.000000,0.000000,0.000000,0.000000,0.000000
369,14,home,mask_home,environment,quick_scan,failed,-1.6064,-0.00000,0.00000,-0.00000,-0.00000,-0.00000,0.000000,0.000000,0.000000,0.000000,-0.000000
370,14,conference,mask_conference,environment,tidy_up,delayed,-2.1637,0.00000,-0.00000,0.00000,0.00000,0.00000,0.000000,0.000000,0.000000,0.000000,0.000000
371,14,conference,mask_conference,environment,network_actively,delayed,-0.3875,0.00000,0.00000,-0.00000,-0.00000,0.00000,0.000000,0.000000,-0.000000,-0.000000,0.000000
372,14,conference,mask_conference,environment,network_actively,goal_achieved,1.4158,0.00000,-0.00000,0.00000,0.00000,0.00000,0.000000,-0.000000,0.000000,0.000000,0.000000
373,14,conference,mask_conference,environment,tidy_up,failed,-3.2998,0.00000,-0.00000,0.00000,0.00000,0.00000,0.000000,0.000000,0.000000,0.000000,0.000000
374,14,conference,mask_conference,environment,network_actively,goal_achieved,1.4248,0.00000,-0.00000,0.00000,0.00000,0.00000,0.000000,0.000000,0.000000,0.000000,0.000000
375,14,conference,mask_conference,environment,network_actively,delayed,-0.3786,0.00000,0.00000,-0.00000,-0.00000,0.00000,0.000000,0.000000,-0.000000,-0.000000,0.000000
376,14,conference,mask_conference,environment,network_actively,goal_achieved,1.4248,0.00000,-0.00000,0.00000,0.00000,0.00000,0.000000,-0.000000,0.000000,0.000000,0.000000
377,14,conference,mask_conference,environment,quick_scan,delayed,-1.8328,0.00000,-0.00000,0.00000,0.00000,-0.00000,0.000000,0.000000,0.000000,0.000000,-0.000000
378,14,conference,mask_conference,environment,network_actively,delayed,-0.3658,0.00000,0.00000,-0.00000,-0.00000,0.00000,0.000000,0.000000,-0.000000,-0.000000,0.000000
379,15,work,mask_work,environment,tidy_up,delayed,-0.4646,0.00000,0.00000,-0.00000,-0.00000,-0.00000,0.000000,0.000000,-0.000000,-0.000000,0.000000
380,15,work,mask_work,environment,rest_deeply,delayed,-0.3166,0.00000,0.00000,-0.00000,-0.00000,-0.00000,0.000000,0.000000,0.000000,0.000000,0.000000
381,15,work,mask_work,environment,network_actively,failed,-1.0398,0.00000,0.00000,-0.00000,-0.00000,-0.00000,0.000000,0.000000,0.000000,0.000000,0.000000
382,15,work,mask_work,environment,network_actively,failed,-1.0398,0.00000,0.00000,-0.00000,-0.00000,-0.00000,0.000000,0.000000,0.000000,0.000000,0.000000
383,15,work,mask_work,environment,quick_scan,goal_achieved,3.0841,0.00000,0.00000,-0.00000,-0.00000,0.00000,0.000000,0.000000,0.000000,0.000000,0.000000
384,15,work,mask_work,environment,take_notes,delayed,-0.4548,0.00000,0.00000,-0.00000,-0.00000,-0.00000,0.000000,0.000000,0.000000,0.000000,-0.000000
385,15,work,mask_work,environment,network_actively,failed,-1.0749,0.00000,0.00000,-0.00000,-0.00000,-0.00000,0.000000,0.000000,0.000000,0.000000,0.000000
386,15,work,mask_work,environment,network_actively,failed,-1.0749,0.00000,0.00000,-0.00000,-0.00000,-0.00000,0.000000,0.000000,0.000000,0.000000,0.000000
387,15,work,mask_work,environment,network_actively,failed,-1.0749,0.00000,0.00000,-0.00000,-0.00000,-0.00000,0.000000,0.000000,0.000000,0.000000,0.000000
388,15,home,mask_home,environment,quick_scan,delayed,-0.4857,-0.00000,0.00000,-0.00000,-0.00000,0.00000,0.000000,0.000000,0.000000,0.000000,0.000000
389,15,home,mask_home,environment,take_notes,failed,-1.9293,-0.00000,-0.00000,-0.00000,-0.00000,0.00000,0.000000,-0.000000,0.000000,0.000000,0.000000
390,15,home,mask_home,environment,take_notes,failed,-1.9293,-0.00000,-0.00000,-0.00000,-0.00000,0.00000,0.000000,0.000000,0.000000,0.000000,0.000000
391,15,home,mask_home,environment,tidy_up,goal_achieved,2.9944,-0.00000,-0.00000,-0.00000,-0.00000,0.00000,0.000000,0.000000,0.000000,0.000000,0.000000
392,15,home,mask_home,environment,network_actively,failed,-1.3605,-0.00000,0.00000,-0.00000,-0.00000,0.00000,0.000000,0.000000,0.000000,0.000000,0.000000
393,15,home,mask_home,environment,rest_deeply,goal_achieved,3.1278,-0.00000,-0.00000,-0.00000,-0.00000,0.00000,0.000000,-0.000000,0.000000,0.000000,0.000000
394,15,home,mask_home,environment,network_actively,delayed,-0.7632,-0.00000,-0.00000,-0.00000,-0.00000,0.00000,0.000000,0.000000,0.000000,0.000000,0.000000
395,15,home,mask_home,environment,deep_work,failed,-1.9384,-0.00000,-0.00000,-0.00000,-0.00000,0.00000,0.000000,0.000000,0.000000,0.000000,0.000000
396,15,home,mask_home,environment,network_actively,delayed,-0.7378,-0.00000,-0.00000,-0.00000,-0.00000,0.00000,0.000000,0.000000,0.000000,0.000000,0.000000
397,15,conference,mask_conference,environment,network_actively,goal_achieved,1.4375,0.00000,-0.00000,0.00000,0.00000,0.00000,0.000000,-0.000000,0.000000,0.000000,0.000000
398,15,conference,mask_conference,environment,network_actively,delayed,-0.3658,0.00000,0.00000,-0.00000,-0.00000,0.00000,0.000000,0.000000,-0.000000,-0.000000,0.000000
399,15,conference,mask_conference,environment,tidy_up,failed,-3.2232,0.00000,-0.00000,0.00000,0.00000,0.00000,0.000000,-0.000000,0.000000,0.000000,0.000000
400,15,conference,mask_conference,environment,network_actively,goal_achieved,1.4449,0.00000,-0.00000,0.00000,0.00000,0.00000,0.000000,0.000000,0.000000,0.000000,0.000000
401,15,conference,mask_conference,environment,network_actively,goal_achieved,1.4449,0.00000,-0.00000,0.00000,0.00000,0.00000,0.000000,0.000000,0.000000,0.000000,0.000000
402,15,conference,mask_conference,environment,network_actively,goal_achieved,1.4449,0.00000,-0.00000,0.00000,0.00000,0.00000,0.000000,0.000000,0.000000,0.000000,0.000000
403,15,conference,mask_conference,environment,quick_scan,failed,-2.9124,0.00000,-0.00000,0.00000,0.00000,-0.00000,0.000000,0.000000,0.000000,0.000000,-0.000000
404,15,conference,mask_conference,environment,take_notes,delayed,-1.8411,0.00000,-0.00000,0.00000,0.00000,0.00000,0.000000,0.000000,0.000000,0.000000,0.000000
405,15,conference,mask_conference,environment,network_actively,goal_achieved,1.4914,0.00000,-0.00000,0.00000,0.00000,0.00000,0.000000,0.000000,0.000000,0.000000,0.000000
406,16,work,mask_work,environment,network_actively,delayed,-0.4738,0.00000,0.00000,-0.00000,-0.00000,-0.00000,0.000000,0.000000,0.000000,0.000000,0.000000
407,16,work,mask_work,environment,network_actively,goal_achieved,1.3295,0.00000,-0.00000,0.00000,0.00000,-0.00000,0.000000,-0.000000,0.000000,0.000000,0.000000
408,16,work,mask_work,environment,quick_scan,goal_achieved,3.0910,0.00000,0.00000,-0.00000,-0.00000,0.00000,0.000000,0.000000,-0.000000,-0.000000,0.000000
409,16,work,mask_work,environment,network_actively,delayed,-0.5061,0.00000,0.00000,-0.00000,-0.00000,-0.00000,0.000000,0.000000,0.000000,0.000000,-0.000000
410,16,work,mask_work,environment,network_actively,goal_achieved,1.2972,0.00000,-0.00000,0.00000,0.00000,-0.00000,0.000000,-0.000000,0.000000,0.000000,0.000000
411,16,work,mask_work,environment,quick_scan,goal_achieved,3.0666,0.00000,0.00000,-0.00000,-0.00000,0.00000,0.000000,0.000000,-0.000000,-0.000000,0.000000
412,16,work,mask_work,environment,network_actively,failed,-1.1331,0.00000,0.00000,-0.00000,-0.00000,0.00000,0.000000,0.000000,0.000000,0.000000,0.000000
413,16,work,mask_work,environment,network_actively,delayed,-0.5320,0.00000,0.00000,-0.00000,-0.00000,-0.00000,0.000000,0.000000,0.000000,0.000000,-0.000000
414,16,work,mask_work,environment,deep_work,goal_achieved,2.9660,0.00000,0.00000,-0.00000,-0.00000,-0.00000,0.000000,0.000000,0.000000,0.000000,0.000000
415,16,home,mask_home,environment,network_actively,goal_achieved,1.0656,-0.00000,-0.00000,0.00000,0.00000,0.00000,0.000000,0.000000,0.000000,0.000000,0.000000
416,16,home,mask_home,environment,network_actively,failed,-1.3389,-0.00000,0.00000,-0.00000,-0.00000,0.00000,0.000000,0.000000,-0.000000,-0.000000,0.000000
417,16,home,mask_home,environment,deep_work,failed,-1.9588,-0.00000,-0.00000,-0.00000,-0.00000,0.00000,0.000000,-0.000000,0.000000,0.000000,0.000000
418,16,home,mask_home,environment,quick_scan,failed,-1.5670,-0.00000,0.00000,-0.00000,-0.00000,-0.00000,0.000000,0.000000,0.000000,0.000000,-0.000000
419,16,home,mask_home,environment,take_notes,goal_achieved,2.6143,-0.00000,0.00000,-0.00000,-0.00000,0.00000,0.000000,0.000000,0.000000,0.000000,0.000000
420,16,home,mask_home,environment,network_actively,failed,-1.3419,-0.00000,0.00000,-0.00000,-0.00000,0.00000,0.000000,0.000000,0.000000,0.000000,0.000000
421,16,home,mask_home,environment,network_actively,failed,-1.3419,-0.00000,0.00000,-0.00000,-0.00000,0.00000,0.000000,0.000000,0.000000,0.000000,0.000000
422,16,home,mask_home,environment,network_actively,delayed,-0.7408,-0.00000,-0.00000,-0.00000,-0.00000,0.00000,0.000000,-0.000000,0.000000,0.000000,0.000000
423,16,home,mask_home,environment,quick_scan,delayed,-0.4665,-0.00000,0.00000,-0.00000,-0.00000,0.00000,0.000000,0.000000,0.000000,0.000000,0.000000
424,16,conference,mask_conference,environment,tidy_up,failed,-3.1910,0.00000,-0.00000,0.00000,0.00000,0.00000,0.000000,0.000000,0.000000,0.000000,0.000000
425,16,conference,mask_conference,environment,network_actively,delayed,-0.3059,0.00000,0.00000,-0.00000,-0.00000,0.00000,0.000000,0.000000,-0.000000,-0.000000,0.000000
426,16,conference,mask_conference,environment,quick_scan,delayed,-1.7412,0.00000,-0.00000,0.00000,0.00000,-0.00000,0.000000,-0.000000,0.000000,0.000000,-0.000000
427,16,conference,mask_conference,environment,network_actively,goal_achieved,1.5060,0.00000,-0.00000,0.00000,0.00000,0.00000,0.000000,0.000000,0.000000,0.000000,0.000000
428,16,conference,mask_conference,environment,take_notes,goal_achieved,1.5677,0.00000,-0.00000,0.00000,0.00000,-0.00000,0.000000,0.000000,0.000000,0.000000,-0.000000
429,16,conference,mask_conference,environment,network_actively,goal_achieved,1.4895,0.00000,-0.00000,0.00000,0.00000,0.00000,0.000000,0.000000,0.000000,0.000000,0.000000
430,16,conference,mask_conference,environment,tidy_up,failed,-3.1840,0.00000,-0.00000,0.00000,0.00000,0.00000,0.000000,0.000000,0.000000,0.000000,0.000000
431,16,conference,mask_conference,environment,take_notes,goal_achieved,1.5694,0.00000,-0.00000,0.00000,0.00000,0.00000,0.000000,0.000000,0.000000,0.000000,0.000000
432,16,conference,mask_conference,environment,deep_work,failed,-3.3254,0.00000,-0.00000,0.00000,0.00000,0.00000,0.000000,0.000000,0.000000,0.000000,0.000000
433,17,work,mask_work,environment,rest_deeply,delayed,-0.4097,0.00000,0.00000,-0.00000,-0.00000,-0.00000,0.000000,0.000000,0.000000,0.000000,0.000000
434,17,work,mask_work,environment,network_actively,failed,-1.1356,0.00000,0.00000,-0.00000,-0.00000,0.00000,0.000000,0.000000,0.000000,0.000000,0.000000
435,17,work,mask_work,environment,network_actively,delayed,-0.5345,0.00000,0.00000,-0.00000,-0.00000,-0.00000,0.000000,0.000000,0.000000,0.000000,-0.000000
436,17,work,mask_work,environment,rest_deeply,failed,-1.4996,0.00000,0.00000,-0.00000,-0.00000,-0.00000,0.000000,0.000000,0.000000,0.000000,0.000000
437,17,work,mask_work,environment,take_notes,delayed,-0.5132,0.00000,0.00000,-0.00000,-0.00000,-0.00000,0.000000,0.000000,0.000000,0.000000,0.000000
438,17,work,mask_work,environment,network_actively,failed,-1.1213,0.00000,0.00000,-0.00000,-0.00000,-0.00000,0.000000,0.000000,0.000000,0.000000,0.000000
439,17,work,mask_work,environment,network_actively,failed,-1.1213,0.00000,0.00000,-0.00000,-0.00000,-0.00000,0.000000,0.000000,0.000000,0.000000,0.000000
440,17,work,mask_work,environment,network_actively,failed,-1.1213,0.00000,0.00000,-0.00000,-0.00000,-0.00000,0.000000,0.000000,0.000000,0.000000,0.000000
441,17,work,mask_work,environment,network_actively,goal_achieved,1.2832,0.00000,-0.00000,0.00000,0.00000,-0.00000,0.000000,-0.000000,0.000000,0.000000,0.000000
442,17,home,mask_home,environment,rest_deeply,goal_achieved,3.1494,-0.00000,-0.00000,-0.00000,-0.00000,0.00000,0.000000,-0.000000,0.000000,0.000000,0.000000
443,17,home,mask_home,environment,take_notes,goal_achieved,2.6315,-0.00000,0.00000,-0.00000,-0.00000,0.00000,0.000000,0.000000,0.000000,0.000000,0.000000
444,17,home,mask_home,environment,network_actively,failed,-1.3701,-0.00000,0.00000,-0.00000,-0.00000,0.00000,0.000000,0.000000,0.000000,0.000000,0.000000
445,17,home,mask_home,environment,network_actively,goal_achieved,1.0344,-0.00000,-0.00000,0.00000,0.00000,0.00000,0.000000,-0.000000,0.000000,0.000000,0.000000
446,17,home,mask_home,environment,rest_deeply,goal_achieved,3.1011,-0.00000,-0.00000,-0.00000,-0.00000,0.00000,0.000000,0.000000,-0.000000,-0.000000,0.000000
447,17,home,mask_home,environment,network_actively,failed,-1.3730,-0.00000,0.00000,-0.00000,-0.00000,0.00000,0.000000,0.000000,0.000000,0.000000,0.000000
448,17,home,mask_home,environment,network_actively,failed,-1.3730,-0.00000,0.00000,-0.00000,-0.00000,0.00000,0.000000,0.000000,0.000000,0.000000,0.000000
449,17,home,mask_home,environment,network_actively,failed,-1.3730,-0.00000,0.00000,-0.00000,-0.00000,0.00000,0.000000,0.000000,0.000000,0.000000,0.000000
450,17,home,mask_home,environment,quick_scan,failed,-1.6194,-0.00000,0.00000,-0.00000,-0.00000,-0.00000,0.000000,0.000000,0.000000,0.000000,-0.000000
451,17,conference,mask_conference,environment,network_actively,goal_achieved,1.4877,0.00000,-0.00000,0.00000,0.00000,0.00000,0.000000,0.000000,0.000000,0.000000,0.000000
452,17,conference,mask_conference,environment,network_actively,goal_achieved,1.4877,0.00000,-0.00000,0.00000,0.00000,0.00000,0.000000,0.000000,0.000000,0.000000,0.000000
453,17,conference,mask_conference,environment,tidy_up,failed,-3.1977,0.00000,-0.00000,0.00000,0.00000,0.00000,0.000000,0.000000,0.000000,0.000000,0.000000
454,17,conference,mask_conference,environment,quick_scan,goal_achieved,1.5936,0.00000,-0.00000,0.00000,0.00000,0.00000,0.000000,0.000000,0.000000,0.000000,0.000000
455,17,conference,mask_conference,environment,tidy_up,goal_achieved,1.4243,0.00000,-0.00000,0.00000,0.00000,-0.00000,0.000000,0.000000,0.000000,0.000000,-0.000000
456,17,conference,mask_conference,environment,rest_deeply,goal_achieved,1.4065,-0.00000,-0.00000,0.00000,0.00000,0.00000,-0.000000,0.000000,0.000000,0.000000,0.000000
457,17,conference,mask_conference,environment,tidy_up,failed,-3.2479,0.00000,-0.00000,0.00000,0.00000,0.00000,0.000000,0.000000,0.000000,0.000000,0.000000
458,17,conference,mask_conference,environment,rest_deeply,delayed,-1.8836,0.00000,-0.00000,0.00000,0.00000,0.00000,0.000000,0.000000,0.000000,0.000000,0.000000
459,17,conference,mask_conference,environment,tidy_up,failed,-3.2450,0.00000,-0.00000,0.00000,0.00000,0.00000,0.000000,0.000000,0.000000,0.000000,0.000000
460,18,work,mask_work,environment,rest_deeply,goal_achieved,2.8998,-0.00000,-0.00000,-0.00000,-0.00000,0.00000,-0.000000,0.000000,-0.000000,-0.000000,0.000000
461,18,work,mask_work,environment,network_actively,failed,-1.1437,0.00000,0.00000,-0.00000,-0.00000,0.00000,0.000000,0.000000,0.000000,0.000000,0.000000
462,18,work,mask_work,environment,network_actively,failed,-1.1437,0.00000,0.00000,-0.00000,-0.00000,0.00000,0.000000,0.000000,0.000000,0.000000,0.000000
463,18,work,mask_work,environment,quick_scan,failed,-1.3943,0.00000,0.00000,-0.00000,-0.00000,-0.00000,0.000000,0.000000,0.000000,0.000000,-0.000000
464,18,work,mask_work,environment,network_actively,goal_achieved,1.2867,0.00000,-0.00000,0.00000,0.00000,-0.00000,0.000000,-0.000000,0.000000,0.000000,0.000000
465,18,work,mask_work,environment,network_actively,goal_achieved,1.2867,0.00000,-0.00000,0.00000,0.00000,-0.00000,0.000000,0.000000,0.000000,0.000000,0.000000
466,18,work,mask_work,environment,quick_scan,goal_achieved,3.0461,-0.00000,0.00000,-0.00000,-0.00000,0.00000,-0.000000,0.000000,-0.000000,-0.000000,0.000000
467,18,work,mask_work,environment,quick_scan,delayed,-0.3163,0.00000,0.00000,-0.00000,-0.00000,-0.00000,0.000000,0.000000,0.000000,0.000000,-0.000000
468,18,work,mask_work,environment,network_actively,goal_achieved,1.2767,0.00000,-0.00000,0.00000,0.00000,-0.00000,0.000000,-0.000000,0.000000,0.000000,0.000000
469,18,home,mask_home,environment,take_notes,delayed,-0.7351,-0.00000,-0.00000,-0.00000,-0.00000,0.00000,0.000000,-0.000000,0.000000,0.000000,0.000000
470,18,home,mask_home,environment,network_actively,failed,-1.3611,-0.00000,0.00000,-0.00000,-0.00000,0.00000,0.000000,0.000000,0.000000,0.000000,0.000000
471,18,home,mask_home,environment,network_actively,delayed,-0.7600,-0.00000,-0.00000,-0.00000,-0.00000,0.00000,0.000000,-0.000000,0.000000,0.000000,0.000000
472,18,home,mask_home,environment,deep_work,delayed,-0.8310,-0.00000,-0.00000,-0.00000,-0.00000,0.00000,0.000000,0.000000,0.000000,0.000000,0.000000
473,18,home,mask_home,environment,rest_deeply,goal_achieved,3.1447,-0.00000,-0.00000,-0.00000,-0.00000,0.00000,0.000000,0.000000,0.000000,0.000000,0.000000
474,18,home,mask_home,environment,network_actively,delayed,-0.7597,-0.00000,-0.00000,-0.00000,-0.00000,0.00000,0.000000,0.000000,0.000000,0.000000,0.000000
475,18,home,mask_home,environment,rest_deeply,goal_achieved,3.1439,-0.00000,-0.00000,-0.00000,-0.00000,0.00000,0.000000,0.000000,0.000000,0.000000,0.000000
476,18,home,mask_home,environment,deep_work,delayed,-0.8369,-0.00000,-0.00000,-0.00000,-0.00000,0.00000,0.000000,0.000000,0.000000,0.000000,0.000000
477,18,home,mask_home,environment,quick_scan,delayed,-0.4922,-0.00000,0.00000,-0.00000,-0.00000,0.00000,0.000000,0.000000,0.000000,0.000000,0.000000
478,18,conference,mask_conference,environment,network_actively,goal_achieved,1.4339,0.00000,-0.00000,0.00000,0.00000,0.00000,0.000000,0.000000,0.000000,0.000000,0.000000
479,18,conference,mask_conference,environment,take_notes,goal_achieved,1.5122,0.00000,-0.00000,0.00000,0.00000,0.00000,0.000000,0.000000,0.000000,0.000000,0.000000
480,18,conference,mask_conference,environment,rest_deeply,failed,-2.9920,0.00000,-0.00000,0.00000,0.00000,0.00000,0.000000,0.000000,0.000000,0.000000,0.000000
481,18,conference,mask_conference,environment,quick_scan,goal_achieved,1.5514,0.00000,-0.00000,0.00000,0.00000,0.00000,0.000000,0.000000,0.000000,0.000000,0.000000
482,18,conference,mask_conference,environment,network_actively,goal_achieved,1.4185,0.00000,-0.00000,0.00000,0.00000,0.00000,0.000000,0.000000,0.000000,0.000000,0.000000
483,18,conference,mask_conference,environment,network_actively,goal_achieved,1.4185,0.00000,-0.00000,0.00000,0.00000,0.00000,0.000000,0.000000,0.000000,0.000000,0.000000
484,18,conference,mask_conference,environment,tidy_up,delayed,-2.1097,0.00000,-0.00000,0.00000,0.00000,0.00000,0.000000,0.000000,0.000000,0.000000,0.000000
485,18,conference,mask_conference,environment,network_actively,goal_achieved,1.4174,0.00000,-0.00000,0.00000,0.00000,0.00000,0.000000,0.000000,0.000000,0.000000,0.000000
486,18,conference,mask_conference,environment,deep_work,failed,-3.4148,0.00000,-0.00000,0.00000,0.00000,0.00000,0.000000,0.000000,0.000000,0.000000,0.000000
487,19,work,mask_work,environment,deep_work,goal_achieved,2.9354,0.00000,0.00000,-0.00000,-0.00000,-0.00000,0.000000,0.000000,-0.000000,-0.000000,0.000000
488,19,work,mask_work,environment,network_actively,failed,-1.1309,0.00000,0.00000,-0.00000,-0.00000,-0.00000,0.000000,0.000000,0.000000,0.000000,0.000000
489,19,work,mask_work,environment,network_actively,failed,-1.1309,0.00000,0.00000,-0.00000,-0.00000,-0.00000,0.000000,0.000000,0.000000,0.000000,0.000000
490,19,work,mask_work,environment,deep_work,delayed,-0.4793,-0.00000,-0.00000,-0.00000,-0.00000,0.00000,-0.000000,-0.000000,0.000000,0.000000,0.000000
491,19,work,mask_work,environment,network_actively,failed,-1.1169,0.00000,0.00000,-0.00000,-0.00000,-0.00000,0.000000,0.000000,0.000000,0.000000,-0.000000
492,19,work,mask_work,environment,network_actively,failed,-1.1169,0.00000,0.00000,-0.00000,-0.00000,-0.00000,0.000000,0.000000,0.000000,0.000000,0.000000
493,19,work,mask_work,environment,network_actively,failed,-1.1169,0.00000,0.00000,-0.00000,-0.00000,-0.00000,0.000000,0.000000,0.000000,0.000000,0.000000
494,19,work,mask_work,environment,deep_work,delayed,-0.4577,-0.00000,-0.00000,-0.00000,-0.00000,0.00000,-0.000000,-0.000000,0.000000,0.000000,0.000000
495,19,work,mask_work,environment,take_notes,delayed,-0.5072,0.00000,0.00000,-0.00000,-0.00000,-0.00000,0.000000,0.000000,0.000000,0.000000,-0.000000
496,19,home,mask_home,environment,quick_scan,failed,-1.6130,-0.00000,0.00000,-0.00000,-0.00000,-0.00000,0.000000,0.000000,0.000000,0.000000,-0.000000
497,19,home,mask_home,environment,network_actively,failed,-1.3474,-0.00000,0.00000,-0.00000,-0.00000,0.00000,0.000000,0.000000,0.000000,0.000000,0.000000
498,19,home,mask_home,environment,quick_scan,goal_achieved,2.8769,-0.00000,-0.00000,-0.00000,-0.00000,0.00000,0.000000,-0.000000,0.000000,0.000000,0.000000
499,19,home,mask_home,environment,network_actively,failed,-1.3611,-0.00000,0.00000,-0.00000,-0.00000,0.00000,0.000000,0.000000,0.000000,0.000000,0.000000
500,19,home,mask_home,environment,network_actively,failed,-1.3611,-0.00000,0.00000,-0.00000,-0.00000,0.00000,0.000000,0.000000,0.000000,0.000000,0.000000
501,19,home,mask_home,environment,rest_deeply,goal_achieved,3.1660,-0.00000,-0.00000,-0.00000,-0.00000,0.00000,0.000000,-0.000000,0.000000,0.000000,0.000000
502,19,home,mask_home,environment,network_actively,failed,-1.3633,-0.00000,0.00000,-0.00000,-0.00000,0.00000,0.000000,0.000000,0.000000,0.000000,0.000000
503,19,home,mask_home,environment,network_actively,failed,-1.3633,-0.00000,0.00000,-0.00000,-0.00000,0.00000,0.000000,0.000000,0.000000,0.000000,0.000000
504,19,home,mask_home,environment,deep_work,failed,-1.9500,-0.00000,-0.00000,-0.00000,-0.00000,0.00000,0.000000,-0.000000,0.000000,0.000000,0.000000
505,19,conference,mask_conference,environment,network_actively,goal_achieved,1.4230,0.00000,-0.00000,0.00000,0.00000,0.00000,0.000000,0.000000,0.000000,0.000000,0.000000
506,19,conference,mask_conference,environment,network_actively,goal_achieved,1.4230,0.00000,-0.00000,0.00000,0.00000,0.00000,0.000000,0.000000,0.000000,0.000000,0.000000
507,19,conference,mask_conference,environment,network_actively,delayed,-0.3804,0.00000,0.00000,-0.00000,-0.00000,0.00000,0.000000,0.000000,-0.000000,-0.000000,0.000000
508,19,conference,mask_conference,environment,take_notes,goal_achieved,1.5168,0.00000,-0.00000,0.00000,0.00000,0.00000,0.000000,-0.000000,0.000000,0.000000,0.000000
509,19,conference,mask_conference,environment,network_actively,goal_achieved,1.4135,0.00000,-0.00000,0.00000,0.00000,0.00000,0.000000,0.000000,0.000000,0.000000,0.000000
510,19,conference,mask_conference,environment,network_actively,goal_achieved,1.4135,0.00000,-0.00000,0.00000,0.00000,0.00000,0.000000,0.000000,0.000000,0.000000,0.000000
511,19,conference,mask_conference,environment,network_actively,goal_achieved,1.4135,0.00000,-0.00000,0.00000,0.00000,0.00000,0.000000,0.000000,0.000000,0.000000,0.000000
512,19,conference,mask_conference,environment,network_actively,goal_achieved,1.4135,0.00000,-0.00000,0.00000,0.00000,0.00000,0.000000,0.000000,0.000000,0.000000,0.000000
513,19,conference,mask_conference,environment,deep_work,goal_achieved,1.1507,0.00000,0.00000,0.00000,0.00000,-0.00000,0.000000,0.000000,0.000000,0.000000,-0.000000
514,20,work,mask_work,environment,quick_scan,delayed,-0.2720,0.00000,0.00000,-0.00000,-0.00000,-0.00000,0.000000,0.000000,0.000000,0.000000,0.000000
515,20,work,mask_work,environment,take_notes,delayed,-0.4973,0.00000,0.00000,-0.00000,-0.00000,-0.00000,0.000000,0.000000,0.000000,0.000000,0.000000
516,20,work,mask_work,environment,network_actively,failed,-1.0855,0.00000,0.00000,-0.00000,-0.00000,-0.00000,0.000000,0.000000,0.000000,0.000000,0.000000
517,20,work,mask_work,environment,network_actively,delayed,-0.4843,0.00000,0.00000,-0.00000,-0.00000,-0.00000,0.000000,0.000000,0.000000,0.000000,0.000000
518,20,work,mask_work,environment,tidy_up,failed,-1.6611,0.00000,0.00000,-0.00000,-0.00000,0.00000,0.000000,0.000000,0.000000,0.000000,0.000000
519,20,work,mask_work,environment,network_actively,failed,-1.0705,0.00000,0.00000,-0.00000,-0.00000,0.00000,0.000000,0.000000,0.000000,0.000000,0.000000
520,20,work,mask_work,environment,quick_scan,delayed,-0.2391,0.00000,0.00000,-0.00000,-0.00000,-0.00000,0.000000,0.000000,0.000000,0.000000,-0.000000
521,20,work,mask_work,environment,deep_work,delayed,-0.4016,-0.00000,-0.00000,-0.00000,-0.00000,0.00000,-0.000000,-0.000000,0.000000,0.000000,0.000000
522,20,work,mask_work,environment,rest_deeply,failed,-1.3983,0.00000,0.00000,-0.00000,-0.00000,-0.00000,0.000000,0.000000,0.000000,0.000000,-0.000000
523,20,home,mask_home,environment,tidy_up,goal_achieved,3.0480,-0.00000,-0.00000,-0.00000,-0.00000,0.00000,0.000000,0.000000,0.000000,0.000000,0.000000
524,20,home,mask_home,environment,network_actively,failed,-1.3546,-0.00000,0.00000,-0.00000,-0.00000,0.00000,0.000000,0.000000,0.000000,0.000000,0.000000
525,20,home,mask_home,environment,network_actively,failed,-1.3546,-0.00000,0.00000,-0.00000,-0.00000,0.00000,0.000000,0.000000,0.000000,0.000000,0.000000
526,20,home,mask_home,environment,network_actively,failed,-1.3546,-0.00000,0.00000,-0.00000,-0.00000,0.00000,0.000000,0.000000,0.000000,0.000000,0.000000
527,20,home,mask_home,environment,quick_scan,delayed,-0.4353,-0.00000,0.00000,-0.00000,-0.00000,0.00000,0.000000,0.000000,0.000000,0.000000,0.000000
528,20,home,mask_home,environment,tidy_up,goal_achieved,3.0694,-0.00000,0.00000,-0.00000,-0.00000,0.00000,0.000000,0.000000,0.000000,0.000000,0.000000
529,20,home,mask_home,environment,network_actively,delayed,-0.7526,-0.00000,-0.00000,-0.00000,-0.00000,0.00000,0.000000,-0.000000,0.000000,0.000000,0.000000
530,20,home,mask_home,environment,take_notes,delayed,-0.6731,-0.00000,-0.00000,-0.00000,-0.00000,0.00000,0.000000,0.000000,0.000000,0.000000,0.000000
531,20,home,mask_home,environment,network_actively,failed,-1.3531,-0.00000,0.00000,-0.00000,-0.00000,0.00000,0.000000,0.000000,0.000000,0.000000,0.000000
532,20,conference,mask_conference,environment,network_actively,goal_achieved,1.3917,0.00000,-0.00000,0.00000,0.00000,0.00000,0.000000,-0.000000,0.000000,0.000000,0.000000
533,20,conference,mask_conference,environment,network_actively,goal_achieved,1.3917,0.00000,-0.00000,0.00000,0.00000,0.00000,0.000000,0.000000,0.000000,0.000000,0.000000
534,20,conference,mask_conference,environment,network_actively,goal_achieved,1.3917,0.00000,-0.00000,0.00000,0.00000,0.00000,0.000000,0.000000,0.000000,0.000000,0.000000
535,20,conference,mask_conference,environment,network_actively,goal_achieved,1.3917,0.00000,-0.00000,0.00000,0.00000,0.00000,0.000000,0.000000,0.000000,0.000000,0.000000
536,20,conference,mask_conference,environment,network_actively,goal_achieved,1.3917,0.00000,-0.00000,0.00000,0.00000,0.00000,0.000000,0.000000,0.000000,0.000000,0.000000
537,20,conference,mask_conference,environment,network_actively,goal_achieved,1.3917,0.00000,-0.00000,0.00000,0.00000,0.00000,0.000000,0.000000,0.000000,0.000000,0.000000
538,20,conference,mask_conference,environment,tidy_up,delayed,-2.1519,0.00000,-0.00000,0.00000,0.00000,0.00000,0.000000,0.000000,0.000000,0.000000,0.000000
539,20,conference,mask_conference,environment,network_actively,goal_achieved,1.3906,0.00000,-0.00000,0.00000,0.00000,0.00000,0.000000,0.000000,0.000000,0.000000,0.000000
540,20,conference,mask_conference,environment,network_actively,goal_achieved,1.3906,0.00000,-0.00000,0.00000,0.00000,0.00000,0.000000,0.000000,0.000000,0.000000,0.000000
541,21,work,mask_work,environment,network_actively,delayed,-0.4406,0.00000,0.00000,-0.00000,-0.00000,-0.00000,0.000000,0.000000,0.000000,0.000000,0.000000
542,21,work,mask_work,environment,network_actively,failed,-1.0418,0.00000,0.00000,-0.00000,-0.00000,0.00000,0.000000,0.000000,0.000000,0.000000,0.000000
543,21,work,mask_work,environment,network_actively,delayed,-0.4406,0.00000,0.00000,-0.00000,-0.00000,-0.00000,0.000000,0.000000,0.000000,0.000000,-0.000000
544,21,work,mask_work,environment,rest_deeply,delayed,-0.2933,0.00000,0.00000,-0.00000,-0.00000,-0.00000,0.000000,0.000000,0.000000,0.000000,0.000000
545,21,work,mask_work,environment,network_actively,failed,-1.0408,0.00000,0.00000,-0.00000,-0.00000,0.00000,0.000000,0.000000,0.000000,0.000000,0.000000
546,21,work,mask_work,environment,deep_work,delayed,-0.3789,-0.00000,-0.00000,-0.00000,-0.00000,0.00000,-0.000000,-0.000000,0.000000,0.000000,0.000000
547,21,work,mask_work,environment,tidy_up,failed,-1.6014,0.00000,0.00000,-0.00000,-0.00000,0.00000,0.000000,0.000000,0.000000,0.000000,0.000000
548,21,work,mask_work,environment,network_actively,delayed,-0.4180,0.00000,0.00000,-0.00000,-0.00000,-0.00000,0.000000,0.000000,0.000000,0.000000,-0.000000
549,21,work,mask_work,environment,network_actively,goal_achieved,1.3853,0.00000,-0.00000,0.00000,0.00000,-0.00000,0.000000,-0.000000,0.000000,0.000000,0.000000
550,21,home,mask_home,environment,network_actively,delayed,-0.7520,-0.00000,-0.00000,-0.00000,-0.00000,0.00000,0.000000,-0.000000,0.000000,0.000000,0.000000
551,21,home,mask_home,environment,quick_scan,delayed,-0.4343,-0.00000,0.00000,-0.00000,-0.00000,0.00000,0.000000,0.000000,0.000000,0.000000,0.000000
552,21,home,mask_home,environment,quick_scan,failed,-1.5551,-0.00000,0.00000,-0.00000,-0.00000,-0.00000,0.000000,0.000000,0.000000,0.000000,-0.000000
553,21,home,mask_home,environment,network_actively,failed,-1.3419,-0.00000,0.00000,-0.00000,-0.00000,0.00000,0.000000,0.000000,0.000000,0.000000,0.000000
554,21,home,mask_home,environment,network_actively,failed,-1.3419,-0.00000,0.00000,-0.00000,-0.00000,0.00000,0.000000,0.000000,0.000000,0.000000,0.000000
555,21,home,mask_home,environment,deep_work,goal_achieved,2.6645,-0.00000,0.00000,-0.00000,-0.00000,-0.00000,0.000000,0.000000,0.000000,0.000000,-0.000000
556,21,home,mask_home,environment,network_actively,delayed,-0.7667,-0.00000,-0.00000,-0.00000,-0.00000,0.00000,0.000000,-0.000000,0.000000,0.000000,0.000000
557,21,home,mask_home,environment,deep_work,goal_achieved,2.6631,-0.00000,0.00000,-0.00000,-0.00000,-0.00000,0.000000,0.000000,0.000000,0.000000,-0.000000
558,21,home,mask_home,environment,take_notes,delayed,-0.6959,-0.00000,0.00000,-0.00000,-0.00000,0.00000,0.000000,0.000000,0.000000,0.000000,0.000000
559,21,conference,mask_conference,environment,network_actively,goal_achieved,1.3906,0.00000,-0.00000,0.00000,0.00000,0.00000,0.000000,0.000000,0.000000,0.000000,0.000000
560,21,conference,mask_conference,environment,network_actively,goal_achieved,1.3906,0.00000,-0.00000,0.00000,0.00000,0.00000,0.000000,0.000000,0.000000,0.000000,0.000000
561,21,conference,mask_conference,environment,network_actively,goal_achieved,1.3906,0.00000,-0.00000,0.00000,0.00000,0.00000,0.000000,0.000000,0.000000,0.000000,0.000000
562,21,conference,mask_conference,environment,deep_work,delayed,-2.3073,0.00000,-0.00000,0.00000,0.00000,0.00000,0.000000,0.000000,0.000000,0.000000,0.000000
563,21,conference,mask_conference,environment,deep_work,goal_achieved,1.1225,0.00000,0.00000,0.00000,0.00000,-0.00000,0.000000,0.000000,0.000000,0.000000,-0.000000
564,21,conference,mask_conference,environment,network_actively,goal_achieved,1.3721,0.00000,-0.00000,0.00000,0.00000,0.00000,0.000000,-0.000000,0.000000,0.000000,0.000000
565,21,conference,mask_conference,environment,network_actively,goal_achieved,1.3721,0.00000,-0.00000,0.00000,0.00000,0.00000,0.000000,0.000000,0.000000,0.000000,0.000000
566,21,conference,mask_conference,environment,tidy_up,delayed,-2.1864,0.00000,-0.00000,0.00000,0.00000,0.00000,0.000000,0.000000,0.000000,0.000000,0.000000
567,21,conference,mask_conference,environment,network_actively,goal_achieved,1.3711,0.00000,-0.00000,0.00000,0.00000,0.00000,0.000000,0.000000,0.000000,0.000000,0.000000
568,22,work,mask_work,environment,quick_scan,goal_achieved,3.1606,-0.00000,-0.00000,-0.00000,-0.00000,0.00000,-0.000000,0.000000,-0.000000,-0.000000,0.000000
569,22,work,mask_work,environment,network_actively,failed,-1.0358,0.00000,0.00000,-0.00000,-0.00000,0.00000,0.000000,0.000000,0.000000,0.000000,0.000000
570,22,work,mask_work,environment,deep_work,goal_achieved,3.0333,0.00000,0.00000,-0.00000,-0.00000,-0.00000,0.000000,0.000000,0.000000,0.000000,-0.000000
571,22,work,mask_work,environment,network_actively,failed,-1.0403,0.00000,0.00000,-0.00000,-0.00000,0.00000,0.000000,0.000000,0.000000,0.000000,0.000000
572,22,work,mask_work,environment,deep_work,goal_achieved,3.0394,0.00000,0.00000,-0.00000,-0.00000,-0.00000,0.000000,0.000000,0.000000,0.000000,-0.000000
573,22,work,mask_work,environment,take_notes,goal_achieved,2.9438,0.00000,0.00000,-0.00000,-0.00000,-0.00000,0.000000,0.000000,0.000000,0.000000,0.000000
574,22,work,mask_work,environment,network_actively,goal_achieved,1.3420,0.00000,-0.00000,0.00000,0.00000,-0.00000,0.000000,-0.000000,0.000000,0.000000,0.000000
575,22,work,mask_work,environment,network_actively,delayed,-0.4614,0.00000,0.00000,-0.00000,-0.00000,-0.00000,0.000000,0.000000,-0.000000,-0.000000,0.000000
576,22,work,mask_work,environment,network_actively,failed,-1.0625,0.00000,0.00000,-0.00000,-0.00000,0.00000,0.000000,0.000000,0.000000,0.000000,0.000000
577,22,home,mask_home,environment,network_actively,failed,-1.3892,-0.00000,0.00000,-0.00000,-0.00000,0.00000,0.000000,0.000000,0.000000,0.000000,0.000000
578,22,home,mask_home,environment,network_actively,failed,-1.3892,-0.00000,0.00000,-0.00000,-0.00000,0.00000,0.000000,0.000000,0.000000,0.000000,0.000000
579,22,home,mask_home,environment,take_notes,delayed,-0.6856,-0.00000,0.00000,-0.00000,-0.00000,0.00000,0.000000,0.000000,0.000000,0.000000,0.000000
580,22,home,mask_home,environment,rest_deeply,goal_achieved,3.1938,-0.00000,0.00000,-0.00000,-0.00000,0.00000,0.000000,0.000000,0.000000,0.000000,0.000000
581,22,home,mask_home,environment,network_actively,failed,-1.3907,-0.00000,0.00000,-0.00000,-0.00000,0.00000,0.000000,0.000000,0.000000,0.000000,0.000000
582,22,home,mask_home,environment,deep_work,goal_achieved,2.6774,-0.00000,0.00000,-0.00000,-0.00000,-0.00000,0.000000,0.000000,0.000000,0.000000,-0.000000
583,22,home,mask_home,environment,network_actively,failed,-1.4095,-0.00000,0.00000,-0.00000,-0.00000,0.00000,0.000000,0.000000,0.000000,0.000000,0.000000
584,22,home,mask_home,environment,network_actively,delayed,-0.8083,-0.00000,0.00000,-0.00000,-0.00000,0.00000,0.000000,0.000000,0.000000,0.000000,0.000000
585,22,home,mask_home,environment,deep_work,failed,-1.8922,-0.00000,-0.00000,-0.00000,-0.00000,0.00000,0.000000,-0.000000,0.000000,0.000000,0.000000
586,22,conference,mask_conference,environment,network_actively,goal_achieved,1.3711,0.00000,-0.00000,0.00000,0.00000,0.00000,0.000000,0.000000,0.000000,0.000000,0.000000
587,22,conference,mask_conference,environment,rest_deeply,goal_achieved,1.2948,0.00000,-0.00000,0.00000,0.00000,0.00000,0.000000,0.000000,0.000000,0.000000,0.000000
588,22,conference,mask_conference,environment,network_actively,goal_achieved,1.3460,0.00000,-0.00000,0.00000,0.00000,0.00000,0.000000,0.000000,0.000000,0.000000,0.000000
589,22,conference,mask_conference,environment,network_actively,goal_achieved,1.3460,0.00000,-0.00000,0.00000,0.00000,0.00000,0.000000,0.000000,0.000000,0.000000,0.000000
590,22,conference,mask_conference,environment,network_actively,goal_achieved,1.3460,0.00000,-0.00000,0.00000,0.00000,0.00000,0.000000,0.000000,0.000000,0.000000,0.000000
591,22,conference,mask_conference,environment,network_actively,delayed,-0.4573,0.00000,0.00000,-0.00000,-0.00000,0.00000,0.000000,0.000000,-0.000000,-0.000000,0.000000
592,22,conference,mask_conference,environment,network_actively,goal_achieved,1.3460,0.00000,-0.00000,0.00000,0.00000,0.00000,0.000000,-0.000000,0.000000,0.000000,0.000000
593,22,conference,mask_conference,environment,network_actively,goal_achieved,1.3460,0.00000,-0.00000,0.00000,0.00000,0.00000,0.000000,0.000000,0.000000,0.000000,0.000000
594,22,conference,mask_conference,environment,quick_scan,goal_achieved,1.4417,0.00000,-0.00000,0.00000,0.00000,0.00000,0.000000,0.000000,0.000000,0.000000,0.000000
595,23,work,mask_work,environment,quick_scan,failed,-1.3484,0.00000,0.00000,-0.00000,-0.00000,-0.00000,0.000000,0.000000,0.000000,0.000000,-0.000000
596,23,work,mask_work,environment,network_actively,delayed,-0.4457,0.00000,0.00000,-0.00000,-0.00000,-0.00000,0.000000,0.000000,0.000000,0.000000,0.000000
597,23,work,mask_work,environment,network_actively,delayed,-0.4457,0.00000,0.00000,-0.00000,-0.00000,-0.00000,0.000000,0.000000,0.000000,0.000000,0.000000
598,23,work,mask_work,environment,network_actively,failed,-1.0468,0.00000,0.00000,-0.00000,-0.00000,0.00000,0.000000,0.000000,0.000000,0.000000,0.000000
599,23,work,mask_work,environment,network_actively,failed,-1.0468,0.00000,0.00000,-0.00000,-0.00000,0.00000,0.000000,0.000000,0.000000,0.000000,0.000000
600,23,work,mask_work,environment,network_actively,failed,-1.0468,0.00000,0.00000,-0.00000,-0.00000,0.00000,0.000000,0.000000,0.000000,0.000000,0.000000
601,23,work,mask_work,environment,network_actively,goal_achieved,1.3577,0.00000,-0.00000,0.00000,0.00000,-0.00000,0.000000,-0.000000,0.000000,0.000000,-0.000000
602,23,work,mask_work,environment,rest_deeply,failed,-1.4080,0.00000,0.00000,-0.00000,-0.00000,-0.00000,0.000000,0.000000,-0.000000,-0.000000,0.000000
603,23,work,mask_work,environment,network_actively,goal_achieved,1.3652,0.00000,-0.00000,0.00000,0.00000,-0.00000,0.000000,-0.000000,0.000000,0.000000,0.000000
604,23,home,mask_home,environment,network_actively,failed,-1.3973,-0.00000,0.00000,-0.00000,-0.00000,0.00000,0.000000,0.000000,0.000000,0.000000,0.000000
605,23,home,mask_home,environment,network_actively,delayed,-0.7961,-0.00000,0.00000,-0.00000,-0.00000,0.00000,0.000000,0.000000,0.000000,0.000000,0.000000
606,23,home,mask_home,environment,network_actively,goal_achieved,1.0072,-0.00000,-0.00000,0.00000,0.00000,-0.00000,0.000000,-0.000000,0.000000,0.000000,-0.000000
607,23,home,mask_home,environment,quick_scan,failed,-1.5987,-0.00000,0.00000,-0.00000,-0.00000,-0.00000,0.000000,0.000000,-0.000000,-0.000000,0.000000
608,23,home,mask_home,environment,network_actively,failed,-1.3899,-0.00000,0.00000,-0.00000,-0.00000,0.00000,0.000000,0.000000,0.000000,0.000000,0.000000
609,23,home,mask_home,environment,rest_deeply,delayed,-0.1036,-0.00000,0.00000,-0.00000,-0.00000,-0.00000,0.000000,0.000000,0.000000,0.000000,-0.000000
610,23,home,mask_home,environment,deep_work,failed,-1.8785,-0.00000,-0.00000,-0.00000,-0.00000,0.00000,0.000000,-0.000000,0.000000,0.000000,0.000000
611,23,home,mask_home,environment,network_actively,failed,-1.3612,-0.00000,0.00000,-0.00000,-0.00000,0.00000,0.000000,0.000000,0.000000,0.000000,0.000000
612,23,home,mask_home,environment,network_actively,failed,-1.3612,-0.00000,0.00000,-0.00000,-0.00000,0.00000,0.000000,0.000000,0.000000,0.000000,0.000000
613,23,conference,mask_conference,environment,network_actively,goal_achieved,1.3318,0.00000,-0.00000,0.00000,0.00000,0.00000,0.000000,0.000000,0.000000,0.000000,0.000000
614,23,conference,mask_conference,environment,network_actively,goal_achieved,1.3318,0.00000,-0.00000,0.00000,0.00000,0.00000,0.000000,0.000000,0.000000,0.000000,0.000000
615,23,conference,mask_conference,environment,deep_work,goal_achieved,1.0755,0.00000,-0.00000,0.00000,0.00000,-0.00000,0.000000,0.000000,0.000000,0.000000,-0.000000
616,23,conference,mask_conference,environment,network_actively,goal_achieved,1.3156,0.00000,-0.00000,0.00000,0.00000,0.00000,0.000000,0.000000,0.000000,0.000000,0.000000
617,23,conference,mask_conference,environment,network_actively,goal_achieved,1.3156,0.00000,-0.00000,0.00000,0.00000,0.00000,0.000000,0.000000,0.000000,0.000000,0.000000
618,23,conference,mask_conference,environment,rest_deeply,goal_achieved,1.2623,0.00000,-0.00000,0.00000,0.00000,0.00000,0.000000,0.000000,0.000000,0.000000,0.000000
619,23,conference,mask_conference,environment,network_actively,goal_achieved,1.2933,0.00000,-0.00000,0.00000,0.00000,0.00000,0.000000,0.000000,0.000000,0.000000,0.000000
620,23,conference,mask_conference,environment,quick_scan,goal_achieved,1.3937,0.00000,-0.00000,0.00000,0.00000,0.00000,0.000000,0.000000,0.000000,0.000000,0.000000
621,23,conference,mask_conference,environment,quick_scan,goal_achieved,1.3937,0.00000,-0.00000,0.00000,0.00000,0.00000,0.000000,0.000000,0.000000,0.000000,0.000000
622,24,work,mask_work,environment,quick_scan,failed,-1.3564,0.00000,0.00000,-0.00000,-0.00000,-0.00000,0.000000,0.000000,-0.000000,-0.000000,0.000000
623,24,work,mask_work,environment,take_notes,failed,-1.5517,-0.00000,-0.00000,-0.00000,-0.00000,0.00000,-0.000000,-0.000000,0.000000,0.000000,0.000000
624,24,work,mask_work,environment,network_actively,delayed,-0.4130,0.00000,0.00000,-0.00000,-0.00000,-0.00000,0.000000,0.000000,0.000000,0.000000,-0.000000
625,24,work,mask_work,environment,network_actively,failed,-1.0141,0.00000,0.00000,-0.00000,-0.00000,-0.00000,0.000000,0.000000,0.000000,0.000000,0.000000
626,24,work,mask_work,environment,deep_work,goal_achieved,3.0486,0.00000,0.00000,-0.00000,-0.00000,-0.00000,0.000000,0.000000,0.000000,0.000000,0.000000
627,24,work,mask_work,environment,rest_deeply,delayed,-0.2986,0.00000,0.00000,-0.00000,-0.00000,-0.00000,0.000000,0.000000,0.000000,0.000000,0.000000
628,24,work,mask_work,environment,quick_scan,delayed,-0.2215,0.00000,0.00000,-0.00000,-0.00000,-0.00000,0.000000,0.000000,0.000000,0.000000,0.000000
629,24,work,mask_work,environment,network_actively,goal_achieved,1.3929,0.00000,-0.00000,0.00000,0.00000,-0.00000,0.000000,-0.000000,0.000000,0.000000,0.000000
630,24,work,mask_work,environment,network_actively,goal_achieved,1.3929,0.00000,-0.00000,0.00000,0.00000,-0.00000,0.000000,0.000000,0.000000,0.000000,0.000000
631,24,home,mask_home,environment,network_actively,failed,-1.3612,-0.00000,0.00000,-0.00000,-0.00000,0.00000,0.000000,0.000000,0.000000,0.000000,0.000000
632,24,home,mask_home,environment,network_actively,goal_achieved,1.0433,-0.00000,-0.00000,0.00000,0.00000,-0.00000,0.000000,-0.000000,0.000000,0.000000,-0.000000
633,24,home,mask_home,environment,rest_deeply,goal_achieved,3.1970,-0.00000,0.00000,-0.00000,-0.00000,0.00000,0.000000,0.000000,-0.000000,-0.000000,0.000000
634,24,home,mask_home,environment,deep_work,failed,-1.8860,-0.00000,-0.00000,-0.00000,-0.00000,0.00000,0.000000,-0.000000,0.000000,0.000000,0.000000
635,24,home,mask_home,environment,network_actively,failed,-1.3543,-0.00000,0.00000,-0.00000,-0.00000,0.00000,0.000000,0.000000,0.000000,0.000000,0.000000
636,24,home,mask_home,environment,deep_work,failed,-1.8814,-0.00000,-0.00000,-0.00000,-0.00000,0.00000,0.000000,-0.000000,0.000000,0.000000,0.000000
637,24,home,mask_home,environment,rest_deeply,goal_achieved,3.2194,-0.00000,-0.00000,-0.00000,-0.00000,0.00000,0.000000,0.000000,0.000000,0.000000,0.000000
638,24,home,mask_home,environment,network_actively,failed,-1.3482,-0.00000,0.00000,-0.00000,-0.00000,0.00000,0.000000,0.000000,0.000000,0.000000,0.000000
639,24,home,mask_home,environment,network_actively,goal_achieved,1.0563,-0.00000,-0.00000,0.00000,0.00000,-0.00000,0.000000,-0.000000,0.000000,0.000000,-0.000000
640,24,conference,mask_conference,environment,network_actively,goal_achieved,1.2693,0.00000,-0.00000,0.00000,0.00000,0.00000,0.000000,0.000000,0.000000,0.000000,0.000000
641,24,conference,mask_conference,environment,network_actively,goal_achieved,1.2693,0.00000,-0.00000,0.00000,0.00000,0.00000,0.000000,0.000000,0.000000,0.000000,0.000000
642,24,conference,mask_conference,environment,network_actively,goal_achieved,1.2693,0.00000,-0.00000,0.00000,0.00000,0.00000,0.000000,0.000000,0.000000,0.000000,0.000000
643,24,conference,mask_conference,environment,quick_scan,delayed,-1.9740,0.00000,-0.00000,0.00000,0.00000,-0.00000,0.000000,0.000000,0.000000,0.000000,-0.000000
644,24,conference,mask_conference,environment,rest_deeply,failed,-3.1529,0.00000,-0.00000,0.00000,0.00000,0.00000,0.000000,0.000000,0.000000,0.000000,0.000000
645,24,conference,mask_conference,environment,rest_deeply,failed,-3.1529,0.00000,-0.00000,0.00000,0.00000,0.00000,0.000000,0.000000,0.000000,0.000000,0.000000
646,24,conference,mask_conference,environment,network_actively,delayed,-0.5022,0.00000,0.00000,-0.00000,-0.00000,0.00000,0.000000,0.000000,-0.000000,-0.000000,0.000000
647,24,conference,mask_conference,environment,take_notes,goal_achieved,1.3625,0.00000,-0.00000,0.00000,0.00000,0.00000,0.000000,-0.000000,0.000000,0.000000,0.000000
648,24,conference,mask_conference,environment,rest_deeply,delayed,-2.0485,0.00000,-0.00000,0.00000,0.00000,0.00000,0.000000,0.000000,0.000000,0.000000,0.000000
649,25,work,mask_work,environment,network_actively,delayed,-0.4105,0.00000,0.00000,-0.00000,-0.00000,-0.00000,0.000000,0.000000,-0.000000,-0.000000,0.000000
650,25,work,mask_work,environment,rest_deeply,goal_achieved,2.9711,-0.00000,-0.00000,-0.00000,-0.00000,0.00000,-0.000000,-0.000000,0.000000,0.000000,0.000000
651,25,work,mask_work,environment,rest_deeply,failed,-1.4222,0.00000,0.00000,-0.00000,-0.00000,-0.00000,0.000000,0.000000,0.000000,0.000000,-0.000000
652,25,work,mask_work,environment,network_actively,failed,-1.0223,0.00000,0.00000,-0.00000,-0.00000,-0.00000,0.000000,0.000000,0.000000,0.000000,0.000000
653,25,work,mask_work,environment,network_actively,failed,-1.0223,0.00000,0.00000,-0.00000,-0.00000,-0.00000,0.000000,0.000000,0.000000,0.000000,0.000000
654,25,work,mask_work,environment,network_actively,delayed,-0.4212,0.00000,0.00000,-0.00000,-0.00000,-0.00000,0.000000,0.000000,0.000000,0.000000,0.000000
655,25,work,mask_work,environment,network_actively,delayed,-0.4212,0.00000,0.00000,-0.00000,-0.00000,-0.00000,0.000000,0.000000,0.000000,0.000000,0.000000
656,25,work,mask_work,environment,rest_deeply,failed,-1.4101,0.00000,0.00000,-0.00000,-0.00000,-0.00000,0.000000,0.000000,0.000000,0.000000,0.000000
657,25,work,mask_work,environment,rest_deeply,delayed,-0.3118,0.00000,0.00000,-0.00000,-0.00000,-0.00000,0.000000,0.000000,0.000000,0.000000,0.000000
658,25,home,mask_home,environment,network_actively,delayed,-0.7471,-0.00000,-0.00000,-0.00000,-0.00000,0.00000,0.000000,0.000000,-0.000000,-0.000000,0.000000
659,25,home,mask_home,environment,rest_deeply,goal_achieved,3.2045,-0.00000,-0.00000,-0.00000,-0.00000,0.00000,0.000000,0.000000,0.000000,0.000000,0.000000
660,25,home,mask_home,environment,quick_scan,failed,-1.5696,-0.00000,0.00000,-0.00000,-0.00000,-0.00000,0.000000,0.000000,0.000000,0.000000,-0.000000
661,25,home,mask_home,environment,network_actively,failed,-1.3435,-0.00000,0.00000,-0.00000,-0.00000,0.00000,0.000000,0.000000,0.000000,0.000000,0.000000
662,25,home,mask_home,environment,deep_work,failed,-1.8894,-0.00000,-0.00000,-0.00000,-0.00000,0.00000,0.000000,-0.000000,0.000000,0.000000,0.000000
663,25,home,mask_home,environment,network_actively,delayed,-0.7348,-0.00000,-0.00000,-0.00000,-0.00000,0.00000,0.000000,0.000000,0.000000,0.000000,0.000000
664,25,home,mask_home,environment,network_actively,goal_achieved,1.0685,-0.00000,-0.00000,0.00000,0.00000,-0.00000,0.000000,0.000000,0.000000,0.000000,-0.000000
665,25,home,mask_home,environment,network_actively,failed,-1.3360,-0.00000,0.00000,-0.00000,-0.00000,0.00000,0.000000,0.000000,-0.000000,-0.000000,0.000000
666,25,home,mask_home,environment,deep_work,failed,-1.9035,-0.00000,-0.00000,-0.00000,-0.00000,0.00000,0.000000,-0.000000,0.000000,0.000000,0.000000
667,25,conference,mask_conference,environment,network_actively,goal_achieved,1.2956,0.00000,-0.00000,0.00000,0.00000,0.00000,0.000000,0.000000,0.000000,0.000000,0.000000
668,25,conference,mask_conference,environment,deep_work,failed,-3.5160,0.00000,-0.00000,0.00000,0.00000,0.00000,0.000000,0.000000,0.000000,0.000000,0.000000
669,25,conference,mask_conference,environment,deep_work,delayed,-2.3728,0.00000,-0.00000,0.00000,0.00000,0.00000,0.000000,0.000000,0.000000,0.000000,0.000000
670,25,conference,mask_conference,environment,quick_scan,failed,-3.0575,0.00000,-0.00000,0.00000,0.00000,-0.00000,0.000000,0.000000,0.000000,0.000000,-0.000000
671,25,conference,mask_conference,environment,network_actively,goal_achieved,1.3178,0.00000,-0.00000,0.00000,0.00000,0.00000,0.000000,0.000000,0.000000,0.000000,0.000000
672,25,conference,mask_conference,environment,network_actively,delayed,-0.4856,0.00000,0.00000,-0.00000,-0.00000,0.00000,0.000000,0.000000,-0.000000,-0.000000,0.000000
673,25,conference,mask_conference,environment,rest_deeply,failed,-3.1144,0.00000,-0.00000,0.00000,0.00000,-0.00000,0.000000,-0.000000,0.000000,0.000000,-0.000000
674,25,conference,mask_conference,environment,network_actively,goal_achieved,1.3270,0.00000,-0.00000,0.00000,0.00000,0.00000,0.000000,0.000000,0.000000,0.000000,0.000000
675,25,conference,mask_conference,environment,rest_deeply,failed,-3.1162,0.00000,-0.00000,0.00000,0.00000,-0.00000,0.000000,0.000000,0.000000,0.000000,-0.000000
676,26,work,mask_work,environment,network_actively,failed,-1.0152,0.00000,0.00000,-0.00000,-0.00000,-0.00000,0.000000,0.000000,0.000000,0.000000,0.000000
677,26,work,mask_work,environment,network_actively,failed,-1.0152,0.00000,0.00000,-0.00000,-0.00000,-0.00000,0.000000,0.000000,0.000000,0.000000,0.000000
678,26,work,mask_work,environment,network_actively,goal_achieved,1.3893,0.00000,-0.00000,0.00000,0.00000,-0.00000,0.000000,-0.000000,0.000000,0.000000,0.000000
679,26,work,mask_work,environment,network_actively,goal_achieved,1.3893,0.00000,-0.00000,0.00000,0.00000,-0.00000,0.000000,0.000000,0.000000,0.000000,0.000000
680,26,work,mask_work,environment,rest_deeply,failed,-1.4286,0.00000,0.00000,-0.00000,-0.00000,-0.00000,0.000000,0.000000,-0.000000,-0.000000,0.000000
681,26,work,mask_work,environment,deep_work,delayed,-0.4101,-0.00000,-0.00000,0.00000,-0.00000,0.00000,-0.000000,-0.000000,0.000000,0.000000,0.000000
682,26,work,mask_work,environment,tidy_up,goal_achieved,2.9933,-0.00000,0.00000,-0.00000,-0.00000,-0.00000,0.000000,0.000000,-0.000000,0.000000,-0.000000
683,26,work,mask_work,environment,rest_deeply,failed,-1.4509,0.00000,0.00000,-0.00000,-0.00000,-0.00000,0.000000,0.000000,0.000000,0.000000,0.000000
684,26,work,mask_work,environment,network_actively,failed,-1.0264,0.00000,0.00000,-0.00000,-0.00000,-0.00000,0.000000,0.000000,0.000000,0.000000,0.000000
685,26,home,mask_home,environment,deep_work,goal_achieved,2.6695,-0.00000,0.00000,-0.00000,-0.00000,-0.00000,0.000000,0.000000,0.000000,0.000000,-0.000000
686,26,home,mask_home,environment,deep_work,delayed,-0.7602,-0.00000,-0.00000,-0.00000,-0.00000,0.00000,0.000000,-0.000000,0.000000,0.000000,0.000000
687,26,home,mask_home,environment,rest_deeply,goal_achieved,3.2033,-0.00000,-0.00000,-0.00000,-0.00000,0.00000,0.000000,0.000000,0.000000,0.000000,0.000000
688,26,home,mask_home,environment,quick_scan,delayed,-0.4588,-0.00000,0.00000,-0.00000,-0.00000,0.00000,0.000000,0.000000,0.000000,0.000000,0.000000
689,26,home,mask_home,environment,network_actively,delayed,-0.7408,-0.00000,-0.00000,-0.00000,-0.00000,0.00000,0.000000,-0.000000,0.000000,0.000000,0.000000
690,26,home,mask_home,environment,network_actively,failed,-1.3419,-0.00000,0.00000,-0.00000,-0.00000,0.00000,0.000000,0.000000,0.000000,0.000000,0.000000
691,26,home,mask_home,environment,quick_scan,failed,-1.5761,-0.00000,0.00000,-0.00000,-0.00000,-0.00000,0.000000,0.000000,0.000000,0.000000,-0.000000
692,26,home,mask_home,environment,tidy_up,delayed,-0.3950,-0.00000,-0.00000,-0.00000,-0.00000,0.00000,0.000000,-0.000000,0.000000,0.000000,0.000000
693,26,home,mask_home,environment,network_actively,delayed,-0.7201,-0.00000,-0.00000,-0.00000,-0.00000,0.00000,0.000000,0.000000,0.000000,0.000000,0.000000
694,26,conference,mask_conference,environment,network_actively,goal_achieved,1.3354,0.00000,-0.00000,0.00000,0.00000,0.00000,0.000000,0.000000,0.000000,0.000000,0.000000
695,26,conference,mask_conference,environment,take_notes,delayed,-1.9679,0.00000,-0.00000,0.00000,0.00000,0.00000,0.000000,0.000000,0.000000,0.000000,0.000000
696,26,conference,mask_conference,environment,deep_work,failed,-3.4580,0.00000,-0.00000,0.00000,0.00000,0.00000,0.000000,0.000000,0.000000,0.000000,0.000000
697,26,conference,mask_conference,environment,rest_deeply,failed,-3.0946,0.00000,-0.00000,0.00000,0.00000,0.00000,0.000000,0.000000,0.000000,0.000000,0.000000
698,26,conference,mask_conference,environment,network_actively,goal_achieved,1.3665,0.00000,-0.00000,0.00000,0.00000,0.00000,0.000000,0.000000,0.000000,0.000000,0.000000
699,26,conference,mask_conference,environment,network_actively,goal_achieved,1.3665,0.00000,-0.00000,0.00000,0.00000,0.00000,0.000000,0.000000,0.000000,0.000000,0.000000
700,26,conference,mask_conference,environment,deep_work,delayed,-2.3106,0.00000,-0.00000,0.00000,0.00000,0.00000,0.000000,0.000000,0.000000,0.000000,0.000000
701,26,conference,mask_conference,environment,network_actively,goal_achieved,1.3671,0.00000,-0.00000,0.00000,0.00000,0.00000,0.000000,0.000000,0.000000,0.000000,0.000000
702,26,conference,mask_conference,environment,network_actively,goal_achieved,1.3671,0.00000,-0.00000,0.00000,0.00000,0.00000,0.000000,0.000000,0.000000,0.000000,0.000000
703,27,work,mask_work,environment,take_notes,delayed,-0.4636,0.00000,0.00000,-0.00000,-0.00000,-0.00000,0.000000,0.000000,0.000000,0.000000,0.000000
704,27,work,mask_work,environment,tidy_up,failed,-1.6328,0.00000,0.00000,-0.00000,-0.00000,-0.00000,0.000000,0.000000,0.000000,0.000000,0.000000
705,27,work,mask_work,environment,network_actively,failed,-1.0118,0.00000,0.00000,-0.00000,-0.00000,-0.00000,0.000000,0.000000,0.000000,0.000000,0.000000
706,27,work,mask_work,environment,network_actively,failed,-1.0118,0.00000,0.00000,-0.00000,-0.00000,-0.00000,0.000000,0.000000,0.000000,0.000000,0.000000
707,27,work,mask_work,environment,network_actively,delayed,-0.4106,0.00000,0.00000,-0.00000,-0.00000,-0.00000,0.000000,0.000000,0.000000,0.000000,0.000000
708,27,work,mask_work,environment,tidy_up,delayed,-0.4617,0.00000,0.00000,-0.00000,-0.00000,-0.00000,0.000000,0.000000,0.000000,0.000000,0.000000
709,27,work,mask_work,environment,network_actively,delayed,-0.4098,0.00000,0.00000,-0.00000,-0.00000,-0.00000,0.000000,0.000000,0.000000,0.000000,0.000000
710,27,work,mask_work,environment,network_actively,failed,-1.0110,0.00000,0.00000,-0.00000,-0.00000,-0.00000,0.000000,0.000000,0.000000,0.000000,0.000000
711,27,work,mask_work,environment,rest_deeply,goal_achieved,2.9795,-0.00000,-0.00000,-0.00000,-0.00000,0.00000,-0.000000,-0.000000,0.000000,0.000000,0.000000
712,27,home,mask_home,environment,network_actively,failed,-1.3212,-0.00000,0.00000,-0.00000,-0.00000,0.00000,0.000000,0.000000,0.000000,0.000000,0.000000
713,27,home,mask_home,environment,network_actively,failed,-1.3212,-0.00000,0.00000,-0.00000,-0.00000,0.00000,0.000000,0.000000,0.000000,0.000000,0.000000
714,27,home,mask_home,environment,network_actively,failed,-1.3212,-0.00000,0.00000,-0.00000,-0.00000,0.00000,0.000000,0.000000,0.000000,0.000000,0.000000
715,27,home,mask_home,environment,take_notes,failed,-1.7574,-0.00000,-0.00000,-0.00000,-0.00000,0.00000,0.000000,-0.000000,0.000000,0.000000,0.000000
716,27,home,mask_home,environment,rest_deeply,goal_achieved,3.2484,-0.00000,-0.00000,-0.00000,-0.00000,0.00000,0.000000,0.000000,0.000000,0.000000,0.000000
717,27,home,mask_home,environment,rest_deeply,goal_achieved,3.2484,-0.00000,-0.00000,-0.00000,-0.00000,0.00000,0.000000,0.000000,0.000000,0.000000,0.000000
718,27,home,mask_home,environment,quick_scan,failed,-1.5459,-0.00000,0.00000,-0.00000,-0.00000,-0.00000,0.000000,0.000000,0.000000,0.000000,-0.000000
719,27,home,mask_home,environment,take_notes,goal_achieved,2.7504,-0.00000,0.00000,-0.00000,-0.00000,0.00000,0.000000,0.000000,0.000000,0.000000,0.000000
720,27,home,mask_home,environment,network_actively,failed,-1.3312,-0.00000,0.00000,-0.00000,-0.00000,0.00000,0.000000,0.000000,0.000000,0.000000,0.000000
721,27,conference,mask_conference,environment,tidy_up,delayed,-2.1900,0.00000,-0.00000,0.00000,0.00000,0.00000,0.000000,0.000000,0.000000,0.000000,0.000000
722,27,conference,mask_conference,environment,tidy_up,failed,-3.3501,0.00000,-0.00000,0.00000,0.00000,0.00000,0.000000,0.000000,0.000000,0.000000,0.000000
723,27,conference,mask_conference,environment,deep_work,delayed,-2.3116,0.00000,-0.00000,0.00000,0.00000,0.00000,0.000000,0.000000,0.000000,0.000000,0.000000
724,27,conference,mask_conference,environment,deep_work,delayed,-2.3116,0.00000,-0.00000,0.00000,0.00000,0.00000,0.000000,0.000000,0.000000,0.000000,0.000000
725,27,conference,mask_conference,environment,network_actively,goal_achieved,1.3707,0.00000,-0.00000,0.00000,0.00000,0.00000,0.000000,0.000000,0.000000,0.000000,0.000000
726,27,conference,mask_conference,environment,network_actively,goal_achieved,1.3707,0.00000,-0.00000,0.00000,0.00000,0.00000,0.000000,0.000000,0.000000,0.000000,0.000000
727,27,conference,mask_conference,environment,network_actively,delayed,-0.4327,0.00000,0.00000,-0.00000,-0.00000,0.00000,0.000000,0.000000,-0.000000,-0.000000,0.000000
728,27,conference,mask_conference,environment,deep_work,delayed,-2.3021,0.00000,-0.00000,0.00000,0.00000,0.00000,0.000000,-0.000000,0.000000,0.000000,0.000000
729,27,conference,mask_conference,environment,network_actively,goal_achieved,1.3712,0.00000,-0.00000,0.00000,0.00000,0.00000,0.000000,0.000000,0.000000,0.000000,0.000000
730,28,work,mask_work,environment,deep_work,goal_achieved,3.0165,0.00000,0.00000,-0.00000,-0.00000,-0.00000,0.000000,0.000000,0.000000,0.000000,-0.000000
731,28,work,mask_work,environment,take_notes,delayed,-0.4536,0.00000,0.00000,-0.00000,-0.00000,-0.00000,0.000000,0.000000,0.000000,0.000000,0.000000
732,28,work,mask_work,environment,network_actively,failed,-1.0259,0.00000,0.00000,-0.00000,-0.00000,-0.00000,0.000000,0.000000,0.000000,0.000000,0.000000
733,28,work,mask_work,environment,tidy_up,goal_achieved,3.0141,-0.00000,0.00000,-0.00000,-0.00000,-0.00000,-0.000000,0.000000,0.000000,0.000000,0.000000
734,28,work,mask_work,environment,quick_scan,goal_achieved,3.0942,-0.00000,0.00000,-0.00000,-0.00000,0.00000,0.000000,0.000000,0.000000,0.000000,0.000000
735,28,work,mask_work,environment,network_actively,failed,-1.0619,0.00000,0.00000,-0.00000,-0.00000,-0.00000,0.000000,0.000000,0.000000,0.000000,-0.000000
736,28,work,mask_work,environment,network_actively,failed,-1.0619,0.00000,0.00000,-0.00000,-0.00000,-0.00000,0.000000,0.000000,0.000000,0.000000,0.000000
737,28,work,mask_work,environment,network_actively,delayed,-0.4608,0.00000,0.00000,-0.00000,-0.00000,-0.00000,0.000000,0.000000,0.000000,0.000000,0.000000
738,28,work,mask_work,environment,rest_deeply,failed,-1.4352,0.00000,0.00000,-0.00000,-0.00000,-0.00000,0.000000,0.000000,0.000000,0.000000,0.000000
739,28,home,mask_home,environment,rest_deeply,goal_achieved,3.2387,-0.00000,0.00000,-0.00000,-0.00000,0.00000,0.000000,0.000000,0.000000,0.000000,0.000000
740,28,home,mask_home,environment,network_actively,goal_achieved,1.0717,-0.00000,-0.00000,0.00000,0.00000,-0.00000,0.000000,-0.000000,0.000000,0.000000,-0.000000
741,28,home,mask_home,environment,tidy_up,goal_achieved,3.0733,-0.00000,0.00000,-0.00000,-0.00000,0.00000,0.000000,0.000000,-0.000000,-0.000000,0.000000
742,28,home,mask_home,environment,network_actively,goal_achieved,1.0687,-0.00000,-0.00000,0.00000,0.00000,-0.00000,0.000000,-0.000000,0.000000,0.000000,-0.000000
743,28,home,mask_home,environment,network_actively,delayed,-0.7346,-0.00000,-0.00000,-0.00000,-0.00000,0.00000,0.000000,0.000000,-0.000000,-0.000000,0.000000
744,28,home,mask_home,environment,network_actively,failed,-1.3358,-0.00000,0.00000,-0.00000,-0.00000,0.00000,0.000000,0.000000,0.000000,0.000000,0.000000
745,28,home,mask_home,environment,network_actively,failed,-1.3358,-0.00000,0.00000,-0.00000,-0.00000,0.00000,0.000000,0.000000,0.000000,0.000000,0.000000
746,28,home,mask_home,environment,network_actively,failed,-1.3358,-0.00000,0.00000,-0.00000,-0.00000,0.00000,0.000000,0.000000,0.000000,0.000000,0.000000
747,28,home,mask_home,environment,deep_work,delayed,-0.7556,-0.00000,-0.00000,-0.00000,-0.00000,0.00000,0.000000,-0.000000,0.000000,0.000000,0.000000
748,28,conference,mask_conference,environment,network_actively,goal_achieved,1.3712,0.00000,-0.00000,0.00000,0.00000,0.00000,0.000000,0.000000,0.000000,0.000000,0.000000
749,28,conference,mask_conference,environment,network_actively,goal_achieved,1.3712,0.00000,-0.00000,0.00000,0.00000,0.00000,0.000000,0.000000,0.000000,0.000000,0.000000
750,28,conference,mask_conference,environment,network_actively,goal_achieved,1.3712,0.00000,-0.00000,0.00000,0.00000,0.00000,0.000000,0.000000,0.000000,0.000000,0.000000
751,28,conference,mask_conference,environment,quick_scan,goal_achieved,1.4832,0.00000,-0.00000,0.00000,0.00000,0.00000,0.000000,0.000000,0.000000,0.000000,0.000000
752,28,conference,mask_conference,environment,rest_deeply,failed,-3.1045,0.00000,-0.00000,0.00000,0.00000,0.00000,0.000000,0.000000,0.000000,0.000000,0.000000
753,28,conference,mask_conference,environment,network_actively,goal_achieved,1.3679,0.00000,-0.00000,0.00000,0.00000,0.00000,0.000000,0.000000,0.000000,0.000000,0.000000
754,28,conference,mask_conference,environment,quick_scan,failed,-2.9945,0.00000,-0.00000,0.00000,0.00000,-0.00000,0.000000,0.000000,0.000000,0.000000,-0.000000
755,28,conference,mask_conference,environment,rest_deeply,failed,-3.0931,0.00000,-0.00000,0.00000,0.00000,0.00000,0.000000,0.000000,0.000000,0.000000,0.000000
756,28,conference,mask_conference,environment,network_actively,goal_achieved,1.3875,0.00000,-0.00000,0.00000,0.00000,0.00000,0.000000,0.000000,0.000000,0.000000,0.000000
757,29,work,mask_work,environment,network_actively,failed,-1.0566,0.00000,0.00000,-0.00000,-0.00000,-0.00000,0.000000,0.000000,0.000000,0.000000,0.000000
758,29,work,mask_work,environment,deep_work,goal_achieved,3.0088,0.00000,0.00000,-0.00000,-0.00000,-0.00000,0.000000,0.000000,0.000000,0.000000,0.000000
759,29,work,mask_work,environment,quick_scan,failed,-1.3722,0.00000,0.00000,-0.00000,-0.00000,-0.00000,0.000000,0.000000,0.000000,0.000000,0.000000
760,29,work,mask_work,environment,quick_scan,goal_achieved,3.1110,-0.00000,0.00000,-0.00000,-0.00000,0.00000,-0.000000,0.000000,0.000000,0.000000,0.000000
761,29,work,mask_work,environment,quick_scan,delayed,-0.2514,0.00000,0.00000,-0.00000,-0.00000,-0.00000,0.000000,0.000000,0.000000,0.000000,-0.000000
762,29,work,mask_work,environment,tidy_up,goal_achieved,3.0205,-0.00000,0.00000,-0.00000,-0.00000,-0.00000,-0.000000,0.000000,0.000000,0.000000,0.000000
763,29,work,mask_work,environment,take_notes,failed,-1.6088,-0.00000,0.00000,-0.00000,-0.00000,-0.00000,0.000000,0.000000,0.000000,0.000000,0.000000
764,29,work,mask_work,environment,quick_scan,goal_achieved,3.1013,-0.00000,0.00000,-0.00000,-0.00000,0.00000,0.000000,0.000000,0.000000,0.000000,0.000000
765,29,work,mask_work,environment,quick_scan,goal_achieved,3.1013,-0.00000,0.00000,-0.00000,-0.00000,0.00000,0.000000,0.000000,0.000000,0.000000,0.000000
766,29,home,mask_home,environment,quick_scan,failed,-1.5852,-0.00000,0.00000,-0.00000,-0.00000,-0.00000,0.000000,0.000000,0.000000,0.000000,-0.000000
767,29,home,mask_home,environment,network_actively,failed,-1.3289,-0.00000,0.00000,-0.00000,-0.00000,0.00000,0.000000,0.000000,0.000000,0.000000,0.000000
768,29,home,mask_home,environment,network_actively,delayed,-0.7278,-0.00000,-0.00000,-0.00000,-0.00000,0.00000,0.000000,-0.000000,0.000000,0.000000,0.000000
769,29,home,mask_home,environment,network_actively,failed,-1.3289,-0.00000,0.00000,-0.00000,-0.00000,0.00000,0.000000,0.000000,0.000000,0.000000,0.000000
770,29,home,mask_home,environment,take_notes,failed,-1.7625,-0.00000,-0.00000,-0.00000,-0.00000,0.00000,0.000000,-0.000000,0.000000,0.000000,0.000000
771,29,home,mask_home,environment,quick_scan,goal_achieved,2.9122,-0.00000,-0.00000,-0.00000,-0.00000,0.00000,0.000000,0.000000,0.000000,0.000000,0.000000
772,29,home,mask_home,environment,network_actively,goal_achieved,1.0721,-0.00000,-0.00000,0.00000,0.00000,-0.00000,0.000000,0.000000,0.000000,0.000000,-0.000000
773,29,home,mask_home,environment,network_actively,failed,-1.3324,-0.00000,0.00000,-0.00000,-0.00000,0.00000,0.000000,0.000000,-0.000000,-0.000000,0.000000
774,29,home,mask_home,environment,tidy_up,delayed,-0.4123,-0.00000,-0.00000,-0.00000,-0.00000,0.00000,0.000000,-0.000000,0.000000,0.000000,0.000000
775,29,conference,mask_conference,environment,network_actively,goal_achieved,1.3875,0.00000,-0.00000,0.00000,0.00000,0.00000,0.000000,0.000000,0.000000,0.000000,0.000000
776,29,conference,mask_conference,environment,quick_scan,delayed,-1.8703,0.00000,-0.00000,0.00000,0.00000,-0.00000,0.000000,0.000000,0.000000,0.000000,-0.000000
777,29,conference,mask_conference,environment,network_actively,goal_achieved,1.3940,0.00000,-0.00000,0.00000,0.00000,0.00000,0.000000,0.000000,0.000000,0.000000,0.000000
778,29,conference,mask_conference,environment,network_actively,delayed,-0.4093,0.00000,0.00000,-0.00000,-0.00000,0.00000,0.000000,0.000000,-0.000000,-0.000000,0.000000
779,29,conference,mask_conference,environment,quick_scan,goal_achieved,1.5026,0.00000,-0.00000,0.00000,0.00000,0.00000,0.000000,-0.000000,0.000000,0.000000,0.000000
780,29,conference,mask_conference,environment,take_notes,delayed,-1.9348,0.00000,-0.00000,0.00000,0.00000,0.00000,0.000000,0.000000,0.000000,0.000000,0.000000
781,29,conference,mask_conference,environment,network_actively,goal_achieved,1.4000,0.00000,-0.00000,0.00000,0.00000,0.00000,0.000000,0.000000,0.000000,0.000000,0.000000
782,29,conference,mask_conference,environment,take_notes,goal_achieved,1.4428,0.00000,-0.00000,0.00000,0.00000,0.00000,0.000000,0.000000,0.000000,0.000000,0.000000
783,29,conference,mask_conference,environment,network_actively,goal_achieved,1.3918,0.00000,-0.00000,0.00000,0.00000,0.00000,0.000000,0.000000,0.000000,0.000000,0.000000
784,30,work,mask_work,environment,network_actively,failed,-1.0877,-0.00000,0.00000,-0.00000,-0.00000,-0.00000,0.000000,0.000000,0.000000,0.000000,-0.000000
785,30,work,mask_work,environment,network_actively,delayed,-0.4866,0.00000,0.00000,-0.00000,-0.00000,-0.00000,0.000000,0.000000,0.000000,0.000000,0.000000
786,30,work,mask_work,environment,tidy_up,delayed,-0.4682,0.00000,0.00000,-0.00000,-0.00000,-0.00000,0.000000,0.000000,0.000000,0.000000,0.000000
787,30,work,mask_work,environment,rest_deeply,failed,-1.4532,0.00000,0.00000,-0.00000,-0.00000,-0.00000,0.000000,0.000000,0.000000,0.000000,0.000000
788,30,work,mask_work,environment,network_actively,goal_achieved,1.3253,0.00000,-0.00000,0.00000,0.00000,-0.00000,0.000000,-0.000000,0.000000,0.000000,0.000000
789,30,work,mask_work,environment,network_actively,failed,-1.0792,-0.00000,0.00000,-0.00000,-0.00000,-0.00000,-0.000000,0.000000,-0.000000,-0.000000,0.000000
790,30,work,mask_work,environment,quick_scan,failed,-1.3771,0.00000,0.00000,-0.00000,-0.00000,-0.00000,0.000000,0.000000,0.000000,0.000000,0.000000
791,30,work,mask_work,environment,network_actively,delayed,-0.4679,0.00000,0.00000,-0.00000,-0.00000,-0.00000,0.000000,0.000000,0.000000,0.000000,0.000000
792,30,work,mask_work,environment,tidy_up,failed,-1.6216,0.00000,0.00000,-0.00000,-0.00000,0.00000,0.000000,0.000000,0.000000,0.000000,0.000000
793,30,home,mask_home,environment,network_actively,failed,-1.3201,-0.00000,0.00000,-0.00000,-0.00000,0.00000,0.000000,0.000000,0.000000,0.000000,0.000000
794,30,home,mask_home,environment,network_actively,delayed,-0.7190,-0.00000,-0.00000,-0.00000,-0.00000,0.00000,0.000000,-0.000000,0.000000,0.000000,0.000000
795,30,home,mask_home,environment,take_notes,delayed,-0.6426,-0.00000,-0.00000,-0.00000,-0.00000,0.00000,0.000000,0.000000,0.000000,0.000000,0.000000
796,30,home,mask_home,environment,network_actively,failed,-1.3195,-0.00000,0.00000,-0.00000,-0.00000,0.00000,0.000000,0.000000,0.000000,0.000000,0.000000
797,30,home,mask_home,environment,network_actively,failed,-1.3195,-0.00000,0.00000,-0.00000,-0.00000,0.00000,0.000000,0.000000,0.000000,0.000000,0.000000
798,30,home,mask_home,environment,network_actively,goal_achieved,1.0850,-0.00000,-0.00000,0.00000,0.00000,-0.00000,0.000000,-0.000000,0.000000,0.000000,-0.000000
799,30,home,mask_home,environment,network_actively,delayed,-0.7184,-0.00000,-0.00000,-0.00000,-0.00000,0.00000,0.000000,0.000000,-0.000000,-0.000000,0.000000
800,30,home,mask_home,environment,rest_deeply,delayed,-0.0725,-0.00000,0.00000,-0.00000,-0.00000,-0.00000,0.000000,0.000000,0.000000,0.000000,-0.000000
801,30,home,mask_home,environment,network_actively,failed,-1.3063,-0.00000,0.00000,-0.00000,-0.00000,0.00000,0.000000,0.000000,0.000000,0.000000,0.000000
802,30,conference,mask_conference,environment,quick_scan,delayed,-1.8557,0.00000,-0.00000,0.00000,0.00000,-0.00000,0.000000,0.000000,0.000000,0.000000,-0.000000
803,30,conference,mask_conference,environment,network_actively,goal_achieved,1.3980,0.00000,-0.00000,0.00000,0.00000,0.00000,0.000000,0.000000,0.000000,0.000000,0.000000
804,30,conference,mask_conference,environment,quick_scan,goal_achieved,1.5051,0.00000,-0.00000,0.00000,0.00000,0.00000,0.000000,0.000000,0.000000,0.000000,0.000000
805,30,conference,mask_conference,environment,network_actively,delayed,-0.4140,0.00000,0.00000,-0.00000,-0.00000,0.00000,0.000000,0.000000,-0.000000,-0.000000,0.000000
806,30,conference,mask_conference,environment,network_actively,goal_achieved,1.3893,0.00000,-0.00000,0.00000,0.00000,0.00000,0.000000,-0.000000,0.000000,0.000000,0.000000
807,30,conference,mask_conference,environment,network_actively,delayed,-0.4140,0.00000,0.00000,-0.00000,-0.00000,0.00000,0.000000,0.000000,-0.000000,-0.000000,0.000000
808,30,conference,mask_conference,environment,rest_deeply,failed,-3.0671,0.00000,-0.00000,0.00000,0.00000,0.00000,0.000000,-0.000000,0.000000,0.000000,0.000000
809,30,conference,mask_conference,environment,rest_deeply,delayed,-1.9688,0.00000,-0.00000,0.00000,0.00000,0.00000,0.000000,0.000000,0.000000,0.000000,0.000000
810,30,conference,mask_conference,environment,network_actively,delayed,-0.4078,0.00000,0.00000,-0.00000,-0.00000,0.00000,0.000000,0.000000,-0.000000,-0.000000,0.000000
811,31,work,mask_work,environment,network_actively,failed,-1.0601,-0.00000,0.00000,-0.00000,-0.00000,-0.00000,-0.000000,0.000000,0.000000,0.000000,-0.000000
812,31,work,mask_work,environment,rest_deeply,delayed,-0.3397,0.00000,0.00000,-0.00000,-0.00000,-0.00000,0.000000,0.000000,0.000000,0.000000,0.000000
813,31,work,mask_work,environment,network_actively,failed,-1.0598,-0.00000,0.00000,-0.00000,-0.00000,-0.00000,-0.000000,0.000000,0.000000,0.000000,0.000000
814,31,work,mask_work,environment,network_actively,failed,-1.0598,-0.00000,0.00000,-0.00000,-0.00000,-0.00000,0.000000,0.000000,0.000000,0.000000,0.000000
815,31,work,mask_work,environment,network_actively,delayed,-0.4587,0.00000,0.00000,-0.00000,-0.00000,-0.00000,0.000000,0.000000,0.000000,0.000000,0.000000
816,31,work,mask_work,environment,network_actively,delayed,-0.4587,0.00000,0.00000,-0.00000,-0.00000,-0.00000,0.000000,0.000000,0.000000,0.000000,0.000000
817,31,work,mask_work,environment,network_actively,failed,-1.0598,-0.00000,0.00000,-0.00000,-0.00000,-0.00000,-0.000000,0.000000,0.000000,0.000000,0.000000
818,31,work,mask_work,environment,network_actively,failed,-1.0598,-0.00000,0.00000,-0.00000,-0.00000,-0.00000,0.000000,0.000000,0.000000,0.000000,0.000000
819,31,work,mask_work,environment,network_actively,delayed,-0.4587,0.00000,0.00000,-0.00000,-0.00000,-0.00000,0.000000,0.000000,0.000000,0.000000,0.000000
820,31,home,mask_home,environment,network_actively,failed,-1.3063,-0.00000,0.00000,-0.00000,-0.00000,0.00000,0.000000,0.000000,0.000000,0.000000,0.000000
821,31,home,mask_home,environment,network_actively,failed,-1.3063,-0.00000,0.00000,-0.00000,-0.00000,0.00000,0.000000,0.000000,0.000000,0.000000,0.000000
822,31,home,mask_home,environment,network_actively,failed,-1.3063,-0.00000,0.00000,-0.00000,-0.00000,0.00000,0.000000,0.000000,0.000000,0.000000,0.000000
823,31,home,mask_home,environment,quick_scan,failed,-1.5458,-0.00000,0.00000,-0.00000,-0.00000,-0.00000,0.000000,0.000000,0.000000,0.000000,-0.000000
824,31,home,mask_home,environment,take_notes,delayed,-0.6170,-0.00000,-0.00000,-0.00000,-0.00000,0.00000,0.000000,-0.000000,0.000000,0.000000,0.000000
825,31,home,mask_home,environment,take_notes,goal_achieved,2.7622,-0.00000,0.00000,-0.00000,-0.00000,0.00000,0.000000,0.000000,0.000000,0.000000,0.000000
826,31,home,mask_home,environment,take_notes,goal_achieved,2.7622,-0.00000,0.00000,-0.00000,-0.00000,0.00000,0.000000,0.000000,0.000000,0.000000,0.000000
827,31,home,mask_home,environment,quick_scan,goal_achieved,2.9079,-0.00000,-0.00000,-0.00000,-0.00000,0.00000,0.000000,-0.000000,0.000000,0.000000,0.000000
828,31,home,mask_home,environment,network_actively,goal_achieved,1.0641,-0.00000,-0.00000,0.00000,0.00000,-0.00000,0.000000,0.000000,0.000000,0.000000,-0.000000
829,31,conference,mask_conference,environment,network_actively,goal_achieved,1.3956,0.00000,-0.00000,0.00000,0.00000,0.00000,0.000000,-0.000000,0.000000,0.000000,0.000000
830,31,conference,mask_conference,environment,network_actively,goal_achieved,1.3956,0.00000,-0.00000,0.00000,0.00000,0.00000,0.000000,0.000000,0.000000,0.000000,0.000000
831,31,conference,mask_conference,environment,network_actively,delayed,-0.4078,0.00000,0.00000,-0.00000,-0.00000,0.00000,0.000000,0.000000,-0.000000,-0.000000,0.000000
832,31,conference,mask_conference,environment,quick_scan,delayed,-1.8105,0.00000,-0.00000,0.00000,0.00000,-0.00000,0.000000,-0.000000,0.000000,0.000000,-0.000000
833,31,conference,mask_conference,environment,take_notes,goal_achieved,1.4897,0.00000,-0.00000,0.00000,0.00000,0.00000,0.000000,0.000000,0.000000,0.000000,0.000000
834,31,conference,mask_conference,environment,deep_work,goal_achieved,1.1854,0.00000,0.00000,0.00000,0.00000,-0.00000,0.000000,0.000000,0.000000,0.000000,-0.000000
835,31,conference,mask_conference,environment,network_actively,delayed,-0.4206,0.00000,0.00000,-0.00000,-0.00000,0.00000,0.000000,0.000000,-0.000000,-0.000000,0.000000
836,31,conference,mask_conference,environment,network_actively,goal_achieved,1.3827,0.00000,-0.00000,0.00000,0.00000,0.00000,0.000000,-0.000000,0.000000,0.000000,0.000000
837,31,conference,mask_conference,environment,network_actively,goal_achieved,1.3827,0.00000,-0.00000,0.00000,0.00000,0.00000,0.000000,0.000000,0.000000,0.000000,0.000000
838,32,work,mask_work,environment,network_actively,delayed,-0.4587,0.00000,0.00000,-0.00000,-0.00000,-0.00000,0.000000,0.000000,0.000000,0.000000,0.000000
839,32,work,mask_work,environment,network_actively,goal_achieved,1.3447,0.00000,-0.00000,0.00000,0.00000,-0.00000,0.000000,-0.000000,0.000000,0.000000,0.000000
840,32,work,mask_work,environment,deep_work,goal_achieved,3.0153,0.00000,0.00000,-0.00000,-0.00000,-0.00000,0.000000,0.000000,-0.000000,-0.000000,0.000000
841,32,work,mask_work,environment,deep_work,goal_achieved,3.0153,0.00000,0.00000,-0.00000,-0.00000,-0.00000,0.000000,0.000000,0.000000,0.000000,0.000000
842,32,work,mask_work,environment,rest_deeply,goal_achieved,2.9546,-0.00000,-0.00000,-0.00000,-0.00000,0.00000,-0.000000,-0.000000,0.000000,0.000000,0.000000
843,32,work,mask_work,environment,rest_deeply,failed,-1.4387,0.00000,0.00000,-0.00000,-0.00000,-0.00000,0.000000,0.000000,0.000000,0.000000,-0.000000
844,32,work,mask_work,environment,tidy_up,goal_achieved,3.0151,-0.00000,0.00000,-0.00000,-0.00000,-0.00000,-0.000000,0.000000,0.000000,0.000000,0.000000
845,32,work,mask_work,environment,take_notes,delayed,-0.4989,0.00000,0.00000,-0.00000,-0.00000,-0.00000,0.000000,0.000000,0.000000,0.000000,0.000000
846,32,work,mask_work,environment,rest_deeply,failed,-1.4509,0.00000,0.00000,-0.00000,-0.00000,-0.00000,0.000000,0.000000,0.000000,0.000000,0.000000
847,32,home,mask_home,environment,rest_deeply,goal_achieved,3.1892,-0.00000,-0.00000,-0.00000,-0.00000,0.00000,0.000000,0.000000,-0.000000,-0.000000,0.000000
848,32,home,mask_home,environment,deep_work,failed,-1.9147,-0.00000,-0.00000,-0.00000,-0.00000,0.00000,0.000000,0.000000,0.000000,0.000000,0.000000
849,32,home,mask_home,environment,network_actively,goal_achieved,1.0680,-0.00000,-0.00000,0.00000,0.00000,-0.00000,0.000000,0.000000,0.000000,0.000000,-0.000000
850,32,home,mask_home,environment,network_actively,delayed,-0.7353,-0.00000,-0.00000,-0.00000,-0.00000,0.00000,0.000000,0.000000,-0.000000,-0.000000,0.000000
851,32,home,mask_home,environment,network_actively,goal_achieved,1.0680,-0.00000,-0.00000,0.00000,0.00000,-0.00000,0.000000,0.000000,0.000000,0.000000,-0.000000
852,32,home,mask_home,environment,network_actively,failed,-1.3365,-0.00000,0.00000,-0.00000,-0.00000,0.00000,0.000000,0.000000,-0.000000,-0.000000,0.000000
853,32,home,mask_home,environment,network_actively,failed,-1.3365,-0.00000,0.00000,-0.00000,-0.00000,0.00000,0.000000,0.000000,0.000000,0.000000,0.000000
854,32,home,mask_home,environment,network_actively,delayed,-0.7353,-0.00000,-0.00000,-0.00000,-0.00000,0.00000,0.000000,-0.000000,0.000000,0.000000,0.000000
855,32,home,mask_home,environment,deep_work,failed,-1.9356,-0.00000,-0.00000,-0.00000,-0.00000,0.00000,0.000000,0.000000,0.000000,0.000000,0.000000
856,32,conference,mask_conference,environment,rest_deeply,failed,-3.0537,0.00000,-0.00000,0.00000,0.00000,-0.00000,0.000000,0.000000,0.000000,0.000000,-0.000000
857,32,conference,mask_conference,environment,quick_scan,goal_achieved,1.5459,0.00000,-0.00000,0.00000,0.00000,0.00000,0.000000,0.000000,0.000000,0.000000,0.000000
858,32,conference,mask_conference,environment,rest_deeply,failed,-3.0616,0.00000,-0.00000,0.00000,0.00000,0.00000,0.000000,0.000000,0.000000,0.000000,0.000000
859,32,conference,mask_conference,environment,network_actively,goal_achieved,1.3852,0.00000,-0.00000,0.00000,0.00000,0.00000,0.000000,0.000000,0.000000,0.000000,0.000000
860,32,conference,mask_conference,environment,network_actively,goal_achieved,1.3852,0.00000,-0.00000,0.00000,0.00000,0.00000,0.000000,0.000000,0.000000,0.000000,0.000000
861,32,conference,mask_conference,environment,network_actively,delayed,-0.4181,0.00000,0.00000,-0.00000,-0.00000,0.00000,0.000000,0.000000,-0.000000,-0.000000,0.000000
862,32,conference,mask_conference,environment,quick_scan,failed,-2.9251,0.00000,-0.00000,0.00000,0.00000,-0.00000,0.000000,-0.000000,0.000000,0.000000,-0.000000
863,32,conference,mask_conference,environment,network_actively,goal_achieved,1.3950,0.00000,-0.00000,0.00000,0.00000,0.00000,0.000000,0.000000,0.000000,0.000000,0.000000
864,32,conference,mask_conference,environment,network_actively,goal_achieved,1.3950,0.00000,-0.00000,0.00000,0.00000,0.00000,0.000000,0.000000,0.000000,0.000000,0.000000
865,33,work,mask_work,environment,network_actively,failed,-1.0815,-0.00000,0.00000,-0.00000,-0.00000,-0.00000,-0.000000,0.000000,0.000000,0.000000,0.000000
866,33,work,mask_work,environment,rest_deeply,delayed,-0.3484,0.00000,0.00000,-0.00000,-0.00000,-0.00000,0.000000,0.000000,0.000000,0.000000,0.000000
867,33,work,mask_work,environment,network_actively,delayed,-0.4800,0.00000,0.00000,-0.00000,-0.00000,-0.00000,0.000000,0.000000,0.000000,0.000000,0.000000
868,33,work,mask_work,environment,deep_work,goal_achieved,3.0043,0.00000,0.00000,-0.00000,-0.00000,-0.00000,0.000000,0.000000,0.000000,0.000000,0.000000
869,33,work,mask_work,environment,network_actively,delayed,-0.4828,0.00000,0.00000,-0.00000,-0.00000,-0.00000,0.000000,0.000000,0.000000,0.000000,0.000000
870,33,work,mask_work,environment,take_notes,goal_achieved,2.8868,0.00000,0.00000,-0.00000,-0.00000,-0.00000,0.000000,0.000000,0.000000,0.000000,0.000000
871,33,work,mask_work,environment,network_actively,goal_achieved,1.3067,0.00000,-0.00000,0.00000,0.00000,-0.00000,0.000000,-0.000000,0.000000,0.000000,0.000000
872,33,work,mask_work,environment,take_notes,failed,-1.6308,-0.00000,0.00000,-0.00000,-0.00000,-0.00000,-0.000000,0.000000,-0.000000,-0.000000,0.000000
873,33,work,mask_work,environment,deep_work,goal_achieved,2.9863,0.00000,0.00000,-0.00000,-0.00000,-0.00000,0.000000,0.000000,0.000000,0.000000,0.000000
874,33,home,mask_home,environment,network_actively,delayed,-0.7300,-0.00000,-0.00000,-0.00000,-0.00000,0.00000,0.000000,0.000000,0.000000,0.000000,0.000000
875,33,home,mask_home,environment,network_actively,failed,-1.3311,-0.00000,0.00000,-0.00000,-0.00000,0.00000,0.000000,0.000000,0.000000,0.000000,0.000000
876,33,home,mask_home,environment,rest_deeply,goal_achieved,3.1825,-0.00000,-0.00000,-0.00000,-0.00000,0.00000,0.000000,-0.000000,0.000000,0.000000,0.000000
877,33,home,mask_home,environment,rest_deeply,delayed,-0.1125,-0.00000,0.00000,-0.00000,-0.00000,-0.00000,0.000000,0.000000,0.000000,0.000000,-0.000000
878,33,home,mask_home,environment,network_actively,goal_achieved,1.0834,-0.00000,-0.00000,0.00000,0.00000,-0.00000,0.000000,-0.000000,0.000000,0.000000,0.000000
879,33,home,mask_home,environment,rest_deeply,goal_achieved,3.1695,-0.00000,-0.00000,-0.00000,-0.00000,0.00000,0.000000,0.000000,-0.000000,-0.000000,0.000000
880,33,home,mask_home,environment,deep_work,delayed,-0.7941,-0.00000,-0.00000,-0.00000,-0.00000,0.00000,0.000000,0.000000,0.000000,0.000000,0.000000
881,33,home,mask_home,environment,network_actively,failed,-1.3222,-0.00000,0.00000,-0.00000,-0.00000,0.00000,0.000000,0.000000,0.000000,0.000000,0.000000
882,33,home,mask_home,environment,rest_deeply,goal_achieved,3.1740,-0.00000,-0.00000,-0.00000,-0.00000,0.00000,0.000000,-0.000000,0.000000,0.000000,0.000000
883,33,conference,mask_conference,environment,network_actively,goal_achieved,1.3950,0.00000,-0.00000,0.00000,0.00000,0.00000,0.000000,0.000000,0.000000,0.000000,0.000000
884,33,conference,mask_conference,environment,network_actively,delayed,-0.4083,0.00000,0.00000,-0.00000,-0.00000,0.00000,0.000000,0.000000,-0.000000,-0.000000,0.000000
885,33,conference,mask_conference,environment,quick_scan,delayed,-1.7993,0.00000,-0.00000,0.00000,0.00000,-0.00000,0.000000,-0.000000,0.000000,0.000000,-0.000000
886,33,conference,mask_conference,environment,rest_deeply,goal_achieved,1.3586,0.00000,-0.00000,0.00000,0.00000,0.00000,0.000000,0.000000,0.000000,0.000000,0.000000
887,33,conference,mask_conference,environment,rest_deeply,delayed,-1.9364,0.00000,-0.00000,0.00000,0.00000,0.00000,0.000000,0.000000,0.000000,0.000000,0.000000
888,33,conference,mask_conference,environment,network_actively,delayed,-0.4179,0.00000,0.00000,-0.00000,-0.00000,0.00000,0.000000,0.000000,-0.000000,-0.000000,0.000000
889,33,conference,mask_conference,environment,network_actively,goal_achieved,1.3855,0.00000,-0.00000,0.00000,0.00000,0.00000,0.000000,-0.000000,0.000000,0.000000,0.000000
890,33,conference,mask_conference,environment,network_actively,delayed,-0.4179,0.00000,0.00000,-0.00000,-0.00000,0.00000,0.000000,0.000000,-0.000000,-0.000000,0.000000
891,33,conference,mask_conference,environment,rest_deeply,failed,-3.0164,0.00000,-0.00000,0.00000,0.00000,-0.00000,0.000000,-0.000000,0.000000,0.000000,-0.000000
892,34,work,mask_work,environment,network_actively,delayed,-0.4914,0.00000,0.00000,-0.00000,-0.00000,-0.00000,0.000000,0.000000,0.000000,0.000000,0.000000
893,34,work,mask_work,environment,network_actively,failed,-1.0926,-0.00000,0.00000,-0.00000,-0.00000,-0.00000,-0.000000,0.000000,0.000000,0.000000,0.000000
894,34,work,mask_work,environment,network_actively,delayed,-0.4914,0.00000,0.00000,-0.00000,-0.00000,-0.00000,0.000000,0.000000,0.000000,0.000000,0.000000
895,34,work,mask_work,environment,take_notes,failed,-1.6290,-0.00000,0.00000,-0.00000,-0.00000,-0.00000,-0.000000,0.000000,0.000000,0.000000,0.000000
896,34,work,mask_work,environment,network_actively,failed,-1.0854,-0.00000,0.00000,-0.00000,-0.00000,-0.00000,0.000000,0.000000,0.000000,0.000000,0.000000
897,34,work,mask_work,environment,network_actively,delayed,-0.4842,0.00000,0.00000,-0.00000,-0.00000,-0.00000,0.000000,0.000000,0.000000,0.000000,0.000000
898,34,work,mask_work,environment,network_actively,failed,-1.0854,-0.00000,0.00000,-0.00000,-0.00000,-0.00000,-0.000000,0.000000,0.000000,0.000000,0.000000
899,34,work,mask_work,environment,network_actively,failed,-1.0854,-0.00000,0.00000,-0.00000,-0.00000,-0.00000,0.000000,0.000000,0.000000,0.000000,0.000000
900,34,work,mask_work,environment,network_actively,failed,-1.0854,-0.00000,0.00000,-0.00000,-0.00000,-0.00000,0.000000,0.000000,0.000000,0.000000,0.000000
901,34,home,mask_home,environment,network_actively,failed,-1.3240,-0.00000,0.00000,-0.00000,-0.00000,0.00000,0.000000,0.000000,0.000000,0.000000,0.000000
902,34,home,mask_home,environment,network_actively,failed,-1.3240,-0.00000,0.00000,-0.00000,-0.00000,0.00000,0.000000,0.000000,0.000000,0.000000,0.000000
903,34,home,mask_home,environment,network_actively,delayed,-0.7229,-0.00000,-0.00000,-0.00000,-0.00000,0.00000,0.000000,-0.000000,0.000000,0.000000,0.000000
904,34,home,mask_home,environment,network_actively,failed,-1.3240,-0.00000,0.00000,-0.00000,-0.00000,0.00000,0.000000,0.000000,0.000000,0.000000,0.000000
905,34,home,mask_home,environment,deep_work,delayed,-0.7822,-0.00000,-0.00000,-0.00000,-0.00000,0.00000,0.000000,-0.000000,0.000000,0.000000,0.000000
906,34,home,mask_home,environment,rest_deeply,goal_achieved,3.1848,-0.00000,-0.00000,-0.00000,-0.00000,0.00000,0.000000,0.000000,0.000000,0.000000,0.000000
907,34,home,mask_home,environment,network_actively,delayed,-0.7238,-0.00000,-0.00000,-0.00000,-0.00000,0.00000,0.000000,0.000000,0.000000,0.000000,0.000000
908,34,home,mask_home,environment,deep_work,goal_achieved,2.6453,-0.00000,0.00000,-0.00000,-0.00000,-0.00000,0.000000,0.000000,0.000000,0.000000,-0.000000
909,34,home,mask_home,environment,network_actively,delayed,-0.7345,-0.00000,0.00000,-0.00000,-0.00000,0.00000,0.000000,0.000000,0.000000,0.000000,0.000000
910,34,conference,mask_conference,environment,network_actively,delayed,-0.4130,0.00000,0.00000,-0.00000,-0.00000,0.00000,0.000000,0.000000,-0.000000,-0.000000,0.000000
911,34,conference,mask_conference,environment,tidy_up,delayed,-2.0773,0.00000,-0.00000,0.00000,0.00000,0.00000,0.000000,-0.000000,0.000000,0.000000,0.000000
912,34,conference,mask_conference,environment,rest_deeply,delayed,-1.9092,0.00000,-0.00000,0.00000,0.00000,0.00000,0.000000,0.000000,0.000000,0.000000,0.000000
913,34,conference,mask_conference,environment,network_actively,goal_achieved,1.3896,0.00000,-0.00000,0.00000,0.00000,0.00000,0.000000,0.000000,0.000000,0.000000,0.000000
914,34,conference,mask_conference,environment,rest_deeply,failed,-3.0094,0.00000,-0.00000,0.00000,0.00000,-0.00000,0.000000,0.000000,0.000000,0.000000,-0.000000
915,34,conference,mask_conference,environment,take_notes,delayed,-1.8439,0.00000,-0.00000,0.00000,0.00000,0.00000,0.000000,0.000000,0.000000,0.000000,0.000000
916,34,conference,mask_conference,environment,network_actively,goal_achieved,1.4071,0.00000,-0.00000,0.00000,0.00000,0.00000,0.000000,0.000000,0.000000,0.000000,0.000000
917,34,conference,mask_conference,environment,tidy_up,failed,-3.2235,0.00000,-0.00000,0.00000,0.00000,0.00000,0.000000,0.000000,0.000000,0.000000,0.000000
918,34,conference,mask_conference,environment,quick_scan,delayed,-1.7649,0.00000,-0.00000,0.00000,0.00000,-0.00000,0.000000,0.000000,0.000000,0.000000,-0.000000
919,35,work,mask_work,environment,take_notes,goal_achieved,2.8926,0.00000,0.00000,-0.00000,-0.00000,-0.00000,0.000000,0.000000,0.000000,0.000000,0.000000
920,35,work,mask_work,environment,network_actively,failed,-1.0977,-0.00000,0.00000,-0.00000,-0.00000,-0.00000,-0.000000,0.000000,0.000000,0.000000,0.000000
921,35,work,mask_work,environment,take_notes,goal_achieved,2.8964,0.00000,0.00000,-0.00000,-0.00000,-0.00000,0.000000,0.000000,0.000000,0.000000,0.000000
922,35,work,mask_work,environment,tidy_up,goal_achieved,3.0109,-0.00000,0.00000,-0.00000,-0.00000,-0.00000,-0.000000,0.000000,0.000000,0.000000,0.000000
923,35,work,mask_work,environment,network_actively,goal_achieved,1.2824,0.00000,-0.00000,0.00000,0.00000,-0.00000,0.000000,-0.000000,0.000000,0.000000,0.000000
924,35,work,mask_work,environment,network_actively,goal_achieved,1.2824,0.00000,-0.00000,0.00000,0.00000,-0.00000,0.000000,0.000000,0.000000,0.000000,0.000000
925,35,work,mask_work,environment,tidy_up,delayed,-0.4921,0.00000,0.00000,-0.00000,-0.00000,-0.00000,0.000000,0.000000,-0.000000,-0.000000,0.000000
926,35,work,mask_work,environment,quick_scan,delayed,-0.3018,0.00000,0.00000,-0.00000,-0.00000,-0.00000,0.000000,0.000000,0.000000,0.000000,0.000000
927,35,work,mask_work,environment,quick_scan,goal_achieved,3.0606,-0.00000,0.00000,-0.00000,-0.00000,0.00000,-0.000000,0.000000,0.000000,0.000000,0.000000
928,35,home,mask_home,environment,network_actively,failed,-1.3357,-0.00000,0.00000,-0.00000,-0.00000,0.00000,0.000000,0.000000,0.000000,0.000000,0.000000
929,35,home,mask_home,environment,rest_deeply,goal_achieved,3.1764,-0.00000,-0.00000,-0.00000,-0.00000,0.00000,0.000000,-0.000000,0.000000,0.000000,0.000000
930,35,home,mask_home,environment,network_actively,failed,-1.3373,-0.00000,0.00000,-0.00000,-0.00000,0.00000,0.000000,0.000000,0.000000,0.000000,0.000000
931,35,home,mask_home,environment,network_actively,failed,-1.3373,-0.00000,0.00000,-0.00000,-0.00000,0.00000,0.000000,0.000000,0.000000,0.000000,0.000000
932,35,home,mask_home,environment,rest_deeply,goal_achieved,3.1831,-0.00000,-0.00000,-0.00000,-0.00000,0.00000,0.000000,-0.000000,0.000000,0.000000,0.000000
933,35,home,mask_home,environment,network_actively,delayed,-0.7377,-0.00000,-0.00000,-0.00000,-0.00000,0.00000,0.000000,0.000000,0.000000,0.000000,0.000000
934,35,home,mask_home,environment,network_actively,failed,-1.3388,-0.00000,0.00000,-0.00000,-0.00000,0.00000,0.000000,0.000000,0.000000,0.000000,0.000000
935,35,home,mask_home,environment,quick_scan,goal_achieved,2.8902,-0.00000,-0.00000,-0.00000,-0.00000,0.00000,0.000000,-0.000000,0.000000,0.000000,0.000000
936,35,home,mask_home,environment,rest_deeply,goal_achieved,3.1765,-0.00000,-0.00000,-0.00000,-0.00000,0.00000,0.000000,0.000000,0.000000,0.000000,0.000000
937,35,conference,mask_conference,environment,deep_work,delayed,-2.1686,0.00000,-0.00000,0.00000,0.00000,0.00000,0.000000,0.000000,0.000000,0.000000,0.000000
938,35,conference,mask_conference,environment,take_notes,goal_achieved,1.5420,0.00000,-0.00000,0.00000,0.00000,0.00000,0.000000,0.000000,0.000000,0.000000,0.000000
939,35,conference,mask_conference,environment,take_notes,goal_achieved,1.5420,0.00000,-0.00000,0.00000,0.00000,0.00000,0.000000,0.000000,0.000000,0.000000,0.000000
940,35,conference,mask_conference,environment,network_actively,goal_achieved,1.4026,0.00000,-0.00000,0.00000,0.00000,0.00000,0.000000,0.000000,0.000000,0.000000,0.000000
941,35,conference,mask_conference,environment,quick_scan,goal_achieved,1.5835,0.00000,-0.00000,0.00000,0.00000,0.00000,0.000000,0.000000,0.000000,0.000000,0.000000
942,35,conference,mask_conference,environment,network_actively,delayed,-0.4081,0.00000,0.00000,-0.00000,-0.00000,0.00000,0.000000,0.000000,-0.000000,-0.000000,0.000000
943,35,conference,mask_conference,environment,network_actively,goal_achieved,1.3952,0.00000,-0.00000,0.00000,0.00000,0.00000,0.000000,-0.000000,0.000000,0.000000,0.000000
944,35,conference,mask_conference,environment,take_notes,goal_achieved,1.5405,0.00000,-0.00000,0.00000,0.00000,0.00000,0.000000,0.000000,0.000000,0.000000,0.000000
945,35,conference,mask_conference,environment,network_actively,delayed,-0.4138,0.00000,0.00000,-0.00000,-0.00000,0.00000,0.000000,0.000000,-0.000000,-0.000000,0.000000
946,36,work,mask_work,environment,network_actively,goal_achieved,1.2810,0.00000,-0.00000,0.00000,0.00000,-0.00000,0.000000,-0.000000,0.000000,0.000000,-0.000000
947,36,work,mask_work,environment,network_actively,delayed,-0.5224,0.00000,0.00000,-0.00000,-0.00000,-0.00000,0.000000,0.000000,-0.000000,-0.000000,0.000000
948,36,work,mask_work,environment,network_actively,failed,-1.1235,-0.00000,0.00000,-0.00000,-0.00000,-0.00000,-0.000000,0.000000,0.000000,0.000000,0.000000
949,36,work,mask_work,environment,network_actively,goal_achieved,1.2810,0.00000,-0.00000,0.00000,0.00000,-0.00000,0.000000,-0.000000,0.000000,0.000000,0.000000
950,36,work,mask_work,environment,network_actively,failed,-1.1235,-0.00000,0.00000,-0.00000,-0.00000,-0.00000,-0.000000,0.000000,-0.000000,-0.000000,0.000000
951,36,work,mask_work,environment,deep_work,delayed,-0.4869,-0.00000,-0.00000,-0.00000,-0.00000,0.00000,0.000000,-0.000000,0.000000,0.000000,0.000000
952,36,work,mask_work,environment,network_actively,goal_achieved,1.2883,0.00000,-0.00000,0.00000,0.00000,-0.00000,0.000000,0.000000,0.000000,0.000000,-0.000000
953,36,work,mask_work,environment,network_actively,failed,-1.1162,-0.00000,0.00000,-0.00000,-0.00000,-0.00000,-0.000000,0.000000,-0.000000,-0.000000,0.000000
954,36,work,mask_work,environment,take_notes,goal_achieved,2.8459,0.00000,0.00000,-0.00000,-0.00000,-0.00000,0.000000,0.000000,0.000000,0.000000,0.000000
955,36,home,mask_home,environment,network_actively,failed,-1.3496,-0.00000,0.00000,-0.00000,-0.00000,0.00000,0.000000,0.000000,0.000000,0.000000,0.000000
956,36,home,mask_home,environment,network_actively,delayed,-0.7485,-0.00000,-0.00000,-0.00000,-0.00000,0.00000,0.000000,-0.000000,0.000000,0.000000,0.000000
957,36,home,mask_home,environment,rest_deeply,goal_achieved,3.1791,-0.00000,-0.00000,-0.00000,-0.00000,0.00000,0.000000,0.000000,0.000000,0.000000,0.000000
958,36,home,mask_home,environment,network_actively,delayed,-0.7499,-0.00000,-0.00000,-0.00000,-0.00000,0.00000,0.000000,0.000000,0.000000,0.000000,0.000000
959,36,home,mask_home,environment,network_actively,failed,-1.3510,-0.00000,0.00000,-0.00000,-0.00000,0.00000,0.000000,0.000000,0.000000,0.000000,0.000000
960,36,home,mask_home,environment,network_actively,failed,-1.3510,-0.00000,0.00000,-0.00000,-0.00000,0.00000,0.000000,0.000000,0.000000,0.000000,0.000000
961,36,home,mask_home,environment,quick_scan,failed,-1.5875,-0.00000,0.00000,-0.00000,-0.00000,-0.00000,0.000000,0.000000,0.000000,0.000000,-0.000000
962,36,home,mask_home,environment,network_actively,failed,-1.3458,-0.00000,0.00000,-0.00000,-0.00000,0.00000,0.000000,0.000000,0.000000,0.000000,0.000000
963,36,home,mask_home,environment,network_actively,failed,-1.3458,-0.00000,0.00000,-0.00000,-0.00000,0.00000,0.000000,0.000000,0.000000,0.000000,0.000000
964,36,conference,mask_conference,environment,deep_work,delayed,-2.1792,0.00000,-0.00000,0.00000,0.00000,0.00000,0.000000,-0.000000,0.000000,0.000000,0.000000
965,36,conference,mask_conference,environment,network_actively,goal_achieved,1.3904,0.00000,-0.00000,0.00000,0.00000,0.00000,0.000000,0.000000,0.000000,0.000000,0.000000
966,36,conference,mask_conference,environment,network_actively,goal_achieved,1.3904,0.00000,-0.00000,0.00000,0.00000,0.00000,0.000000,0.000000,0.000000,0.000000,0.000000
967,36,conference,mask_conference,environment,network_actively,delayed,-0.4130,0.00000,0.00000,-0.00000,-0.00000,0.00000,0.000000,0.000000,-0.000000,-0.000000,0.000000
968,36,conference,mask_conference,environment,network_actively,goal_achieved,1.3904,0.00000,-0.00000,0.00000,0.00000,0.00000,0.000000,-0.000000,0.000000,0.000000,0.000000
969,36,conference,mask_conference,environment,network_actively,delayed,-0.4130,0.00000,0.00000,-0.00000,-0.00000,0.00000,0.000000,0.000000,-0.000000,-0.000000,0.000000
970,36,conference,mask_conference,environment,take_notes,goal_achieved,1.5634,0.00000,-0.00000,0.00000,0.00000,0.00000,0.000000,-0.000000,0.000000,0.000000,0.000000
971,36,conference,mask_conference,environment,tidy_up,failed,-3.2203,0.00000,-0.00000,0.00000,0.00000,0.00000,0.000000,0.000000,0.000000,0.000000,0.000000
972,36,conference,mask_conference,environment,deep_work,delayed,-2.1689,0.00000,-0.00000,0.00000,0.00000,0.00000,0.000000,0.000000,0.000000,0.000000,0.000000
973,37,work,mask_work,environment,deep_work,goal_achieved,2.9254,0.00000,0.00000,-0.00000,-0.00000,-0.00000,0.000000,0.000000,0.000000,0.000000,0.000000
974,37,work,mask_work,environment,network_actively,failed,-1.1294,-0.00000,0.00000,-0.00000,-0.00000,-0.00000,-0.000000,0.000000,0.000000,0.000000,0.000000
975,37,work,mask_work,environment,tidy_up,goal_achieved,2.9603,-0.00000,0.00000,-0.00000,-0.00000,-0.00000,0.000000,0.000000,0.000000,0.000000,0.000000
976,37,work,mask_work,environment,network_actively,failed,-1.1405,-0.00000,0.00000,-0.00000,-0.00000,-0.00000,0.000000,0.000000,0.000000,0.000000,0.000000
977,37,work,mask_work,environment,deep_work,goal_achieved,2.9221,0.00000,0.00000,-0.00000,-0.00000,-0.00000,0.000000,0.000000,0.000000,0.000000,0.000000
978,37,work,mask_work,environment,network_actively,failed,-1.1429,-0.00000,0.00000,-0.00000,-0.00000,-0.00000,-0.000000,0.000000,0.000000,0.000000,0.000000
979,37,work,mask_work,environment,tidy_up,delayed,-0.5149,0.00000,0.00000,-0.00000,-0.00000,-0.00000,0.000000,0.000000,0.000000,0.000000,0.000000
980,37,work,mask_work,environment,rest_deeply,goal_achieved,2.8686,-0.00000,0.00000,-0.00000,-0.00000,0.00000,-0.000000,0.000000,0.000000,0.000000,0.000000
981,37,work,mask_work,environment,network_actively,failed,-1.1507,-0.00000,0.00000,-0.00000,-0.00000,-0.00000,0.000000,0.000000,0.000000,0.000000,-0.000000
982,37,home,mask_home,environment,rest_deeply,goal_achieved,3.1961,-0.00000,-0.00000,-0.00000,-0.00000,0.00000,0.000000,-0.000000,0.000000,0.000000,0.000000
983,37,home,mask_home,environment,network_actively,delayed,-0.7460,-0.00000,-0.00000,-0.00000,-0.00000,0.00000,0.000000,0.000000,0.000000,0.000000,0.000000
984,37,home,mask_home,environment,rest_deeply,delayed,-0.0995,-0.00000,0.00000,-0.00000,-0.00000,-0.00000,0.000000,0.000000,0.000000,0.000000,-0.000000
985,37,home,mask_home,environment,tidy_up,delayed,-0.4253,-0.00000,-0.00000,-0.00000,-0.00000,0.00000,0.000000,-0.000000,0.000000,0.000000,0.000000
986,37,home,mask_home,environment,deep_work,delayed,-0.7495,-0.00000,-0.00000,-0.00000,-0.00000,0.00000,0.000000,0.000000,0.000000,0.000000,0.000000
987,37,home,mask_home,environment,network_actively,failed,-1.3258,-0.00000,0.00000,-0.00000,-0.00000,0.00000,0.000000,0.000000,0.000000,0.000000,0.000000
988,37,home,mask_home,environment,quick_scan,goal_achieved,2.9243,-0.00000,-0.00000,-0.00000,-0.00000,0.00000,0.000000,-0.000000,0.000000,0.000000,0.000000
989,37,home,mask_home,environment,network_actively,failed,-1.3345,-0.00000,0.00000,-0.00000,-0.00000,0.00000,0.000000,0.000000,0.000000,0.000000,0.000000
990,37,home,mask_home,environment,network_actively,failed,-1.3345,-0.00000,0.00000,-0.00000,-0.00000,0.00000,0.000000,0.000000,0.000000,0.000000,0.000000
991,37,conference,mask_conference,environment,network_actively,goal_achieved,1.3887,0.00000,-0.00000,0.00000,0.00000,0.00000,0.000000,0.000000,0.000000,0.000000,0.000000
992,37,conference,mask_conference,environment,network_actively,goal_achieved,1.3887,0.00000,-0.00000,0.00000,0.00000,0.00000,0.000000,0.000000,0.000000,0.000000,0.000000
993,37,conference,mask_conference,environment,network_actively,goal_achieved,1.3887,0.00000,-0.00000,0.00000,0.00000,0.00000,0.000000,0.000000,0.000000,0.000000,0.000000
994,37,conference,mask_conference,environment,network_actively,goal_achieved,1.3887,0.00000,-0.00000,0.00000,0.00000,0.00000,0.000000,0.000000,0.000000,0.000000,0.000000
995,37,conference,mask_conference,environment,network_actively,goal_achieved,1.3887,0.00000,-0.00000,0.00000,0.00000,0.00000,0.000000,0.000000,0.000000,0.000000,0.000000
996,37,conference,mask_conference,environment,tidy_up,failed,-3.2288,0.00000,-0.00000,0.00000,0.00000,0.00000,0.000000,0.000000,0.000000,0.000000,0.000000
997,37,conference,mask_conference,environment,network_actively,goal_achieved,1.3912,0.00000,-0.00000,0.00000,0.00000,0.00000,0.000000,0.000000,0.000000,0.000000,0.000000
998,37,conference,mask_conference,environment,take_notes,delayed,-1.8209,0.00000,-0.00000,0.00000,0.00000,0.00000,0.000000,0.000000,0.000000,0.000000,0.000000
999,37,conference,mask_conference,environment,quick_scan,goal_achieved,1.6090,0.00000,-0.00000,0.00000,0.00000,0.00000,0.000000,0.000000,0.000000,0.000000,0.000000
1000,38,work,mask_work,environment,deep_work,goal_achieved,2.9217,0.00000,0.00000,-0.00000,-0.00000,-0.00000,0.000000,0.000000,0.000000,0.000000,0.000000
1001,38,work,mask_work,environment,rest_deeply,delayed,-0.4249,0.00000,0.00000,-0.00000,-0.00000,-0.00000,0.000000,0.000000,0.000000,0.000000,0.000000
1002,38,work,mask_work,environment,take_notes,failed,-1.6702,-0.00000,0.00000,-0.00000,-0.00000,-0.00000,-0.000000,0.000000,0.000000,0.000000,0.000000
1003,38,work,mask_work,environment,deep_work,goal_achieved,2.9295,0.00000,0.00000,-0.00000,-0.00000,-0.00000,0.000000,0.000000,0.000000,0.000000,0.000000
1004,38,work,mask_work,environment,rest_deeply,failed,-1.5182,0.00000,0.00000,-0.00000,-0.00000,-0.00000,0.000000,0.000000,0.000000,0.000000,0.000000
1005,38,work,mask_work,environment,rest_deeply,failed,-1.5182,0.00000,0.00000,-0.00000,-0.00000,-0.00000,0.000000,0.000000,0.000000,0.000000,0.000000
1006,38,work,mask_work,environment,tidy_up,failed,-1.6710,0.00000,0.00000,-0.00000,-0.00000,-0.00000,0.000000,0.000000,0.000000,0.000000,0.000000
1007,38,work,mask_work,environment,network_actively,failed,-1.1316,-0.00000,0.00000,-0.00000,-0.00000,-0.00000,-0.000000,0.000000,0.000000,0.000000,0.000000
1008,38,work,mask_work,environment,network_actively,goal_achieved,1.2729,0.00000,-0.00000,0.00000,0.00000,-0.00000,0.000000,-0.000000,0.000000,0.000000,0.000000
1009,38,home,mask_home,environment,quick_scan,delayed,-0.4322,-0.00000,0.00000,-0.00000,-0.00000,0.00000,0.000000,0.000000,0.000000,0.000000,0.000000
1010,38,home,mask_home,environment,network_actively,failed,-1.3328,-0.00000,0.00000,-0.00000,-0.00000,0.00000,0.000000,0.000000,0.000000,0.000000,0.000000
1011,38,home,mask_home,environment,network_actively,failed,-1.3328,-0.00000,0.00000,-0.00000,-0.00000,0.00000,0.000000,0.000000,0.000000,0.000000,0.000000
1012,38,home,mask_home,environment,quick_scan,failed,-1.5472,-0.00000,0.00000,-0.00000,-0.00000,-0.00000,0.000000,0.000000,0.000000,0.000000,-0.000000
1013,38,home,mask_home,environment,rest_deeply,goal_achieved,3.2200,-0.00000,-0.00000,-0.00000,-0.00000,0.00000,0.000000,-0.000000,0.000000,0.000000,0.000000
1014,38,home,mask_home,environment,deep_work,failed,-1.8818,-0.00000,-0.00000,-0.00000,-0.00000,0.00000,0.000000,0.000000,0.000000,0.000000,0.000000
1015,38,home,mask_home,environment,network_actively,failed,-1.3249,-0.00000,0.00000,-0.00000,-0.00000,0.00000,0.000000,0.000000,0.000000,0.000000,0.000000
1016,38,home,mask_home,environment,network_actively,failed,-1.3249,-0.00000,0.00000,-0.00000,-0.00000,0.00000,0.000000,0.000000,0.000000,0.000000,0.000000
1017,38,home,mask_home,environment,quick_scan,goal_achieved,2.9447,-0.00000,-0.00000,-0.00000,-0.00000,0.00000,0.000000,-0.000000,0.000000,0.000000,0.000000
1018,38,conference,mask_conference,environment,take_notes,goal_achieved,1.5514,0.00000,-0.00000,0.00000,0.00000,0.00000,0.000000,0.000000,0.000000,0.000000,0.000000
1019,38,conference,mask_conference,environment,tidy_up,failed,-3.2317,0.00000,-0.00000,0.00000,0.00000,0.00000,0.000000,0.000000,0.000000,0.000000,0.000000
1020,38,conference,mask_conference,environment,quick_scan,goal_achieved,1.6063,0.00000,-0.00000,0.00000,0.00000,0.00000,0.000000,0.000000,0.000000,0.000000,0.000000
1021,38,conference,mask_conference,environment,network_actively,goal_achieved,1.3859,0.00000,-0.00000,0.00000,0.00000,0.00000,0.000000,0.000000,0.000000,0.000000,0.000000
1022,38,conference,mask_conference,environment,network_actively,goal_achieved,1.3859,0.00000,-0.00000,0.00000,0.00000,0.00000,0.000000,0.000000,0.000000,0.000000,0.000000
1023,38,conference,mask_conference,environment,network_actively,goal_achieved,1.3859,0.00000,-0.00000,0.00000,0.00000,0.00000,0.000000,0.000000,0.000000,0.000000,0.000000
1024,38,conference,mask_conference,environment,deep_work,failed,-3.3313,0.00000,-0.00000,0.00000,0.00000,0.00000,0.000000,0.000000,0.000000,0.000000,0.000000
1025,38,conference,mask_conference,environment,network_actively,delayed,-0.4134,0.00000,0.00000,-0.00000,-0.00000,0.00000,0.000000,0.000000,-0.000000,-0.000000,0.000000
1026,38,conference,mask_conference,environment,network_actively,goal_achieved,1.3900,0.00000,-0.00000,0.00000,0.00000,0.00000,0.000000,-0.000000,0.000000,0.000000,0.000000
1027,39,work,mask_work,environment,network_actively,failed,-1.1316,-0.00000,0.00000,-0.00000,-0.00000,-0.00000,-0.000000,0.000000,-0.000000,-0.000000,0.000000
1028,39,work,mask_work,environment,network_actively,goal_achieved,1.2729,0.00000,-0.00000,0.00000,0.00000,-0.00000,0.000000,-0.000000,0.000000,0.000000,0.000000
1029,39,work,mask_work,environment,deep_work,delayed,-0.4978,-0.00000,-0.00000,-0.00000,-0.00000,0.00000,-0.000000,0.000000,-0.000000,-0.000000,0.000000
1030,39,work,mask_work,environment,deep_work,goal_achieved,2.9320,0.00000,0.00000,-0.00000,-0.00000,-0.00000,0.000000,0.000000,0.000000,0.000000,-0.000000
1031,39,work,mask_work,environment,network_actively,delayed,-0.5263,0.00000,0.00000,-0.00000,-0.00000,-0.00000,0.000000,0.000000,0.000000,0.000000,0.000000
1032,39,work,mask_work,environment,network_actively,goal_achieved,1.2771,0.00000,-0.00000,0.00000,0.00000,-0.00000,0.000000,-0.000000,0.000000,0.000000,0.000000
1033,39,work,mask_work,environment,quick_scan,goal_achieved,3.0278,-0.00000,0.00000,-0.00000,-0.00000,0.00000,-0.000000,0.000000,-0.000000,-0.000000,0.000000
1034,39,work,mask_work,environment,network_actively,failed,-1.1363,-0.00000,0.00000,-0.00000,-0.00000,-0.00000,0.000000,0.000000,0.000000,0.000000,-0.000000
1035,39,work,mask_work,environment,network_actively,failed,-1.1363,-0.00000,0.00000,-0.00000,-0.00000,-0.00000,0.000000,0.000000,0.000000,0.000000,0.000000
1036,39,home,mask_home,environment,tidy_up,delayed,-0.4111,-0.00000,-0.00000,-0.00000,-0.00000,0.00000,0.000000,0.000000,0.000000,0.000000,0.000000
1037,39,home,mask_home,environment,network_actively,goal_achieved,1.0815,-0.00000,-0.00000,0.00000,0.00000,0.00000,0.000000,0.000000,0.000000,0.000000,0.000000
1038,39,home,mask_home,environment,rest_deeply,goal_achieved,3.2208,-0.00000,-0.00000,-0.00000,-0.00000,0.00000,0.000000,0.000000,-0.000000,-0.000000,0.000000
1039,39,home,mask_home,environment,quick_scan,goal_achieved,2.9420,-0.00000,-0.00000,-0.00000,-0.00000,0.00000,0.000000,0.000000,0.000000,0.000000,0.000000
1040,39,home,mask_home,environment,network_actively,failed,-1.3321,-0.00000,0.00000,-0.00000,-0.00000,0.00000,0.000000,0.000000,0.000000,0.000000,0.000000
1041,39,home,mask_home,environment,tidy_up,goal_achieved,3.0518,-0.00000,0.00000,-0.00000,-0.00000,0.00000,0.000000,0.000000,0.000000,0.000000,0.000000
1042,39,home,mask_home,environment,take_notes,failed,-1.7424,-0.00000,-0.00000,-0.00000,-0.00000,0.00000,0.000000,-0.000000,0.000000,0.000000,0.000000
1043,39,home,mask_home,environment,network_actively,delayed,-0.7282,-0.00000,-0.00000,-0.00000,-0.00000,0.00000,0.000000,0.000000,0.000000,0.000000,0.000000
1044,39,home,mask_home,environment,network_actively,failed,-1.3293,-0.00000,0.00000,-0.00000,-0.00000,0.00000,0.000000,0.000000,0.000000,0.000000,0.000000
1045,39,conference,mask_conference,environment,quick_scan,delayed,-1.7503,0.00000,-0.00000,0.00000,0.00000,-0.00000,0.000000,0.000000,0.000000,0.000000,-0.000000
1046,39,conference,mask_conference,environment,tidy_up,failed,-3.2279,0.00000,-0.00000,0.00000,0.00000,0.00000,0.000000,0.000000,0.000000,0.000000,0.000000
1047,39,conference,mask_conference,environment,network_actively,goal_achieved,1.3968,0.00000,-0.00000,0.00000,0.00000,0.00000,0.000000,0.000000,0.000000,0.000000,0.000000
1048,39,conference,mask_conference,environment,network_actively,goal_achieved,1.3968,0.00000,-0.00000,0.00000,0.00000,0.00000,0.000000,0.000000,0.000000,0.000000,0.000000
1049,39,conference,mask_conference,environment,network_actively,goal_achieved,1.3968,0.00000,-0.00000,0.00000,0.00000,0.00000,0.000000,0.000000,0.000000,0.000000,0.000000
1050,39,conference,mask_conference,environment,network_actively,goal_achieved,1.3968,0.00000,-0.00000,0.00000,0.00000,0.00000,0.000000,0.000000,0.000000,0.000000,0.000000
1051,39,conference,mask_conference,environment,quick_scan,goal_achieved,1.6074,0.00000,-0.00000,0.00000,0.00000,0.00000,0.000000,0.000000,0.000000,0.000000,0.000000
1052,39,conference,mask_conference,environment,network_actively,goal_achieved,1.3906,0.00000,-0.00000,0.00000,0.00000,0.00000,0.000000,0.000000,0.000000,0.000000,0.000000
1053,39,conference,mask_conference,environment,network_actively,goal_achieved,1.3906,0.00000,-0.00000,0.00000,0.00000,0.00000,0.000000,0.000000,0.000000,0.000000,0.000000
1054,40,work,mask_work,environment,deep_work,delayed,-0.5092,-0.00000,-0.00000,-0.00000,-0.00000,0.00000,0.000000,-0.000000,0.000000,0.000000,0.000000
1055,40,work,mask_work,environment,rest_deeply,delayed,-0.4269,0.00000,0.00000,-0.00000,-0.00000,-0.00000,0.000000,0.000000,0.000000,0.000000,-0.000000
1056,40,work,mask_work,environment,rest_deeply,delayed,-0.4269,0.00000,0.00000,-0.00000,-0.00000,-0.00000,0.000000,0.000000,0.000000,0.000000,0.000000
1057,40,work,mask_work,environment,network_actively,delayed,-0.5286,0.00000,0.00000,-0.00000,-0.00000,-0.00000,0.000000,0.000000,0.000000,0.000000,0.000000
1058,40,work,mask_work,environment,network_actively,failed,-1.1297,-0.00000,0.00000,-0.00000,-0.00000,-0.00000,-0.000000,0.000000,0.000000,0.000000,0.000000
1059,40,work,mask_work,environment,network_actively,failed,-1.1297,-0.00000,0.00000,-0.00000,-0.00000,-0.00000,0.000000,0.000000,0.000000,0.000000,0.000000
1060,40,work,mask_work,environment,network_actively,delayed,-0.5286,0.00000,0.00000,-0.00000,-0.00000,-0.00000,0.000000,0.000000,0.000000,0.000000,0.000000
1061,40,work,mask_work,environment,network_actively,failed,-1.1297,-0.00000,0.00000,-0.00000,-0.00000,-0.00000,-0.000000,0.000000,0.000000,0.000000,0.000000
1062,40,work,mask_work,environment,tidy_up,goal_achieved,2.9666,-0.00000,0.00000,-0.00000,-0.00000,-0.00000,0.000000,0.000000,0.000000,0.000000,0.000000
1063,40,home,mask_home,environment,network_actively,delayed,-0.7282,-0.00000,-0.00000,-0.00000,-0.00000,0.00000,0.000000,-0.000000,0.000000,0.000000,0.000000
1064,40,home,mask_home,environment,network_actively,delayed,-0.7282,-0.00000,-0.00000,-0.00000,-0.00000,0.00000,0.000000,0.000000,0.000000,0.000000,0.000000
1065,40,home,mask_home,environment,rest_deeply,goal_achieved,3.2195,-0.00000,-0.00000,-0.00000,-0.00000,0.00000,0.000000,0.000000,0.000000,0.000000,0.000000
1066,40,home,mask_home,environment,network_actively,delayed,-0.7295,-0.00000,-0.00000,-0.00000,-0.00000,0.00000,0.000000,0.000000,0.000000,0.000000,0.000000
1067,40,home,mask_home,environment,network_actively,failed,-1.3306,-0.00000,0.00000,-0.00000,-0.00000,0.00000,0.000000,0.000000,0.000000,0.000000,0.000000
1068,40,home,mask_home,environment,network_actively,failed,-1.3306,-0.00000,0.00000,-0.00000,-0.00000,0.00000,0.000000,0.000000,0.000000,0.000000,0.000000
1069,40,home,mask_home,environment,quick_scan,delayed,-0.4106,-0.00000,0.00000,-0.00000,-0.00000,0.00000,0.000000,0.000000,0.000000,0.000000,0.000000
1070,40,home,mask_home,environment,rest_deeply,goal_achieved,3.2260,-0.00000,-0.00000,-0.00000,-0.00000,0.00000,0.000000,-0.000000,0.000000,0.000000,0.000000
1071,40,home,mask_home,environment,tidy_up,delayed,-0.4173,-0.00000,-0.00000,-0.00000,-0.00000,0.00000,0.000000,0.000000,0.000000,0.000000,0.000000
1072,40,conference,mask_conference,environment,deep_work,failed,-3.3339,0.00000,-0.00000,0.00000,0.00000,0.00000,0.000000,0.000000,0.000000,0.000000,0.000000
1073,40,conference,mask_conference,environment,network_actively,goal_achieved,1.3945,0.00000,-0.00000,0.00000,0.00000,0.00000,0.000000,0.000000,0.000000,0.000000,0.000000
1074,40,conference,mask_conference,environment,rest_deeply,delayed,-1.9057,0.00000,-0.00000,0.00000,0.00000,0.00000,0.000000,0.000000,0.000000,0.000000,0.000000
1075,40,conference,mask_conference,environment,rest_deeply,failed,-3.0040,0.00000,-0.00000,0.00000,0.00000,0.00000,0.000000,0.000000,0.000000,0.000000,0.000000
1076,40,conference,mask_conference,environment,network_actively,goal_achieved,1.3986,0.00000,-0.00000,0.00000,0.00000,0.00000,0.000000,0.000000,0.000000,0.000000,0.000000
1077,40,conference,mask_conference,environment,network_actively,goal_achieved,1.3986,0.00000,-0.00000,0.00000,0.00000,0.00000,0.000000,0.000000,0.000000,0.000000,0.000000
1078,40,conference,mask_conference,environment,network_actively,goal_achieved,1.3986,0.00000,-0.00000,0.00000,0.00000,0.00000,0.000000,0.000000,0.000000,0.000000,0.000000
1079,40,conference,mask_conference,environment,take_notes,delayed,-1.8342,0.00000,-0.00000,0.00000,0.00000,0.00000,0.000000,0.000000,0.000000,0.000000,0.000000
1080,40,conference,mask_conference,environment,deep_work,failed,-3.3266,0.00000,-0.00000,0.00000,0.00000,0.00000,0.000000,0.000000,0.000000,0.000000,0.000000
1081,41,work,mask_work,environment,network_actively,delayed,-0.5381,0.00000,0.00000,-0.00000,-0.00000,-0.00000,0.000000,0.000000,0.000000,0.000000,0.000000
1082,41,work,mask_work,environment,network_actively,delayed,-0.5381,0.00000,0.00000,-0.00000,-0.00000,-0.00000,0.000000,0.000000,0.000000,0.000000,0.000000
1083,41,work,mask_work,environment,network_actively,goal_achieved,1.2653,0.00000,-0.00000,0.00000,0.00000,-0.00000,0.000000,-0.000000,0.000000,0.000000,0.000000
1084,41,work,mask_work,environment,take_notes,failed,-1.6782,-0.00000,0.00000,-0.00000,-0.00000,-0.00000,-0.000000,0.000000,-0.000000,-0.000000,0.000000
1085,41,work,mask_work,environment,network_actively,failed,-1.1325,-0.00000,0.00000,-0.00000,-0.00000,-0.00000,0.000000,0.000000,0.000000,0.000000,0.000000
1086,41,work,mask_work,environment,network_actively,goal_achieved,1.2720,0.00000,-0.00000,0.00000,0.00000,-0.00000,0.000000,-0.000000,0.000000,0.000000,0.000000
1087,41,work,mask_work,environment,tidy_up,delayed,-0.5224,0.00000,0.00000,-0.00000,-0.00000,-0.00000,0.000000,0.000000,-0.000000,-0.000000,0.000000
1088,41,work,mask_work,environment,network_actively,failed,-1.1295,-0.00000,0.00000,-0.00000,-0.00000,-0.00000,-0.000000,0.000000,0.000000,0.000000,0.000000
1089,41,work,mask_work,environment,network_actively,delayed,-0.5284,0.00000,0.00000,-0.00000,-0.00000,-0.00000,0.000000,0.000000,0.000000,0.000000,0.000000
1090,41,home,mask_home,environment,quick_scan,failed,-1.5239,-0.00000,0.00000,-0.00000,-0.00000,-0.00000,0.000000,0.000000,0.000000,0.000000,-0.000000
1091,41,home,mask_home,environment,network_actively,failed,-1.3169,-0.00000,0.00000,-0.00000,-0.00000,0.00000,0.000000,0.000000,0.000000,0.000000,0.000000
1092,41,home,mask_home,environment,network_actively,delayed,-0.7157,-0.00000,-0.00000,-0.00000,-0.00000,0.00000,0.000000,-0.000000,0.000000,0.000000,0.000000
1093,41,home,mask_home,environment,network_actively,failed,-1.3169,-0.00000,0.00000,-0.00000,-0.00000,0.00000,0.000000,0.000000,0.000000,0.000000,0.000000
1094,41,home,mask_home,environment,network_actively,failed,-1.3169,-0.00000,0.00000,-0.00000,-0.00000,0.00000,0.000000,0.000000,0.000000,0.000000,0.000000
1095,41,home,mask_home,environment,network_actively,failed,-1.3169,-0.00000,0.00000,-0.00000,-0.00000,0.00000,0.000000,0.000000,0.000000,0.000000,0.000000
1096,41,home,mask_home,environment,network_actively,goal_achieved,1.0876,-0.00000,-0.00000,0.00000,0.00000,0.00000,0.000000,-0.000000,0.000000,0.000000,0.000000
1097,41,home,mask_home,environment,quick_scan,delayed,-0.4038,-0.00000,0.00000,-0.00000,-0.00000,0.00000,0.000000,0.000000,-0.000000,-0.000000,0.000000
1098,41,home,mask_home,environment,network_actively,failed,-1.3154,-0.00000,0.00000,-0.00000,-0.00000,0.00000,0.000000,0.000000,0.000000,0.000000,0.000000
1099,41,conference,mask_conference,environment,rest_deeply,goal_achieved,1.3978,-0.00000,-0.00000,0.00000,0.00000,0.00000,-0.000000,0.000000,0.000000,0.000000,0.000000
1100,41,conference,mask_conference,environment,network_actively,goal_achieved,1.3999,0.00000,-0.00000,0.00000,0.00000,0.00000,0.000000,0.000000,0.000000,0.000000,0.000000
1101,41,conference,mask_conference,environment,rest_deeply,failed,-2.9970,0.00000,-0.00000,0.00000,0.00000,0.00000,0.000000,0.000000,0.000000,0.000000,0.000000
1102,41,conference,mask_conference,environment,network_actively,goal_achieved,1.4040,0.00000,-0.00000,0.00000,0.00000,0.00000,0.000000,0.000000,0.000000,0.000000,0.000000
1103,41,conference,mask_conference,environment,network_actively,goal_achieved,1.4040,0.00000,-0.00000,0.00000,0.00000,0.00000,0.000000,0.000000,0.000000,0.000000,0.000000
1104,41,conference,mask_conference,environment,network_actively,goal_achieved,1.4040,0.00000,-0.00000,0.00000,0.00000,0.00000,0.000000,0.000000,0.000000,0.000000,0.000000
1105,41,conference,mask_conference,environment,network_actively,goal_achieved,1.4040,0.00000,-0.00000,0.00000,0.00000,0.00000,0.000000,0.000000,0.000000,0.000000,0.000000
1106,41,conference,mask_conference,environment,quick_scan,goal_achieved,1.6033,0.00000,-0.00000,0.00000,0.00000,0.00000,0.000000,0.000000,0.000000,0.000000,0.000000
1107,41,conference,mask_conference,environment,network_actively,goal_achieved,1.3982,0.00000,-0.00000,0.00000,0.00000,0.00000,0.000000,0.000000,0.000000,0.000000,0.000000
1108,42,work,mask_work,environment,network_actively,failed,-1.1295,-0.00000,0.00000,-0.00000,-0.00000,-0.00000,-0.000000,0.000000,0.000000,0.000000,0.000000
1109,42,work,mask_work,environment,take_notes,failed,-1.6741,-0.00000,0.00000,-0.00000,-0.00000,-0.00000,0.000000,0.000000,0.000000,0.000000,0.000000
1110,42,work,mask_work,environment,network_actively,failed,-1.1233,-0.00000,0.00000,-0.00000,-0.00000,-0.00000,0.000000,0.000000,0.000000,0.000000,0.000000
1111,42,work,mask_work,environment,network_actively,delayed,-0.5222,0.00000,0.00000,-0.00000,-0.00000,-0.00000,0.000000,0.000000,0.000000,0.000000,0.000000
1112,42,work,mask_work,environment,rest_deeply,failed,-1.5125,0.00000,0.00000,-0.00000,-0.00000,-0.00000,0.000000,0.000000,0.000000,0.000000,0.000000
1113,42,work,mask_work,environment,network_actively,failed,-1.1196,-0.00000,0.00000,-0.00000,-0.00000,-0.00000,-0.000000,0.000000,0.000000,0.000000,0.000000
1114,42,work,mask_work,environment,rest_deeply,delayed,-0.4108,0.00000,0.00000,-0.00000,-0.00000,-0.00000,0.000000,0.000000,0.000000,0.000000,0.000000
1115,42,work,mask_work,environment,network_actively,failed,-1.1194,-0.00000,0.00000,-0.00000,-0.00000,-0.00000,-0.000000,0.000000,0.000000,0.000000,0.000000
1116,42,work,mask_work,environment,network_actively,failed,-1.1194,-0.00000,0.00000,-0.00000,-0.00000,-0.00000,0.000000,0.000000,0.000000,0.000000,0.000000
1117,42,home,mask_home,environment,tidy_up,delayed,-0.4093,-0.00000,-0.00000,-0.00000,-0.00000,0.00000,0.000000,-0.000000,0.000000,0.000000,0.000000
1118,42,home,mask_home,environment,deep_work,delayed,-0.7163,-0.00000,-0.00000,-0.00000,-0.00000,0.00000,0.000000,0.000000,0.000000,0.000000,0.000000
1119,42,home,mask_home,environment,network_actively,delayed,-0.7054,-0.00000,-0.00000,-0.00000,-0.00000,0.00000,0.000000,0.000000,0.000000,0.000000,0.000000
1120,42,home,mask_home,environment,network_actively,delayed,-0.7054,-0.00000,-0.00000,-0.00000,-0.00000,0.00000,0.000000,0.000000,0.000000,0.000000,0.000000
1121,42,home,mask_home,environment,network_actively,failed,-1.3066,-0.00000,0.00000,-0.00000,-0.00000,0.00000,0.000000,0.000000,0.000000,0.000000,0.000000
1122,42,home,mask_home,environment,network_actively,delayed,-0.7054,-0.00000,-0.00000,-0.00000,-0.00000,0.00000,0.000000,-0.000000,0.000000,0.000000,0.000000
1123,42,home,mask_home,environment,network_actively,failed,-1.3066,-0.00000,0.00000,-0.00000,-0.00000,0.00000,0.000000,0.000000,0.000000,0.000000,0.000000
1124,42,home,mask_home,environment,take_notes,failed,-1.7091,-0.00000,-0.00000,-0.00000,-0.00000,0.00000,0.000000,-0.000000,0.000000,0.000000,0.000000
1125,42,home,mask_home,environment,rest_deeply,goal_achieved,3.2607,-0.00000,-0.00000,-0.00000,-0.00000,0.00000,0.000000,0.000000,0.000000,0.000000,0.000000
1126,42,conference,mask_conference,environment,rest_deeply,delayed,-1.9121,0.00000,-0.00000,0.00000,0.00000,0.00000,0.000000,0.000000,0.000000,0.000000,0.000000
1127,42,conference,mask_conference,environment,network_actively,goal_achieved,1.3983,0.00000,-0.00000,0.00000,0.00000,0.00000,0.000000,0.000000,0.000000,0.000000,0.000000
1128,42,conference,mask_conference,environment,network_actively,goal_achieved,1.3983,0.00000,-0.00000,0.00000,0.00000,0.00000,0.000000,0.000000,0.000000,0.000000,0.000000
1129,42,conference,mask_conference,environment,rest_deeply,goal_achieved,1.3799,-0.00000,-0.00000,0.00000,0.00000,0.00000,-0.000000,0.000000,0.000000,0.000000,0.000000
1130,42,conference,mask_conference,environment,network_actively,delayed,-0.4161,0.00000,0.00000,-0.00000,-0.00000,0.00000,0.000000,0.000000,-0.000000,-0.000000,0.000000
1131,42,conference,mask_conference,environment,network_actively,delayed,-0.4161,0.00000,0.00000,-0.00000,-0.00000,0.00000,0.000000,0.000000,0.000000,0.000000,0.000000
1132,42,conference,mask_conference,environment,network_actively,goal_achieved,1.3873,0.00000,-0.00000,0.00000,0.00000,0.00000,0.000000,-0.000000,0.000000,0.000000,0.000000
1133,42,conference,mask_conference,environment,network_actively,delayed,-0.4161,0.00000,0.00000,-0.00000,-0.00000,0.00000,0.000000,0.000000,-0.000000,-0.000000,0.000000
1134,42,conference,mask_conference,environment,network_actively,goal_achieved,1.3873,0.00000,-0.00000,0.00000,0.00000,0.00000,0.000000,-0.000000,0.000000,0.000000,0.000000
1135,43,work,mask_work,environment,network_actively,goal_achieved,1.2851,0.00000,-0.00000,0.00000,0.00000,-0.00000,0.000000,-0.000000,0.000000,0.000000,0.000000
1136,43,work,mask_work,environment,network_actively,delayed,-0.5183,0.00000,0.00000,-0.00000,-0.00000,-0.00000,0.000000,0.000000,-0.000000,-0.000000,0.000000
1137,43,work,mask_work,environment,network_actively,failed,-1.1194,-0.00000,0.00000,-0.00000,-0.00000,-0.00000,-0.000000,0.000000,0.000000,0.000000,0.000000
1138,43,work,mask_work,environment,deep_work,delayed,-0.4878,-0.00000,-0.00000,-0.00000,-0.00000,0.00000,0.000000,-0.000000,0.000000,0.000000,0.000000
1139,43,work,mask_work,environment,network_actively,goal_achieved,1.2908,0.00000,-0.00000,0.00000,0.00000,-0.00000,0.000000,0.000000,0.000000,0.000000,-0.000000
1140,43,work,mask_work,environment,network_actively,failed,-1.1137,-0.00000,0.00000,-0.00000,-0.00000,-0.00000,-0.000000,0.000000,-0.000000,-0.000000,0.000000
1141,43,work,mask_work,environment,network_actively,delayed,-0.5126,0.00000,0.00000,-0.00000,-0.00000,-0.00000,0.000000,0.000000,0.000000,0.000000,0.000000
1142,43,work,mask_work,environment,take_notes,failed,-1.6624,-0.00000,0.00000,-0.00000,-0.00000,-0.00000,-0.000000,0.000000,0.000000,0.000000,0.000000
1143,43,work,mask_work,environment,rest_deeply,failed,-1.5024,0.00000,0.00000,-0.00000,-0.00000,-0.00000,0.000000,0.000000,0.000000,0.000000,0.000000
1144,43,home,mask_home,environment,network_actively,failed,-1.3017,-0.00000,0.00000,-0.00000,-0.00000,0.00000,0.000000,0.000000,0.000000,0.000000,0.000000
1145,43,home,mask_home,environment,network_actively,failed,-1.3017,-0.00000,0.00000,-0.00000,-0.00000,0.00000,0.000000,0.000000,0.000000,0.000000,0.000000
1146,43,home,mask_home,environment,rest_deeply,delayed,-0.0293,-0.00000,0.00000,-0.00000,-0.00000,0.00000,0.000000,0.000000,0.000000,0.000000,0.000000
1147,43,home,mask_home,environment,network_actively,failed,-1.2936,-0.00000,0.00000,-0.00000,-0.00000,0.00000,0.000000,0.000000,0.000000,0.000000,0.000000
1148,43,home,mask_home,environment,rest_deeply,goal_achieved,3.2681,-0.00000,-0.00000,-0.00000,-0.00000,0.00000,0.000000,-0.000000,0.000000,0.000000,0.000000
1149,43,home,mask_home,environment,network_actively,failed,-1.2949,-0.00000,0.00000,-0.00000,-0.00000,0.00000,0.000000,0.000000,0.000000,0.000000,0.000000
1150,43,home,mask_home,environment,network_actively,failed,-1.2949,-0.00000,0.00000,-0.00000,-0.00000,0.00000,0.000000,0.000000,0.000000,0.000000,0.000000
1151,43,home,mask_home,environment,network_actively,goal_achieved,1.1096,-0.00000,-0.00000,0.00000,0.00000,0.00000,0.000000,-0.000000,0.000000,0.000000,0.000000
1152,43,home,mask_home,environment,network_actively,delayed,-0.6937,-0.00000,-0.00000,-0.00000,-0.00000,0.00000,0.000000,0.000000,-0.000000,-0.000000,0.000000
1153,43,conference,mask_conference,environment,rest_deeply,delayed,-1.8946,0.00000,-0.00000,0.00000,0.00000,0.00000,0.000000,0.000000,0.000000,0.000000,0.000000
1154,43,conference,mask_conference,environment,network_actively,goal_achieved,1.3876,0.00000,-0.00000,0.00000,0.00000,0.00000,0.000000,0.000000,0.000000,0.000000,0.000000
1155,43,conference,mask_conference,environment,network_actively,goal_achieved,1.3876,0.00000,-0.00000,0.00000,0.00000,0.00000,0.000000,0.000000,0.000000,0.000000,0.000000
1156,43,conference,mask_conference,environment,network_actively,goal_achieved,1.3876,0.00000,-0.00000,0.00000,0.00000,0.00000,0.000000,0.000000,0.000000,0.000000,0.000000
1157,43,conference,mask_conference,environment,deep_work,goal_achieved,1.2260,0.00000,-0.00000,0.00000,0.00000,-0.00000,0.000000,0.000000,0.000000,0.000000,-0.000000
1158,43,conference,mask_conference,environment,network_actively,goal_achieved,1.3785,0.00000,-0.00000,0.00000,0.00000,0.00000,0.000000,0.000000,0.000000,0.000000,0.000000
1159,43,conference,mask_conference,environment,network_actively,goal_achieved,1.3785,0.00000,-0.00000,0.00000,0.00000,0.00000,0.000000,0.000000,0.000000,0.000000,0.000000
1160,43,conference,mask_conference,environment,quick_scan,delayed,-1.7701,0.00000,-0.00000,0.00000,0.00000,-0.00000,0.000000,0.000000,0.000000,0.000000,-0.000000
1161,43,conference,mask_conference,environment,take_notes,goal_achieved,1.5206,0.00000,-0.00000,0.00000,0.00000,0.00000,0.000000,0.000000,0.000000,0.000000,0.000000
1162,44,work,mask_work,environment,take_notes,failed,-1.6590,-0.00000,0.00000,-0.00000,-0.00000,-0.00000,-0.000000,0.000000,0.000000,0.000000,0.000000
1163,44,work,mask_work,environment,network_actively,goal_achieved,1.3056,0.00000,-0.00000,0.00000,0.00000,-0.00000,0.000000,-0.000000,0.000000,0.000000,0.000000
1164,44,work,mask_work,environment,network_actively,goal_achieved,1.3056,0.00000,-0.00000,0.00000,0.00000,-0.00000,0.000000,0.000000,0.000000,0.000000,0.000000
1165,44,work,mask_work,environment,rest_deeply,goal_achieved,2.8788,-0.00000,-0.00000,-0.00000,-0.00000,0.00000,-0.000000,0.000000,-0.000000,-0.000000,0.000000
1166,44,work,mask_work,environment,quick_scan,goal_achieved,3.0505,-0.00000,0.00000,-0.00000,-0.00000,0.00000,0.000000,0.000000,0.000000,0.000000,0.000000
1167,44,work,mask_work,environment,deep_work,goal_achieved,2.9160,0.00000,0.00000,-0.00000,-0.00000,-0.00000,0.000000,0.000000,0.000000,0.000000,-0.000000
1168,44,work,mask_work,environment,tidy_up,failed,-1.6802,0.00000,0.00000,-0.00000,-0.00000,0.00000,0.000000,0.000000,0.000000,0.000000,0.000000
1169,44,work,mask_work,environment,network_actively,failed,-1.1123,-0.00000,0.00000,-0.00000,-0.00000,0.00000,-0.000000,0.000000,0.000000,0.000000,0.000000
1170,44,work,mask_work,environment,quick_scan,goal_achieved,3.0580,-0.00000,0.00000,-0.00000,-0.00000,0.00000,0.000000,0.000000,0.000000,0.000000,0.000000
1171,44,home,mask_home,environment,quick_scan,failed,-1.4967,-0.00000,0.00000,-0.00000,-0.00000,-0.00000,0.000000,0.000000,0.000000,0.000000,-0.000000
1172,44,home,mask_home,environment,deep_work,failed,-1.8389,-0.00000,-0.00000,-0.00000,-0.00000,0.00000,0.000000,-0.000000,0.000000,0.000000,0.000000
1173,44,home,mask_home,environment,take_notes,failed,-1.6935,-0.00000,-0.00000,-0.00000,-0.00000,0.00000,0.000000,0.000000,0.000000,0.000000,0.000000
1174,44,home,mask_home,environment,quick_scan,failed,-1.4870,-0.00000,0.00000,-0.00000,-0.00000,-0.00000,0.000000,0.000000,0.000000,0.000000,-0.000000
1175,44,home,mask_home,environment,rest_deeply,goal_achieved,3.2803,-0.00000,-0.00000,-0.00000,-0.00000,0.00000,0.000000,-0.000000,0.000000,0.000000,0.000000
1176,44,home,mask_home,environment,take_notes,delayed,-0.5643,-0.00000,-0.00000,-0.00000,-0.00000,0.00000,0.000000,0.000000,0.000000,0.000000,0.000000
1177,44,home,mask_home,environment,network_actively,goal_achieved,1.1272,-0.00000,-0.00000,0.00000,0.00000,0.00000,0.000000,0.000000,0.000000,0.000000,0.000000
1178,44,home,mask_home,environment,tidy_up,goal_achieved,3.0960,-0.00000,0.00000,-0.00000,-0.00000,0.00000,0.000000,0.000000,-0.000000,-0.000000,0.000000
1179,44,home,mask_home,environment,rest_deeply,goal_achieved,3.2675,-0.00000,-0.00000,-0.00000,-0.00000,0.00000,0.000000,-0.000000,0.000000,0.000000,0.000000
1180,44,conference,mask_conference,environment,quick_scan,goal_achieved,1.5875,0.00000,-0.00000,0.00000,0.00000,0.00000,0.000000,0.000000,0.000000,0.000000,0.000000
1181,44,conference,mask_conference,environment,network_actively,goal_achieved,1.3727,0.00000,-0.00000,0.00000,0.00000,0.00000,0.000000,0.000000,0.000000,0.000000,0.000000
1182,44,conference,mask_conference,environment,network_actively,delayed,-0.4307,0.00000,0.00000,-0.00000,-0.00000,0.00000,0.000000,0.000000,-0.000000,-0.000000,0.000000
1183,44,conference,mask_conference,environment,deep_work,delayed,-2.2065,0.00000,-0.00000,0.00000,0.00000,0.00000,0.000000,-0.000000,0.000000,0.000000,0.000000
1184,44,conference,mask_conference,environment,rest_deeply,failed,-3.0086,0.00000,-0.00000,0.00000,0.00000,0.00000,0.000000,0.000000,0.000000,0.000000,0.000000
1185,44,conference,mask_conference,environment,tidy_up,delayed,-2.0970,0.00000,-0.00000,0.00000,0.00000,0.00000,0.000000,0.000000,0.000000,0.000000,0.000000
1186,44,conference,mask_conference,environment,quick_scan,goal_achieved,1.5968,0.00000,-0.00000,0.00000,0.00000,0.00000,0.000000,0.000000,0.000000,0.000000,0.000000
1187,44,conference,mask_conference,environment,network_actively,goal_achieved,1.3708,0.00000,-0.00000,0.00000,0.00000,0.00000,0.000000,0.000000,0.000000,0.000000,0.000000
1188,44,conference,mask_conference,environment,network_actively,goal_achieved,1.3708,0.00000,-0.00000,0.00000,0.00000,0.00000,0.000000,0.000000,0.000000,0.000000,0.000000
1189,45,work,mask_work,environment,network_actively,failed,-1.1201,-0.00000,0.00000,-0.00000,-0.00000,0.00000,0.000000,0.000000,0.000000,0.000000,0.000000
1190,45,work,mask_work,environment,network_actively,goal_achieved,1.2844,0.00000,-0.00000,0.00000,0.00000,-0.00000,0.000000,-0.000000,0.000000,0.000000,-0.000000
1191,45,work,mask_work,environment,network_actively,failed,-1.1201,-0.00000,0.00000,-0.00000,-0.00000,0.00000,-0.000000,0.000000,-0.000000,-0.000000,0.000000
1192,45,work,mask_work,environment,network_actively,failed,-1.1201,-0.00000,0.00000,-0.00000,-0.00000,0.00000,0.000000,0.000000,0.000000,0.000000,0.000000
1193,45,work,mask_work,environment,take_notes,delayed,-0.5671,0.00000,0.00000,-0.00000,-0.00000,-0.00000,0.000000,0.000000,0.000000,0.000000,-0.000000
1194,45,work,mask_work,environment,network_actively,failed,-1.1185,-0.00000,0.00000,-0.00000,-0.00000,0.00000,-0.000000,0.000000,0.000000,0.000000,0.000000
1195,45,work,mask_work,environment,rest_deeply,goal_achieved,2.8759,-0.00000,-0.00000,-0.00000,-0.00000,0.00000,0.000000,-0.000000,0.000000,0.000000,0.000000
1196,45,work,mask_work,environment,network_actively,failed,-1.1275,-0.00000,0.00000,-0.00000,-0.00000,0.00000,0.000000,0.000000,0.000000,0.000000,0.000000
1197,45,work,mask_work,environment,network_actively,delayed,-0.5264,0.00000,0.00000,-0.00000,-0.00000,-0.00000,0.000000,0.000000,0.000000,0.000000,-0.000000
1198,45,home,mask_home,environment,deep_work,failed,-1.8445,-0.00000,-0.00000,-0.00000,-0.00000,0.00000,0.000000,0.000000,0.000000,0.000000,0.000000
1199,45,home,mask_home,environment,quick_scan,goal_achieved,2.9846,-0.00000,-0.00000,-0.00000,-0.00000,0.00000,0.000000,0.000000,0.000000,0.000000,0.000000
1200,45,home,mask_home,environment,network_actively,failed,-1.2854,-0.00000,0.00000,-0.00000,-0.00000,0.00000,0.000000,0.000000,0.000000,0.000000,0.000000
1201,45,home,mask_home,environment,quick_scan,failed,-1.4961,-0.00000,0.00000,-0.00000,-0.00000,-0.00000,0.000000,0.000000,0.000000,0.000000,-0.000000
1202,45,home,mask_home,environment,network_actively,failed,-1.2814,-0.00000,0.00000,-0.00000,-0.00000,0.00000,0.000000,0.000000,0.000000,0.000000,0.000000
1203,45,home,mask_home,environment,network_actively,delayed,-0.6803,-0.00000,-0.00000,-0.00000,-0.00000,0.00000,0.000000,-0.000000,0.000000,0.000000,0.000000
1204,45,home,mask_home,environment,network_actively,delayed,-0.6803,-0.00000,-0.00000,-0.00000,-0.00000,0.00000,0.000000,0.000000,0.000000,0.000000,0.000000
1205,45,home,mask_home,environment,take_notes,failed,-1.7011,-0.00000,-0.00000,-0.00000,-0.00000,0.00000,0.000000,0.000000,0.000000,0.000000,0.000000
1206,45,home,mask_home,environment,deep_work,delayed,-0.6956,-0.00000,-0.00000,-0.00000,-0.00000,0.00000,0.000000,0.000000,0.000000,0.000000,0.000000
1207,45,conference,mask_conference,environment,network_actively,goal_achieved,1.3708,0.00000,-0.00000,0.00000,0.00000,0.00000,0.000000,0.000000,0.000000,0.000000,0.000000
1208,45,conference,mask_conference,environment,network_actively,goal_achieved,1.3708,0.00000,-0.00000,0.00000,0.00000,0.00000,0.000000,0.000000,0.000000,0.000000,0.000000
1209,45,conference,mask_conference,environment,network_actively,goal_achieved,1.3708,0.00000,-0.00000,0.00000,0.00000,0.00000,0.000000,0.000000,0.000000,0.000000,0.000000
1210,45,conference,mask_conference,environment,take_notes,goal_achieved,1.5121,0.00000,-0.00000,0.00000,0.00000,0.00000,0.000000,0.000000,0.000000,0.000000,0.000000
1211,45,conference,mask_conference,environment,deep_work,goal_achieved,1.2093,0.00000,0.00000,0.00000,0.00000,-0.00000,0.000000,0.000000,0.000000,0.000000,-0.000000
1212,45,conference,mask_conference,environment,network_actively,goal_achieved,1.3580,0.00000,-0.00000,0.00000,0.00000,0.00000,0.000000,-0.000000,0.000000,0.000000,0.000000
1213,45,conference,mask_conference,environment,quick_scan,goal_achieved,1.5755,0.00000,-0.00000,0.00000,0.00000,0.00000,0.000000,0.000000,0.000000,0.000000,0.000000
1214,45,conference,mask_conference,environment,rest_deeply,goal_achieved,1.3520,-0.00000,-0.00000,0.00000,0.00000,0.00000,-0.000000,0.000000,0.000000,0.000000,0.000000
1215,45,conference,mask_conference,environment,network_actively,goal_achieved,1.3430,0.00000,-0.00000,0.00000,0.00000,0.00000,0.000000,0.000000,0.000000,0.000000,0.000000
1216,46,work,mask_work,environment,quick_scan,goal_achieved,3.0581,-0.00000,0.00000,-0.00000,-0.00000,0.00000,-0.000000,0.000000,0.000000,0.000000,0.000000
1217,46,work,mask_work,environment,tidy_up,delayed,-0.5319,0.00000,0.00000,-0.00000,-0.00000,0.00000,0.000000,0.000000,0.000000,0.000000,0.000000
1218,46,work,mask_work,environment,rest_deeply,delayed,-0.4207,0.00000,0.00000,-0.00000,-0.00000,-0.00000,0.000000,0.000000,0.000000,0.000000,-0.000000
1219,46,work,mask_work,environment,deep_work,goal_achieved,2.9136,0.00000,0.00000,-0.00000,-0.00000,-0.00000,0.000000,0.000000,0.000000,0.000000,0.000000
1220,46,work,mask_work,environment,deep_work,goal_achieved,2.9136,0.00000,0.00000,-0.00000,-0.00000,-0.00000,0.000000,0.000000,0.000000,0.000000,0.000000
1221,46,work,mask_work,environment,network_actively,failed,-1.1361,-0.00000,0.00000,-0.00000,-0.00000,0.00000,-0.000000,0.000000,0.000000,0.000000,0.000000
1222,46,work,mask_work,environment,network_actively,failed,-1.1361,-0.00000,0.00000,-0.00000,-0.00000,0.00000,0.000000,0.000000,0.000000,0.000000,0.000000
1223,46,work,mask_work,environment,network_actively,goal_achieved,1.2684,0.00000,-0.00000,0.00000,0.00000,-0.00000,0.000000,-0.000000,0.000000,0.000000,-0.000000
1224,46,work,mask_work,environment,network_actively,failed,-1.1361,-0.00000,0.00000,-0.00000,-0.00000,0.00000,-0.000000,0.000000,-0.000000,-0.000000,0.000000
1225,46,home,mask_home,environment,quick_scan,delayed,-0.3686,-0.00000,-0.00000,-0.00000,-0.00000,0.00000,0.000000,0.000000,0.000000,0.000000,0.000000
1226,46,home,mask_home,environment,rest_deeply,delayed,-0.0162,-0.00000,0.00000,-0.00000,-0.00000,0.00000,0.000000,0.000000,0.000000,0.000000,0.000000
1227,46,home,mask_home,environment,quick_scan,failed,-1.4820,-0.00000,0.00000,-0.00000,-0.00000,-0.00000,0.000000,0.000000,0.000000,0.000000,-0.000000
1228,46,home,mask_home,environment,take_notes,failed,-1.6883,-0.00000,-0.00000,-0.00000,-0.00000,0.00000,0.000000,-0.000000,0.000000,0.000000,0.000000
1229,46,home,mask_home,environment,take_notes,failed,-1.6883,-0.00000,-0.00000,-0.00000,-0.00000,0.00000,0.000000,0.000000,0.000000,0.000000,0.000000
1230,46,home,mask_home,environment,network_actively,delayed,-0.6534,-0.00000,-0.00000,-0.00000,-0.00000,0.00000,0.000000,0.000000,0.000000,0.000000,0.000000
1231,46,home,mask_home,environment,quick_scan,failed,-1.4735,-0.00000,0.00000,-0.00000,-0.00000,-0.00000,0.000000,0.000000,0.000000,0.000000,-0.000000
1232,46,home,mask_home,environment,network_actively,failed,-1.2510,-0.00000,0.00000,-0.00000,-0.00000,0.00000,0.000000,0.000000,0.000000,0.000000,0.000000
1233,46,home,mask_home,environment,network_actively,delayed,-0.6498,-0.00000,-0.00000,-0.00000,-0.00000,0.00000,0.000000,-0.000000,0.000000,0.000000,0.000000
1234,46,conference,mask_conference,environment,deep_work,failed,-3.3815,0.00000,-0.00000,0.00000,0.00000,0.00000,0.000000,0.000000,0.000000,0.000000,0.000000
1235,46,conference,mask_conference,environment,take_notes,delayed,-1.8898,0.00000,-0.00000,0.00000,0.00000,0.00000,0.000000,0.000000,0.000000,0.000000,0.000000
1236,46,conference,mask_conference,environment,network_actively,goal_achieved,1.3552,0.00000,-0.00000,0.00000,0.00000,0.00000,0.000000,0.000000,0.000000,0.000000,0.000000
1237,46,conference,mask_conference,environment,deep_work,delayed,-2.2310,0.00000,-0.00000,0.00000,0.00000,0.00000,0.000000,0.000000,0.000000,0.000000,0.000000
1238,46,conference,mask_conference,environment,network_actively,delayed,-0.4475,0.00000,0.00000,-0.00000,-0.00000,0.00000,0.000000,0.000000,-0.000000,-0.000000,0.000000
1239,46,conference,mask_conference,environment,network_actively,goal_achieved,1.3558,0.00000,-0.00000,0.00000,0.00000,0.00000,0.000000,-0.000000,0.000000,0.000000,0.000000
1240,46,conference,mask_conference,environment,network_actively,delayed,-0.4475,0.00000,0.00000,-0.00000,-0.00000,0.00000,0.000000,0.000000,-0.000000,-0.000000,0.000000
1241,46,conference,mask_conference,environment,network_actively,goal_achieved,1.3558,0.00000,-0.00000,0.00000,0.00000,0.00000,0.000000,-0.000000,0.000000,0.000000,0.000000
1242,46,conference,mask_conference,environment,quick_scan,goal_achieved,1.5870,0.00000,-0.00000,0.00000,0.00000,0.00000,0.000000,0.000000,0.000000,0.000000,0.000000
1243,47,work,mask_work,environment,quick_scan,delayed,-0.3048,0.00000,0.00000,-0.00000,-0.00000,-0.00000,0.000000,0.000000,0.000000,0.000000,-0.000000
1244,47,work,mask_work,environment,rest_deeply,delayed,-0.4191,0.00000,0.00000,-0.00000,-0.00000,-0.00000,0.000000,0.000000,0.000000,0.000000,0.000000
1245,47,work,mask_work,environment,network_actively,failed,-1.1307,-0.00000,0.00000,-0.00000,-0.00000,0.00000,-0.000000,0.000000,0.000000,0.000000,0.000000
1246,47,work,mask_work,environment,rest_deeply,goal_achieved,2.8788,-0.00000,-0.00000,-0.00000,-0.00000,0.00000,0.000000,-0.000000,0.000000,0.000000,0.000000
1247,47,work,mask_work,environment,network_actively,goal_achieved,1.2655,0.00000,-0.00000,0.00000,0.00000,-0.00000,0.000000,0.000000,0.000000,0.000000,-0.000000
1248,47,work,mask_work,environment,deep_work,goal_achieved,2.9062,0.00000,0.00000,-0.00000,-0.00000,-0.00000,0.000000,0.000000,-0.000000,-0.000000,0.000000
1249,47,work,mask_work,environment,deep_work,delayed,-0.5235,-0.00000,-0.00000,-0.00000,-0.00000,0.00000,-0.000000,-0.000000,0.000000,0.000000,0.000000
1250,47,work,mask_work,environment,quick_scan,goal_achieved,3.0477,-0.00000,0.00000,-0.00000,-0.00000,0.00000,0.000000,0.000000,0.000000,0.000000,0.000000
1251,47,work,mask_work,environment,quick_scan,goal_achieved,3.0477,-0.00000,0.00000,-0.00000,-0.00000,0.00000,0.000000,0.000000,0.000000,0.000000,0.000000
1252,47,home,mask_home,environment,network_actively,failed,-1.2510,-0.00000,0.00000,-0.00000,-0.00000,0.00000,0.000000,0.000000,0.000000,0.000000,0.000000
1253,47,home,mask_home,environment,network_actively,delayed,-0.6498,-0.00000,-0.00000,-0.00000,-0.00000,0.00000,0.000000,-0.000000,0.000000,0.000000,0.000000
1254,47,home,mask_home,environment,network_actively,failed,-1.2510,-0.00000,0.00000,-0.00000,-0.00000,0.00000,0.000000,0.000000,0.000000,0.000000,0.000000
1255,47,home,mask_home,environment,network_actively,failed,-1.2510,-0.00000,0.00000,-0.00000,-0.00000,0.00000,0.000000,0.000000,0.000000,0.000000,0.000000
1256,47,home,mask_home,environment,network_actively,failed,-1.2510,-0.00000,0.00000,-0.00000,-0.00000,0.00000,0.000000,0.000000,0.000000,0.000000,0.000000
1257,47,home,mask_home,environment,network_actively,goal_achieved,1.1535,-0.00000,-0.00000,0.00000,0.00000,0.00000,0.000000,-0.000000,0.000000,0.000000,0.000000
1258,47,home,mask_home,environment,take_notes,delayed,-0.5578,-0.00000,-0.00000,-0.00000,-0.00000,0.00000,0.000000,0.000000,-0.000000,-0.000000,0.000000
1259,47,home,mask_home,environment,network_actively,goal_achieved,1.1538,-0.00000,-0.00000,0.00000,0.00000,0.00000,0.000000,0.000000,0.000000,0.000000,0.000000
1260,47,home,mask_home,environment,quick_scan,goal_achieved,3.0019,-0.00000,-0.00000,-0.00000,-0.00000,0.00000,0.000000,0.000000,-0.000000,-0.000000,0.000000
1261,47,conference,mask_conference,environment,take_notes,goal_achieved,1.4955,0.00000,-0.00000,0.00000,0.00000,0.00000,0.000000,0.000000,0.000000,0.000000,0.000000
1262,47,conference,mask_conference,environment,tidy_up,failed,-3.2860,0.00000,-0.00000,0.00000,0.00000,0.00000,0.000000,0.000000,0.000000,0.000000,0.000000
1263,47,conference,mask_conference,environment,tidy_up,delayed,-2.1259,0.00000,-0.00000,0.00000,0.00000,0.00000,0.000000,0.000000,0.000000,0.000000,0.000000
1264,47,conference,mask_conference,environment,quick_scan,goal_achieved,1.5837,0.00000,-0.00000,0.00000,0.00000,0.00000,0.000000,0.000000,0.000000,0.000000,0.000000
1265,47,conference,mask_conference,environment,tidy_up,failed,-3.2905,0.00000,-0.00000,0.00000,0.00000,0.00000,0.000000,0.000000,0.000000,0.000000,0.000000
1266,47,conference,mask_conference,environment,rest_deeply,failed,-3.0303,0.00000,-0.00000,0.00000,0.00000,0.00000,0.000000,0.000000,0.000000,0.000000,0.000000
1267,47,conference,mask_conference,environment,network_actively,goal_achieved,1.3489,0.00000,-0.00000,0.00000,0.00000,0.00000,0.000000,0.000000,0.000000,0.000000,0.000000
1268,47,conference,mask_conference,environment,quick_scan,failed,-2.8952,0.00000,-0.00000,0.00000,0.00000,-0.00000,0.000000,0.000000,0.000000,0.000000,-0.000000
1269,47,conference,mask_conference,environment,take_notes,delayed,-1.8759,0.00000,-0.00000,0.00000,0.00000,0.00000,0.000000,0.000000,0.000000,0.000000,0.000000
1270,48,work,mask_work,environment,deep_work,goal_achieved,2.8930,0.00000,0.00000,-0.00000,-0.00000,-0.00000,0.000000,0.000000,0.000000,0.000000,-0.000000
1271,48,work,mask_work,environment,quick_scan,failed,-1.4374,0.00000,0.00000,-0.00000,-0.00000,-0.00000,0.000000,0.000000,0.000000,0.000000,0.000000
1272,48,work,mask_work,environment,quick_scan,goal_achieved,3.0458,-0.00000,0.00000,-0.00000,-0.00000,0.00000,-0.000000,0.000000,0.000000,0.000000,0.000000
1273,48,work,mask_work,environment,take_notes,failed,-1.7217,-0.00000,0.00000,-0.00000,-0.00000,0.00000,0.000000,0.000000,0.000000,0.000000,0.000000
1274,48,work,mask_work,environment,network_actively,failed,-1.1438,-0.00000,0.00000,-0.00000,-0.00000,0.00000,0.000000,0.000000,0.000000,0.000000,0.000000
1275,48,work,mask_work,environment,network_actively,failed,-1.1438,-0.00000,0.00000,-0.00000,-0.00000,0.00000,0.000000,0.000000,0.000000,0.000000,0.000000
1276,48,work,mask_work,environment,take_notes,delayed,-0.5893,-0.00000,0.00000,-0.00000,-0.00000,0.00000,0.000000,0.000000,0.000000,0.000000,0.000000
1277,48,work,mask_work,environment,network_actively,failed,-1.1425,-0.00000,0.00000,-0.00000,-0.00000,0.00000,0.000000,0.000000,0.000000,0.000000,0.000000
1278,48,work,mask_work,environment,network_actively,delayed,-0.5414,0.00000,0.00000,-0.00000,-0.00000,-0.00000,0.000000,0.000000,0.000000,0.000000,-0.000000
1279,48,home,mask_home,environment,tidy_up,goal_achieved,3.1151,-0.00000,0.00000,-0.00000,-0.00000,0.00000,0.000000,0.000000,0.000000,0.000000,0.000000
1280,48,home,mask_home,environment,quick_scan,goal_achieved,2.9983,-0.00000,-0.00000,-0.00000,-0.00000,0.00000,0.000000,-0.000000,0.000000,0.000000,0.000000
1281,48,home,mask_home,environment,tidy_up,delayed,-0.3713,-0.00000,-0.00000,-0.00000,-0.00000,0.00000,0.000000,0.000000,0.000000,0.000000,0.000000
1282,48,home,mask_home,environment,take_notes,failed,-1.7023,-0.00000,-0.00000,-0.00000,-0.00000,0.00000,0.000000,0.000000,0.000000,0.000000,0.000000
1283,48,home,mask_home,environment,network_actively,failed,-1.2557,-0.00000,0.00000,-0.00000,-0.00000,0.00000,0.000000,0.000000,0.000000,0.000000,0.000000
1284,48,home,mask_home,environment,take_notes,failed,-1.7000,-0.00000,-0.00000,-0.00000,-0.00000,0.00000,0.000000,-0.000000,0.000000,0.000000,0.000000
1285,48,home,mask_home,environment,take_notes,failed,-1.7000,-0.00000,-0.00000,-0.00000,-0.00000,0.00000,0.000000,0.000000,0.000000,0.000000,0.000000
1286,48,home,mask_home,environment,rest_deeply,delayed,-0.0037,-0.00000,0.00000,-0.00000,-0.00000,0.00000,0.000000,0.000000,0.000000,0.000000,0.000000
1287,48,home,mask_home,environment,take_notes,failed,-1.6929,-0.00000,-0.00000,-0.00000,-0.00000,0.00000,0.000000,-0.000000,0.000000,0.000000,0.000000
1288,48,conference,mask_conference,environment,rest_deeply,delayed,-1.9183,0.00000,-0.00000,0.00000,0.00000,0.00000,0.000000,0.000000,0.000000,0.000000,0.000000
1289,48,conference,mask_conference,environment,quick_scan,goal_achieved,1.5963,0.00000,-0.00000,0.00000,0.00000,0.00000,0.000000,0.000000,0.000000,0.000000,0.000000
1290,48,conference,mask_conference,environment,quick_scan,goal_achieved,1.5963,0.00000,-0.00000,0.00000,0.00000,0.00000,0.000000,0.000000,0.000000,0.000000,0.000000
1291,48,conference,mask_conference,environment,deep_work,goal_achieved,1.2090,0.00000,-0.00000,0.00000,0.00000,-0.00000,0.000000,0.000000,0.000000,0.000000,-0.000000
1292,48,conference,mask_conference,environment,rest_deeply,goal_achieved,1.3605,-0.00000,-0.00000,0.00000,0.00000,0.00000,-0.000000,0.000000,0.000000,0.000000,0.000000
1293,48,conference,mask_conference,environment,take_notes,delayed,-1.9010,0.00000,-0.00000,0.00000,0.00000,0.00000,0.000000,0.000000,0.000000,0.000000,0.000000
1294,48,conference,mask_conference,environment,network_actively,delayed,-0.4570,0.00000,0.00000,-0.00000,-0.00000,0.00000,0.000000,0.000000,-0.000000,-0.000000,0.000000
1295,48,conference,mask_conference,environment,network_actively,goal_achieved,1.3464,0.00000,-0.00000,0.00000,0.00000,0.00000,0.000000,-0.000000,0.000000,0.000000,0.000000
1296,48,conference,mask_conference,environment,network_actively,goal_achieved,1.3464,0.00000,-0.00000,0.00000,0.00000,0.00000,0.000000,0.000000,0.000000,0.000000,0.000000
1297,49,work,mask_work,environment,deep_work,goal_achieved,2.9106,0.00000,0.00000,-0.00000,-0.00000,-0.00000,0.000000,0.000000,0.000000,0.000000,0.000000
1298,49,work,mask_work,environment,network_actively,failed,-1.1443,-0.00000,0.00000,-0.00000,-0.00000,0.00000,-0.000000,0.000000,0.000000,0.000000,0.000000
1299,49,work,mask_work,environment,quick_scan,goal_achieved,3.0623,-0.00000,0.00000,-0.00000,-0.00000,0.00000,0.000000,0.000000,0.000000,0.000000,0.000000
1300,49,work,mask_work,environment,network_actively,delayed,-0.5490,0.00000,0.00000,-0.00000,-0.00000,0.00000,0.000000,0.000000,0.000000,0.000000,0.000000
1301,49,work,mask_work,environment,network_actively,failed,-1.1501,-0.00000,0.00000,-0.00000,-0.00000,0.00000,-0.000000,0.000000,0.000000,0.000000,0.000000
1302,49,work,mask_work,environment,network_actively,failed,-1.1501,-0.00000,0.00000,-0.00000,-0.00000,0.00000,0.000000,0.000000,0.000000,0.000000,0.000000
1303,49,work,mask_work,environment,network_actively,goal_achieved,1.2544,0.00000,-0.00000,0.00000,0.00000,-0.00000,0.000000,-0.000000,0.000000,0.000000,-0.000000
1304,49,work,mask_work,environment,rest_deeply,failed,-1.5238,0.00000,0.00000,-0.00000,-0.00000,-0.00000,0.000000,0.000000,-0.000000,-0.000000,0.000000
1305,49,work,mask_work,environment,network_actively,failed,-1.1467,-0.00000,0.00000,-0.00000,-0.00000,0.00000,-0.000000,0.000000,0.000000,0.000000,0.000000
1306,49,home,mask_home,environment,quick_scan,failed,-1.4538,-0.00000,0.00000,-0.00000,-0.00000,-0.00000,0.000000,0.000000,0.000000,0.000000,-0.000000
1307,49,home,mask_home,environment,network_actively,failed,-1.2344,-0.00000,0.00000,-0.00000,-0.00000,0.00000,0.000000,0.000000,0.000000,0.000000,0.000000
1308,49,home,mask_home,environment,network_actively,delayed,-0.6333,-0.00000,-0.00000,-0.00000,-0.00000,0.00000,0.000000,-0.000000,0.000000,0.000000,0.000000
1309,49,home,mask_home,environment,tidy_up,delayed,-0.3420,-0.00000,-0.00000,-0.00000,-0.00000,0.00000,0.000000,0.000000,0.000000,0.000000,0.000000
1310,49,home,mask_home,environment,network_actively,failed,-1.2279,-0.00000,0.00000,-0.00000,-0.00000,0.00000,0.000000,0.000000,0.000000,0.000000,0.000000
1311,49,home,mask_home,environment,take_notes,failed,-1.6788,-0.00000,-0.00000,-0.00000,-0.00000,0.00000,0.000000,-0.000000,0.000000,0.000000,0.000000
1312,49,home,mask_home,environment,tidy_up,delayed,-0.3366,-0.00000,-0.00000,-0.00000,-0.00000,0.00000,0.000000,0.000000,0.000000,0.000000,0.000000
1313,49,home,mask_home,environment,network_actively,failed,-1.2187,-0.00000,0.00000,-0.00000,-0.00000,0.00000,0.000000,0.000000,0.000000,0.000000,0.000000
1314,49,home,mask_home,environment,take_notes,goal_achieved,2.8351,-0.00000,0.00000,-0.00000,-0.00000,0.00000,0.000000,0.000000,0.000000,0.000000,0.000000
1315,49,conference,mask_conference,environment,network_actively,delayed,-0.4570,0.00000,0.00000,-0.00000,-0.00000,0.00000,0.000000,0.000000,-0.000000,-0.000000,0.000000
1316,49,conference,mask_conference,environment,tidy_up,failed,-3.2795,0.00000,-0.00000,0.00000,0.00000,0.00000,0.000000,-0.000000,0.000000,0.000000,0.000000
1317,49,conference,mask_conference,environment,rest_deeply,delayed,-1.9142,0.00000,-0.00000,0.00000,0.00000,0.00000,0.000000,0.000000,0.000000,0.000000,0.000000
1318,49,conference,mask_conference,environment,network_actively,goal_achieved,1.3486,0.00000,-0.00000,0.00000,0.00000,0.00000,0.000000,0.000000,0.000000,0.000000,0.000000
1319,49,conference,mask_conference,environment,network_actively,goal_achieved,1.3486,0.00000,-0.00000,0.00000,0.00000,0.00000,0.000000,0.000000,0.000000,0.000000,0.000000
1320,49,conference,mask_conference,environment,network_actively,goal_achieved,1.3486,0.00000,-0.00000,0.00000,0.00000,0.00000,0.000000,0.000000,0.000000,0.000000,0.000000
1321,49,conference,mask_conference,environment,network_actively,goal_achieved,1.3486,0.00000,-0.00000,0.00000,0.00000,0.00000,0.000000,0.000000,0.000000,0.000000,0.000000
1322,49,conference,mask_conference,environment,network_actively,goal_achieved,1.3486,0.00000,-0.00000,0.00000,0.00000,0.00000,0.000000,0.000000,0.000000,0.000000,0.000000
1323,49,conference,mask_conference,environment,network_actively,goal_achieved,1.3486,0.00000,-0.00000,0.00000,0.00000,0.00000,0.000000,0.000000,0.000000,0.000000,0.000000
1324,50,work,mask_work,environment,quick_scan,goal_achieved,3.0665,-0.00000,0.00000,-0.00000,-0.00000,0.00000,0.000000,0.000000,0.000000,0.000000,0.000000
1325,50,work,mask_work,environment,network_actively,failed,-1.1522,-0.00000,0.00000,-0.00000,-0.00000,0.00000,0.000000,0.000000,0.000000,0.000000,0.000000
1326,50,work,mask_work,environment,quick_scan,goal_achieved,3.0694,-0.00000,0.00000,-0.00000,-0.00000,0.00000,0.000000,0.000000,0.000000,0.000000,0.000000
1327,50,work,mask_work,environment,quick_scan,failed,-1.4138,0.00000,0.00000,-0.00000,-0.00000,-0.00000,0.000000,0.000000,0.000000,0.000000,-0.000000
1328,50,work,mask_work,environment,network_actively,delayed,-0.5486,0.00000,0.00000,-0.00000,-0.00000,0.00000,0.000000,0.000000,0.000000,0.000000,0.000000
1329,50,work,mask_work,environment,network_actively,failed,-1.1497,-0.00000,0.00000,-0.00000,-0.00000,0.00000,-0.000000,0.000000,0.000000,0.000000,0.000000
1330,50,work,mask_work,environment,deep_work,delayed,-0.5150,-0.00000,-0.00000,-0.00000,-0.00000,0.00000,0.000000,-0.000000,0.000000,0.000000,0.000000
1331,50,work,mask_work,environment,network_actively,failed,-1.1450,-0.00000,0.00000,-0.00000,-0.00000,0.00000,0.000000,0.000000,0.000000,0.000000,0.000000
1332,50,work,mask_work,environment,tidy_up,delayed,-0.5275,0.00000,0.00000,-0.00000,-0.00000,0.00000,0.000000,0.000000,0.000000,0.000000,0.000000
1333,50,home,mask_home,environment,network_actively,failed,-1.2287,-0.00000,0.00000,-0.00000,-0.00000,0.00000,0.000000,0.000000,0.000000,0.000000,0.000000
1334,50,home,mask_home,environment,network_actively,goal_achieved,1.1758,-0.00000,-0.00000,0.00000,0.00000,0.00000,0.000000,-0.000000,0.000000,0.000000,0.000000
1335,50,home,mask_home,environment,network_actively,failed,-1.2287,-0.00000,0.00000,-0.00000,-0.00000,0.00000,0.000000,0.000000,-0.000000,-0.000000,0.000000
1336,50,home,mask_home,environment,network_actively,goal_achieved,1.1758,-0.00000,-0.00000,0.00000,0.00000,0.00000,0.000000,-0.000000,0.000000,0.000000,0.000000
1337,50,home,mask_home,environment,network_actively,delayed,-0.6276,-0.00000,-0.00000,-0.00000,-0.00000,0.00000,0.000000,0.000000,-0.000000,-0.000000,0.000000
1338,50,home,mask_home,environment,rest_deeply,goal_achieved,3.2963,-0.00000,-0.00000,-0.00000,-0.00000,0.00000,0.000000,0.000000,0.000000,0.000000,0.000000
1339,50,home,mask_home,environment,network_actively,failed,-1.2301,-0.00000,0.00000,-0.00000,-0.00000,0.00000,0.000000,0.000000,0.000000,0.000000,0.000000
1340,50,home,mask_home,environment,deep_work,failed,-1.8045,-0.00000,-0.00000,-0.00000,-0.00000,0.00000,0.000000,-0.000000,0.000000,0.000000,0.000000
1341,50,home,mask_home,environment,rest_deeply,goal_achieved,3.3021,-0.00000,-0.00000,-0.00000,-0.00000,0.00000,0.000000,0.000000,0.000000,0.000000,0.000000
1342,50,conference,mask_conference,environment,quick_scan,failed,-2.8912,0.00000,-0.00000,0.00000,0.00000,-0.00000,0.000000,0.000000,0.000000,0.000000,-0.000000
1343,50,conference,mask_conference,environment,quick_scan,failed,-2.8912,0.00000,-0.00000,0.00000,0.00000,-0.00000,0.000000,0.000000,0.000000,0.000000,0.000000
1344,50,conference,mask_conference,environment,network_actively,goal_achieved,1.3619,0.00000,-0.00000,0.00000,0.00000,0.00000,0.000000,0.000000,0.000000,0.000000,0.000000
1345,50,conference,mask_conference,environment,network_actively,goal_achieved,1.3619,0.00000,-0.00000,0.00000,0.00000,0.00000,0.000000,0.000000,0.000000,0.000000,0.000000
1346,50,conference,mask_conference,environment,deep_work,failed,-3.3502,0.00000,-0.00000,0.00000,0.00000,0.00000,0.000000,0.000000,0.000000,0.000000,0.000000
1347,50,conference,mask_conference,environment,tidy_up,delayed,-2.1130,0.00000,-0.00000,0.00000,0.00000,0.00000,0.000000,0.000000,0.000000,0.000000,0.000000
1348,50,conference,mask_conference,environment,network_actively,goal_achieved,1.3642,0.00000,-0.00000,0.00000,0.00000,0.00000,0.000000,0.000000,0.000000,0.000000,0.000000
1349,50,conference,mask_conference,environment,network_actively,goal_achieved,1.3642,0.00000,-0.00000,0.00000,0.00000,0.00000,0.000000,0.000000,0.000000,0.000000,0.000000
1350,50,conference,mask_conference,environment,network_actively,goal_achieved,1.3642,0.00000,-0.00000,0.00000,0.00000,0.00000,0.000000,0.000000,0.000000,0.000000,0.000000
1351,51,work,mask_work,environment,network_actively,delayed,-0.5416,0.00000,0.00000,-0.00000,-0.00000,0.00000,0.000000,0.000000,0.000000,0.000000,0.000000
1352,51,work,mask_work,environment,network_actively,delayed,-0.5416,0.00000,0.00000,-0.00000,-0.00000,0.00000,0.000000,0.000000,0.000000,0.000000,0.000000
1353,51,work,mask_work,environment,network_actively,goal_achieved,1.2617,0.00000,-0.00000,0.00000,0.00000,-0.00000,0.000000,-0.000000,0.000000,0.000000,-0.000000
1354,51,work,mask_work,environment,tidy_up,delayed,-0.5349,0.00000,0.00000,-0.00000,-0.00000,0.00000,0.000000,0.000000,-0.000000,-0.000000,0.000000
1355,51,work,mask_work,environment,rest_deeply,delayed,-0.4156,0.00000,0.00000,-0.00000,-0.00000,0.00000,0.000000,0.000000,0.000000,0.000000,0.000000
1356,51,work,mask_work,environment,network_actively,goal_achieved,1.2643,0.00000,-0.00000,0.00000,0.00000,-0.00000,0.000000,-0.000000,0.000000,0.000000,-0.000000
1357,51,work,mask_work,environment,quick_scan,goal_achieved,3.0695,-0.00000,0.00000,-0.00000,-0.00000,0.00000,-0.000000,0.000000,-0.000000,-0.000000,0.000000
1358,51,work,mask_work,environment,deep_work,goal_achieved,2.9021,0.00000,0.00000,-0.00000,-0.00000,-0.00000,0.000000,0.000000,0.000000,0.000000,-0.000000
1359,51,work,mask_work,environment,network_actively,failed,-1.1470,-0.00000,0.00000,-0.00000,-0.00000,0.00000,-0.000000,0.000000,0.000000,0.000000,0.000000
1360,51,home,mask_home,environment,network_actively,delayed,-0.6268,-0.00000,-0.00000,-0.00000,-0.00000,0.00000,0.000000,0.000000,0.000000,0.000000,0.000000
1361,51,home,mask_home,environment,take_notes,failed,-1.6817,-0.00000,-0.00000,-0.00000,-0.00000,0.00000,0.000000,0.000000,0.000000,0.000000,0.000000
1362,51,home,mask_home,environment,network_actively,delayed,-0.6236,-0.00000,-0.00000,-0.00000,-0.00000,0.00000,0.000000,0.000000,0.000000,0.000000,0.000000
1363,51,home,mask_home,environment,rest_deeply,goal_achieved,3.3042,-0.00000,-0.00000,-0.00000,-0.00000,0.00000,0.000000,0.000000,0.000000,0.000000,0.000000
1364,51,home,mask_home,environment,network_actively,failed,-1.2260,-0.00000,0.00000,-0.00000,-0.00000,0.00000,0.000000,0.000000,0.000000,0.000000,0.000000
1365,51,home,mask_home,environment,network_actively,goal_achieved,1.1785,-0.00000,-0.00000,0.00000,0.00000,0.00000,0.000000,-0.000000,0.000000,0.000000,0.000000
1366,51,home,mask_home,environment,rest_deeply,delayed,0.0029,-0.00000,0.00000,-0.00000,-0.00000,0.00000,0.000000,0.000000,-0.000000,-0.000000,0.000000
1367,51,home,mask_home,environment,network_actively,failed,-1.2194,-0.00000,0.00000,-0.00000,-0.00000,0.00000,0.000000,0.000000,0.000000,0.000000,0.000000
1368,51,home,mask_home,environment,tidy_up,delayed,-0.3517,-0.00000,-0.00000,-0.00000,-0.00000,0.00000,0.000000,-0.000000,0.000000,0.000000,0.000000
1369,51,conference,mask_conference,environment,deep_work,delayed,-2.2118,0.00000,-0.00000,0.00000,0.00000,0.00000,0.000000,0.000000,0.000000,0.000000,0.000000
1370,51,conference,mask_conference,environment,network_actively,goal_achieved,1.3649,0.00000,-0.00000,0.00000,0.00000,0.00000,0.000000,0.000000,0.000000,0.000000,0.000000
1371,51,conference,mask_conference,environment,network_actively,goal_achieved,1.3649,0.00000,-0.00000,0.00000,0.00000,0.00000,0.000000,0.000000,0.000000,0.000000,0.000000
1372,51,conference,mask_conference,environment,network_actively,goal_achieved,1.3649,0.00000,-0.00000,0.00000,0.00000,0.00000,0.000000,0.000000,0.000000,0.000000,0.000000
1373,51,conference,mask_conference,environment,network_actively,goal_achieved,1.3649,0.00000,-0.00000,0.00000,0.00000,0.00000,0.000000,0.000000,0.000000,0.000000,0.000000
1374,51,conference,mask_conference,environment,quick_scan,failed,-2.8997,0.00000,-0.00000,0.00000,0.00000,-0.00000,0.000000,0.000000,0.000000,0.000000,-0.000000
1375,51,conference,mask_conference,environment,network_actively,goal_achieved,1.3711,0.00000,-0.00000,0.00000,0.00000,0.00000,0.000000,0.000000,0.000000,0.000000,0.000000
1376,51,conference,mask_conference,environment,network_actively,goal_achieved,1.3711,0.00000,-0.00000,0.00000,0.00000,0.00000,0.000000,0.000000,0.000000,0.000000,0.000000
1377,51,conference,mask_conference,environment,rest_deeply,goal_achieved,1.3811,-0.00000,-0.00000,0.00000,0.00000,0.00000,-0.000000,0.000000,0.000000,0.000000,0.000000
1378,52,work,mask_work,environment,rest_deeply,failed,-1.5257,0.00000,0.00000,-0.00000,-0.00000,-0.00000,0.000000,0.000000,0.000000,0.000000,-0.000000
1379,52,work,mask_work,environment,quick_scan,goal_achieved,3.0737,-0.00000,0.00000,-0.00000,-0.00000,0.00000,-0.000000,0.000000,0.000000,0.000000,0.000000
1380,52,work,mask_work,environment,tidy_up,failed,-1.7078,0.00000,0.00000,-0.00000,-0.00000,0.00000,0.000000,0.000000,0.000000,0.000000,0.000000
1381,52,work,mask_work,environment,tidy_up,goal_achieved,2.9326,-0.00000,0.00000,-0.00000,-0.00000,-0.00000,-0.000000,0.000000,0.000000,0.000000,-0.000000
1382,52,work,mask_work,environment,network_actively,failed,-1.1511,-0.00000,0.00000,-0.00000,-0.00000,0.00000,0.000000,0.000000,0.000000,0.000000,0.000000
1383,52,work,mask_work,environment,network_actively,failed,-1.1511,-0.00000,0.00000,-0.00000,-0.00000,0.00000,0.000000,0.000000,0.000000,0.000000,0.000000
1384,52,work,mask_work,environment,rest_deeply,failed,-1.5275,0.00000,0.00000,-0.00000,-0.00000,-0.00000,0.000000,0.000000,0.000000,0.000000,-0.000000
1385,52,work,mask_work,environment,network_actively,goal_achieved,1.2566,0.00000,-0.00000,0.00000,0.00000,-0.00000,0.000000,-0.000000,0.000000,0.000000,0.000000
1386,52,work,mask_work,environment,tidy_up,goal_achieved,2.9337,-0.00000,0.00000,-0.00000,-0.00000,-0.00000,-0.000000,0.000000,-0.000000,-0.000000,0.000000
1387,52,home,mask_home,environment,quick_scan,goal_achieved,3.0396,-0.00000,-0.00000,-0.00000,-0.00000,0.00000,0.000000,0.000000,0.000000,0.000000,0.000000
1388,52,home,mask_home,environment,network_actively,delayed,-0.6185,-0.00000,-0.00000,-0.00000,-0.00000,0.00000,0.000000,0.000000,0.000000,0.000000,0.000000
1389,52,home,mask_home,environment,deep_work,delayed,-0.6599,-0.00000,-0.00000,-0.00000,-0.00000,0.00000,0.000000,0.000000,0.000000,0.000000,0.000000
1390,52,home,mask_home,environment,tidy_up,delayed,-0.3577,-0.00000,-0.00000,-0.00000,-0.00000,0.00000,0.000000,0.000000,0.000000,0.000000,0.000000
1391,52,home,mask_home,environment,quick_scan,delayed,-0.3176,-0.00000,-0.00000,-0.00000,-0.00000,0.00000,0.000000,0.000000,0.000000,0.000000,0.000000
1392,52,home,mask_home,environment,network_actively,delayed,-0.6117,-0.00000,-0.00000,-0.00000,-0.00000,0.00000,0.000000,0.000000,0.000000,0.000000,0.000000
1393,52,home,mask_home,environment,network_actively,failed,-1.2128,-0.00000,0.00000,-0.00000,-0.00000,0.00000,0.000000,0.000000,0.000000,0.000000,0.000000
1394,52,home,mask_home,environment,rest_deeply,goal_achieved,3.3079,-0.00000,-0.00000,-0.00000,-0.00000,0.00000,0.000000,-0.000000,0.000000,0.000000,0.000000
1395,52,home,mask_home,environment,take_notes,failed,-1.6745,-0.00000,-0.00000,-0.00000,-0.00000,0.00000,0.000000,0.000000,0.000000,0.000000,0.000000
1396,52,conference,mask_conference,environment,quick_scan,goal_achieved,1.5722,0.00000,-0.00000,0.00000,0.00000,0.00000,0.000000,0.000000,0.000000,0.000000,0.000000
1397,52,conference,mask_conference,environment,network_actively,goal_achieved,1.3582,0.00000,-0.00000,0.00000,0.00000,0.00000,0.000000,0.000000,0.000000,0.000000,0.000000
1398,52,conference,mask_conference,environment,rest_deeply,goal_achieved,1.3757,-0.00000,-0.00000,0.00000,0.00000,0.00000,-0.000000,0.000000,0.000000,0.000000,0.000000
1399,52,conference,mask_conference,environment,network_actively,goal_achieved,1.3498,0.00000,-0.00000,0.00000,0.00000,0.00000,0.000000,0.000000,0.000000,0.000000,0.000000
1400,52,conference,mask_conference,environment,quick_scan,goal_achieved,1.5614,0.00000,-0.00000,0.00000,0.00000,0.00000,0.000000,0.000000,0.000000,0.000000,0.000000
1401,52,conference,mask_conference,environment,network_actively,goal_achieved,1.3458,0.00000,-0.00000,0.00000,0.00000,0.00000,0.000000,0.000000,0.000000,0.000000,0.000000
1402,52,conference,mask_conference,environment,quick_scan,goal_achieved,1.5602,0.00000,-0.00000,0.00000,0.00000,0.00000,0.000000,0.000000,0.000000,0.000000,0.000000
1403,52,conference,mask_conference,environment,quick_scan,goal_achieved,1.5602,0.00000,-0.00000,0.00000,0.00000,0.00000,0.000000,0.000000,0.000000,0.000000,0.000000
1404,52,conference,mask_conference,environment,network_actively,goal_achieved,1.3382,0.00000,-0.00000,0.00000,0.00000,0.00000,0.000000,0.000000,0.000000,0.000000,0.000000
1405,53,work,mask_work,environment,network_actively,goal_achieved,1.2494,0.00000,-0.00000,0.00000,0.00000,-0.00000,0.000000,-0.000000,0.000000,0.000000,0.000000
1406,53,work,mask_work,environment,network_actively,failed,-1.1551,-0.00000,0.00000,-0.00000,-0.00000,0.00000,-0.000000,0.000000,-0.000000,-0.000000,0.000000
1407,53,work,mask_work,environment,network_actively,failed,-1.1551,-0.00000,0.00000,-0.00000,-0.00000,0.00000,0.000000,0.000000,0.000000,0.000000,0.000000
1408,53,work,mask_work,environment,rest_deeply,failed,-1.5442,0.00000,0.00000,-0.00000,-0.00000,-0.00000,0.000000,0.000000,0.000000,0.000000,-0.000000
1409,53,work,mask_work,environment,network_actively,goal_achieved,1.2525,0.00000,-0.00000,0.00000,0.00000,-0.00000,0.000000,-0.000000,0.000000,0.000000,0.000000
1410,53,work,mask_work,environment,network_actively,failed,-1.1520,-0.00000,0.00000,-0.00000,-0.00000,0.00000,-0.000000,0.000000,-0.000000,-0.000000,0.000000
1411,53,work,mask_work,environment,network_actively,failed,-1.1520,-0.00000,0.00000,-0.00000,-0.00000,0.00000,0.000000,0.000000,0.000000,0.000000,0.000000
1412,53,work,mask_work,environment,tidy_up,failed,-1.7077,0.00000,0.00000,-0.00000,-0.00000,0.00000,0.000000,0.000000,0.000000,0.000000,0.000000
1413,53,work,mask_work,environment,deep_work,goal_achieved,2.8988,0.00000,0.00000,-0.00000,-0.00000,-0.00000,0.000000,0.000000,0.000000,0.000000,-0.000000
1414,53,home,mask_home,environment,network_actively,failed,-1.2111,-0.00000,0.00000,-0.00000,-0.00000,0.00000,0.000000,0.000000,0.000000,0.000000,0.000000
1415,53,home,mask_home,environment,network_actively,failed,-1.2111,-0.00000,0.00000,-0.00000,-0.00000,0.00000,0.000000,0.000000,0.000000,0.000000,0.000000
1416,53,home,mask_home,environment,tidy_up,delayed,-0.3488,-0.00000,-0.00000,-0.00000,-0.00000,0.00000,0.000000,-0.000000,0.000000,0.000000,0.000000
1417,53,home,mask_home,environment,take_notes,goal_achieved,2.8403,-0.00000,0.00000,-0.00000,-0.00000,0.00000,0.000000,0.000000,0.000000,0.000000,0.000000
1418,53,home,mask_home,environment,network_actively,delayed,-0.6143,-0.00000,-0.00000,-0.00000,-0.00000,0.00000,0.000000,-0.000000,0.000000,0.000000,0.000000
1419,53,home,mask_home,environment,network_actively,failed,-1.2154,-0.00000,0.00000,-0.00000,-0.00000,0.00000,0.000000,0.000000,0.000000,0.000000,0.000000
1420,53,home,mask_home,environment,network_actively,delayed,-0.6143,-0.00000,-0.00000,-0.00000,-0.00000,0.00000,0.000000,-0.000000,0.000000,0.000000,0.000000
1421,53,home,mask_home,environment,take_notes,failed,-1.6642,-0.00000,-0.00000,-0.00000,-0.00000,0.00000,0.000000,0.000000,0.000000,0.000000,0.000000
1422,53,home,mask_home,environment,take_notes,failed,-1.6642,-0.00000,-0.00000,-0.00000,-0.00000,0.00000,0.000000,0.000000,0.000000,0.000000,0.000000
1423,53,conference,mask_conference,environment,tidy_up,delayed,-2.1552,0.00000,-0.00000,0.00000,0.00000,0.00000,0.000000,0.000000,0.000000,0.000000,0.000000
1424,53,conference,mask_conference,environment,network_actively,goal_achieved,1.3372,0.00000,-0.00000,0.00000,0.00000,0.00000,0.000000,0.000000,0.000000,0.000000,0.000000
1425,53,conference,mask_conference,environment,quick_scan,delayed,-1.8055,0.00000,-0.00000,0.00000,0.00000,-0.00000,0.000000,0.000000,0.000000,0.000000,-0.000000
1426,53,conference,mask_conference,environment,network_actively,goal_achieved,1.3407,0.00000,-0.00000,0.00000,0.00000,0.00000,0.000000,0.000000,0.000000,0.000000,0.000000
1427,53,conference,mask_conference,environment,tidy_up,failed,-3.3141,0.00000,-0.00000,0.00000,0.00000,0.00000,0.000000,0.000000,0.000000,0.000000,0.000000
1428,53,conference,mask_conference,environment,network_actively,goal_achieved,1.3423,0.00000,-0.00000,0.00000,0.00000,0.00000,0.000000,0.000000,0.000000,0.000000,0.000000
1429,53,conference,mask_conference,environment,network_actively,delayed,-0.4611,0.00000,0.00000,-0.00000,-0.00000,0.00000,0.000000,0.000000,-0.000000,-0.000000,0.000000
1430,53,conference,mask_conference,environment,network_actively,delayed,-0.4611,0.00000,0.00000,-0.00000,-0.00000,0.00000,0.000000,0.000000,0.000000,0.000000,0.000000
1431,53,conference,mask_conference,environment,network_actively,goal_achieved,1.3423,0.00000,-0.00000,0.00000,0.00000,0.00000,0.000000,-0.000000,0.000000,0.000000,0.000000
1432,54,work,mask_work,environment,network_actively,failed,-1.1489,-0.00000,0.00000,-0.00000,-0.00000,0.00000,-0.000000,0.000000,0.000000,0.000000,0.000000
1433,54,work,mask_work,environment,network_actively,failed,-1.1489,-0.00000,0.00000,-0.00000,-0.00000,0.00000,0.000000,0.000000,0.000000,0.000000,0.000000
1434,54,work,mask_work,environment,quick_scan,delayed,-0.2897,0.00000,0.00000,-0.00000,-0.00000,-0.00000,0.000000,0.000000,0.000000,0.000000,-0.000000
1435,54,work,mask_work,environment,rest_deeply,failed,-1.5334,0.00000,0.00000,-0.00000,-0.00000,-0.00000,0.000000,0.000000,0.000000,0.000000,0.000000
1436,54,work,mask_work,environment,network_actively,goal_achieved,1.2628,0.00000,-0.00000,0.00000,0.00000,-0.00000,0.000000,-0.000000,0.000000,0.000000,0.000000
1437,54,work,mask_work,environment,rest_deeply,goal_achieved,2.8525,-0.00000,-0.00000,-0.00000,-0.00000,0.00000,-0.000000,0.000000,-0.000000,-0.000000,0.000000
1438,54,work,mask_work,environment,quick_scan,delayed,-0.3015,0.00000,0.00000,-0.00000,-0.00000,-0.00000,0.000000,0.000000,0.000000,0.000000,-0.000000
1439,54,work,mask_work,environment,network_actively,failed,-1.1451,-0.00000,0.00000,-0.00000,-0.00000,0.00000,-0.000000,0.000000,0.000000,0.000000,0.000000
1440,54,work,mask_work,environment,quick_scan,goal_achieved,3.0636,-0.00000,0.00000,-0.00000,-0.00000,0.00000,0.000000,0.000000,0.000000,0.000000,0.000000
1441,54,home,mask_home,environment,network_actively,failed,-1.2095,-0.00000,0.00000,-0.00000,-0.00000,0.00000,0.000000,0.000000,0.000000,0.000000,0.000000
1442,54,home,mask_home,environment,tidy_up,goal_achieved,3.1314,-0.00000,0.00000,-0.00000,-0.00000,0.00000,0.000000,0.000000,0.000000,0.000000,0.000000
1443,54,home,mask_home,environment,network_actively,delayed,-0.6122,-0.00000,-0.00000,-0.00000,-0.00000,0.00000,0.000000,-0.000000,0.000000,0.000000,0.000000
1444,54,home,mask_home,environment,tidy_up,delayed,-0.3494,-0.00000,-0.00000,-0.00000,-0.00000,0.00000,0.000000,0.000000,0.000000,0.000000,0.000000
1445,54,home,mask_home,environment,quick_scan,failed,-1.4255,-0.00000,0.00000,-0.00000,-0.00000,-0.00000,0.000000,0.000000,0.000000,0.000000,-0.000000
1446,54,home,mask_home,environment,rest_deeply,goal_achieved,3.3237,-0.00000,-0.00000,-0.00000,-0.00000,0.00000,0.000000,-0.000000,0.000000,0.000000,0.000000
1447,54,home,mask_home,environment,quick_scan,delayed,-0.3060,-0.00000,-0.00000,-0.00000,-0.00000,0.00000,0.000000,0.000000,0.000000,0.000000,0.000000
1448,54,home,mask_home,environment,network_actively,failed,-1.2056,-0.00000,0.00000,-0.00000,-0.00000,0.00000,0.000000,0.000000,0.000000,0.000000,0.000000
1449,54,home,mask_home,environment,quick_scan,failed,-1.4247,-0.00000,0.00000,-0.00000,-0.00000,-0.00000,0.000000,0.000000,0.000000,0.000000,-0.000000
1450,54,conference,mask_conference,environment,deep_work,delayed,-2.2388,0.00000,-0.00000,0.00000,0.00000,0.00000,0.000000,0.000000,0.000000,0.000000,0.000000
1451,54,conference,mask_conference,environment,network_actively,goal_achieved,1.3429,0.00000,-0.00000,0.00000,0.00000,0.00000,0.000000,0.000000,0.000000,0.000000,0.000000
1452,54,conference,mask_conference,environment,rest_deeply,goal_achieved,1.3720,-0.00000,-0.00000,0.00000,0.00000,0.00000,-0.000000,0.000000,0.000000,0.000000,0.000000
1453,54,conference,mask_conference,environment,deep_work,delayed,-2.2481,0.00000,-0.00000,0.00000,0.00000,0.00000,0.000000,0.000000,0.000000,0.000000,0.000000
1454,54,conference,mask_conference,environment,network_actively,goal_achieved,1.3354,0.00000,-0.00000,0.00000,0.00000,0.00000,0.000000,0.000000,0.000000,0.000000,0.000000
1455,54,conference,mask_conference,environment,tidy_up,failed,-3.3131,0.00000,-0.00000,0.00000,0.00000,0.00000,0.000000,0.000000,0.000000,0.000000,0.000000
1456,54,conference,mask_conference,environment,network_actively,delayed,-0.4665,0.00000,0.00000,-0.00000,-0.00000,0.00000,0.000000,0.000000,-0.000000,-0.000000,0.000000
1457,54,conference,mask_conference,environment,network_actively,goal_achieved,1.3369,0.00000,-0.00000,0.00000,0.00000,0.00000,0.000000,-0.000000,0.000000,0.000000,0.000000
1458,54,conference,mask_conference,environment,deep_work,goal_achieved,1.1870,0.00000,-0.00000,0.00000,0.00000,-0.00000,0.000000,0.000000,0.000000,0.000000,-0.000000
1459,55,work,mask_work,environment,rest_deeply,failed,-1.5386,0.00000,0.00000,-0.00000,-0.00000,-0.00000,0.000000,0.000000,0.000000,0.000000,-0.000000
1460,55,work,mask_work,environment,network_actively,goal_achieved,1.2578,0.00000,-0.00000,0.00000,0.00000,-0.00000,0.000000,-0.000000,0.000000,0.000000,0.000000
1461,55,work,mask_work,environment,deep_work,goal_achieved,2.8944,0.00000,0.00000,-0.00000,-0.00000,-0.00000,0.000000,0.000000,-0.000000,-0.000000,0.000000
1462,55,work,mask_work,environment,network_actively,delayed,-0.5473,0.00000,0.00000,-0.00000,-0.00000,0.00000,0.000000,0.000000,0.000000,0.000000,0.000000
1463,55,work,mask_work,environment,network_actively,failed,-1.1484,-0.00000,0.00000,-0.00000,-0.00000,0.00000,-0.000000,0.000000,0.000000,0.000000,0.000000
1464,55,work,mask_work,environment,take_notes,delayed,-0.6019,-0.00000,0.00000,-0.00000,-0.00000,0.00000,0.000000,0.000000,0.000000,0.000000,0.000000
1465,55,work,mask_work,environment,quick_scan,goal_achieved,3.0616,-0.00000,0.00000,-0.00000,-0.00000,0.00000,0.000000,0.000000,0.000000,0.000000,0.000000
1466,55,work,mask_work,environment,deep_work,goal_achieved,2.8941,0.00000,0.00000,-0.00000,-0.00000,-0.00000,0.000000,0.000000,0.000000,0.000000,-0.000000
1467,55,work,mask_work,environment,rest_deeply,delayed,-0.4511,0.00000,0.00000,-0.00000,-0.00000,0.00000,0.000000,0.000000,0.000000,0.000000,0.000000
1468,55,home,mask_home,environment,rest_deeply,goal_achieved,3.3301,-0.00000,-0.00000,-0.00000,-0.00000,0.00000,0.000000,-0.000000,0.000000,0.000000,0.000000
1469,55,home,mask_home,environment,deep_work,delayed,-0.6335,-0.00000,-0.00000,-0.00000,-0.00000,0.00000,0.000000,0.000000,0.000000,0.000000,0.000000
1470,55,home,mask_home,environment,quick_scan,delayed,-0.3049,-0.00000,-0.00000,-0.00000,-0.00000,0.00000,0.000000,0.000000,0.000000,0.000000,0.000000
1471,55,home,mask_home,environment,deep_work,failed,-1.7758,-0.00000,-0.00000,-0.00000,-0.00000,0.00000,0.000000,0.000000,0.000000,0.000000,0.000000
1472,55,home,mask_home,environment,network_actively,failed,-1.1993,-0.00000,0.00000,-0.00000,-0.00000,0.00000,0.000000,0.000000,0.000000,0.000000,0.000000
1473,55,home,mask_home,environment,network_actively,delayed,-0.5981,-0.00000,-0.00000,-0.00000,-0.00000,0.00000,0.000000,-0.000000,0.000000,0.000000,0.000000
1474,55,home,mask_home,environment,take_notes,goal_achieved,2.8569,-0.00000,0.00000,-0.00000,-0.00000,0.00000,0.000000,0.000000,0.000000,0.000000,0.000000
1475,55,home,mask_home,environment,network_actively,failed,-1.2078,-0.00000,0.00000,-0.00000,-0.00000,0.00000,0.000000,0.000000,0.000000,0.000000,0.000000
1476,55,home,mask_home,environment,network_actively,failed,-1.2078,-0.00000,0.00000,-0.00000,-0.00000,0.00000,0.000000,0.000000,0.000000,0.000000,0.000000
1477,55,conference,mask_conference,environment,network_actively,delayed,-0.4732,0.00000,0.00000,-0.00000,-0.00000,0.00000,0.000000,0.000000,-0.000000,-0.000000,0.000000
1478,55,conference,mask_conference,environment,network_actively,goal_achieved,1.3302,0.00000,-0.00000,0.00000,0.00000,0.00000,0.000000,-0.000000,0.000000,0.000000,0.000000
1479,55,conference,mask_conference,environment,quick_scan,delayed,-1.7995,0.00000,-0.00000,0.00000,0.00000,-0.00000,0.000000,0.000000,0.000000,0.000000,-0.000000
1480,55,conference,mask_conference,environment,network_actively,goal_achieved,1.3335,0.00000,-0.00000,0.00000,0.00000,0.00000,0.000000,0.000000,0.000000,0.000000,0.000000
1481,55,conference,mask_conference,environment,rest_deeply,delayed,-1.9167,0.00000,-0.00000,0.00000,0.00000,0.00000,0.000000,0.000000,0.000000,0.000000,0.000000
1482,55,conference,mask_conference,environment,network_actively,goal_achieved,1.3345,0.00000,-0.00000,0.00000,0.00000,0.00000,0.000000,0.000000,0.000000,0.000000,0.000000
1483,55,conference,mask_conference,environment,deep_work,goal_achieved,1.1939,0.00000,-0.00000,0.00000,0.00000,-0.00000,0.000000,0.000000,0.000000,0.000000,-0.000000
1484,55,conference,mask_conference,environment,network_actively,goal_achieved,1.3281,0.00000,-0.00000,0.00000,0.00000,0.00000,0.000000,0.000000,0.000000,0.000000,0.000000
1485,55,conference,mask_conference,environment,rest_deeply,failed,-3.0237,0.00000,-0.00000,0.00000,0.00000,0.00000,0.000000,0.000000,0.000000,0.000000,0.000000
1486,56,work,mask_work,environment,network_actively,failed,-1.1529,-0.00000,0.00000,-0.00000,-0.00000,0.00000,-0.000000,0.000000,0.000000,0.000000,0.000000
1487,56,work,mask_work,environment,network_actively,delayed,-0.5517,0.00000,0.00000,-0.00000,-0.00000,0.00000,0.000000,0.000000,0.000000,0.000000,0.000000
1488,56,work,mask_work,environment,network_actively,failed,-1.1529,-0.00000,0.00000,-0.00000,-0.00000,0.00000,-0.000000,0.000000,0.000000,0.000000,0.000000
1489,56,work,mask_work,environment,network_actively,delayed,-0.5517,0.00000,0.00000,-0.00000,-0.00000,0.00000,0.000000,0.000000,0.000000,0.000000,0.000000
1490,56,work,mask_work,environment,network_actively,failed,-1.1529,-0.00000,0.00000,-0.00000,-0.00000,0.00000,-0.000000,0.000000,0.000000,0.000000,0.000000
1491,56,work,mask_work,environment,network_actively,failed,-1.1529,-0.00000,0.00000,-0.00000,-0.00000,0.00000,0.000000,0.000000,0.000000,0.000000,0.000000
1492,56,work,mask_work,environment,network_actively,failed,-1.1529,-0.00000,0.00000,-0.00000,-0.00000,0.00000,0.000000,0.000000,0.000000,0.000000,0.000000
1493,56,work,mask_work,environment,rest_deeply,delayed,-0.4379,0.00000,0.00000,-0.00000,-0.00000,0.00000,0.000000,0.000000,0.000000,0.000000,0.000000
1494,56,work,mask_work,environment,network_actively,failed,-1.1525,-0.00000,0.00000,-0.00000,-0.00000,0.00000,-0.000000,0.000000,0.000000,0.000000,0.000000
1495,56,home,mask_home,environment,rest_deeply,goal_achieved,3.3316,-0.00000,-0.00000,-0.00000,-0.00000,0.00000,0.000000,-0.000000,0.000000,0.000000,0.000000
1496,56,home,mask_home,environment,network_actively,failed,-1.2090,-0.00000,0.00000,-0.00000,-0.00000,0.00000,0.000000,0.000000,0.000000,0.000000,0.000000
1497,56,home,mask_home,environment,tidy_up,goal_achieved,3.1404,-0.00000,0.00000,-0.00000,-0.00000,0.00000,0.000000,0.000000,0.000000,0.000000,0.000000
1498,56,home,mask_home,environment,network_actively,failed,-1.2126,-0.00000,0.00000,-0.00000,-0.00000,0.00000,0.000000,0.000000,0.000000,0.000000,0.000000
1499,56,home,mask_home,environment,tidy_up,delayed,-0.3380,-0.00000,-0.00000,-0.00000,-0.00000,0.00000,0.000000,-0.000000,0.000000,0.000000,0.000000
1500,56,home,mask_home,environment,rest_deeply,goal_achieved,3.3362,-0.00000,-0.00000,-0.00000,-0.00000,0.00000,0.000000,0.000000,0.000000,0.000000,0.000000
1501,56,home,mask_home,environment,quick_scan,goal_achieved,3.0600,-0.00000,-0.00000,-0.00000,-0.00000,0.00000,0.000000,0.000000,0.000000,0.000000,0.000000
1502,56,home,mask_home,environment,quick_scan,failed,-1.4231,-0.00000,0.00000,-0.00000,-0.00000,-0.00000,0.000000,0.000000,0.000000,0.000000,-0.000000
1503,56,home,mask_home,environment,network_actively,failed,-1.2117,-0.00000,0.00000,-0.00000,-0.00000,0.00000,0.000000,0.000000,0.000000,0.000000,0.000000
1504,56,conference,mask_conference,environment,tidy_up,delayed,-2.1517,0.00000,-0.00000,0.00000,0.00000,0.00000,0.000000,0.000000,0.000000,0.000000,0.000000
1505,56,conference,mask_conference,environment,network_actively,delayed,-0.4724,0.00000,0.00000,-0.00000,-0.00000,0.00000,0.000000,0.000000,-0.000000,-0.000000,0.000000
1506,56,conference,mask_conference,environment,network_actively,goal_achieved,1.3309,0.00000,-0.00000,0.00000,0.00000,0.00000,0.000000,-0.000000,0.000000,0.000000,0.000000
1507,56,conference,mask_conference,environment,network_actively,goal_achieved,1.3309,0.00000,-0.00000,0.00000,0.00000,0.00000,0.000000,0.000000,0.000000,0.000000,0.000000
1508,56,conference,mask_conference,environment,rest_deeply,failed,-3.0211,0.00000,-0.00000,0.00000,0.00000,0.00000,0.000000,0.000000,0.000000,0.000000,0.000000
1509,56,conference,mask_conference,environment,network_actively,goal_achieved,1.3346,0.00000,-0.00000,0.00000,0.00000,0.00000,0.000000,0.000000,0.000000,0.000000,0.000000
1510,56,conference,mask_conference,environment,network_actively,goal_achieved,1.3346,0.00000,-0.00000,0.00000,0.00000,0.00000,0.000000,0.000000,0.000000,0.000000,0.000000
1511,56,conference,mask_conference,environment,network_actively,goal_achieved,1.3346,0.00000,-0.00000,0.00000,0.00000,0.00000,0.000000,0.000000,0.000000,0.000000,0.000000
1512,56,conference,mask_conference,environment,deep_work,delayed,-2.2304,0.00000,-0.00000,0.00000,0.00000,0.00000,0.000000,0.000000,0.000000,0.000000,0.000000
1513,57,work,mask_work,environment,network_actively,failed,-1.1525,-0.00000,0.00000,-0.00000,-0.00000,0.00000,0.000000,0.000000,0.000000,0.000000,0.000000
1514,57,work,mask_work,environment,take_notes,failed,-1.7154,-0.00000,0.00000,-0.00000,-0.00000,0.00000,0.000000,0.000000,0.000000,0.000000,0.000000
1515,57,work,mask_work,environment,network_actively,failed,-1.1481,-0.00000,0.00000,-0.00000,-0.00000,0.00000,0.000000,0.000000,0.000000,0.000000,0.000000
1516,57,work,mask_work,environment,take_notes,goal_achieved,2.7927,0.00000,0.00000,-0.00000,-0.00000,-0.00000,0.000000,0.000000,0.000000,0.000000,-0.000000
1517,57,work,mask_work,environment,network_actively,goal_achieved,1.2478,0.00000,-0.00000,0.00000,0.00000,-0.00000,0.000000,-0.000000,0.000000,0.000000,0.000000
1518,57,work,mask_work,environment,network_actively,failed,-1.1567,-0.00000,0.00000,-0.00000,-0.00000,0.00000,-0.000000,0.000000,-0.000000,-0.000000,0.000000
1519,57,work,mask_work,environment,network_actively,goal_achieved,1.2478,0.00000,-0.00000,0.00000,0.00000,-0.00000,0.000000,-0.000000,0.000000,0.000000,-0.000000
1520,57,work,mask_work,environment,network_actively,failed,-1.1567,-0.00000,0.00000,-0.00000,-0.00000,0.00000,-0.000000,0.000000,-0.000000,-0.000000,0.000000
1521,57,work,mask_work,environment,tidy_up,failed,-1.7090,0.00000,0.00000,-0.00000,-0.00000,0.00000,0.000000,0.000000,0.000000,0.000000,0.000000
1522,57,home,mask_home,environment,network_actively,delayed,-0.6106,-0.00000,-0.00000,-0.00000,-0.00000,0.00000,0.000000,-0.000000,0.000000,0.000000,0.000000
1523,57,home,mask_home,environment,take_notes,delayed,-0.5168,-0.00000,-0.00000,-0.00000,-0.00000,0.00000,0.000000,0.000000,0.000000,0.000000,0.000000
1524,57,home,mask_home,environment,network_actively,failed,-1.2116,-0.00000,0.00000,-0.00000,-0.00000,0.00000,0.000000,0.000000,0.000000,0.000000,0.000000
1525,57,home,mask_home,environment,network_actively,delayed,-0.6105,-0.00000,-0.00000,-0.00000,-0.00000,0.00000,0.000000,-0.000000,0.000000,0.000000,0.000000
1526,57,home,mask_home,environment,deep_work,failed,-1.7757,-0.00000,-0.00000,-0.00000,-0.00000,0.00000,0.000000,0.000000,0.000000,0.000000,0.000000
1527,57,home,mask_home,environment,network_actively,goal_achieved,1.1959,-0.00000,-0.00000,0.00000,0.00000,0.00000,0.000000,0.000000,0.000000,0.000000,0.000000
1528,57,home,mask_home,environment,network_actively,failed,-1.2086,-0.00000,0.00000,-0.00000,-0.00000,0.00000,0.000000,0.000000,-0.000000,-0.000000,0.000000
1529,57,home,mask_home,environment,network_actively,failed,-1.2086,-0.00000,0.00000,-0.00000,-0.00000,0.00000,0.000000,0.000000,0.000000,0.000000,0.000000
1530,57,home,mask_home,environment,network_actively,failed,-1.2086,-0.00000,0.00000,-0.00000,-0.00000,0.00000,0.000000,0.000000,0.000000,0.000000,0.000000
1531,57,conference,mask_conference,environment,network_actively,goal_achieved,1.3354,0.00000,-0.00000,0.00000,0.00000,0.00000,0.000000,0.000000,0.000000,0.000000,0.000000
1532,57,conference,mask_conference,environment,quick_scan,delayed,-1.8020,0.00000,-0.00000,0.00000,0.00000,-0.00000,0.000000,0.000000,0.000000,0.000000,-0.000000
1533,57,conference,mask_conference,environment,network_actively,goal_achieved,1.3386,0.00000,-0.00000,0.00000,0.00000,0.00000,0.000000,0.000000,0.000000,0.000000,0.000000
1534,57,conference,mask_conference,environment,network_actively,goal_achieved,1.3386,0.00000,-0.00000,0.00000,0.00000,0.00000,0.000000,0.000000,0.000000,0.000000,0.000000
1535,57,conference,mask_conference,environment,take_notes,delayed,-1.9159,0.00000,-0.00000,0.00000,0.00000,0.00000,0.000000,0.000000,0.000000,0.000000,0.000000
1536,57,conference,mask_conference,environment,tidy_up,delayed,-2.1401,0.00000,-0.00000,0.00000,0.00000,0.00000,0.000000,0.000000,0.000000,0.000000,0.000000
1537,57,conference,mask_conference,environment,quick_scan,goal_achieved,1.5642,0.00000,-0.00000,0.00000,0.00000,0.00000,0.000000,0.000000,0.000000,0.000000,0.000000
1538,57,conference,mask_conference,environment,network_actively,delayed,-0.4622,0.00000,0.00000,-0.00000,-0.00000,0.00000,0.000000,0.000000,-0.000000,-0.000000,0.000000
1539,57,conference,mask_conference,environment,network_actively,delayed,-0.4622,0.00000,0.00000,-0.00000,-0.00000,0.00000,0.000000,0.000000,0.000000,0.000000,0.000000
1540,58,work,mask_work,environment,network_actively,failed,-1.1520,-0.00000,0.00000,-0.00000,-0.00000,0.00000,-0.000000,0.000000,0.000000,0.000000,0.000000
1541,58,work,mask_work,environment,network_actively,failed,-1.1520,-0.00000,0.00000,-0.00000,-0.00000,0.00000,0.000000,0.000000,0.000000,0.000000,0.000000
1542,58,work,mask_work,environment,network_actively,failed,-1.1520,-0.00000,0.00000,-0.00000,-0.00000,0.00000,0.000000,0.000000,0.000000,0.000000,0.000000
1543,58,work,mask_work,environment,network_actively,goal_achieved,1.2525,0.00000,-0.00000,0.00000,0.00000,-0.00000,0.000000,-0.000000,0.000000,0.000000,-0.000000
1544,58,work,mask_work,environment,network_actively,delayed,-0.5509,0.00000,0.00000,-0.00000,-0.00000,0.00000,0.000000,0.000000,-0.000000,-0.000000,0.000000
1545,58,work,mask_work,environment,take_notes,delayed,-0.5901,-0.00000,0.00000,-0.00000,-0.00000,0.00000,-0.000000,0.000000,0.000000,0.000000,0.000000
1546,58,work,mask_work,environment,network_actively,failed,-1.1508,-0.00000,0.00000,-0.00000,-0.00000,0.00000,0.000000,0.000000,0.000000,0.000000,0.000000
1547,58,work,mask_work,environment,quick_scan,goal_achieved,3.0773,-0.00000,0.00000,-0.00000,-0.00000,0.00000,0.000000,0.000000,0.000000,0.000000,0.000000
1548,58,work,mask_work,environment,rest_deeply,failed,-1.5369,0.00000,0.00000,-0.00000,-0.00000,-0.00000,0.000000,0.000000,0.000000,0.000000,-0.000000
1549,58,home,mask_home,environment,rest_deeply,goal_achieved,3.3378,-0.00000,-0.00000,-0.00000,-0.00000,0.00000,0.000000,-0.000000,0.000000,0.000000,0.000000
1550,58,home,mask_home,environment,network_actively,failed,-1.2098,-0.00000,0.00000,-0.00000,-0.00000,0.00000,0.000000,0.000000,0.000000,0.000000,0.000000
1551,58,home,mask_home,environment,quick_scan,goal_achieved,3.0647,-0.00000,-0.00000,-0.00000,-0.00000,0.00000,0.000000,-0.000000,0.000000,0.000000,0.000000
1552,58,home,mask_home,environment,rest_deeply,goal_achieved,3.3346,-0.00000,-0.00000,-0.00000,-0.00000,0.00000,0.000000,0.000000,0.000000,0.000000,0.000000
1553,58,home,mask_home,environment,take_notes,failed,-1.6463,-0.00000,-0.00000,-0.00000,-0.00000,0.00000,0.000000,0.000000,0.000000,0.000000,0.000000
1554,58,home,mask_home,environment,network_actively,failed,-1.2132,-0.00000,0.00000,-0.00000,-0.00000,0.00000,0.000000,0.000000,0.000000,0.000000,0.000000
1555,58,home,mask_home,environment,rest_deeply,goal_achieved,3.3393,-0.00000,-0.00000,-0.00000,-0.00000,0.00000,0.000000,-0.000000,0.000000,0.000000,0.000000
1556,58,home,mask_home,environment,network_actively,failed,-1.2142,-0.00000,0.00000,-0.00000,-0.00000,0.00000,0.000000,0.000000,0.000000,0.000000,0.000000
1557,58,home,mask_home,environment,take_notes,failed,-1.6436,-0.00000,-0.00000,-0.00000,-0.00000,0.00000,0.000000,-0.000000,0.000000,0.000000,0.000000
1558,58,conference,mask_conference,environment,rest_deeply,failed,-3.0097,0.00000,-0.00000,0.00000,0.00000,0.00000,0.000000,-0.000000,0.000000,0.000000,0.000000
1559,58,conference,mask_conference,environment,network_actively,goal_achieved,1.3447,0.00000,-0.00000,0.00000,0.00000,0.00000,0.000000,0.000000,0.000000,0.000000,0.000000
1560,58,conference,mask_conference,environment,quick_scan,failed,-2.9050,0.00000,-0.00000,0.00000,0.00000,-0.00000,0.000000,0.000000,0.000000,0.000000,-0.000000
1561,58,conference,mask_conference,environment,tidy_up,goal_achieved,1.3560,0.00000,-0.00000,0.00000,0.00000,-0.00000,0.000000,0.000000,0.000000,0.000000,0.000000
1562,58,conference,mask_conference,environment,quick_scan,goal_achieved,1.5705,0.00000,-0.00000,0.00000,0.00000,0.00000,0.000000,0.000000,0.000000,0.000000,0.000000
1563,58,conference,mask_conference,environment,take_notes,goal_achieved,1.4671,0.00000,-0.00000,0.00000,0.00000,0.00000,0.000000,0.000000,0.000000,0.000000,0.000000
1564,58,conference,mask_conference,environment,rest_deeply,failed,-3.0209,0.00000,-0.00000,0.00000,0.00000,0.00000,0.000000,0.000000,0.000000,0.000000,0.000000
1565,58,conference,mask_conference,environment,network_actively,delayed,-0.4653,0.00000,0.00000,-0.00000,-0.00000,0.00000,0.000000,0.000000,-0.000000,-0.000000,0.000000
1566,58,conference,mask_conference,environment,quick_scan,delayed,-1.7870,0.00000,-0.00000,0.00000,0.00000,-0.00000,0.000000,-0.000000,0.000000,0.000000,-0.000000
1567,59,work,mask_work,environment,network_actively,failed,-1.1523,-0.00000,0.00000,-0.00000,-0.00000,0.00000,-0.000000,0.000000,0.000000,0.000000,0.000000
1568,59,work,mask_work,environment,tidy_up,goal_achieved,2.9366,-0.00000,0.00000,-0.00000,-0.00000,-0.00000,0.000000,0.000000,0.000000,0.000000,-0.000000
1569,59,work,mask_work,environment,deep_work,goal_achieved,2.9058,0.00000,0.00000,-0.00000,-0.00000,-0.00000,0.000000,0.000000,0.000000,0.000000,0.000000
1570,59,work,mask_work,environment,tidy_up,delayed,-0.5453,0.00000,0.00000,-0.00000,-0.00000,0.00000,0.000000,0.000000,0.000000,0.000000,0.000000
1571,59,work,mask_work,environment,network_actively,failed,-1.1587,-0.00000,0.00000,-0.00000,-0.00000,0.00000,-0.000000,0.000000,0.000000,0.000000,0.000000
1572,59,work,mask_work,environment,quick_scan,failed,-1.4047,0.00000,0.00000,-0.00000,-0.00000,-0.00000,0.000000,0.000000,0.000000,0.000000,-0.000000
1573,59,work,mask_work,environment,quick_scan,goal_achieved,3.0784,-0.00000,0.00000,-0.00000,-0.00000,0.00000,-0.000000,0.000000,0.000000,0.000000,0.000000
1574,59,work,mask_work,environment,network_actively,failed,-1.1562,-0.00000,0.00000,-0.00000,-0.00000,0.00000,0.000000,0.000000,0.000000,0.000000,0.000000
1575,59,work,mask_work,environment,network_actively,goal_achieved,1.2483,0.00000,-0.00000,0.00000,0.00000,-0.00000,0.000000,-0.000000,0.000000,0.000000,-0.000000
1576,59,home,mask_home,environment,network_actively,failed,-1.2115,-0.00000,0.00000,-0.00000,-0.00000,0.00000,0.000000,0.000000,0.000000,0.000000,0.000000
1577,59,home,mask_home,environment,network_actively,failed,-1.2115,-0.00000,0.00000,-0.00000,-0.00000,0.00000,0.000000,0.000000,0.000000,0.000000,0.000000
1578,59,home,mask_home,environment,tidy_up,goal_achieved,3.1493,-0.00000,0.00000,-0.00000,-0.00000,0.00000,0.000000,0.000000,0.000000,0.000000,0.000000
1579,59,home,mask_home,environment,deep_work,goal_achieved,2.7984,-0.00000,0.00000,-0.00000,-0.00000,-0.00000,0.000000,0.000000,0.000000,0.000000,-0.000000
1580,59,home,mask_home,environment,tidy_up,delayed,-0.3389,-0.00000,-0.00000,-0.00000,-0.00000,0.00000,0.000000,-0.000000,0.000000,0.000000,0.000000
1581,59,home,mask_home,environment,network_actively,failed,-1.2188,-0.00000,0.00000,-0.00000,-0.00000,0.00000,0.000000,0.000000,0.000000,0.000000,0.000000
1582,59,home,mask_home,environment,rest_deeply,goal_achieved,3.3422,-0.00000,-0.00000,-0.00000,-0.00000,0.00000,0.000000,-0.000000,0.000000,0.000000,0.000000
1583,59,home,mask_home,environment,deep_work,delayed,-0.6265,-0.00000,-0.00000,-0.00000,-0.00000,0.00000,0.000000,0.000000,0.000000,0.000000,0.000000
1584,59,home,mask_home,environment,network_actively,failed,-1.2195,-0.00000,0.00000,-0.00000,-0.00000,0.00000,0.000000,0.000000,0.000000,0.000000,0.000000
1585,59,conference,mask_conference,environment,network_actively,goal_achieved,1.3411,0.00000,-0.00000,0.00000,0.00000,0.00000,0.000000,0.000000,0.000000,0.000000,0.000000
1586,59,conference,mask_conference,environment,network_actively,goal_achieved,1.3411,0.00000,-0.00000,0.00000,0.00000,0.00000,0.000000,0.000000,0.000000,0.000000,0.000000
1587,59,conference,mask_conference,environment,network_actively,goal_achieved,1.3411,0.00000,-0.00000,0.00000,0.00000,0.00000,0.000000,0.000000,0.000000,0.000000,0.000000
1588,59,conference,mask_conference,environment,rest_deeply,delayed,-1.9173,0.00000,-0.00000,0.00000,0.00000,0.00000,0.000000,0.000000,0.000000,0.000000,0.000000
1589,59,conference,mask_conference,environment,network_actively,goal_achieved,1.3417,0.00000,-0.00000,0.00000,0.00000,0.00000,0.000000,0.000000,0.000000,0.000000,0.000000
1590,59,conference,mask_conference,environment,quick_scan,goal_achieved,1.5714,0.00000,-0.00000,0.00000,0.00000,0.00000,0.000000,0.000000,0.000000,0.000000,0.000000
1591,59,conference,mask_conference,environment,quick_scan,goal_achieved,1.5714,0.00000,-0.00000,0.00000,0.00000,0.00000,0.000000,0.000000,0.000000,0.000000,0.000000
1592,59,conference,mask_conference,environment,network_actively,goal_achieved,1.3351,0.00000,-0.00000,0.00000,0.00000,0.00000,0.000000,0.000000,0.000000,0.000000,0.000000
1593,59,conference,mask_conference,environment,network_actively,goal_achieved,1.3351,0.00000,-0.00000,0.00000,0.00000,0.00000,0.000000,0.000000,0.000000,0.000000,0.000000
1594,60,work,mask_work,environment,network_actively,delayed,-0.5551,0.00000,0.00000,-0.00000,-0.00000,0.00000,0.000000,0.000000,-0.000000,-0.000000,0.000000
1595,60,work,mask_work,environment,network_actively,failed,-1.1562,-0.00000,0.00000,-0.00000,-0.00000,0.00000,-0.000000,0.000000,0.000000,0.000000,0.000000
1596,60,work,mask_work,environment,network_actively,failed,-1.1562,-0.00000,0.00000,-0.00000,-0.00000,0.00000,0.000000,0.000000,0.000000,0.000000,0.000000
1597,60,work,mask_work,environment,network_actively,goal_achieved,1.2483,0.00000,-0.00000,0.00000,0.00000,-0.00000,0.000000,-0.000000,0.000000,0.000000,-0.000000
1598,60,work,mask_work,environment,quick_scan,delayed,-0.2899,0.00000,0.00000,-0.00000,-0.00000,-0.00000,0.000000,0.000000,-0.000000,-0.000000,0.000000
1599,60,work,mask_work,environment,network_actively,delayed,-0.5514,0.00000,0.00000,-0.00000,-0.00000,0.00000,0.000000,0.000000,0.000000,0.000000,0.000000
1600,60,work,mask_work,environment,network_actively,failed,-1.1525,-0.00000,0.00000,-0.00000,-0.00000,0.00000,-0.000000,0.000000,0.000000,0.000000,0.000000
1601,60,work,mask_work,environment,rest_deeply,failed,-1.5359,0.00000,0.00000,-0.00000,-0.00000,-0.00000,0.000000,0.000000,0.000000,0.000000,-0.000000
1602,60,work,mask_work,environment,quick_scan,goal_achieved,3.0775,-0.00000,0.00000,-0.00000,-0.00000,0.00000,-0.000000,0.000000,0.000000,0.000000,0.000000
1603,60,home,mask_home,environment,rest_deeply,goal_achieved,3.3444,-0.00000,-0.00000,-0.00000,-0.00000,0.00000,0.000000,-0.000000,0.000000,0.000000,0.000000
1604,60,home,mask_home,environment,quick_scan,failed,-1.4129,-0.00000,0.00000,-0.00000,-0.00000,-0.00000,0.000000,0.000000,0.000000,0.000000,-0.000000
1605,60,home,mask_home,environment,network_actively,failed,-1.2175,-0.00000,0.00000,-0.00000,-0.00000,0.00000,0.000000,0.000000,0.000000,0.000000,0.000000
1606,60,home,mask_home,environment,network_actively,delayed,-0.6164,-0.00000,-0.00000,-0.00000,-0.00000,0.00000,0.000000,-0.000000,0.000000,0.000000,0.000000
1607,60,home,mask_home,environment,network_actively,failed,-1.2175,-0.00000,0.00000,-0.00000,-0.00000,0.00000,0.000000,0.000000,0.000000,0.000000,0.000000
1608,60,home,mask_home,environment,network_actively,delayed,-0.6164,-0.00000,-0.00000,-0.00000,-0.00000,0.00000,0.000000,-0.000000,0.000000,0.000000,0.000000
1609,60,home,mask_home,environment,network_actively,failed,-1.2175,-0.00000,0.00000,-0.00000,-0.00000,0.00000,0.000000,0.000000,0.000000,0.000000,0.000000
1610,60,home,mask_home,environment,network_actively,delayed,-0.6164,-0.00000,-0.00000,-0.00000,-0.00000,0.00000,0.000000,-0.000000,0.000000,0.000000,0.000000
1611,60,home,mask_home,environment,quick_scan,failed,-1.4091,-0.00000,0.00000,-0.00000,-0.00000,-0.00000,0.000000,0.000000,0.000000,0.000000,-0.000000
1612,60,conference,mask_conference,environment,network_actively,goal_achieved,1.3351,0.00000,-0.00000,0.00000,0.00000,0.00000,0.000000,0.000000,0.000000,0.000000,0.000000
1613,60,conference,mask_conference,environment,quick_scan,failed,-2.9150,0.00000,-0.00000,0.00000,0.00000,-0.00000,0.000000,0.000000,0.000000,0.000000,-0.000000
1614,60,conference,mask_conference,environment,quick_scan,delayed,-1.7943,0.00000,-0.00000,0.00000,0.00000,-0.00000,0.000000,0.000000,0.000000,0.000000,0.000000
1615,60,conference,mask_conference,environment,network_actively,delayed,-0.4605,0.00000,0.00000,-0.00000,-0.00000,0.00000,0.000000,0.000000,-0.000000,-0.000000,0.000000
1616,60,conference,mask_conference,environment,take_notes,goal_achieved,1.4786,0.00000,-0.00000,0.00000,0.00000,0.00000,0.000000,-0.000000,0.000000,0.000000,0.000000
1617,60,conference,mask_conference,environment,take_notes,goal_achieved,1.4786,0.00000,-0.00000,0.00000,0.00000,0.00000,0.000000,0.000000,0.000000,0.000000,0.000000
1618,60,conference,mask_conference,environment,quick_scan,delayed,-1.7966,0.00000,-0.00000,0.00000,0.00000,-0.00000,0.000000,0.000000,0.000000,0.000000,-0.000000
1619,60,conference,mask_conference,environment,rest_deeply,goal_achieved,1.3748,-0.00000,-0.00000,0.00000,0.00000,0.00000,-0.000000,0.000000,0.000000,0.000000,0.000000
1620,60,conference,mask_conference,environment,network_actively,goal_achieved,1.3304,0.00000,-0.00000,0.00000,0.00000,0.00000,0.000000,0.000000,0.000000,0.000000,0.000000
1621,61,work,mask_work,environment,network_actively,failed,-1.1538,-0.00000,0.00000,-0.00000,-0.00000,0.00000,0.000000,0.000000,0.000000,0.000000,0.000000
1622,61,work,mask_work,environment,rest_deeply,delayed,-0.4392,0.00000,0.00000,-0.00000,-0.00000,0.00000,0.000000,0.000000,0.000000,0.000000,0.000000
1623,61,work,mask_work,environment,network_actively,failed,-1.1535,-0.00000,0.00000,-0.00000,-0.00000,0.00000,-0.000000,0.000000,0.000000,0.000000,0.000000
1624,61,work,mask_work,environment,rest_deeply,failed,-1.5352,0.00000,0.00000,-0.00000,-0.00000,-0.00000,0.000000,0.000000,0.000000,0.000000,-0.000000
1625,61,work,mask_work,environment,rest_deeply,failed,-1.5352,0.00000,0.00000,-0.00000,-0.00000,-0.00000,0.000000,0.000000,0.000000,0.000000,0.000000
1626,61,work,mask_work,environment,rest_deeply,failed,-1.5352,0.00000,0.00000,-0.00000,-0.00000,-0.00000,0.000000,0.000000,0.000000,0.000000,0.000000
1627,61,work,mask_work,environment,network_actively,failed,-1.1462,-0.00000,0.00000,-0.00000,-0.00000,0.00000,-0.000000,0.000000,0.000000,0.000000,0.000000
1628,61,work,mask_work,environment,rest_deeply,goal_achieved,2.8603,-0.00000,-0.00000,-0.00000,-0.00000,0.00000,0.000000,-0.000000,0.000000,0.000000,0.000000
1629,61,work,mask_work,environment,network_actively,delayed,-0.5516,0.00000,0.00000,-0.00000,-0.00000,0.00000,0.000000,0.000000,0.000000,0.000000,0.000000
1630,61,home,mask_home,environment,quick_scan,goal_achieved,3.0740,-0.00000,-0.00000,-0.00000,-0.00000,0.00000,0.000000,-0.000000,0.000000,0.000000,0.000000
1631,61,home,mask_home,environment,take_notes,delayed,-0.5140,-0.00000,-0.00000,-0.00000,-0.00000,0.00000,0.000000,0.000000,0.000000,0.000000,0.000000
1632,61,home,mask_home,environment,quick_scan,delayed,-0.2884,-0.00000,-0.00000,-0.00000,-0.00000,0.00000,0.000000,0.000000,0.000000,0.000000,0.000000
1633,61,home,mask_home,environment,quick_scan,delayed,-0.2884,-0.00000,-0.00000,-0.00000,-0.00000,0.00000,0.000000,0.000000,0.000000,0.000000,0.000000
1634,61,home,mask_home,environment,take_notes,failed,-1.6386,-0.00000,-0.00000,-0.00000,-0.00000,0.00000,0.000000,0.000000,0.000000,0.000000,0.000000
1635,61,home,mask_home,environment,rest_deeply,goal_achieved,3.3534,-0.00000,-0.00000,-0.00000,-0.00000,0.00000,0.000000,0.000000,0.000000,0.000000,0.000000
1636,61,home,mask_home,environment,rest_deeply,goal_achieved,3.3534,-0.00000,-0.00000,-0.00000,-0.00000,0.00000,0.000000,0.000000,0.000000,0.000000,0.000000
1637,61,home,mask_home,environment,tidy_up,goal_achieved,3.1506,-0.00000,0.00000,-0.00000,-0.00000,0.00000,0.000000,0.000000,0.000000,0.000000,0.000000
1638,61,home,mask_home,environment,deep_work,failed,-1.7650,-0.00000,-0.00000,-0.00000,-0.00000,0.00000,0.000000,-0.000000,0.000000,0.000000,0.000000
1639,61,conference,mask_conference,environment,take_notes,goal_achieved,1.4730,0.00000,-0.00000,0.00000,0.00000,0.00000,0.000000,0.000000,0.000000,0.000000,0.000000
1640,61,conference,mask_conference,environment,network_actively,goal_achieved,1.3268,0.00000,-0.00000,0.00000,0.00000,0.00000,0.000000,0.000000,0.000000,0.000000,0.000000
1641,61,conference,mask_conference,environment,quick_scan,failed,-2.9304,0.00000,-0.00000,0.00000,0.00000,-0.00000,0.000000,0.000000,0.000000,0.000000,-0.000000
1642,61,conference,mask_conference,environment,network_actively,goal_achieved,1.3314,0.00000,-0.00000,0.00000,0.00000,0.00000,0.000000,0.000000,0.000000,0.000000,0.000000
1643,61,conference,mask_conference,environment,quick_scan,goal_achieved,1.5516,0.00000,-0.00000,0.00000,0.00000,0.00000,0.000000,0.000000,0.000000,0.000000,0.000000
1644,61,conference,mask_conference,environment,network_actively,delayed,-0.4752,0.00000,0.00000,-0.00000,-0.00000,0.00000,0.000000,0.000000,-0.000000,-0.000000,0.000000
1645,61,conference,mask_conference,environment,network_actively,goal_achieved,1.3282,0.00000,-0.00000,0.00000,0.00000,0.00000,0.000000,-0.000000,0.000000,0.000000,0.000000
1646,61,conference,mask_conference,environment,quick_scan,goal_achieved,1.5560,0.00000,-0.00000,0.00000,0.00000,0.00000,0.000000,0.000000,0.000000,0.000000,0.000000
1647,61,conference,mask_conference,environment,network_actively,goal_achieved,1.3251,0.00000,-0.00000,0.00000,0.00000,0.00000,0.000000,0.000000,0.000000,0.000000,0.000000
1648,62,work,mask_work,environment,network_actively,failed,-1.1527,-0.00000,0.00000,-0.00000,-0.00000,0.00000,-0.000000,0.000000,0.000000,0.000000,0.000000
1649,62,work,mask_work,environment,quick_scan,goal_achieved,3.0877,-0.00000,0.00000,-0.00000,-0.00000,0.00000,0.000000,0.000000,0.000000,0.000000,0.000000
1650,62,work,mask_work,environment,network_actively,delayed,-0.5554,0.00000,0.00000,-0.00000,-0.00000,0.00000,0.000000,0.000000,0.000000,0.000000,0.000000
1651,62,work,mask_work,environment,network_actively,delayed,-0.5554,0.00000,0.00000,-0.00000,-0.00000,0.00000,0.000000,0.000000,0.000000,0.000000,0.000000
1652,62,work,mask_work,environment,network_actively,failed,-1.1565,-0.00000,0.00000,-0.00000,-0.00000,0.00000,-0.000000,0.000000,0.000000,0.000000,0.000000
1653,62,work,mask_work,environment,rest_deeply,failed,-1.5320,0.00000,0.00000,-0.00000,-0.00000,-0.00000,0.000000,0.000000,0.000000,0.000000,-0.000000
1654,62,work,mask_work,environment,network_actively,failed,-1.1541,-0.00000,0.00000,-0.00000,-0.00000,0.00000,-0.000000,0.000000,0.000000,0.000000,0.000000
1655,62,work,mask_work,environment,network_actively,delayed,-0.5530,0.00000,0.00000,-0.00000,-0.00000,0.00000,0.000000,0.000000,0.000000,0.000000,0.000000
1656,62,work,mask_work,environment,tidy_up,delayed,-0.5280,0.00000,0.00000,-0.00000,-0.00000,0.00000,0.000000,0.000000,0.000000,0.000000,0.000000
1657,62,home,mask_home,environment,network_actively,failed,-1.2175,-0.00000,0.00000,-0.00000,-0.00000,0.00000,0.000000,0.000000,0.000000,0.000000,0.000000
1658,62,home,mask_home,environment,deep_work,failed,-1.7633,-0.00000,-0.00000,-0.00000,-0.00000,0.00000,0.000000,-0.000000,0.000000,0.000000,0.000000
1659,62,home,mask_home,environment,network_actively,delayed,-0.6136,-0.00000,-0.00000,-0.00000,-0.00000,0.00000,0.000000,0.000000,0.000000,0.000000,0.000000
1660,62,home,mask_home,environment,network_actively,failed,-1.2148,-0.00000,0.00000,-0.00000,-0.00000,0.00000,0.000000,0.000000,0.000000,0.000000,0.000000
1661,62,home,mask_home,environment,take_notes,failed,-1.6352,-0.00000,-0.00000,-0.00000,-0.00000,0.00000,0.000000,-0.000000,0.000000,0.000000,0.000000
1662,62,home,mask_home,environment,network_actively,failed,-1.2123,-0.00000,0.00000,-0.00000,-0.00000,0.00000,0.000000,0.000000,0.000000,0.000000,0.000000
1663,62,home,mask_home,environment,deep_work,goal_achieved,2.8151,-0.00000,0.00000,-0.00000,-0.00000,-0.00000,0.000000,0.000000,0.000000,0.000000,-0.000000
1664,62,home,mask_home,environment,quick_scan,failed,-1.4062,-0.00000,0.00000,-0.00000,-0.00000,-0.00000,0.000000,0.000000,0.000000,0.000000,0.000000
1665,62,home,mask_home,environment,network_actively,failed,-1.2167,-0.00000,0.00000,-0.00000,-0.00000,0.00000,0.000000,0.000000,0.000000,0.000000,0.000000
1666,62,conference,mask_conference,environment,network_actively,goal_achieved,1.3251,0.00000,-0.00000,0.00000,0.00000,0.00000,0.000000,0.000000,0.000000,0.000000,0.000000
1667,62,conference,mask_conference,environment,deep_work,goal_achieved,1.1984,0.00000,-0.00000,0.00000,0.00000,-0.00000,0.000000,0.000000,0.000000,0.000000,-0.000000
1668,62,conference,mask_conference,environment,take_notes,goal_achieved,1.4652,0.00000,-0.00000,0.00000,0.00000,0.00000,0.000000,0.000000,0.000000,0.000000,0.000000
1669,62,conference,mask_conference,environment,network_actively,goal_achieved,1.3157,0.00000,-0.00000,0.00000,0.00000,0.00000,0.000000,0.000000,0.000000,0.000000,0.000000
1670,62,conference,mask_conference,environment,rest_deeply,delayed,-1.9371,0.00000,-0.00000,0.00000,0.00000,0.00000,0.000000,0.000000,0.000000,0.000000,0.000000
1671,62,conference,mask_conference,environment,network_actively,delayed,-0.4870,0.00000,0.00000,-0.00000,-0.00000,0.00000,0.000000,0.000000,-0.000000,-0.000000,0.000000
1672,62,conference,mask_conference,environment,deep_work,failed,-3.3730,0.00000,-0.00000,0.00000,0.00000,0.00000,0.000000,-0.000000,0.000000,0.000000,0.000000
1673,62,conference,mask_conference,environment,deep_work,goal_achieved,1.2000,0.00000,-0.00000,0.00000,0.00000,-0.00000,0.000000,0.000000,0.000000,0.000000,-0.000000
1674,62,conference,mask_conference,environment,rest_deeply,failed,-3.0327,0.00000,-0.00000,0.00000,0.00000,0.00000,0.000000,0.000000,0.000000,0.000000,0.000000
1675,63,work,mask_work,environment,network_actively,failed,-1.1525,-0.00000,0.00000,-0.00000,-0.00000,0.00000,-0.000000,0.000000,0.000000,0.000000,0.000000
1676,63,work,mask_work,environment,network_actively,failed,-1.1525,-0.00000,0.00000,-0.00000,-0.00000,0.00000,0.000000,0.000000,0.000000,0.000000,0.000000
1677,63,work,mask_work,environment,network_actively,failed,-1.1525,-0.00000,0.00000,-0.00000,-0.00000,0.00000,0.000000,0.000000,0.000000,0.000000,0.000000
1678,63,work,mask_work,environment,network_actively,failed,-1.1525,-0.00000,0.00000,-0.00000,-0.00000,0.00000,0.000000,0.000000,0.000000,0.000000,0.000000
1679,63,work,mask_work,environment,take_notes,failed,-1.6920,-0.00000,0.00000,-0.00000,-0.00000,0.00000,0.000000,0.000000,0.000000,0.000000,0.000000
1680,63,work,mask_work,environment,rest_deeply,failed,-1.5152,0.00000,0.00000,-0.00000,-0.00000,-0.00000,0.000000,0.000000,0.000000,0.000000,-0.000000
1681,63,work,mask_work,environment,quick_scan,goal_achieved,3.1115,-0.00000,0.00000,-0.00000,-0.00000,0.00000,-0.000000,0.000000,0.000000,0.000000,0.000000
1682,63,work,mask_work,environment,network_actively,goal_achieved,1.2549,0.00000,-0.00000,0.00000,0.00000,-0.00000,0.000000,-0.000000,0.000000,0.000000,-0.000000
1683,63,work,mask_work,environment,network_actively,delayed,-0.5485,0.00000,0.00000,-0.00000,-0.00000,0.00000,0.000000,0.000000,-0.000000,-0.000000,0.000000
1684,63,home,mask_home,environment,deep_work,delayed,-0.6102,-0.00000,-0.00000,-0.00000,-0.00000,0.00000,0.000000,-0.000000,0.000000,0.000000,0.000000
1685,63,home,mask_home,environment,take_notes,failed,-1.6358,-0.00000,-0.00000,-0.00000,-0.00000,0.00000,0.000000,0.000000,0.000000,0.000000,0.000000
1686,63,home,mask_home,environment,deep_work,delayed,-0.6079,-0.00000,-0.00000,-0.00000,-0.00000,0.00000,0.000000,0.000000,0.000000,0.000000,0.000000
1687,63,home,mask_home,environment,network_actively,goal_achieved,1.1907,-0.00000,-0.00000,0.00000,0.00000,0.00000,0.000000,0.000000,0.000000,0.000000,0.000000
1688,63,home,mask_home,environment,quick_scan,goal_achieved,3.0743,-0.00000,-0.00000,-0.00000,-0.00000,0.00000,0.000000,0.000000,-0.000000,-0.000000,0.000000
1689,63,home,mask_home,environment,network_actively,failed,-1.2184,-0.00000,0.00000,-0.00000,-0.00000,0.00000,0.000000,0.000000,0.000000,0.000000,0.000000
1690,63,home,mask_home,environment,network_actively,goal_achieved,1.1861,-0.00000,-0.00000,0.00000,0.00000,0.00000,0.000000,-0.000000,0.000000,0.000000,0.000000
1691,63,home,mask_home,environment,network_actively,failed,-1.2184,-0.00000,0.00000,-0.00000,-0.00000,0.00000,0.000000,0.000000,-0.000000,-0.000000,0.000000
1692,63,home,mask_home,environment,network_actively,goal_achieved,1.1861,-0.00000,-0.00000,0.00000,0.00000,0.00000,0.000000,-0.000000,0.000000,0.000000,0.000000
1693,63,conference,mask_conference,environment,rest_deeply,failed,-3.0327,0.00000,-0.00000,0.00000,0.00000,0.00000,0.000000,0.000000,0.000000,0.000000,0.000000
1694,63,conference,mask_conference,environment,quick_scan,delayed,-1.8093,0.00000,-0.00000,0.00000,0.00000,-0.00000,0.000000,0.000000,0.000000,0.000000,-0.000000
1695,63,conference,mask_conference,environment,tidy_up,failed,-3.2977,0.00000,-0.00000,0.00000,0.00000,0.00000,0.000000,0.000000,0.000000,0.000000,0.000000
1696,63,conference,mask_conference,environment,quick_scan,failed,-2.9285,0.00000,-0.00000,0.00000,0.00000,-0.00000,0.000000,0.000000,0.000000,0.000000,-0.000000
1697,63,conference,mask_conference,environment,network_actively,goal_achieved,1.3285,0.00000,-0.00000,0.00000,0.00000,0.00000,0.000000,0.000000,0.000000,0.000000,0.000000
1698,63,conference,mask_conference,environment,network_actively,goal_achieved,1.3285,0.00000,-0.00000,0.00000,0.00000,0.00000,0.000000,0.000000,0.000000,0.000000,0.000000
1699,63,conference,mask_conference,environment,take_notes,goal_achieved,1.4802,0.00000,-0.00000,0.00000,0.00000,0.00000,0.000000,0.000000,0.000000,0.000000,0.000000
1700,63,conference,mask_conference,environment,tidy_up,delayed,-2.1387,0.00000,-0.00000,0.00000,0.00000,0.00000,0.000000,0.000000,0.000000,0.000000,0.000000
1701,63,conference,mask_conference,environment,rest_deeply,goal_achieved,1.3629,0.00000,-0.00000,0.00000,0.00000,0.00000,0.000000,0.000000,0.000000,0.000000,0.000000
1702,64,work,mask_work,environment,quick_scan,goal_achieved,3.1053,-0.00000,0.00000,-0.00000,-0.00000,0.00000,-0.000000,0.000000,0.000000,0.000000,0.000000
1703,64,work,mask_work,environment,tidy_up,failed,-1.6863,0.00000,0.00000,-0.00000,-0.00000,0.00000,0.000000,0.000000,0.000000,0.000000,0.000000
1704,64,work,mask_work,environment,network_actively,delayed,-0.5479,0.00000,0.00000,-0.00000,-0.00000,0.00000,0.000000,0.000000,0.000000,0.000000,0.000000
1705,64,work,mask_work,environment,network_actively,goal_achieved,1.2554,0.00000,-0.00000,0.00000,0.00000,-0.00000,0.000000,-0.000000,0.000000,0.000000,-0.000000
1706,64,work,mask_work,environment,network_actively,delayed,-0.5479,0.00000,0.00000,-0.00000,-0.00000,0.00000,0.000000,0.000000,-0.000000,-0.000000,0.000000
1707,64,work,mask_work,environment,network_actively,failed,-1.1491,-0.00000,0.00000,-0.00000,-0.00000,0.00000,-0.000000,0.000000,0.000000,0.000000,0.000000
1708,64,work,mask_work,environment,quick_scan,delayed,-0.2568,0.00000,0.00000,-0.00000,-0.00000,-0.00000,0.000000,0.000000,0.000000,0.000000,-0.000000
1709,64,work,mask_work,environment,network_actively,failed,-1.1455,-0.00000,0.00000,-0.00000,-0.00000,0.00000,-0.000000,0.000000,0.000000,0.000000,0.000000
1710,64,work,mask_work,environment,network_actively,failed,-1.1455,-0.00000,0.00000,-0.00000,-0.00000,0.00000,0.000000,0.000000,0.000000,0.000000,0.000000
1711,64,home,mask_home,environment,rest_deeply,delayed,0.0453,-0.00000,0.00000,-0.00000,-0.00000,0.00000,0.000000,0.000000,-0.000000,-0.000000,0.000000
1712,64,home,mask_home,environment,tidy_up,delayed,-0.3343,-0.00000,-0.00000,-0.00000,-0.00000,0.00000,0.000000,-0.000000,0.000000,0.000000,0.000000
1713,64,home,mask_home,environment,deep_work,failed,-1.7648,-0.00000,-0.00000,-0.00000,-0.00000,0.00000,0.000000,0.000000,0.000000,0.000000,0.000000
1714,64,home,mask_home,environment,network_actively,failed,-1.2065,-0.00000,0.00000,-0.00000,-0.00000,0.00000,0.000000,0.000000,0.000000,0.000000,0.000000
1715,64,home,mask_home,environment,tidy_up,goal_achieved,3.1504,-0.00000,0.00000,-0.00000,-0.00000,0.00000,0.000000,0.000000,0.000000,0.000000,0.000000
1716,64,home,mask_home,environment,network_actively,failed,-1.2096,-0.00000,0.00000,-0.00000,-0.00000,0.00000,0.000000,0.000000,0.000000,0.000000,0.000000
1717,64,home,mask_home,environment,network_actively,failed,-1.2096,-0.00000,0.00000,-0.00000,-0.00000,0.00000,0.000000,0.000000,0.000000,0.000000,0.000000
1718,64,home,mask_home,environment,rest_deeply,goal_achieved,3.3487,-0.00000,-0.00000,-0.00000,-0.00000,0.00000,0.000000,-0.000000,0.000000,0.000000,0.000000
1719,64,home,mask_home,environment,network_actively,failed,-1.2106,-0.00000,0.00000,-0.00000,-0.00000,0.00000,0.000000,0.000000,0.000000,0.000000,0.000000
1720,64,conference,mask_conference,environment,rest_deeply,goal_achieved,1.3629,0.00000,-0.00000,0.00000,0.00000,0.00000,0.000000,0.000000,0.000000,0.000000,0.000000
1721,64,conference,mask_conference,environment,deep_work,goal_achieved,1.1953,0.00000,-0.00000,0.00000,0.00000,-0.00000,0.000000,0.000000,0.000000,0.000000,-0.000000
1722,64,conference,mask_conference,environment,network_actively,delayed,-0.4977,0.00000,0.00000,-0.00000,-0.00000,0.00000,0.000000,0.000000,-0.000000,-0.000000,0.000000
1723,64,conference,mask_conference,environment,take_notes,delayed,-1.9132,0.00000,-0.00000,0.00000,0.00000,0.00000,0.000000,-0.000000,0.000000,0.000000,0.000000
1724,64,conference,mask_conference,environment,network_actively,goal_achieved,1.3119,0.00000,-0.00000,0.00000,0.00000,0.00000,0.000000,0.000000,0.000000,0.000000,0.000000
1725,64,conference,mask_conference,environment,quick_scan,delayed,-1.8223,0.00000,-0.00000,0.00000,0.00000,-0.00000,0.000000,0.000000,0.000000,0.000000,-0.000000
1726,64,conference,mask_conference,environment,network_actively,delayed,-0.4891,0.00000,0.00000,-0.00000,-0.00000,0.00000,0.000000,0.000000,-0.000000,-0.000000,0.000000
1727,64,conference,mask_conference,environment,network_actively,goal_achieved,1.3142,0.00000,-0.00000,0.00000,0.00000,0.00000,0.000000,-0.000000,0.000000,0.000000,0.000000
1728,64,conference,mask_conference,environment,network_actively,delayed,-0.4891,0.00000,0.00000,-0.00000,-0.00000,0.00000,0.000000,0.000000,-0.000000,-0.000000,0.000000
1729,65,work,mask_work,environment,network_actively,failed,-1.1455,-0.00000,0.00000,-0.00000,-0.00000,0.00000,0.000000,0.000000,0.000000,0.000000,0.000000
1730,65,work,mask_work,environment,rest_deeply,failed,-1.5184,0.00000,0.00000,-0.00000,-0.00000,-0.00000,0.000000,0.000000,0.000000,0.000000,-0.000000
1731,65,work,mask_work,environment,network_actively,goal_achieved,1.2612,0.00000,-0.00000,0.00000,0.00000,-0.00000,0.000000,-0.000000,0.000000,0.000000,0.000000
1732,65,work,mask_work,environment,rest_deeply,goal_achieved,2.8688,-0.00000,-0.00000,-0.00000,-0.00000,0.00000,-0.000000,0.000000,-0.000000,-0.000000,0.000000
1733,65,work,mask_work,environment,network_actively,goal_achieved,1.2551,0.00000,-0.00000,0.00000,0.00000,-0.00000,0.000000,0.000000,0.000000,0.000000,-0.000000
1734,65,work,mask_work,environment,take_notes,failed,-1.7088,-0.00000,0.00000,-0.00000,-0.00000,0.00000,-0.000000,0.000000,-0.000000,-0.000000,0.000000
1735,65,work,mask_work,environment,network_actively,goal_achieved,1.2590,0.00000,-0.00000,0.00000,0.00000,-0.00000,0.000000,-0.000000,0.000000,0.000000,-0.000000
1736,65,work,mask_work,environment,rest_deeply,goal_achieved,2.8608,-0.00000,-0.00000,-0.00000,-0.00000,0.00000,-0.000000,0.000000,-0.000000,-0.000000,0.000000
1737,65,work,mask_work,environment,network_actively,goal_achieved,1.2531,0.00000,-0.00000,0.00000,0.00000,-0.00000,0.000000,0.000000,0.000000,0.000000,-0.000000
1738,65,home,mask_home,environment,network_actively,failed,-1.2106,-0.00000,0.00000,-0.00000,-0.00000,0.00000,0.000000,0.000000,0.000000,0.000000,0.000000
1739,65,home,mask_home,environment,quick_scan,delayed,-0.2827,-0.00000,-0.00000,-0.00000,-0.00000,0.00000,0.000000,-0.000000,0.000000,0.000000,0.000000
1740,65,home,mask_home,environment,rest_deeply,goal_achieved,3.3530,-0.00000,-0.00000,-0.00000,-0.00000,0.00000,0.000000,0.000000,0.000000,0.000000,0.000000
1741,65,home,mask_home,environment,quick_scan,delayed,-0.2837,-0.00000,-0.00000,-0.00000,-0.00000,0.00000,0.000000,0.000000,0.000000,0.000000,0.000000
1742,65,home,mask_home,environment,take_notes,failed,-1.6413,-0.00000,-0.00000,-0.00000,-0.00000,0.00000,0.000000,0.000000,0.000000,0.000000,0.000000
1743,65,home,mask_home,environment,deep_work,goal_achieved,2.8157,-0.00000,0.00000,-0.00000,-0.00000,-0.00000,0.000000,0.000000,0.000000,0.000000,-0.000000
1744,65,home,mask_home,environment,take_notes,failed,-1.6477,-0.00000,-0.00000,-0.00000,-0.00000,0.00000,0.000000,-0.000000,0.000000,0.000000,0.000000
1745,65,home,mask_home,environment,tidy_up,delayed,-0.3253,-0.00000,-0.00000,-0.00000,-0.00000,0.00000,0.000000,0.000000,0.000000,0.000000,0.000000
1746,65,home,mask_home,environment,network_actively,delayed,-0.6071,-0.00000,-0.00000,-0.00000,-0.00000,0.00000,0.000000,0.000000,0.000000,0.000000,0.000000
1747,65,conference,mask_conference,environment,network_actively,delayed,-0.4891,0.00000,0.00000,-0.00000,-0.00000,0.00000,0.000000,0.000000,0.000000,0.000000,0.000000
1748,65,conference,mask_conference,environment,quick_scan,goal_achieved,1.5547,0.00000,-0.00000,0.00000,0.00000,0.00000,0.000000,-0.000000,0.000000,0.000000,0.000000
1749,65,conference,mask_conference,environment,rest_deeply,goal_achieved,1.3817,0.00000,-0.00000,0.00000,0.00000,0.00000,0.000000,0.000000,0.000000,0.000000,0.000000
1750,65,conference,mask_conference,environment,quick_scan,goal_achieved,1.5483,0.00000,-0.00000,0.00000,0.00000,0.00000,0.000000,0.000000,0.000000,0.000000,0.000000
1751,65,conference,mask_conference,environment,take_notes,goal_achieved,1.4696,0.00000,-0.00000,0.00000,0.00000,0.00000,0.000000,0.000000,0.000000,0.000000,0.000000
1752,65,conference,mask_conference,environment,deep_work,delayed,-2.2226,0.00000,-0.00000,0.00000,0.00000,0.00000,0.000000,0.000000,0.000000,0.000000,0.000000
1753,65,conference,mask_conference,environment,network_actively,goal_achieved,1.2998,0.00000,-0.00000,0.00000,0.00000,0.00000,0.000000,0.000000,0.000000,0.000000,0.000000
1754,65,conference,mask_conference,environment,network_actively,goal_achieved,1.2998,0.00000,-0.00000,0.00000,0.00000,0.00000,0.000000,0.000000,0.000000,0.000000,0.000000
1755,65,conference,mask_conference,environment,take_notes,goal_achieved,1.4684,0.00000,-0.00000,0.00000,0.00000,0.00000,0.000000,0.000000,0.000000,0.000000,0.000000
1756,66,work,mask_work,environment,network_actively,failed,-1.1514,-0.00000,0.00000,-0.00000,-0.00000,0.00000,-0.000000,0.000000,-0.000000,-0.000000,0.000000
1757,66,work,mask_work,environment,network_actively,delayed,-0.5503,0.00000,0.00000,-0.00000,-0.00000,0.00000,0.000000,0.000000,0.000000,0.000000,0.000000
1758,66,work,mask_work,environment,quick_scan,delayed,-0.2781,0.00000,0.00000,-0.00000,-0.00000,-0.00000,0.000000,0.000000,0.000000,0.000000,-0.000000
1759,66,work,mask_work,environment,quick_scan,goal_achieved,3.0842,-0.00000,0.00000,-0.00000,-0.00000,0.00000,-0.000000,0.000000,0.000000,0.000000,0.000000
1760,66,work,mask_work,environment,network_actively,delayed,-0.5502,0.00000,0.00000,-0.00000,-0.00000,0.00000,0.000000,0.000000,0.000000,0.000000,0.000000
1761,66,work,mask_work,environment,network_actively,delayed,-0.5502,0.00000,0.00000,-0.00000,-0.00000,0.00000,0.000000,0.000000,0.000000,0.000000,0.000000
1762,66,work,mask_work,environment,network_actively,delayed,-0.5502,0.00000,0.00000,-0.00000,-0.00000,0.00000,0.000000,0.000000,0.000000,0.000000,0.000000
1763,66,work,mask_work,environment,network_actively,delayed,-0.5502,0.00000,0.00000,-0.00000,-0.00000,0.00000,0.000000,0.000000,0.000000,0.000000,0.000000
1764,66,work,mask_work,environment,network_actively,delayed,-0.5502,0.00000,0.00000,-0.00000,-0.00000,0.00000,0.000000,0.000000,0.000000,0.000000,0.000000
1765,66,home,mask_home,environment,quick_scan,goal_achieved,3.0798,-0.00000,-0.00000,-0.00000,-0.00000,0.00000,0.000000,0.000000,0.000000,0.000000,0.000000
1766,66,home,mask_home,environment,network_actively,failed,-1.2126,-0.00000,0.00000,-0.00000,-0.00000,0.00000,0.000000,0.000000,0.000000,0.000000,0.000000
1767,66,home,mask_home,environment,network_actively,failed,-1.2126,-0.00000,0.00000,-0.00000,-0.00000,0.00000,0.000000,0.000000,0.000000,0.000000,0.000000
1768,66,home,mask_home,environment,network_actively,failed,-1.2126,-0.00000,0.00000,-0.00000,-0.00000,0.00000,0.000000,0.000000,0.000000,0.000000,0.000000
1769,66,home,mask_home,environment,deep_work,delayed,-0.6082,-0.00000,-0.00000,-0.00000,-0.00000,0.00000,0.000000,-0.000000,0.000000,0.000000,0.000000
1770,66,home,mask_home,environment,rest_deeply,goal_achieved,3.3558,-0.00000,-0.00000,-0.00000,-0.00000,0.00000,0.000000,0.000000,0.000000,0.000000,0.000000
1771,66,home,mask_home,environment,network_actively,delayed,-0.6121,-0.00000,-0.00000,-0.00000,-0.00000,0.00000,0.000000,0.000000,0.000000,0.000000,0.000000
1772,66,home,mask_home,environment,tidy_up,delayed,-0.3263,-0.00000,-0.00000,-0.00000,-0.00000,0.00000,0.000000,0.000000,0.000000,0.000000,0.000000
1773,66,home,mask_home,environment,network_actively,failed,-1.2098,-0.00000,0.00000,-0.00000,-0.00000,0.00000,0.000000,0.000000,0.000000,0.000000,0.000000
1774,66,conference,mask_conference,environment,network_actively,goal_achieved,1.2968,0.00000,-0.00000,0.00000,0.00000,0.00000,0.000000,0.000000,0.000000,0.000000,0.000000
1775,66,conference,mask_conference,environment,network_actively,delayed,-0.5066,0.00000,0.00000,-0.00000,-0.00000,0.00000,0.000000,0.000000,-0.000000,-0.000000,0.000000
1776,66,conference,mask_conference,environment,tidy_up,goal_achieved,1.3345,0.00000,-0.00000,0.00000,0.00000,-0.00000,0.000000,-0.000000,0.000000,0.000000,-0.000000
1777,66,conference,mask_conference,environment,take_notes,delayed,-1.9138,0.00000,-0.00000,0.00000,0.00000,0.00000,0.000000,0.000000,0.000000,0.000000,0.000000
1778,66,conference,mask_conference,environment,rest_deeply,failed,-3.0190,0.00000,-0.00000,0.00000,0.00000,-0.00000,0.000000,0.000000,0.000000,0.000000,-0.000000
1779,66,conference,mask_conference,environment,network_actively,delayed,-0.5046,0.00000,0.00000,-0.00000,-0.00000,0.00000,0.000000,0.000000,-0.000000,-0.000000,0.000000
1780,66,conference,mask_conference,environment,quick_scan,delayed,-1.8103,0.00000,-0.00000,0.00000,0.00000,-0.00000,0.000000,-0.000000,0.000000,0.000000,-0.000000
1781,66,conference,mask_conference,environment,network_actively,goal_achieved,1.3011,0.00000,-0.00000,0.00000,0.00000,0.00000,0.000000,0.000000,0.000000,0.000000,0.000000
1782,66,conference,mask_conference,environment,network_actively,goal_achieved,1.3011,0.00000,-0.00000,0.00000,0.00000,0.00000,0.000000,0.000000,0.000000,0.000000,0.000000
1783,67,work,mask_work,environment,network_actively,delayed,-0.5502,0.00000,0.00000,-0.00000,-0.00000,0.00000,0.000000,0.000000,0.000000,0.000000,0.000000
1784,67,work,mask_work,environment,network_actively,delayed,-0.5502,0.00000,0.00000,-0.00000,-0.00000,0.00000,0.000000,0.000000,0.000000,0.000000,0.000000
1785,67,work,mask_work,environment,network_actively,failed,-1.1514,-0.00000,0.00000,-0.00000,-0.00000,0.00000,-0.000000,0.000000,0.000000,0.000000,0.000000
1786,67,work,mask_work,environment,network_actively,goal_achieved,1.2531,0.00000,-0.00000,0.00000,0.00000,-0.00000,0.000000,-0.000000,0.000000,0.000000,-0.000000
1787,67,work,mask_work,environment,network_actively,goal_achieved,1.2531,0.00000,-0.00000,0.00000,0.00000,-0.00000,0.000000,0.000000,0.000000,0.000000,0.000000
1788,67,work,mask_work,environment,network_actively,failed,-1.1514,-0.00000,0.00000,-0.00000,-0.00000,0.00000,-0.000000,0.000000,-0.000000,-0.000000,0.000000
1789,67,work,mask_work,environment,rest_deeply,failed,-1.5425,0.00000,0.00000,-0.00000,-0.00000,-0.00000,0.000000,0.000000,0.000000,0.000000,-0.000000
1790,67,work,mask_work,environment,network_actively,delayed,-0.5480,0.00000,0.00000,-0.00000,-0.00000,0.00000,0.000000,0.000000,0.000000,0.000000,0.000000
1791,67,work,mask_work,environment,network_actively,failed,-1.1491,-0.00000,0.00000,-0.00000,-0.00000,0.00000,-0.000000,0.000000,0.000000,0.000000,0.000000
1792,67,home,mask_home,environment,rest_deeply,delayed,0.0655,-0.00000,0.00000,-0.00000,-0.00000,0.00000,0.000000,0.000000,0.000000,0.000000,0.000000
1793,67,home,mask_home,environment,quick_scan,failed,-1.3892,-0.00000,0.00000,-0.00000,-0.00000,-0.00000,0.000000,0.000000,0.000000,0.000000,-0.000000
1794,67,home,mask_home,environment,network_actively,failed,-1.2020,-0.00000,0.00000,-0.00000,-0.00000,0.00000,0.000000,0.000000,0.000000,0.000000,0.000000
1795,67,home,mask_home,environment,deep_work,delayed,-0.5951,-0.00000,-0.00000,-0.00000,-0.00000,0.00000,0.000000,-0.000000,0.000000,0.000000,0.000000
1796,67,home,mask_home,environment,tidy_up,goal_achieved,3.1654,-0.00000,0.00000,-0.00000,-0.00000,0.00000,0.000000,0.000000,0.000000,0.000000,0.000000
1797,67,home,mask_home,environment,network_actively,delayed,-0.6035,-0.00000,-0.00000,-0.00000,-0.00000,0.00000,0.000000,-0.000000,0.000000,0.000000,0.000000
1798,67,home,mask_home,environment,network_actively,delayed,-0.6035,-0.00000,-0.00000,-0.00000,-0.00000,0.00000,0.000000,0.000000,0.000000,0.000000,0.000000
1799,67,home,mask_home,environment,tidy_up,delayed,-0.3160,-0.00000,-0.00000,-0.00000,-0.00000,0.00000,0.000000,0.000000,0.000000,0.000000,0.000000
1800,67,home,mask_home,environment,take_notes,failed,-1.6310,-0.00000,-0.00000,-0.00000,-0.00000,0.00000,0.000000,0.000000,0.000000,0.000000,0.000000
1801,67,conference,mask_conference,environment,deep_work,goal_achieved,1.2132,0.00000,-0.00000,0.00000,0.00000,-0.00000,0.000000,0.000000,0.000000,0.000000,-0.000000
1802,67,conference,mask_conference,environment,network_actively,goal_achieved,1.2959,0.00000,-0.00000,0.00000,0.00000,0.00000,0.000000,0.000000,0.000000,0.000000,0.000000
1803,67,conference,mask_conference,environment,rest_deeply,failed,-3.0201,0.00000,-0.00000,0.00000,0.00000,-0.00000,0.000000,0.000000,0.000000,0.000000,-0.000000
1804,67,conference,mask_conference,environment,network_actively,goal_achieved,1.2990,0.00000,-0.00000,0.00000,0.00000,0.00000,0.000000,0.000000,0.000000,0.000000,0.000000
1805,67,conference,mask_conference,environment,tidy_up,delayed,-2.1361,0.00000,-0.00000,0.00000,0.00000,0.00000,0.000000,0.000000,0.000000,0.000000,0.000000
1806,67,conference,mask_conference,environment,network_actively,goal_achieved,1.2985,0.00000,-0.00000,0.00000,0.00000,0.00000,0.000000,0.000000,0.000000,0.000000,0.000000
1807,67,conference,mask_conference,environment,network_actively,goal_achieved,1.2985,0.00000,-0.00000,0.00000,0.00000,0.00000,0.000000,0.000000,0.000000,0.000000,0.000000
1808,67,conference,mask_conference,environment,network_actively,goal_achieved,1.2985,0.00000,-0.00000,0.00000,0.00000,0.00000,0.000000,0.000000,0.000000,0.000000,0.000000
1809,67,conference,mask_conference,environment,quick_scan,goal_achieved,1.5418,0.00000,-0.00000,0.00000,0.00000,0.00000,0.000000,0.000000,0.000000,0.000000,0.000000
1810,68,work,mask_work,environment,network_actively,failed,-1.1491,-0.00000,0.00000,-0.00000,-0.00000,0.00000,0.000000,0.000000,0.000000,0.000000,0.000000
1811,68,work,mask_work,environment,tidy_up,failed,-1.7078,0.00000,0.00000,-0.00000,-0.00000,0.00000,0.000000,0.000000,0.000000,0.000000,0.000000
1812,68,work,mask_work,environment,network_actively,delayed,-0.5441,0.00000,0.00000,-0.00000,-0.00000,0.00000,0.000000,0.000000,0.000000,0.000000,0.000000
1813,68,work,mask_work,environment,network_actively,failed,-1.1452,-0.00000,0.00000,-0.00000,-0.00000,0.00000,-0.000000,0.000000,0.000000,0.000000,0.000000
1814,68,work,mask_work,environment,deep_work,delayed,-0.5130,-0.00000,-0.00000,-0.00000,-0.00000,0.00000,0.000000,-0.000000,0.000000,0.000000,0.000000
1815,68,work,mask_work,environment,network_actively,delayed,-0.5398,0.00000,0.00000,-0.00000,-0.00000,0.00000,0.000000,0.000000,0.000000,0.000000,0.000000
1816,68,work,mask_work,environment,tidy_up,delayed,-0.5412,0.00000,0.00000,-0.00000,-0.00000,0.00000,0.000000,0.000000,0.000000,0.000000,0.000000
1817,68,work,mask_work,environment,rest_deeply,delayed,-0.4283,0.00000,0.00000,-0.00000,-0.00000,0.00000,0.000000,0.000000,0.000000,0.000000,0.000000
1818,68,work,mask_work,environment,network_actively,failed,-1.1394,-0.00000,0.00000,-0.00000,-0.00000,0.00000,-0.000000,0.000000,0.000000,0.000000,0.000000
1819,68,home,mask_home,environment,network_actively,delayed,-0.5981,-0.00000,-0.00000,-0.00000,-0.00000,0.00000,0.000000,0.000000,0.000000,0.000000,0.000000
1820,68,home,mask_home,environment,rest_deeply,goal_achieved,3.3658,-0.00000,-0.00000,-0.00000,-0.00000,0.00000,0.000000,0.000000,0.000000,0.000000,0.000000
1821,68,home,mask_home,environment,network_actively,delayed,-0.5991,-0.00000,-0.00000,-0.00000,-0.00000,0.00000,0.000000,0.000000,0.000000,0.000000,0.000000
1822,68,home,mask_home,environment,network_actively,delayed,-0.5991,-0.00000,-0.00000,-0.00000,-0.00000,0.00000,0.000000,0.000000,0.000000,0.000000,0.000000
1823,68,home,mask_home,environment,network_actively,delayed,-0.5991,-0.00000,-0.00000,-0.00000,-0.00000,0.00000,0.000000,0.000000,0.000000,0.000000,0.000000
1824,68,home,mask_home,environment,take_notes,delayed,-0.5075,-0.00000,-0.00000,-0.00000,-0.00000,0.00000,0.000000,0.000000,0.000000,0.000000,0.000000
1825,68,home,mask_home,environment,rest_deeply,delayed,0.0691,-0.00000,0.00000,-0.00000,-0.00000,0.00000,0.000000,0.000000,0.000000,0.000000,0.000000
1826,68,home,mask_home,environment,network_actively,delayed,-0.5944,-0.00000,-0.00000,-0.00000,-0.00000,0.00000,0.000000,-0.000000,0.000000,0.000000,0.000000
1827,68,home,mask_home,environment,network_actively,failed,-1.1955,-0.00000,0.00000,-0.00000,-0.00000,0.00000,0.000000,0.000000,0.000000,0.000000,0.000000
1828,68,conference,mask_conference,environment,take_notes,goal_achieved,1.4630,0.00000,-0.00000,0.00000,0.00000,0.00000,0.000000,0.000000,0.000000,0.000000,0.000000
1829,68,conference,mask_conference,environment,network_actively,goal_achieved,1.2928,0.00000,-0.00000,0.00000,0.00000,0.00000,0.000000,0.000000,0.000000,0.000000,0.000000
1830,68,conference,mask_conference,environment,quick_scan,goal_achieved,1.5378,0.00000,-0.00000,0.00000,0.00000,0.00000,0.000000,0.000000,0.000000,0.000000,0.000000
1831,68,conference,mask_conference,environment,network_actively,goal_achieved,1.2900,0.00000,-0.00000,0.00000,0.00000,0.00000,0.000000,0.000000,0.000000,0.000000,0.000000
1832,68,conference,mask_conference,environment,network_actively,goal_achieved,1.2900,0.00000,-0.00000,0.00000,0.00000,0.00000,0.000000,0.000000,0.000000,0.000000,0.000000
1833,68,conference,mask_conference,environment,network_actively,goal_achieved,1.2900,0.00000,-0.00000,0.00000,0.00000,0.00000,0.000000,0.000000,0.000000,0.000000,0.000000
1834,68,conference,mask_conference,environment,network_actively,delayed,-0.5134,0.00000,0.00000,-0.00000,-0.00000,0.00000,0.000000,0.000000,-0.000000,-0.000000,0.000000
1835,68,conference,mask_conference,environment,deep_work,failed,-3.3706,0.00000,-0.00000,0.00000,0.00000,0.00000,0.000000,-0.000000,0.000000,0.000000,0.000000
1836,68,conference,mask_conference,environment,quick_scan,goal_achieved,1.5426,0.00000,-0.00000,0.00000,0.00000,0.00000,0.000000,0.000000,0.000000,0.000000,0.000000
1837,69,work,mask_work,environment,network_actively,delayed,-0.5383,0.00000,0.00000,-0.00000,-0.00000,0.00000,0.000000,0.000000,0.000000,0.000000,0.000000
1838,69,work,mask_work,environment,take_notes,goal_achieved,2.7953,0.00000,0.00000,-0.00000,-0.00000,-0.00000,0.000000,0.000000,0.000000,0.000000,-0.000000
1839,69,work,mask_work,environment,rest_deeply,failed,-1.5322,0.00000,0.00000,-0.00000,-0.00000,-0.00000,0.000000,0.000000,0.000000,0.000000,0.000000
1840,69,work,mask_work,environment,deep_work,goal_achieved,2.9150,0.00000,0.00000,-0.00000,-0.00000,-0.00000,0.000000,0.000000,0.000000,0.000000,0.000000
1841,69,work,mask_work,environment,network_actively,delayed,-0.5454,0.00000,0.00000,-0.00000,-0.00000,0.00000,0.000000,0.000000,0.000000,0.000000,0.000000
1842,69,work,mask_work,environment,network_actively,delayed,-0.5454,0.00000,0.00000,-0.00000,-0.00000,0.00000,0.000000,0.000000,0.000000,0.000000,0.000000
1843,69,work,mask_work,environment,rest_deeply,failed,-1.5336,0.00000,0.00000,-0.00000,-0.00000,-0.00000,0.000000,0.000000,0.000000,0.000000,-0.000000
1844,69,work,mask_work,environment,network_actively,goal_achieved,1.2601,0.00000,-0.00000,0.00000,0.00000,-0.00000,0.000000,-0.000000,0.000000,0.000000,0.000000
1845,69,work,mask_work,environment,deep_work,goal_achieved,2.9118,0.00000,0.00000,-0.00000,-0.00000,-0.00000,0.000000,0.000000,-0.000000,-0.000000,0.000000
1846,69,home,mask_home,environment,take_notes,delayed,-0.5015,-0.00000,-0.00000,-0.00000,-0.00000,0.00000,0.000000,-0.000000,0.000000,0.000000,0.000000
1847,69,home,mask_home,environment,rest_deeply,goal_achieved,3.3649,-0.00000,-0.00000,-0.00000,-0.00000,0.00000,0.000000,0.000000,0.000000,0.000000,0.000000
1848,69,home,mask_home,environment,tidy_up,goal_achieved,3.1681,-0.00000,0.00000,-0.00000,-0.00000,0.00000,0.000000,0.000000,0.000000,0.000000,0.000000
1849,69,home,mask_home,environment,network_actively,failed,-1.1996,-0.00000,0.00000,-0.00000,-0.00000,0.00000,0.000000,0.000000,0.000000,0.000000,0.000000
1850,69,home,mask_home,environment,quick_scan,delayed,-0.2647,-0.00000,-0.00000,-0.00000,-0.00000,0.00000,0.000000,-0.000000,0.000000,0.000000,0.000000
1851,69,home,mask_home,environment,take_notes,failed,-1.6293,-0.00000,-0.00000,-0.00000,-0.00000,0.00000,0.000000,0.000000,0.000000,0.000000,0.000000
1852,69,home,mask_home,environment,network_actively,goal_achieved,1.2077,-0.00000,-0.00000,0.00000,0.00000,0.00000,0.000000,0.000000,0.000000,0.000000,0.000000
1853,69,home,mask_home,environment,quick_scan,delayed,-0.2695,-0.00000,-0.00000,-0.00000,-0.00000,0.00000,0.000000,0.000000,-0.000000,-0.000000,0.000000
1854,69,home,mask_home,environment,quick_scan,goal_achieved,3.0928,-0.00000,-0.00000,-0.00000,-0.00000,0.00000,0.000000,0.000000,0.000000,0.000000,0.000000
1855,69,conference,mask_conference,environment,deep_work,failed,-3.3732,0.00000,-0.00000,0.00000,0.00000,0.00000,0.000000,0.000000,0.000000,0.000000,0.000000
1856,69,conference,mask_conference,environment,quick_scan,failed,-2.9376,0.00000,-0.00000,0.00000,0.00000,-0.00000,0.000000,0.000000,0.000000,0.000000,-0.000000
1857,69,conference,mask_conference,environment,deep_work,delayed,-2.2261,0.00000,-0.00000,0.00000,0.00000,0.00000,0.000000,0.000000,0.000000,0.000000,0.000000
1858,69,conference,mask_conference,environment,network_actively,delayed,-0.5052,0.00000,0.00000,-0.00000,-0.00000,0.00000,0.000000,0.000000,-0.000000,-0.000000,0.000000
1859,69,conference,mask_conference,environment,tidy_up,delayed,-2.1341,0.00000,-0.00000,0.00000,0.00000,0.00000,0.000000,-0.000000,0.000000,0.000000,0.000000
1860,69,conference,mask_conference,environment,network_actively,delayed,-0.5057,0.00000,0.00000,-0.00000,-0.00000,0.00000,0.000000,0.000000,-0.000000,-0.000000,0.000000
1861,69,conference,mask_conference,environment,network_actively,goal_achieved,1.2977,0.00000,-0.00000,0.00000,0.00000,0.00000,0.000000,-0.000000,0.000000,0.000000,0.000000
1862,69,conference,mask_conference,environment,deep_work,failed,-3.3611,0.00000,-0.00000,0.00000,0.00000,0.00000,0.000000,0.000000,0.000000,0.000000,0.000000
1863,69,conference,mask_conference,environment,network_actively,goal_achieved,1.3005,0.00000,-0.00000,0.00000,0.00000,0.00000,0.000000,0.000000,0.000000,0.000000,0.000000
1864,70,work,mask_work,environment,network_actively,goal_achieved,1.2586,0.00000,-0.00000,0.00000,0.00000,-0.00000,0.000000,-0.000000,0.000000,0.000000,0.000000
1865,70,work,mask_work,environment,take_notes,delayed,-0.5934,0.00000,0.00000,-0.00000,-0.00000,0.00000,0.000000,0.000000,-0.000000,-0.000000,0.000000
1866,70,work,mask_work,environment,take_notes,failed,-1.7198,-0.00000,0.00000,-0.00000,-0.00000,0.00000,-0.000000,0.000000,0.000000,0.000000,0.000000
1867,70,work,mask_work,environment,network_actively,delayed,-0.5400,0.00000,0.00000,-0.00000,-0.00000,0.00000,0.000000,0.000000,0.000000,0.000000,0.000000
1868,70,work,mask_work,environment,tidy_up,failed,-1.7113,0.00000,0.00000,-0.00000,-0.00000,0.00000,0.000000,0.000000,0.000000,0.000000,0.000000
1869,70,work,mask_work,environment,network_actively,goal_achieved,1.2669,0.00000,-0.00000,0.00000,0.00000,-0.00000,0.000000,-0.000000,0.000000,0.000000,-0.000000
1870,70,work,mask_work,environment,take_notes,delayed,-0.5952,0.00000,0.00000,-0.00000,-0.00000,0.00000,0.000000,0.000000,-0.000000,-0.000000,0.000000
1871,70,work,mask_work,environment,deep_work,delayed,-0.5196,-0.00000,-0.00000,-0.00000,-0.00000,0.00000,-0.000000,-0.000000,0.000000,0.000000,0.000000
1872,70,work,mask_work,environment,quick_scan,delayed,-0.2734,0.00000,0.00000,-0.00000,-0.00000,-0.00000,0.000000,0.000000,0.000000,0.000000,-0.000000
1873,70,home,mask_home,environment,rest_deeply,goal_achieved,3.3564,-0.00000,-0.00000,-0.00000,-0.00000,0.00000,0.000000,0.000000,0.000000,0.000000,0.000000
1874,70,home,mask_home,environment,take_notes,delayed,-0.5139,-0.00000,-0.00000,-0.00000,-0.00000,0.00000,0.000000,0.000000,0.000000,0.000000,0.000000
1875,70,home,mask_home,environment,take_notes,failed,-1.6403,-0.00000,-0.00000,-0.00000,-0.00000,0.00000,0.000000,0.000000,0.000000,0.000000,0.000000
1876,70,home,mask_home,environment,network_actively,delayed,-0.5984,-0.00000,-0.00000,-0.00000,-0.00000,0.00000,0.000000,0.000000,0.000000,0.000000,0.000000
1877,70,home,mask_home,environment,quick_scan,goal_achieved,3.0930,-0.00000,-0.00000,-0.00000,-0.00000,0.00000,0.000000,0.000000,0.000000,0.000000,0.000000
1878,70,home,mask_home,environment,network_actively,failed,-1.2036,-0.00000,0.00000,-0.00000,-0.00000,0.00000,0.000000,0.000000,0.000000,0.000000,0.000000
1879,70,home,mask_home,environment,network_actively,delayed,-0.6025,-0.00000,-0.00000,-0.00000,-0.00000,0.00000,0.000000,-0.000000,0.000000,0.000000,0.000000
1880,70,home,mask_home,environment,deep_work,goal_achieved,2.8263,-0.00000,0.00000,-0.00000,-0.00000,-0.00000,0.000000,0.000000,0.000000,0.000000,-0.000000
1881,70,home,mask_home,environment,quick_scan,delayed,-0.2742,-0.00000,-0.00000,-0.00000,-0.00000,0.00000,0.000000,-0.000000,0.000000,0.000000,0.000000
1882,70,conference,mask_conference,environment,rest_deeply,failed,-3.0147,0.00000,-0.00000,0.00000,0.00000,0.00000,0.000000,0.000000,0.000000,0.000000,0.000000
1883,70,conference,mask_conference,environment,rest_deeply,failed,-3.0147,0.00000,-0.00000,0.00000,0.00000,0.00000,0.000000,0.000000,0.000000,0.000000,0.000000
1884,70,conference,mask_conference,environment,network_actively,delayed,-0.4970,0.00000,0.00000,-0.00000,-0.00000,0.00000,0.000000,0.000000,-0.000000,-0.000000,0.000000
1885,70,conference,mask_conference,environment,network_actively,goal_achieved,1.3063,0.00000,-0.00000,0.00000,0.00000,0.00000,0.000000,-0.000000,0.000000,0.000000,0.000000
1886,70,conference,mask_conference,environment,take_notes,goal_achieved,1.4885,0.00000,-0.00000,0.00000,0.00000,0.00000,0.000000,0.000000,0.000000,0.000000,0.000000
1887,70,conference,mask_conference,environment,network_actively,delayed,-0.4998,0.00000,0.00000,-0.00000,-0.00000,0.00000,0.000000,0.000000,-0.000000,-0.000000,0.000000
1888,70,conference,mask_conference,environment,take_notes,goal_achieved,1.4933,0.00000,-0.00000,0.00000,0.00000,0.00000,0.000000,-0.000000,0.000000,0.000000,0.000000
1889,70,conference,mask_conference,environment,take_notes,delayed,-1.8859,0.00000,-0.00000,0.00000,0.00000,0.00000,0.000000,0.000000,0.000000,0.000000,0.000000
1890,70,conference,mask_conference,environment,quick_scan,goal_achieved,1.5705,0.00000,-0.00000,0.00000,0.00000,0.00000,0.000000,0.000000,0.000000,0.000000,0.000000
1891,71,work,mask_work,environment,rest_deeply,failed,-1.5348,0.00000,0.00000,-0.00000,-0.00000,-0.00000,0.000000,0.000000,0.000000,0.000000,0.000000
1892,71,work,mask_work,environment,network_actively,failed,-1.1273,-0.00000,0.00000,-0.00000,-0.00000,0.00000,-0.000000,0.000000,0.000000,0.000000,0.000000
1893,71,work,mask_work,environment,network_actively,failed,-1.1273,-0.00000,0.00000,-0.00000,-0.00000,0.00000,0.000000,0.000000,0.000000,0.000000,0.000000
1894,71,work,mask_work,environment,network_actively,goal_achieved,1.2772,0.00000,-0.00000,0.00000,0.00000,-0.00000,0.000000,-0.000000,0.000000,0.000000,-0.000000
1895,71,work,mask_work,environment,network_actively,goal_achieved,1.2772,0.00000,-0.00000,0.00000,0.00000,-0.00000,0.000000,0.000000,0.000000,0.000000,0.000000
1896,71,work,mask_work,environment,rest_deeply,delayed,-0.4432,0.00000,0.00000,-0.00000,-0.00000,0.00000,0.000000,0.000000,-0.000000,-0.000000,0.000000
1897,71,work,mask_work,environment,network_actively,delayed,-0.5260,0.00000,0.00000,-0.00000,-0.00000,0.00000,0.000000,0.000000,0.000000,0.000000,0.000000
1898,71,work,mask_work,environment,network_actively,delayed,-0.5260,0.00000,0.00000,-0.00000,-0.00000,0.00000,0.000000,0.000000,0.000000,0.000000,0.000000
1899,71,work,mask_work,environment,take_notes,delayed,-0.5921,0.00000,0.00000,-0.00000,-0.00000,0.00000,0.000000,0.000000,0.000000,0.000000,0.000000
1900,71,home,mask_home,environment,network_actively,failed,-1.2087,-0.00000,0.00000,-0.00000,-0.00000,0.00000,0.000000,0.000000,0.000000,0.000000,0.000000
1901,71,home,mask_home,environment,take_notes,delayed,-0.5208,-0.00000,-0.00000,-0.00000,-0.00000,0.00000,0.000000,-0.000000,0.000000,0.000000,0.000000
1902,71,home,mask_home,environment,take_notes,failed,-1.6472,-0.00000,-0.00000,-0.00000,-0.00000,0.00000,0.000000,0.000000,0.000000,0.000000,0.000000
1903,71,home,mask_home,environment,deep_work,failed,-1.7428,-0.00000,-0.00000,-0.00000,-0.00000,0.00000,0.000000,0.000000,0.000000,0.000000,0.000000
1904,71,home,mask_home,environment,rest_deeply,goal_achieved,3.3550,-0.00000,-0.00000,-0.00000,-0.00000,0.00000,0.000000,0.000000,0.000000,0.000000,0.000000
1905,71,home,mask_home,environment,network_actively,delayed,-0.6045,-0.00000,-0.00000,-0.00000,-0.00000,0.00000,0.000000,0.000000,0.000000,0.000000,0.000000
1906,71,home,mask_home,environment,network_actively,failed,-1.2056,-0.00000,0.00000,-0.00000,-0.00000,0.00000,0.000000,0.000000,0.000000,0.000000,0.000000
1907,71,home,mask_home,environment,take_notes,failed,-1.6446,-0.00000,-0.00000,-0.00000,-0.00000,0.00000,0.000000,-0.000000,0.000000,0.000000,0.000000
1908,71,home,mask_home,environment,network_actively,failed,-1.2039,-0.00000,0.00000,-0.00000,-0.00000,0.00000,0.000000,0.000000,0.000000,0.000000,0.000000
1909,71,conference,mask_conference,environment,quick_scan,goal_achieved,1.5705,0.00000,-0.00000,0.00000,0.00000,0.00000,0.000000,0.000000,0.000000,0.000000,0.000000
1910,71,conference,mask_conference,environment,network_actively,delayed,-0.5024,0.00000,0.00000,-0.00000,-0.00000,0.00000,0.000000,0.000000,-0.000000,-0.000000,0.000000
1911,71,conference,mask_conference,environment,quick_scan,goal_achieved,1.5753,0.00000,-0.00000,0.00000,0.00000,0.00000,0.000000,-0.000000,0.000000,0.000000,0.000000
1912,71,conference,mask_conference,environment,network_actively,goal_achieved,1.2984,0.00000,-0.00000,0.00000,0.00000,0.00000,0.000000,0.000000,0.000000,0.000000,0.000000
1913,71,conference,mask_conference,environment,network_actively,goal_achieved,1.2984,0.00000,-0.00000,0.00000,0.00000,0.00000,0.000000,0.000000,0.000000,0.000000,0.000000
1914,71,conference,mask_conference,environment,network_actively,goal_achieved,1.2984,0.00000,-0.00000,0.00000,0.00000,0.00000,0.000000,0.000000,0.000000,0.000000,0.000000
1915,71,conference,mask_conference,environment,tidy_up,failed,-3.2808,0.00000,-0.00000,0.00000,0.00000,0.00000,0.000000,0.000000,0.000000,0.000000,0.000000
1916,71,conference,mask_conference,environment,deep_work,failed,-3.3527,0.00000,-0.00000,0.00000,0.00000,0.00000,0.000000,0.000000,0.000000,0.000000,0.000000
1917,71,conference,mask_conference,environment,deep_work,failed,-3.3527,0.00000,-0.00000,0.00000,0.00000,0.00000,0.000000,0.000000,0.000000,0.000000,0.000000
1918,72,work,mask_work,environment,quick_scan,goal_achieved,3.0856,-0.00000,0.00000,-0.00000,-0.00000,0.00000,-0.000000,0.000000,0.000000,0.000000,0.000000
1919,72,work,mask_work,environment,take_notes,goal_achieved,2.7839,0.00000,0.00000,-0.00000,-0.00000,-0.00000,0.000000,0.000000,0.000000,0.000000,-0.000000
1920,72,work,mask_work,environment,quick_scan,goal_achieved,3.0787,-0.00000,0.00000,-0.00000,-0.00000,0.00000,-0.000000,0.000000,0.000000,0.000000,0.000000
1921,72,work,mask_work,environment,take_notes,delayed,-0.5984,0.00000,0.00000,-0.00000,-0.00000,0.00000,0.000000,0.000000,0.000000,0.000000,0.000000
1922,72,work,mask_work,environment,rest_deeply,failed,-1.5527,0.00000,0.00000,-0.00000,-0.00000,-0.00000,0.000000,0.000000,0.000000,0.000000,-0.000000
1923,72,work,mask_work,environment,deep_work,delayed,-0.5300,-0.00000,-0.00000,0.00000,-0.00000,0.00000,-0.000000,-0.000000,0.000000,0.000000,0.000000
1924,72,work,mask_work,environment,take_notes,delayed,-0.5925,0.00000,0.00000,-0.00000,-0.00000,0.00000,0.000000,0.000000,-0.000000,0.000000,0.000000
1925,72,work,mask_work,environment,network_actively,failed,-1.1318,-0.00000,0.00000,-0.00000,-0.00000,0.00000,-0.000000,0.000000,0.000000,0.000000,0.000000
1926,72,work,mask_work,environment,network_actively,failed,-1.1318,-0.00000,0.00000,-0.00000,-0.00000,0.00000,0.000000,0.000000,0.000000,0.000000,0.000000
1927,72,home,mask_home,environment,network_actively,delayed,-0.6028,-0.00000,-0.00000,-0.00000,-0.00000,0.00000,0.000000,-0.000000,0.000000,0.000000,0.000000
1928,72,home,mask_home,environment,take_notes,failed,-1.6435,-0.00000,-0.00000,-0.00000,-0.00000,0.00000,0.000000,0.000000,0.000000,0.000000,0.000000
1929,72,home,mask_home,environment,quick_scan,goal_achieved,3.0983,-0.00000,-0.00000,-0.00000,-0.00000,0.00000,0.000000,0.000000,0.000000,0.000000,0.000000
1930,72,home,mask_home,environment,network_actively,failed,-1.2062,-0.00000,0.00000,-0.00000,-0.00000,0.00000,0.000000,0.000000,0.000000,0.000000,0.000000
1931,72,home,mask_home,environment,network_actively,delayed,-0.6051,-0.00000,-0.00000,-0.00000,-0.00000,0.00000,0.000000,-0.000000,0.000000,0.000000,0.000000
1932,72,home,mask_home,environment,take_notes,delayed,-0.5200,-0.00000,-0.00000,-0.00000,-0.00000,0.00000,0.000000,0.000000,0.000000,0.000000,0.000000
1933,72,home,mask_home,environment,deep_work,failed,-1.7415,-0.00000,-0.00000,-0.00000,-0.00000,0.00000,0.000000,0.000000,0.000000,0.000000,0.000000
1934,72,home,mask_home,environment,network_actively,goal_achieved,1.2003,-0.00000,-0.00000,0.00000,0.00000,0.00000,0.000000,0.000000,0.000000,0.000000,0.000000
1935,72,home,mask_home,environment,network_actively,delayed,-0.6030,-0.00000,-0.00000,-0.00000,-0.00000,0.00000,0.000000,0.000000,-0.000000,-0.000000,0.000000
1936,72,conference,mask_conference,environment,network_actively,goal_achieved,1.3052,0.00000,-0.00000,0.00000,0.00000,0.00000,0.000000,0.000000,0.000000,0.000000,0.000000
1937,72,conference,mask_conference,environment,network_actively,goal_achieved,1.3052,0.00000,-0.00000,0.00000,0.00000,0.00000,0.000000,0.000000,0.000000,0.000000,0.000000
1938,72,conference,mask_conference,environment,network_actively,goal_achieved,1.3052,0.00000,-0.00000,0.00000,0.00000,0.00000,0.000000,0.000000,0.000000,0.000000,0.000000
1939,72,conference,mask_conference,environment,network_actively,goal_achieved,1.3052,0.00000,-0.00000,0.00000,0.00000,0.00000,0.000000,0.000000,0.000000,0.000000,0.000000
1940,72,conference,mask_conference,environment,tidy_up,failed,-3.2798,0.00000,-0.00000,0.00000,0.00000,0.00000,0.000000,0.000000,0.000000,0.000000,0.000000
1941,72,conference,mask_conference,environment,network_actively,goal_achieved,1.3067,0.00000,-0.00000,0.00000,0.00000,0.00000,0.000000,0.000000,0.000000,0.000000,0.000000
1942,72,conference,mask_conference,environment,quick_scan,failed,-2.9082,0.00000,-0.00000,0.00000,0.00000,-0.00000,0.000000,0.000000,0.000000,0.000000,-0.000000
1943,72,conference,mask_conference,environment,rest_deeply,delayed,-1.9076,0.00000,-0.00000,0.00000,0.00000,0.00000,0.000000,0.000000,0.000000,0.000000,0.000000
1944,72,conference,mask_conference,environment,network_actively,goal_achieved,1.3111,0.00000,-0.00000,0.00000,0.00000,0.00000,0.000000,0.000000,0.000000,0.000000,0.000000
1945,73,work,mask_work,environment,deep_work,goal_achieved,2.9047,0.00000,0.00000,-0.00000,-0.00000,-0.00000,0.000000,0.000000,0.000000,0.000000,-0.000000
1946,73,work,mask_work,environment,rest_deeply,failed,-1.5454,0.00000,0.00000,-0.00000,-0.00000,-0.00000,0.000000,0.000000,0.000000,0.000000,0.000000
1947,73,work,mask_work,environment,take_notes,goal_achieved,2.7910,0.00000,0.00000,-0.00000,-0.00000,-0.00000,0.000000,0.000000,0.000000,0.000000,0.000000
1948,73,work,mask_work,environment,network_actively,failed,-1.1378,-0.00000,0.00000,-0.00000,-0.00000,0.00000,-0.000000,0.000000,0.000000,0.000000,0.000000
1949,73,work,mask_work,environment,take_notes,delayed,-0.5862,0.00000,0.00000,-0.00000,-0.00000,0.00000,0.000000,0.000000,0.000000,0.000000,0.000000
1950,73,work,mask_work,environment,network_actively,failed,-1.1368,-0.00000,0.00000,-0.00000,-0.00000,0.00000,-0.000000,0.000000,0.000000,0.000000,0.000000
1951,73,work,mask_work,environment,network_actively,failed,-1.1368,-0.00000,0.00000,-0.00000,-0.00000,0.00000,0.000000,0.000000,0.000000,0.000000,0.000000
1952,73,work,mask_work,environment,network_actively,failed,-1.1368,-0.00000,0.00000,-0.00000,-0.00000,0.00000,0.000000,0.000000,0.000000,0.000000,0.000000
1953,73,work,mask_work,environment,network_actively,failed,-1.1368,-0.00000,0.00000,-0.00000,-0.00000,0.00000,0.000000,0.000000,0.000000,0.000000,0.000000
1954,73,home,mask_home,environment,network_actively,failed,-1.2042,-0.00000,0.00000,-0.00000,-0.00000,0.00000,0.000000,0.000000,0.000000,0.000000,0.000000
1955,73,home,mask_home,environment,take_notes,delayed,-0.5230,-0.00000,-0.00000,-0.00000,-0.00000,0.00000,0.000000,-0.000000,0.000000,0.000000,0.000000
1956,73,home,mask_home,environment,rest_deeply,goal_achieved,3.3540,-0.00000,-0.00000,-0.00000,-0.00000,0.00000,0.000000,0.000000,0.000000,0.000000,0.000000
1957,73,home,mask_home,environment,network_actively,delayed,-0.6043,-0.00000,-0.00000,-0.00000,-0.00000,0.00000,0.000000,0.000000,0.000000,0.000000,0.000000
1958,73,home,mask_home,environment,network_actively,goal_achieved,1.1991,-0.00000,-0.00000,0.00000,0.00000,0.00000,0.000000,0.000000,0.000000,0.000000,0.000000
1959,73,home,mask_home,environment,rest_deeply,goal_achieved,3.3471,-0.00000,-0.00000,-0.00000,-0.00000,0.00000,0.000000,0.000000,-0.000000,-0.000000,0.000000
1960,73,home,mask_home,environment,network_actively,goal_achieved,1.1982,-0.00000,-0.00000,0.00000,0.00000,0.00000,0.000000,0.000000,0.000000,0.000000,0.000000
1961,73,home,mask_home,environment,network_actively,failed,-1.2063,-0.00000,0.00000,-0.00000,-0.00000,0.00000,0.000000,0.000000,-0.000000,-0.000000,0.000000
1962,73,home,mask_home,environment,network_actively,failed,-1.2063,-0.00000,0.00000,-0.00000,-0.00000,0.00000,0.000000,0.000000,0.000000,0.000000,0.000000
1963,73,conference,mask_conference,environment,network_actively,goal_achieved,1.3111,0.00000,-0.00000,0.00000,0.00000,0.00000,0.000000,0.000000,0.000000,0.000000,0.000000
1964,73,conference,mask_conference,environment,network_actively,goal_achieved,1.3111,0.00000,-0.00000,0.00000,0.00000,0.00000,0.000000,0.000000,0.000000,0.000000,0.000000
1965,73,conference,mask_conference,environment,deep_work,failed,-3.3553,0.00000,-0.00000,0.00000,0.00000,0.00000,0.000000,0.000000,0.000000,0.000000,0.000000
1966,73,conference,mask_conference,environment,network_actively,goal_achieved,1.3136,0.00000,-0.00000,0.00000,0.00000,0.00000,0.000000,0.000000,0.000000,0.000000,0.000000
1967,73,conference,mask_conference,environment,take_notes,delayed,-1.8865,0.00000,-0.00000,0.00000,0.00000,0.00000,0.000000,0.000000,0.000000,0.000000,0.000000
1968,73,conference,mask_conference,environment,network_actively,goal_achieved,1.3187,0.00000,-0.00000,0.00000,0.00000,0.00000,0.000000,0.000000,0.000000,0.000000,0.000000
1969,73,conference,mask_conference,environment,quick_scan,delayed,-1.7843,0.00000,-0.00000,0.00000,0.00000,-0.00000,0.000000,0.000000,0.000000,0.000000,-0.000000
1970,73,conference,mask_conference,environment,network_actively,goal_achieved,1.3208,0.00000,-0.00000,0.00000,0.00000,0.00000,0.000000,0.000000,0.000000,0.000000,0.000000
1971,73,conference,mask_conference,environment,network_actively,goal_achieved,1.3208,0.00000,-0.00000,0.00000,0.00000,0.00000,0.000000,0.000000,0.000000,0.000000,0.000000
1972,74,work,mask_work,environment,network_actively,delayed,-0.5357,0.00000,0.00000,-0.00000,-0.00000,0.00000,0.000000,0.000000,0.000000,0.000000,0.000000
1973,74,work,mask_work,environment,network_actively,goal_achieved,1.2677,0.00000,-0.00000,0.00000,0.00000,-0.00000,0.000000,-0.000000,0.000000,0.000000,-0.000000
1974,74,work,mask_work,environment,take_notes,goal_achieved,2.7956,0.00000,0.00000,-0.00000,-0.00000,-0.00000,0.000000,0.000000,-0.000000,-0.000000,0.000000
1975,74,work,mask_work,environment,network_actively,delayed,-0.5418,0.00000,0.00000,-0.00000,-0.00000,0.00000,0.000000,0.000000,0.000000,0.000000,0.000000
1976,74,work,mask_work,environment,rest_deeply,failed,-1.5522,0.00000,0.00000,-0.00000,-0.00000,-0.00000,0.000000,0.000000,0.000000,0.000000,-0.000000
1977,74,work,mask_work,environment,take_notes,failed,-1.7079,-0.00000,-0.00000,-0.00000,-0.00000,0.00000,-0.000000,-0.000000,0.000000,0.000000,0.000000
1978,74,work,mask_work,environment,quick_scan,failed,-1.3939,0.00000,0.00000,-0.00000,-0.00000,-0.00000,0.000000,0.000000,0.000000,0.000000,-0.000000
1979,74,work,mask_work,environment,network_actively,goal_achieved,1.2721,0.00000,-0.00000,0.00000,0.00000,-0.00000,0.000000,-0.000000,0.000000,0.000000,0.000000
1980,74,work,mask_work,environment,quick_scan,delayed,-0.2782,0.00000,0.00000,-0.00000,-0.00000,-0.00000,0.000000,0.000000,-0.000000,-0.000000,0.000000
1981,74,home,mask_home,environment,network_actively,delayed,-0.6052,-0.00000,-0.00000,-0.00000,-0.00000,0.00000,0.000000,-0.000000,0.000000,0.000000,0.000000
1982,74,home,mask_home,environment,rest_deeply,goal_achieved,3.3435,-0.00000,-0.00000,-0.00000,-0.00000,0.00000,0.000000,0.000000,0.000000,0.000000,0.000000
1983,74,home,mask_home,environment,network_actively,failed,-1.2072,-0.00000,0.00000,-0.00000,-0.00000,0.00000,0.000000,0.000000,0.000000,0.000000,0.000000
1984,74,home,mask_home,environment,network_actively,delayed,-0.6060,-0.00000,-0.00000,-0.00000,-0.00000,0.00000,0.000000,-0.000000,0.000000,0.000000,0.000000
1985,74,home,mask_home,environment,deep_work,failed,-1.7593,-0.00000,-0.00000,-0.00000,-0.00000,0.00000,0.000000,0.000000,0.000000,0.000000,0.000000
1986,74,home,mask_home,environment,tidy_up,delayed,-0.3320,-0.00000,-0.00000,-0.00000,-0.00000,0.00000,0.000000,0.000000,0.000000,0.000000,0.000000
1987,74,home,mask_home,environment,rest_deeply,goal_achieved,3.3500,-0.00000,-0.00000,-0.00000,-0.00000,0.00000,0.000000,0.000000,0.000000,0.000000,0.000000
1988,74,home,mask_home,environment,network_actively,failed,-1.2026,-0.00000,0.00000,-0.00000,-0.00000,0.00000,0.000000,0.000000,0.000000,0.000000,0.000000
1989,74,home,mask_home,environment,network_actively,failed,-1.2026,-0.00000,0.00000,-0.00000,-0.00000,0.00000,0.000000,0.000000,0.000000,0.000000,0.000000
1990,74,conference,mask_conference,environment,deep_work,delayed,-2.2088,0.00000,-0.00000,0.00000,0.00000,0.00000,0.000000,0.000000,0.000000,0.000000,0.000000
1991,74,conference,mask_conference,environment,network_actively,delayed,-0.4819,0.00000,0.00000,-0.00000,-0.00000,0.00000,0.000000,0.000000,-0.000000,-0.000000,0.000000
1992,74,conference,mask_conference,environment,rest_deeply,goal_achieved,1.3951,-0.00000,-0.00000,0.00000,0.00000,0.00000,-0.000000,-0.000000,0.000000,0.000000,0.000000
1993,74,conference,mask_conference,environment,network_actively,goal_achieved,1.3155,0.00000,-0.00000,0.00000,0.00000,0.00000,0.000000,0.000000,0.000000,0.000000,0.000000
1994,74,conference,mask_conference,environment,tidy_up,failed,-3.2756,0.00000,-0.00000,0.00000,0.00000,0.00000,0.000000,0.000000,0.000000,0.000000,0.000000
1995,74,conference,mask_conference,environment,quick_scan,delayed,-1.7867,0.00000,-0.00000,0.00000,0.00000,-0.00000,0.000000,0.000000,0.000000,0.000000,-0.000000
1996,74,conference,mask_conference,environment,network_actively,goal_achieved,1.3190,0.00000,-0.00000,0.00000,0.00000,0.00000,0.000000,0.000000,0.000000,0.000000,0.000000
1997,74,conference,mask_conference,environment,network_actively,goal_achieved,1.3190,0.00000,-0.00000,0.00000,0.00000,0.00000,0.000000,0.000000,0.000000,0.000000,0.000000
1998,74,conference,mask_conference,environment,network_actively,delayed,-0.4843,0.00000,0.00000,-0.00000,-0.00000,0.00000,0.000000,0.000000,-0.000000,-0.000000,0.000000
1999,75,work,mask_work,environment,rest_deeply,failed,-1.5456,0.00000,0.00000,-0.00000,-0.00000,-0.00000,0.000000,0.000000,0.000000,0.000000,0.000000
2000,75,work,mask_work,environment,quick_scan,delayed,-0.2764,0.00000,0.00000,-0.00000,-0.00000,-0.00000,0.000000,0.000000,0.000000,0.000000,0.000000
2001,75,work,mask_work,environment,network_actively,delayed,-0.5233,0.00000,0.00000,-0.00000,-0.00000,0.00000,0.000000,0.000000,0.000000,0.000000,0.000000
2002,75,work,mask_work,environment,deep_work,goal_achieved,2.9133,0.00000,0.00000,-0.00000,-0.00000,-0.00000,0.000000,0.000000,0.000000,0.000000,-0.000000
2003,75,work,mask_work,environment,deep_work,goal_achieved,2.9133,0.00000,0.00000,-0.00000,-0.00000,-0.00000,0.000000,0.000000,0.000000,0.000000,0.000000
2004,75,work,mask_work,environment,network_actively,goal_achieved,1.2771,0.00000,-0.00000,0.00000,0.00000,-0.00000,0.000000,-0.000000,0.000000,0.000000,0.000000
2005,75,work,mask_work,environment,rest_deeply,failed,-1.5506,0.00000,0.00000,-0.00000,-0.00000,-0.00000,0.000000,0.000000,-0.000000,-0.000000,0.000000
2006,75,work,mask_work,environment,network_actively,failed,-1.1256,-0.00000,0.00000,-0.00000,-0.00000,0.00000,-0.000000,0.000000,0.000000,0.000000,0.000000
2007,75,work,mask_work,environment,network_actively,delayed,-0.5245,0.00000,0.00000,-0.00000,-0.00000,0.00000,0.000000,0.000000,0.000000,0.000000,0.000000
2008,75,home,mask_home,environment,network_actively,failed,-1.2026,-0.00000,0.00000,-0.00000,-0.00000,0.00000,0.000000,0.000000,0.000000,0.000000,0.000000
2009,75,home,mask_home,environment,network_actively,failed,-1.2026,-0.00000,0.00000,-0.00000,-0.00000,0.00000,0.000000,0.000000,0.000000,0.000000,0.000000
2010,75,home,mask_home,environment,network_actively,failed,-1.2026,-0.00000,0.00000,-0.00000,-0.00000,0.00000,0.000000,0.000000,0.000000,0.000000,0.000000
2011,75,home,mask_home,environment,tidy_up,goal_achieved,3.1550,-0.00000,0.00000,-0.00000,-0.00000,0.00000,0.000000,0.000000,0.000000,0.000000,0.000000
2012,75,home,mask_home,environment,quick_scan,goal_achieved,3.0929,-0.00000,-0.00000,-0.00000,-0.00000,0.00000,0.000000,-0.000000,0.000000,0.000000,0.000000
2013,75,home,mask_home,environment,tidy_up,goal_achieved,3.1511,-0.00000,0.00000,-0.00000,-0.00000,0.00000,0.000000,0.000000,0.000000,0.000000,0.000000
2014,75,home,mask_home,environment,quick_scan,failed,-1.3928,-0.00000,0.00000,-0.00000,-0.00000,-0.00000,0.000000,0.000000,0.000000,0.000000,-0.000000
2015,75,home,mask_home,environment,rest_deeply,goal_achieved,3.3508,-0.00000,-0.00000,-0.00000,-0.00000,0.00000,0.000000,-0.000000,0.000000,0.000000,0.000000
2016,75,home,mask_home,environment,take_notes,goal_achieved,2.8487,-0.00000,0.00000,-0.00000,-0.00000,0.00000,0.000000,0.000000,0.000000,0.000000,0.000000
2017,75,conference,mask_conference,environment,take_notes,goal_achieved,1.4961,0.00000,-0.00000,0.00000,0.00000,0.00000,0.000000,-0.000000,0.000000,0.000000,0.000000
2018,75,conference,mask_conference,environment,network_actively,goal_achieved,1.3164,0.00000,-0.00000,0.00000,0.00000,0.00000,0.000000,0.000000,0.000000,0.000000,0.000000
2019,75,conference,mask_conference,environment,network_actively,delayed,-0.4870,0.00000,0.00000,-0.00000,-0.00000,0.00000,0.000000,0.000000,-0.000000,-0.000000,0.000000
2020,75,conference,mask_conference,environment,rest_deeply,goal_achieved,1.4008,-0.00000,-0.00000,0.00000,0.00000,0.00000,-0.000000,-0.000000,0.000000,0.000000,0.000000
2021,75,conference,mask_conference,environment,network_actively,goal_achieved,1.3106,0.00000,-0.00000,0.00000,0.00000,0.00000,0.000000,0.000000,0.000000,0.000000,0.000000
2022,75,conference,mask_conference,environment,rest_deeply,goal_achieved,1.3998,-0.00000,-0.00000,0.00000,0.00000,0.00000,-0.000000,0.000000,0.000000,0.000000,0.000000
2023,75,conference,mask_conference,environment,network_actively,goal_achieved,1.3050,0.00000,-0.00000,0.00000,0.00000,0.00000,0.000000,0.000000,0.000000,0.000000,0.000000
2024,75,conference,mask_conference,environment,rest_deeply,failed,-2.9944,0.00000,-0.00000,0.00000,0.00000,0.00000,0.000000,0.000000,0.000000,0.000000,0.000000
2025,75,conference,mask_conference,environment,network_actively,goal_achieved,1.3079,0.00000,-0.00000,0.00000,0.00000,0.00000,0.000000,0.000000,0.000000,0.000000,0.000000
2026,76,work,mask_work,environment,network_actively,failed,-1.1256,-0.00000,0.00000,-0.00000,-0.00000,0.00000,-0.000000,0.000000,0.000000,0.000000,0.000000
2027,76,work,mask_work,environment,rest_deeply,failed,-1.5466,0.00000,0.00000,-0.00000,-0.00000,-0.00000,0.000000,0.000000,0.000000,0.000000,-0.000000
2028,76,work,mask_work,environment,network_actively,failed,-1.1238,-0.00000,0.00000,-0.00000,-0.00000,0.00000,-0.000000,0.000000,0.000000,0.000000,0.000000
2029,76,work,mask_work,environment,network_actively,failed,-1.1238,-0.00000,0.00000,-0.00000,-0.00000,0.00000,0.000000,0.000000,0.000000,0.000000,0.000000
2030,76,work,mask_work,environment,rest_deeply,failed,-1.5428,0.00000,0.00000,-0.00000,-0.00000,-0.00000,0.000000,0.000000,0.000000,0.000000,-0.000000
2031,76,work,mask_work,environment,tidy_up,goal_achieved,2.9391,-0.00000,0.00000,-0.00000,-0.00000,-0.00000,-0.000000,0.000000,0.000000,0.000000,0.000000
2032,76,work,mask_work,environment,network_actively,delayed,-0.5266,0.00000,0.00000,-0.00000,-0.00000,0.00000,0.000000,0.000000,0.000000,0.000000,0.000000
2033,76,work,mask_work,environment,network_actively,goal_achieved,1.2767,0.00000,-0.00000,0.00000,0.00000,-0.00000,0.000000,-0.000000,0.000000,0.000000,-0.000000
2034,76,work,mask_work,environment,network_actively,goal_achieved,1.2767,0.00000,-0.00000,0.00000,0.00000,-0.00000,0.000000,0.000000,0.000000,0.000000,0.000000
2035,76,home,mask_home,environment,network_actively,delayed,-0.6149,-0.00000,-0.00000,-0.00000,-0.00000,0.00000,0.000000,-0.000000,0.000000,0.000000,0.000000
2036,76,home,mask_home,environment,network_actively,failed,-1.2161,-0.00000,0.00000,-0.00000,-0.00000,0.00000,0.000000,0.000000,0.000000,0.000000,0.000000
2037,76,home,mask_home,environment,take_notes,failed,-1.6559,-0.00000,-0.00000,-0.00000,-0.00000,0.00000,0.000000,-0.000000,0.000000,0.000000,0.000000
2038,76,home,mask_home,environment,take_notes,failed,-1.6559,-0.00000,-0.00000,-0.00000,-0.00000,0.00000,0.000000,0.000000,0.000000,0.000000,0.000000
2039,76,home,mask_home,environment,deep_work,failed,-1.7588,-0.00000,-0.00000,-0.00000,-0.00000,0.00000,0.000000,0.000000,0.000000,0.000000,0.000000
2040,76,home,mask_home,environment,deep_work,failed,-1.7588,-0.00000,-0.00000,-0.00000,-0.00000,0.00000,0.000000,0.000000,0.000000,0.000000,0.000000
2041,76,home,mask_home,environment,quick_scan,goal_achieved,3.0921,-0.00000,-0.00000,-0.00000,-0.00000,0.00000,0.000000,0.000000,0.000000,0.000000,0.000000
2042,76,home,mask_home,environment,network_actively,delayed,-0.6111,-0.00000,-0.00000,-0.00000,-0.00000,0.00000,0.000000,0.000000,0.000000,0.000000,0.000000
2043,76,home,mask_home,environment,network_actively,goal_achieved,1.1923,-0.00000,-0.00000,0.00000,0.00000,0.00000,0.000000,0.000000,0.000000,0.000000,0.000000
2044,76,conference,mask_conference,environment,deep_work,failed,-3.3591,0.00000,-0.00000,0.00000,0.00000,0.00000,0.000000,0.000000,0.000000,0.000000,0.000000
2045,76,conference,mask_conference,environment,network_actively,goal_achieved,1.3103,0.00000,-0.00000,0.00000,0.00000,0.00000,0.000000,0.000000,0.000000,0.000000,0.000000
2046,76,conference,mask_conference,environment,network_actively,goal_achieved,1.3103,0.00000,-0.00000,0.00000,0.00000,0.00000,0.000000,0.000000,0.000000,0.000000,0.000000
2047,76,conference,mask_conference,environment,network_actively,goal_achieved,1.3103,0.00000,-0.00000,0.00000,0.00000,0.00000,0.000000,0.000000,0.000000,0.000000,0.000000
2048,76,conference,mask_conference,environment,network_actively,goal_achieved,1.3103,0.00000,-0.00000,0.00000,0.00000,0.00000,0.000000,0.000000,0.000000,0.000000,0.000000
2049,76,conference,mask_conference,environment,network_actively,delayed,-0.4931,0.00000,0.00000,-0.00000,-0.00000,0.00000,0.000000,0.000000,-0.000000,-0.000000,0.000000
2050,76,conference,mask_conference,environment,network_actively,goal_achieved,1.3103,0.00000,-0.00000,0.00000,0.00000,0.00000,0.000000,-0.000000,0.000000,0.000000,0.000000
2051,76,conference,mask_conference,environment,rest_deeply,delayed,-1.8953,0.00000,-0.00000,0.00000,0.00000,0.00000,0.000000,0.000000,0.000000,0.000000,0.000000
2052,76,conference,mask_conference,environment,network_actively,goal_achieved,1.3110,0.00000,-0.00000,0.00000,0.00000,0.00000,0.000000,0.000000,0.000000,0.000000,0.000000
2053,77,work,mask_work,environment,network_actively,goal_achieved,1.2767,0.00000,-0.00000,0.00000,0.00000,-0.00000,0.000000,0.000000,0.000000,0.000000,0.000000
2054,77,work,mask_work,environment,network_actively,delayed,-0.5266,0.00000,0.00000,-0.00000,-0.00000,0.00000,0.000000,0.000000,-0.000000,-0.000000,0.000000
2055,77,work,mask_work,environment,network_actively,failed,-1.1277,-0.00000,0.00000,-0.00000,-0.00000,0.00000,-0.000000,0.000000,0.000000,0.000000,0.000000
2056,77,work,mask_work,environment,network_actively,failed,-1.1277,-0.00000,0.00000,-0.00000,-0.00000,0.00000,0.000000,0.000000,0.000000,0.000000,0.000000
2057,77,work,mask_work,environment,network_actively,goal_achieved,1.2767,0.00000,-0.00000,0.00000,0.00000,-0.00000,0.000000,-0.000000,0.000000,0.000000,-0.000000
2058,77,work,mask_work,environment,network_actively,delayed,-0.5266,0.00000,0.00000,-0.00000,-0.00000,0.00000,0.000000,0.000000,-0.000000,-0.000000,0.000000
2059,77,work,mask_work,environment,deep_work,goal_achieved,2.8998,0.00000,0.00000,-0.00000,-0.00000,-0.00000,0.000000,0.000000,0.000000,0.000000,-0.000000
2060,77,work,mask_work,environment,deep_work,goal_achieved,2.8998,0.00000,0.00000,-0.00000,-0.00000,-0.00000,0.000000,0.000000,0.000000,0.000000,0.000000
2061,77,work,mask_work,environment,quick_scan,delayed,-0.2954,0.00000,0.00000,-0.00000,-0.00000,-0.00000,0.000000,0.000000,0.000000,0.000000,0.000000
2062,77,home,mask_home,environment,rest_deeply,delayed,0.0483,-0.00000,0.00000,-0.00000,-0.00000,0.00000,0.000000,0.000000,-0.000000,-0.000000,0.000000
2063,77,home,mask_home,environment,network_actively,goal_achieved,1.1968,-0.00000,-0.00000,0.00000,0.00000,0.00000,0.000000,-0.000000,0.000000,0.000000,0.000000
2064,77,home,mask_home,environment,network_actively,failed,-1.2077,-0.00000,0.00000,-0.00000,-0.00000,0.00000,0.000000,0.000000,-0.000000,-0.000000,0.000000
2065,77,home,mask_home,environment,network_actively,failed,-1.2077,-0.00000,0.00000,-0.00000,-0.00000,0.00000,0.000000,0.000000,0.000000,0.000000,0.000000
2066,77,home,mask_home,environment,rest_deeply,goal_achieved,3.3401,-0.00000,-0.00000,-0.00000,-0.00000,0.00000,0.000000,-0.000000,0.000000,0.000000,0.000000
2067,77,home,mask_home,environment,network_actively,delayed,-0.6075,-0.00000,-0.00000,-0.00000,-0.00000,0.00000,0.000000,0.000000,0.000000,0.000000,0.000000
2068,77,home,mask_home,environment,network_actively,failed,-1.2086,-0.00000,0.00000,-0.00000,-0.00000,0.00000,0.000000,0.000000,0.000000,0.000000,0.000000
2069,77,home,mask_home,environment,network_actively,goal_achieved,1.1959,-0.00000,-0.00000,0.00000,0.00000,0.00000,0.000000,-0.000000,0.000000,0.000000,0.000000
2070,77,home,mask_home,environment,network_actively,delayed,-0.6075,-0.00000,-0.00000,-0.00000,-0.00000,0.00000,0.000000,0.000000,-0.000000,-0.000000,0.000000
2071,77,conference,mask_conference,environment,network_actively,delayed,-0.4923,0.00000,0.00000,-0.00000,-0.00000,0.00000,0.000000,0.000000,-0.000000,-0.000000,0.000000
2072,77,conference,mask_conference,environment,network_actively,goal_achieved,1.3110,0.00000,-0.00000,0.00000,0.00000,0.00000,0.000000,-0.000000,0.000000,0.000000,0.000000
2073,77,conference,mask_conference,environment,network_actively,goal_achieved,1.3110,0.00000,-0.00000,0.00000,0.00000,0.00000,0.000000,0.000000,0.000000,0.000000,0.000000
2074,77,conference,mask_conference,environment,network_actively,goal_achieved,1.3110,0.00000,-0.00000,0.00000,0.00000,0.00000,0.000000,0.000000,0.000000,0.000000,0.000000
2075,77,conference,mask_conference,environment,network_actively,goal_achieved,1.3110,0.00000,-0.00000,0.00000,0.00000,0.00000,0.000000,0.000000,0.000000,0.000000,0.000000
2076,77,conference,mask_conference,environment,network_actively,goal_achieved,1.3110,0.00000,-0.00000,0.00000,0.00000,0.00000,0.000000,0.000000,0.000000,0.000000,0.000000
2077,77,conference,mask_conference,environment,deep_work,goal_achieved,1.2127,0.00000,-0.00000,0.00000,0.00000,-0.00000,0.000000,0.000000,0.000000,0.000000,-0.000000
2078,77,conference,mask_conference,environment,rest_deeply,goal_achieved,1.3936,-0.00000,-0.00000,0.00000,0.00000,0.00000,-0.000000,0.000000,0.000000,0.000000,0.000000
2079,77,conference,mask_conference,environment,network_actively,goal_achieved,1.3011,0.00000,-0.00000,0.00000,0.00000,0.00000,0.000000,0.000000,0.000000,0.000000,0.000000
2080,78,work,mask_work,environment,network_actively,goal_achieved,1.2769,0.00000,-0.00000,0.00000,0.00000,-0.00000,0.000000,-0.000000,0.000000,0.000000,0.000000
2081,78,work,mask_work,environment,network_actively,delayed,-0.5265,0.00000,0.00000,-0.00000,-0.00000,0.00000,0.000000,0.000000,-0.000000,-0.000000,0.000000
2082,78,work,mask_work,environment,network_actively,failed,-1.1276,-0.00000,0.00000,-0.00000,-0.00000,0.00000,-0.000000,0.000000,0.000000,0.000000,0.000000
2083,78,work,mask_work,environment,network_actively,delayed,-0.5265,0.00000,0.00000,-0.00000,-0.00000,0.00000,0.000000,0.000000,0.000000,0.000000,0.000000
2084,78,work,mask_work,environment,network_actively,delayed,-0.5265,0.00000,0.00000,-0.00000,-0.00000,0.00000,0.000000,0.000000,0.000000,0.000000,0.000000
2085,78,work,mask_work,environment,network_actively,delayed,-0.5265,0.00000,0.00000,-0.00000,-0.00000,0.00000,0.000000,0.000000,0.000000,0.000000,0.000000
2086,78,work,mask_work,environment,network_actively,failed,-1.1276,-0.00000,0.00000,-0.00000,-0.00000,0.00000,-0.000000,0.000000,0.000000,0.000000,0.000000
2087,78,work,mask_work,environment,network_actively,delayed,-0.5265,0.00000,0.00000,-0.00000,-0.00000,0.00000,0.000000,0.000000,0.000000,0.000000,0.000000
2088,78,work,mask_work,environment,deep_work,goal_achieved,2.9024,0.00000,0.00000,-0.00000,-0.00000,-0.00000,0.000000,0.000000,0.000000,0.000000,-0.000000
2089,78,home,mask_home,environment,tidy_up,goal_achieved,3.1404,-0.00000,0.00000,-0.00000,-0.00000,0.00000,0.000000,0.000000,0.000000,0.000000,0.000000
2090,78,home,mask_home,environment,network_actively,failed,-1.2111,-0.00000,0.00000,-0.00000,-0.00000,0.00000,0.000000,0.000000,0.000000,0.000000,0.000000
2091,78,home,mask_home,environment,network_actively,failed,-1.2111,-0.00000,0.00000,-0.00000,-0.00000,0.00000,0.000000,0.000000,0.000000,0.000000,0.000000
2092,78,home,mask_home,environment,network_actively,delayed,-0.6100,-0.00000,-0.00000,-0.00000,-0.00000,0.00000,0.000000,-0.000000,0.000000,0.000000,0.000000
2093,78,home,mask_home,environment,tidy_up,goal_achieved,3.1430,-0.00000,0.00000,-0.00000,-0.00000,0.00000,0.000000,0.000000,0.000000,0.000000,0.000000
2094,78,home,mask_home,environment,network_actively,goal_achieved,1.1910,-0.00000,-0.00000,0.00000,0.00000,0.00000,0.000000,-0.000000,0.000000,0.000000,0.000000
2095,78,home,mask_home,environment,network_actively,failed,-1.2135,-0.00000,0.00000,-0.00000,-0.00000,0.00000,0.000000,0.000000,-0.000000,-0.000000,0.000000
2096,78,home,mask_home,environment,network_actively,failed,-1.2135,-0.00000,0.00000,-0.00000,-0.00000,0.00000,0.000000,0.000000,0.000000,0.000000,0.000000
2097,78,home,mask_home,environment,quick_scan,delayed,-0.2869,-0.00000,-0.00000,-0.00000,-0.00000,0.00000,0.000000,-0.000000,0.000000,0.000000,0.000000
2098,78,conference,mask_conference,environment,deep_work,failed,-3.3666,0.00000,-0.00000,0.00000,0.00000,0.00000,0.000000,0.000000,0.000000,0.000000,0.000000
2099,78,conference,mask_conference,environment,rest_deeply,delayed,-1.9000,0.00000,-0.00000,0.00000,0.00000,0.00000,0.000000,0.000000,0.000000,0.000000,0.000000
2100,78,conference,mask_conference,environment,network_actively,goal_achieved,1.3042,0.00000,-0.00000,0.00000,0.00000,0.00000,0.000000,0.000000,0.000000,0.000000,0.000000
2101,78,conference,mask_conference,environment,quick_scan,goal_achieved,1.5599,0.00000,-0.00000,0.00000,0.00000,0.00000,0.000000,0.000000,0.000000,0.000000,0.000000
2102,78,conference,mask_conference,environment,network_actively,delayed,-0.5016,0.00000,0.00000,-0.00000,-0.00000,0.00000,0.000000,0.000000,-0.000000,-0.000000,0.000000
2103,78,conference,mask_conference,environment,take_notes,delayed,-1.8969,0.00000,-0.00000,0.00000,0.00000,0.00000,0.000000,-0.000000,0.000000,0.000000,0.000000
2104,78,conference,mask_conference,environment,take_notes,goal_achieved,1.4824,0.00000,-0.00000,0.00000,0.00000,0.00000,0.000000,0.000000,0.000000,0.000000,0.000000
2105,78,conference,mask_conference,environment,deep_work,failed,-3.3628,0.00000,-0.00000,0.00000,0.00000,0.00000,0.000000,0.000000,0.000000,0.000000,0.000000
2106,78,conference,mask_conference,environment,rest_deeply,delayed,-1.8946,0.00000,-0.00000,0.00000,0.00000,0.00000,0.000000,0.000000,0.000000,0.000000,0.000000
2107,79,work,mask_work,environment,network_actively,delayed,-0.5278,0.00000,0.00000,-0.00000,-0.00000,0.00000,0.000000,0.000000,0.000000,0.000000,0.000000
2108,79,work,mask_work,environment,rest_deeply,goal_achieved,2.8278,-0.00000,-0.00000,-0.00000,-0.00000,0.00000,-0.000000,-0.000000,0.000000,0.000000,0.000000
2109,79,work,mask_work,environment,network_actively,delayed,-0.5330,0.00000,0.00000,-0.00000,-0.00000,0.00000,0.000000,0.000000,0.000000,0.000000,0.000000
2110,79,work,mask_work,environment,network_actively,delayed,-0.5330,0.00000,0.00000,-0.00000,-0.00000,0.00000,0.000000,0.000000,0.000000,0.000000,0.000000
2111,79,work,mask_work,environment,network_actively,delayed,-0.5330,0.00000,0.00000,-0.00000,-0.00000,0.00000,0.000000,0.000000,0.000000,0.000000,0.000000
2112,79,work,mask_work,environment,network_actively,failed,-1.1341,-0.00000,0.00000,-0.00000,-0.00000,0.00000,-0.000000,0.000000,0.000000,0.000000,0.000000
2113,79,work,mask_work,environment,deep_work,goal_achieved,2.8997,0.00000,0.00000,-0.00000,-0.00000,-0.00000,0.000000,0.000000,0.000000,0.000000,-0.000000
2114,79,work,mask_work,environment,rest_deeply,failed,-1.5644,0.00000,0.00000,-0.00000,-0.00000,-0.00000,0.000000,0.000000,0.000000,0.000000,0.000000
2115,79,work,mask_work,environment,take_notes,delayed,-0.5934,0.00000,0.00000,-0.00000,-0.00000,0.00000,0.000000,0.000000,0.000000,0.000000,0.000000
2116,79,home,mask_home,environment,quick_scan,delayed,-0.2869,-0.00000,-0.00000,-0.00000,-0.00000,0.00000,0.000000,0.000000,0.000000,0.000000,0.000000
2117,79,home,mask_home,environment,network_actively,failed,-1.2117,-0.00000,0.00000,-0.00000,-0.00000,0.00000,0.000000,0.000000,0.000000,0.000000,0.000000
2118,79,home,mask_home,environment,rest_deeply,goal_achieved,3.3327,-0.00000,-0.00000,-0.00000,-0.00000,0.00000,0.000000,-0.000000,0.000000,0.000000,0.000000
2119,79,home,mask_home,environment,quick_scan,failed,-1.4071,-0.00000,0.00000,-0.00000,-0.00000,-0.00000,0.000000,0.000000,0.000000,0.000000,-0.000000
2120,79,home,mask_home,environment,rest_deeply,goal_achieved,3.3351,-0.00000,-0.00000,-0.00000,-0.00000,0.00000,0.000000,-0.000000,0.000000,0.000000,0.000000
2121,79,home,mask_home,environment,network_actively,failed,-1.2110,-0.00000,0.00000,-0.00000,-0.00000,0.00000,0.000000,0.000000,0.000000,0.000000,0.000000
2122,79,home,mask_home,environment,take_notes,goal_achieved,2.8391,-0.00000,0.00000,-0.00000,-0.00000,0.00000,0.000000,0.000000,0.000000,0.000000,0.000000
2123,79,home,mask_home,environment,network_actively,failed,-1.2166,-0.00000,0.00000,-0.00000,-0.00000,0.00000,0.000000,0.000000,0.000000,0.000000,0.000000
2124,79,home,mask_home,environment,quick_scan,failed,-1.4107,-0.00000,0.00000,-0.00000,-0.00000,-0.00000,0.000000,0.000000,0.000000,0.000000,-0.000000
2125,79,conference,mask_conference,environment,network_actively,goal_achieved,1.3070,0.00000,-0.00000,0.00000,0.00000,0.00000,0.000000,0.000000,0.000000,0.000000,0.000000
2126,79,conference,mask_conference,environment,quick_scan,goal_achieved,1.5685,0.00000,-0.00000,0.00000,0.00000,0.00000,0.000000,0.000000,0.000000,0.000000,0.000000
2127,79,conference,mask_conference,environment,tidy_up,failed,-3.2855,0.00000,-0.00000,0.00000,0.00000,0.00000,0.000000,0.000000,0.000000,0.000000,0.000000
2128,79,conference,mask_conference,environment,network_actively,goal_achieved,1.3060,0.00000,-0.00000,0.00000,0.00000,0.00000,0.000000,0.000000,0.000000,0.000000,0.000000
2129,79,conference,mask_conference,environment,rest_deeply,delayed,-1.8976,0.00000,-0.00000,0.00000,0.00000,0.00000,0.000000,0.000000,0.000000,0.000000,0.000000
2130,79,conference,mask_conference,environment,network_actively,goal_achieved,1.3067,0.00000,-0.00000,0.00000,0.00000,0.00000,0.000000,0.000000,0.000000,0.000000,0.000000
2131,79,conference,mask_conference,environment,tidy_up,failed,-3.2867,0.00000,-0.00000,0.00000,0.00000,0.00000,0.000000,0.000000,0.000000,0.000000,0.000000
2132,79,conference,mask_conference,environment,network_actively,delayed,-0.4954,0.00000,0.00000,-0.00000,-0.00000,0.00000,0.000000,0.000000,-0.000000,-0.000000,0.000000
2133,79,conference,mask_conference,environment,network_actively,goal_achieved,1.3080,0.00000,-0.00000,0.00000,0.00000,0.00000,0.000000,-0.000000,0.000000,0.000000,0.000000
2134,80,work,mask_work,environment,network_actively,goal_achieved,1.2718,0.00000,-0.00000,0.00000,0.00000,-0.00000,0.000000,-0.000000,0.000000,0.000000,-0.000000
2135,80,work,mask_work,environment,network_actively,delayed,-0.5316,0.00000,0.00000,-0.00000,-0.00000,0.00000,0.000000,0.000000,-0.000000,-0.000000,0.000000
2136,80,work,mask_work,environment,network_actively,failed,-1.1327,-0.00000,0.00000,-0.00000,-0.00000,0.00000,-0.000000,0.000000,0.000000,0.000000,0.000000
2137,80,work,mask_work,environment,rest_deeply,failed,-1.5662,0.00000,0.00000,-0.00000,-0.00000,-0.00000,0.000000,0.000000,0.000000,0.000000,-0.000000
2138,80,work,mask_work,environment,take_notes,delayed,-0.5945,0.00000,0.00000,-0.00000,-0.00000,0.00000,0.000000,0.000000,0.000000,0.000000,0.000000
2139,80,work,mask_work,environment,network_actively,failed,-1.1301,-0.00000,0.00000,-0.00000,-0.00000,0.00000,-0.000000,0.000000,0.000000,0.000000,0.000000
2140,80,work,mask_work,environment,network_actively,failed,-1.1301,-0.00000,0.00000,-0.00000,-0.00000,0.00000,0.000000,0.000000,0.000000,0.000000,0.000000
2141,80,work,mask_work,environment,take_notes,delayed,-0.5909,0.00000,0.00000,-0.00000,-0.00000,0.00000,0.000000,0.000000,0.000000,0.000000,0.000000
2142,80,work,mask_work,environment,network_actively,failed,-1.1292,-0.00000,0.00000,-0.00000,-0.00000,0.00000,-0.000000,0.000000,0.000000,0.000000,0.000000
2143,80,home,mask_home,environment,rest_deeply,goal_achieved,3.3346,-0.00000,-0.00000,-0.00000,-0.00000,0.00000,0.000000,-0.000000,0.000000,0.000000,0.000000
2144,80,home,mask_home,environment,quick_scan,failed,-1.4114,-0.00000,0.00000,-0.00000,-0.00000,-0.00000,0.000000,0.000000,0.000000,0.000000,-0.000000
2145,80,home,mask_home,environment,network_actively,goal_achieved,1.1917,-0.00000,-0.00000,0.00000,0.00000,0.00000,0.000000,-0.000000,0.000000,0.000000,0.000000
2146,80,home,mask_home,environment,network_actively,failed,-1.2128,-0.00000,0.00000,-0.00000,-0.00000,0.00000,0.000000,0.000000,-0.000000,-0.000000,0.000000
2147,80,home,mask_home,environment,deep_work,failed,-1.7785,-0.00000,-0.00000,-0.00000,-0.00000,0.00000,0.000000,-0.000000,0.000000,0.000000,0.000000
2148,80,home,mask_home,environment,network_actively,failed,-1.2108,-0.00000,0.00000,-0.00000,-0.00000,0.00000,0.000000,0.000000,0.000000,0.000000,0.000000
2149,80,home,mask_home,environment,deep_work,goal_achieved,2.7959,-0.00000,0.00000,-0.00000,-0.00000,-0.00000,0.000000,0.000000,0.000000,0.000000,-0.000000
2150,80,home,mask_home,environment,network_actively,goal_achieved,1.1884,-0.00000,-0.00000,0.00000,0.00000,0.00000,0.000000,-0.000000,0.000000,0.000000,0.000000
2151,80,home,mask_home,environment,quick_scan,goal_achieved,3.0597,-0.00000,-0.00000,-0.00000,-0.00000,0.00000,0.000000,0.000000,-0.000000,-0.000000,0.000000
2152,80,conference,mask_conference,environment,take_notes,delayed,-1.8924,0.00000,-0.00000,0.00000,0.00000,0.00000,0.000000,0.000000,0.000000,0.000000,0.000000
2153,80,conference,mask_conference,environment,network_actively,goal_achieved,1.3126,0.00000,-0.00000,0.00000,0.00000,0.00000,0.000000,0.000000,0.000000,0.000000,0.000000
2154,80,conference,mask_conference,environment,network_actively,delayed,-0.4907,0.00000,0.00000,-0.00000,-0.00000,0.00000,0.000000,0.000000,-0.000000,-0.000000,0.000000
2155,80,conference,mask_conference,environment,network_actively,goal_achieved,1.3126,0.00000,-0.00000,0.00000,0.00000,0.00000,0.000000,-0.000000,0.000000,0.000000,0.000000
2156,80,conference,mask_conference,environment,rest_deeply,goal_achieved,1.4078,-0.00000,-0.00000,0.00000,0.00000,0.00000,-0.000000,0.000000,0.000000,0.000000,0.000000
2157,80,conference,mask_conference,environment,network_actively,delayed,-0.4958,0.00000,0.00000,-0.00000,-0.00000,0.00000,0.000000,0.000000,-0.000000,-0.000000,0.000000
2158,80,conference,mask_conference,environment,network_actively,goal_achieved,1.3076,0.00000,-0.00000,0.00000,0.00000,0.00000,0.000000,-0.000000,0.000000,0.000000,0.000000
2159,80,conference,mask_conference,environment,network_actively,goal_achieved,1.3076,0.00000,-0.00000,0.00000,0.00000,0.00000,0.000000,0.000000,0.000000,0.000000,0.000000
2160,80,conference,mask_conference,environment,quick_scan,goal_achieved,1.5773,0.00000,-0.00000,0.00000,0.00000,0.00000,0.000000,0.000000,0.000000,0.000000,0.000000
2161,81,work,mask_work,environment,rest_deeply,failed,-1.5590,0.00000,0.00000,-0.00000,-0.00000,-0.00000,0.000000,0.000000,0.000000,0.000000,-0.000000
2162,81,work,mask_work,environment,network_actively,failed,-1.1276,-0.00000,0.00000,-0.00000,-0.00000,0.00000,-0.000000,0.000000,0.000000,0.000000,0.000000
2163,81,work,mask_work,environment,take_notes,goal_achieved,2.7935,0.00000,0.00000,-0.00000,-0.00000,-0.00000,0.000000,0.000000,0.000000,0.000000,-0.000000
2164,81,work,mask_work,environment,quick_scan,failed,-1.4151,0.00000,0.00000,-0.00000,-0.00000,-0.00000,0.000000,0.000000,0.000000,0.000000,0.000000
2165,81,work,mask_work,environment,network_actively,goal_achieved,1.2762,0.00000,-0.00000,0.00000,0.00000,-0.00000,0.000000,-0.000000,0.000000,0.000000,0.000000
2166,81,work,mask_work,environment,network_actively,failed,-1.1283,-0.00000,0.00000,-0.00000,-0.00000,0.00000,-0.000000,0.000000,-0.000000,-0.000000,0.000000
2167,81,work,mask_work,environment,network_actively,goal_achieved,1.2762,0.00000,-0.00000,0.00000,0.00000,-0.00000,0.000000,-0.000000,0.000000,0.000000,-0.000000
2168,81,work,mask_work,environment,network_actively,delayed,-0.5272,0.00000,0.00000,-0.00000,-0.00000,-0.00000,0.000000,0.000000,-0.000000,-0.000000,0.000000
2169,81,work,mask_work,environment,rest_deeply,failed,-1.5654,0.00000,0.00000,-0.00000,-0.00000,-0.00000,0.000000,0.000000,0.000000,0.000000,0.000000
2170,81,home,mask_home,environment,network_actively,delayed,-0.6185,-0.00000,-0.00000,-0.00000,-0.00000,0.00000,0.000000,0.000000,0.000000,0.000000,0.000000
2171,81,home,mask_home,environment,network_actively,failed,-1.2197,-0.00000,0.00000,-0.00000,-0.00000,0.00000,0.000000,0.000000,0.000000,0.000000,0.000000
2172,81,home,mask_home,environment,network_actively,delayed,-0.6185,-0.00000,-0.00000,-0.00000,-0.00000,0.00000,0.000000,-0.000000,0.000000,0.000000,0.000000
2173,81,home,mask_home,environment,network_actively,delayed,-0.6185,-0.00000,-0.00000,-0.00000,-0.00000,0.00000,0.000000,0.000000,0.000000,0.000000,0.000000
2174,81,home,mask_home,environment,deep_work,failed,-1.7860,-0.00000,-0.00000,-0.00000,-0.00000,0.00000,0.000000,0.000000,0.000000,0.000000,0.000000
2175,81,home,mask_home,environment,take_notes,delayed,-0.5479,-0.00000,-0.00000,-0.00000,-0.00000,0.00000,0.000000,0.000000,0.000000,0.000000,0.000000
2176,81,home,mask_home,environment,take_notes,failed,-1.6743,-0.00000,-0.00000,-0.00000,-0.00000,0.00000,0.000000,0.000000,0.000000,0.000000,0.000000
2177,81,home,mask_home,environment,network_actively,failed,-1.2162,-0.00000,0.00000,-0.00000,-0.00000,0.00000,0.000000,0.000000,0.000000,0.000000,0.000000
2178,81,home,mask_home,environment,take_notes,delayed,-0.5465,-0.00000,-0.00000,-0.00000,-0.00000,0.00000,0.000000,-0.000000,0.000000,0.000000,0.000000
2179,81,conference,mask_conference,environment,deep_work,failed,-3.3588,0.00000,-0.00000,0.00000,0.00000,0.00000,0.000000,0.000000,0.000000,0.000000,0.000000
2180,81,conference,mask_conference,environment,network_actively,delayed,-0.4959,0.00000,0.00000,-0.00000,-0.00000,0.00000,0.000000,0.000000,-0.000000,-0.000000,0.000000
2181,81,conference,mask_conference,environment,network_actively,goal_achieved,1.3074,0.00000,-0.00000,0.00000,0.00000,0.00000,0.000000,-0.000000,0.000000,0.000000,0.000000
2182,81,conference,mask_conference,environment,network_actively,delayed,-0.4959,0.00000,0.00000,-0.00000,-0.00000,0.00000,0.000000,0.000000,-0.000000,-0.000000,0.000000
2183,81,conference,mask_conference,environment,network_actively,goal_achieved,1.3074,0.00000,-0.00000,0.00000,0.00000,0.00000,0.000000,-0.000000,0.000000,0.000000,0.000000
2184,81,conference,mask_conference,environment,network_actively,delayed,-0.4959,0.00000,0.00000,-0.00000,-0.00000,0.00000,0.000000,0.000000,-0.000000,-0.000000,0.000000
2185,81,conference,mask_conference,environment,network_actively,goal_achieved,1.3074,0.00000,-0.00000,0.00000,0.00000,0.00000,0.000000,-0.000000,0.000000,0.000000,0.000000
2186,81,conference,mask_conference,environment,deep_work,goal_achieved,1.2235,0.00000,-0.00000,0.00000,0.00000,-0.00000,0.000000,0.000000,0.000000,0.000000,-0.000000
2187,81,conference,mask_conference,environment,deep_work,goal_achieved,1.2235,0.00000,-0.00000,0.00000,0.00000,-0.00000,0.000000,0.000000,0.000000,0.000000,0.000000
2188,82,work,mask_work,environment,network_actively,delayed,-0.5256,0.00000,0.00000,-0.00000,-0.00000,-0.00000,0.000000,0.000000,0.000000,0.000000,0.000000
2189,82,work,mask_work,environment,network_actively,goal_achieved,1.2778,0.00000,-0.00000,0.00000,0.00000,-0.00000,0.000000,-0.000000,0.000000,0.000000,0.000000
2190,82,work,mask_work,environment,network_actively,failed,-1.1267,-0.00000,0.00000,-0.00000,-0.00000,0.00000,-0.000000,0.000000,-0.000000,-0.000000,0.000000
2191,82,work,mask_work,environment,network_actively,failed,-1.1267,-0.00000,0.00000,-0.00000,-0.00000,0.00000,0.000000,0.000000,0.000000,0.000000,0.000000
2192,82,work,mask_work,environment,quick_scan,goal_achieved,3.0614,-0.00000,0.00000,-0.00000,-0.00000,0.00000,0.000000,0.000000,0.000000,0.000000,0.000000
2193,82,work,mask_work,environment,tidy_up,delayed,-0.5607,0.00000,0.00000,-0.00000,-0.00000,0.00000,0.000000,0.000000,0.000000,0.000000,0.000000
2194,82,work,mask_work,environment,network_actively,failed,-1.1286,-0.00000,0.00000,-0.00000,-0.00000,0.00000,-0.000000,0.000000,0.000000,0.000000,0.000000
2195,82,work,mask_work,environment,network_actively,delayed,-0.5275,0.00000,0.00000,-0.00000,-0.00000,0.00000,0.000000,0.000000,0.000000,0.000000,0.000000
2196,82,work,mask_work,environment,deep_work,goal_achieved,2.9045,0.00000,0.00000,-0.00000,-0.00000,-0.00000,0.000000,0.000000,0.000000,0.000000,-0.000000
2197,82,home,mask_home,environment,network_actively,goal_achieved,1.1881,-0.00000,-0.00000,0.00000,0.00000,0.00000,0.000000,0.000000,0.000000,0.000000,0.000000
2198,82,home,mask_home,environment,network_actively,delayed,-0.6153,-0.00000,-0.00000,-0.00000,-0.00000,0.00000,0.000000,0.000000,-0.000000,-0.000000,0.000000
2199,82,home,mask_home,environment,network_actively,failed,-1.2164,-0.00000,0.00000,-0.00000,-0.00000,0.00000,0.000000,0.000000,0.000000,0.000000,0.000000
2200,82,home,mask_home,environment,tidy_up,delayed,-0.3503,-0.00000,-0.00000,-0.00000,-0.00000,0.00000,0.000000,-0.000000,0.000000,0.000000,0.000000
2201,82,home,mask_home,environment,network_actively,failed,-1.2134,-0.00000,0.00000,-0.00000,-0.00000,0.00000,0.000000,0.000000,0.000000,0.000000,0.000000
2202,82,home,mask_home,environment,network_actively,delayed,-0.6123,-0.00000,-0.00000,-0.00000,-0.00000,0.00000,0.000000,-0.000000,0.000000,0.000000,0.000000
2203,82,home,mask_home,environment,rest_deeply,goal_achieved,3.3259,-0.00000,-0.00000,-0.00000,-0.00000,0.00000,0.000000,0.000000,0.000000,0.000000,0.000000
2204,82,home,mask_home,environment,deep_work,failed,-1.7847,-0.00000,-0.00000,-0.00000,-0.00000,0.00000,0.000000,0.000000,0.000000,0.000000,0.000000
2205,82,home,mask_home,environment,network_actively,failed,-1.2122,-0.00000,0.00000,-0.00000,-0.00000,0.00000,0.000000,0.000000,0.000000,0.000000,0.000000
2206,82,conference,mask_conference,environment,network_actively,delayed,-0.5045,0.00000,0.00000,-0.00000,-0.00000,0.00000,0.000000,0.000000,-0.000000,-0.000000,0.000000
2207,82,conference,mask_conference,environment,take_notes,goal_achieved,1.4909,0.00000,-0.00000,0.00000,0.00000,0.00000,0.000000,-0.000000,0.000000,0.000000,0.000000
2208,82,conference,mask_conference,environment,take_notes,goal_achieved,1.4909,0.00000,-0.00000,0.00000,0.00000,0.00000,0.000000,0.000000,0.000000,0.000000,0.000000
2209,82,conference,mask_conference,environment,network_actively,goal_achieved,1.2938,0.00000,-0.00000,0.00000,0.00000,0.00000,0.000000,0.000000,0.000000,0.000000,0.000000
2210,82,conference,mask_conference,environment,network_actively,goal_achieved,1.2938,0.00000,-0.00000,0.00000,0.00000,0.00000,0.000000,0.000000,0.000000,0.000000,0.000000
2211,82,conference,mask_conference,environment,network_actively,goal_achieved,1.2938,0.00000,-0.00000,0.00000,0.00000,0.00000,0.000000,0.000000,0.000000,0.000000,0.000000
2212,82,conference,mask_conference,environment,take_notes,goal_achieved,1.4880,0.00000,-0.00000,0.00000,0.00000,0.00000,0.000000,0.000000,0.000000,0.000000,0.000000
2213,82,conference,mask_conference,environment,quick_scan,goal_achieved,1.5740,0.00000,-0.00000,0.00000,0.00000,0.00000,0.000000,0.000000,0.000000,0.000000,0.000000
2214,82,conference,mask_conference,environment,deep_work,goal_achieved,1.2150,0.00000,-0.00000,0.00000,0.00000,-0.00000,0.000000,0.000000,0.000000,0.000000,-0.000000
2215,83,work,mask_work,environment,network_actively,delayed,-0.5287,0.00000,0.00000,-0.00000,-0.00000,0.00000,0.000000,0.000000,0.000000,0.000000,0.000000
2216,83,work,mask_work,environment,network_actively,failed,-1.1298,-0.00000,0.00000,-0.00000,-0.00000,0.00000,-0.000000,0.000000,0.000000,0.000000,0.000000
2217,83,work,mask_work,environment,network_actively,failed,-1.1298,-0.00000,0.00000,-0.00000,-0.00000,0.00000,0.000000,0.000000,0.000000,0.000000,0.000000
2218,83,work,mask_work,environment,network_actively,delayed,-0.5287,0.00000,0.00000,-0.00000,-0.00000,0.00000,0.000000,0.000000,0.000000,0.000000,0.000000
2219,83,work,mask_work,environment,take_notes,failed,-1.7115,-0.00000,0.00000,-0.00000,-0.00000,0.00000,-0.000000,0.000000,0.000000,0.000000,0.000000
2220,83,work,mask_work,environment,network_actively,failed,-1.1268,-0.00000,0.00000,-0.00000,-0.00000,0.00000,0.000000,0.000000,0.000000,0.000000,0.000000
2221,83,work,mask_work,environment,network_actively,delayed,-0.5257,0.00000,0.00000,-0.00000,-0.00000,0.00000,0.000000,0.000000,0.000000,0.000000,0.000000
2222,83,work,mask_work,environment,network_actively,delayed,-0.5257,0.00000,0.00000,-0.00000,-0.00000,0.00000,0.000000,0.000000,0.000000,0.000000,0.000000
2223,83,work,mask_work,environment,network_actively,failed,-1.1268,-0.00000,0.00000,-0.00000,-0.00000,0.00000,-0.000000,0.000000,0.000000,0.000000,0.000000
2224,83,home,mask_home,environment,network_actively,delayed,-0.6111,-0.00000,-0.00000,-0.00000,-0.00000,0.00000,0.000000,-0.000000,0.000000,0.000000,0.000000
2225,83,home,mask_home,environment,quick_scan,goal_achieved,3.0665,-0.00000,-0.00000,-0.00000,-0.00000,0.00000,0.000000,0.000000,0.000000,0.000000,0.000000
2226,83,home,mask_home,environment,network_actively,failed,-1.2157,-0.00000,0.00000,-0.00000,-0.00000,0.00000,0.000000,0.000000,0.000000,0.000000,0.000000
2227,83,home,mask_home,environment,network_actively,failed,-1.2157,-0.00000,0.00000,-0.00000,-0.00000,0.00000,0.000000,0.000000,0.000000,0.000000,0.000000
2228,83,home,mask_home,environment,network_actively,failed,-1.2157,-0.00000,0.00000,-0.00000,-0.00000,0.00000,0.000000,0.000000,0.000000,0.000000,0.000000
2229,83,home,mask_home,environment,network_actively,delayed,-0.6146,-0.00000,-0.00000,-0.00000,-0.00000,0.00000,0.000000,-0.000000,0.000000,0.000000,0.000000
2230,83,home,mask_home,environment,network_actively,goal_achieved,1.1888,-0.00000,-0.00000,0.00000,0.00000,0.00000,0.000000,0.000000,0.000000,0.000000,0.000000
2231,83,home,mask_home,environment,network_actively,failed,-1.2157,-0.00000,0.00000,-0.00000,-0.00000,0.00000,0.000000,0.000000,-0.000000,-0.000000,0.000000
2232,83,home,mask_home,environment,take_notes,failed,-1.6750,-0.00000,-0.00000,-0.00000,-0.00000,0.00000,0.000000,-0.000000,0.000000,0.000000,0.000000
2233,83,conference,mask_conference,environment,take_notes,goal_achieved,1.4816,0.00000,-0.00000,0.00000,0.00000,0.00000,0.000000,0.000000,0.000000,0.000000,0.000000
2234,83,conference,mask_conference,environment,network_actively,goal_achieved,1.2828,0.00000,-0.00000,0.00000,0.00000,0.00000,0.000000,0.000000,0.000000,0.000000,0.000000
2235,83,conference,mask_conference,environment,tidy_up,failed,-3.2946,0.00000,-0.00000,0.00000,0.00000,0.00000,0.000000,0.000000,0.000000,0.000000,0.000000
2236,83,conference,mask_conference,environment,tidy_up,failed,-3.2946,0.00000,-0.00000,0.00000,0.00000,0.00000,0.000000,0.000000,0.000000,0.000000,0.000000
2237,83,conference,mask_conference,environment,network_actively,goal_achieved,1.2852,0.00000,-0.00000,0.00000,0.00000,0.00000,0.000000,0.000000,0.000000,0.000000,0.000000
2238,83,conference,mask_conference,environment,network_actively,goal_achieved,1.2852,0.00000,-0.00000,0.00000,0.00000,0.00000,0.000000,0.000000,0.000000,0.000000,0.000000
2239,83,conference,mask_conference,environment,take_notes,goal_achieved,1.4813,0.00000,-0.00000,0.00000,0.00000,0.00000,0.000000,0.000000,0.000000,0.000000,0.000000
2240,83,conference,mask_conference,environment,quick_scan,goal_achieved,1.5651,0.00000,-0.00000,0.00000,0.00000,0.00000,0.000000,0.000000,0.000000,0.000000,0.000000
2241,83,conference,mask_conference,environment,deep_work,delayed,-2.2219,0.00000,-0.00000,0.00000,0.00000,0.00000,0.000000,0.000000,0.000000,0.000000,0.000000
2242,84,work,mask_work,environment,take_notes,goal_achieved,2.7978,0.00000,0.00000,-0.00000,-0.00000,-0.00000,0.000000,0.000000,0.000000,0.000000,-0.000000
2243,84,work,mask_work,environment,take_notes,failed,-1.7078,-0.00000,0.00000,-0.00000,-0.00000,0.00000,-0.000000,0.000000,0.000000,0.000000,0.000000
2244,84,work,mask_work,environment,deep_work,goal_achieved,2.9126,0.00000,0.00000,-0.00000,-0.00000,-0.00000,0.000000,0.000000,0.000000,0.000000,-0.000000
2245,84,work,mask_work,environment,deep_work,goal_achieved,2.9126,0.00000,0.00000,-0.00000,-0.00000,-0.00000,0.000000,0.000000,0.000000,0.000000,0.000000
2246,84,work,mask_work,environment,network_actively,goal_achieved,1.2730,0.00000,-0.00000,0.00000,0.00000,-0.00000,0.000000,-0.000000,0.000000,0.000000,0.000000
2247,84,work,mask_work,environment,network_actively,failed,-1.1315,-0.00000,0.00000,-0.00000,-0.00000,0.00000,-0.000000,0.000000,-0.000000,-0.000000,0.000000
2248,84,work,mask_work,environment,rest_deeply,delayed,-0.4662,0.00000,0.00000,-0.00000,-0.00000,-0.00000,0.000000,0.000000,0.000000,0.000000,-0.000000
2249,84,work,mask_work,environment,quick_scan,goal_achieved,3.0662,-0.00000,0.00000,-0.00000,-0.00000,0.00000,-0.000000,0.000000,0.000000,0.000000,0.000000
2250,84,work,mask_work,environment,rest_deeply,failed,-1.5675,0.00000,0.00000,-0.00000,-0.00000,-0.00000,0.000000,0.000000,0.000000,0.000000,-0.000000
2251,84,home,mask_home,environment,network_actively,failed,-1.2142,-0.00000,0.00000,-0.00000,-0.00000,0.00000,0.000000,0.000000,0.000000,0.000000,0.000000
2252,84,home,mask_home,environment,network_actively,failed,-1.2142,-0.00000,0.00000,-0.00000,-0.00000,0.00000,0.000000,0.000000,0.000000,0.000000,0.000000
2253,84,home,mask_home,environment,network_actively,delayed,-0.6131,-0.00000,-0.00000,-0.00000,-0.00000,0.00000,0.000000,-0.000000,0.000000,0.000000,0.000000
2254,84,home,mask_home,environment,network_actively,failed,-1.2142,-0.00000,0.00000,-0.00000,-0.00000,0.00000,0.000000,0.000000,0.000000,0.000000,0.000000
2255,84,home,mask_home,environment,network_actively,failed,-1.2142,-0.00000,0.00000,-0.00000,-0.00000,0.00000,0.000000,0.000000,0.000000,0.000000,0.000000
2256,84,home,mask_home,environment,network_actively,failed,-1.2142,-0.00000,0.00000,-0.00000,-0.00000,0.00000,0.000000,0.000000,0.000000,0.000000,0.000000
2257,84,home,mask_home,environment,take_notes,delayed,-0.5422,-0.00000,-0.00000,-0.00000,-0.00000,0.00000,0.000000,-0.000000,0.000000,0.000000,0.000000
2258,84,home,mask_home,environment,network_actively,delayed,-0.6133,-0.00000,-0.00000,-0.00000,-0.00000,0.00000,0.000000,0.000000,0.000000,0.000000,0.000000
2259,84,home,mask_home,environment,deep_work,failed,-1.7801,-0.00000,-0.00000,-0.00000,-0.00000,0.00000,0.000000,0.000000,0.000000,0.000000,0.000000
2260,84,conference,mask_conference,environment,deep_work,delayed,-2.2219,0.00000,-0.00000,0.00000,0.00000,0.00000,0.000000,0.000000,0.000000,0.000000,0.000000
2261,84,conference,mask_conference,environment,quick_scan,goal_achieved,1.5664,0.00000,-0.00000,0.00000,0.00000,0.00000,0.000000,0.000000,0.000000,0.000000,0.000000
2262,84,conference,mask_conference,environment,rest_deeply,failed,-3.0032,0.00000,-0.00000,0.00000,0.00000,0.00000,0.000000,0.000000,0.000000,0.000000,0.000000
2263,84,conference,mask_conference,environment,deep_work,failed,-3.3646,0.00000,-0.00000,0.00000,0.00000,0.00000,0.000000,0.000000,0.000000,0.000000,0.000000
2264,84,conference,mask_conference,environment,network_actively,goal_achieved,1.2847,0.00000,-0.00000,0.00000,0.00000,0.00000,0.000000,0.000000,0.000000,0.000000,0.000000
2265,84,conference,mask_conference,environment,deep_work,failed,-3.3655,0.00000,-0.00000,0.00000,0.00000,0.00000,0.000000,0.000000,0.000000,0.000000,0.000000
2266,84,conference,mask_conference,environment,rest_deeply,failed,-3.0000,0.00000,-0.00000,0.00000,0.00000,0.00000,0.000000,0.000000,0.000000,0.000000,0.000000
2267,84,conference,mask_conference,environment,network_actively,goal_achieved,1.2894,0.00000,-0.00000,0.00000,0.00000,0.00000,0.000000,0.000000,0.000000,0.000000,0.000000
2268,84,conference,mask_conference,environment,rest_deeply,delayed,-1.9026,0.00000,-0.00000,0.00000,0.00000,0.00000,0.000000,0.000000,0.000000,0.000000,0.000000
2269,85,work,mask_work,environment,network_actively,delayed,-0.5319,0.00000,0.00000,-0.00000,-0.00000,0.00000,0.000000,0.000000,0.000000,0.000000,0.000000
2270,85,work,mask_work,environment,rest_deeply,failed,-1.5674,0.00000,0.00000,-0.00000,-0.00000,-0.00000,0.000000,0.000000,0.000000,0.000000,-0.000000
2271,85,work,mask_work,environment,take_notes,failed,-1.7128,-0.00000,0.00000,-0.00000,-0.00000,0.00000,-0.000000,0.000000,0.000000,0.000000,0.000000
2272,85,work,mask_work,environment,take_notes,failed,-1.7128,-0.00000,0.00000,-0.00000,-0.00000,0.00000,0.000000,0.000000,0.000000,0.000000,0.000000
2273,85,work,mask_work,environment,quick_scan,delayed,-0.2872,0.00000,0.00000,-0.00000,-0.00000,-0.00000,0.000000,0.000000,0.000000,0.000000,-0.000000
2274,85,work,mask_work,environment,rest_deeply,goal_achieved,2.8342,-0.00000,-0.00000,-0.00000,-0.00000,0.00000,-0.000000,-0.000000,0.000000,0.000000,0.000000
2275,85,work,mask_work,environment,network_actively,failed,-1.1279,-0.00000,0.00000,-0.00000,-0.00000,0.00000,0.000000,0.000000,0.000000,0.000000,0.000000
2276,85,work,mask_work,environment,take_notes,failed,-1.7132,-0.00000,0.00000,-0.00000,-0.00000,0.00000,0.000000,0.000000,0.000000,0.000000,0.000000
2277,85,work,mask_work,environment,take_notes,delayed,-0.5868,0.00000,0.00000,-0.00000,-0.00000,0.00000,0.000000,0.000000,0.000000,0.000000,0.000000
2278,85,home,mask_home,environment,deep_work,failed,-1.7801,-0.00000,-0.00000,-0.00000,-0.00000,0.00000,0.000000,0.000000,0.000000,0.000000,0.000000
2279,85,home,mask_home,environment,take_notes,goal_achieved,2.8405,-0.00000,0.00000,-0.00000,-0.00000,0.00000,0.000000,0.000000,0.000000,0.000000,0.000000
2280,85,home,mask_home,environment,tidy_up,delayed,-0.3448,-0.00000,-0.00000,-0.00000,-0.00000,0.00000,0.000000,-0.000000,0.000000,0.000000,0.000000
2281,85,home,mask_home,environment,network_actively,failed,-1.2129,-0.00000,0.00000,-0.00000,-0.00000,0.00000,0.000000,0.000000,0.000000,0.000000,0.000000
2282,85,home,mask_home,environment,network_actively,delayed,-0.6118,-0.00000,-0.00000,-0.00000,-0.00000,0.00000,0.000000,-0.000000,0.000000,0.000000,0.000000
2283,85,home,mask_home,environment,rest_deeply,delayed,0.0400,-0.00000,0.00000,-0.00000,-0.00000,0.00000,0.000000,0.000000,0.000000,0.000000,0.000000
2284,85,home,mask_home,environment,network_actively,goal_achieved,1.1958,-0.00000,-0.00000,0.00000,0.00000,0.00000,0.000000,-0.000000,0.000000,0.000000,0.000000
2285,85,home,mask_home,environment,network_actively,failed,-1.2087,-0.00000,0.00000,-0.00000,-0.00000,0.00000,0.000000,0.000000,-0.000000,-0.000000,0.000000
2286,85,home,mask_home,environment,network_actively,failed,-1.2087,-0.00000,0.00000,-0.00000,-0.00000,0.00000,0.000000,0.000000,0.000000,0.000000,0.000000
2287,85,conference,mask_conference,environment,rest_deeply,delayed,-1.9026,0.00000,-0.00000,0.00000,0.00000,0.00000,0.000000,0.000000,0.000000,0.000000,0.000000
2288,85,conference,mask_conference,environment,rest_deeply,delayed,-1.9026,0.00000,-0.00000,0.00000,0.00000,0.00000,0.000000,0.000000,0.000000,0.000000,0.000000
2289,85,conference,mask_conference,environment,network_actively,delayed,-0.5119,0.00000,0.00000,-0.00000,-0.00000,0.00000,0.000000,0.000000,-0.000000,-0.000000,0.000000
2290,85,conference,mask_conference,environment,quick_scan,delayed,-1.7824,0.00000,-0.00000,0.00000,0.00000,-0.00000,0.000000,-0.000000,0.000000,0.000000,-0.000000
2291,85,conference,mask_conference,environment,network_actively,delayed,-0.5099,0.00000,0.00000,-0.00000,-0.00000,0.00000,0.000000,0.000000,-0.000000,-0.000000,0.000000
2292,85,conference,mask_conference,environment,network_actively,delayed,-0.5099,0.00000,0.00000,-0.00000,-0.00000,0.00000,0.000000,0.000000,0.000000,0.000000,0.000000
2293,85,conference,mask_conference,environment,network_actively,goal_achieved,1.2935,0.00000,-0.00000,0.00000,0.00000,0.00000,0.000000,-0.000000,0.000000,0.000000,0.000000
2294,85,conference,mask_conference,environment,rest_deeply,delayed,-1.8897,0.00000,-0.00000,0.00000,0.00000,0.00000,0.000000,0.000000,0.000000,0.000000,0.000000
2295,85,conference,mask_conference,environment,network_actively,goal_achieved,1.2942,0.00000,-0.00000,0.00000,0.00000,0.00000,0.000000,0.000000,0.000000,0.000000,0.000000
2296,86,work,mask_work,environment,quick_scan,delayed,-0.2870,0.00000,0.00000,-0.00000,-0.00000,-0.00000,0.000000,0.000000,0.000000,0.000000,-0.000000
2297,86,work,mask_work,environment,rest_deeply,failed,-1.5513,0.00000,0.00000,-0.00000,-0.00000,-0.00000,0.000000,0.000000,0.000000,0.000000,0.000000
2298,86,work,mask_work,environment,quick_scan,failed,-1.4062,0.00000,0.00000,-0.00000,-0.00000,-0.00000,0.000000,0.000000,0.000000,0.000000,0.000000
2299,86,work,mask_work,environment,deep_work,goal_achieved,2.9271,0.00000,0.00000,-0.00000,-0.00000,-0.00000,0.000000,0.000000,0.000000,0.000000,0.000000
2300,86,work,mask_work,environment,quick_scan,goal_achieved,3.0758,-0.00000,0.00000,-0.00000,-0.00000,0.00000,-0.000000,0.000000,0.000000,0.000000,0.000000
2301,86,work,mask_work,environment,network_actively,delayed,-0.5189,0.00000,0.00000,-0.00000,-0.00000,-0.00000,0.000000,0.000000,0.000000,0.000000,-0.000000
2302,86,work,mask_work,environment,network_actively,failed,-1.1201,-0.00000,0.00000,-0.00000,-0.00000,0.00000,-0.000000,0.000000,0.000000,0.000000,0.000000
2303,86,work,mask_work,environment,rest_deeply,failed,-1.5492,0.00000,0.00000,-0.00000,-0.00000,-0.00000,0.000000,0.000000,0.000000,0.000000,-0.000000
2304,86,work,mask_work,environment,network_actively,failed,-1.1186,-0.00000,0.00000,-0.00000,-0.00000,0.00000,-0.000000,0.000000,0.000000,0.000000,0.000000
2305,86,home,mask_home,environment,network_actively,delayed,-0.6076,-0.00000,-0.00000,-0.00000,-0.00000,0.00000,0.000000,-0.000000,0.000000,0.000000,0.000000
2306,86,home,mask_home,environment,network_actively,delayed,-0.6076,-0.00000,-0.00000,-0.00000,-0.00000,0.00000,0.000000,0.000000,0.000000,0.000000,0.000000
2307,86,home,mask_home,environment,quick_scan,failed,-1.4063,-0.00000,0.00000,-0.00000,-0.00000,-0.00000,0.000000,0.000000,0.000000,0.000000,-0.000000
2308,86,home,mask_home,environment,deep_work,failed,-1.7783,-0.00000,-0.00000,-0.00000,-0.00000,0.00000,0.000000,-0.000000,0.000000,0.000000,0.000000
2309,86,home,mask_home,environment,tidy_up,failed,-1.4990,-0.00000,-0.00000,-0.00000,-0.00000,0.00000,0.000000,0.000000,0.000000,0.000000,0.000000
2310,86,home,mask_home,environment,rest_deeply,goal_achieved,3.3401,-0.00000,-0.00000,-0.00000,-0.00000,0.00000,0.000000,0.000000,0.000000,0.000000,0.000000
2311,86,home,mask_home,environment,quick_scan,goal_achieved,3.0823,-0.00000,-0.00000,-0.00000,-0.00000,0.00000,0.000000,0.000000,0.000000,0.000000,0.000000
2312,86,home,mask_home,environment,network_actively,failed,-1.2044,-0.00000,0.00000,-0.00000,-0.00000,0.00000,0.000000,0.000000,0.000000,0.000000,0.000000
2313,86,home,mask_home,environment,network_actively,failed,-1.2044,-0.00000,0.00000,-0.00000,-0.00000,0.00000,0.000000,0.000000,0.000000,0.000000,0.000000
2314,86,conference,mask_conference,environment,deep_work,failed,-3.3492,0.00000,-0.00000,0.00000,0.00000,0.00000,0.000000,0.000000,0.000000,0.000000,0.000000
2315,86,conference,mask_conference,environment,network_actively,goal_achieved,1.2962,0.00000,-0.00000,0.00000,0.00000,0.00000,0.000000,0.000000,0.000000,0.000000,0.000000
2316,86,conference,mask_conference,environment,take_notes,goal_achieved,1.5015,0.00000,-0.00000,0.00000,0.00000,0.00000,0.000000,0.000000,0.000000,0.000000,0.000000
2317,86,conference,mask_conference,environment,network_actively,goal_achieved,1.2940,0.00000,-0.00000,0.00000,0.00000,0.00000,0.000000,0.000000,0.000000,0.000000,0.000000
2318,86,conference,mask_conference,environment,tidy_up,failed,-3.2815,0.00000,-0.00000,0.00000,0.00000,0.00000,0.000000,0.000000,0.000000,0.000000,0.000000
2319,86,conference,mask_conference,environment,deep_work,failed,-3.3521,0.00000,-0.00000,0.00000,0.00000,0.00000,0.000000,0.000000,0.000000,0.000000,0.000000
2320,86,conference,mask_conference,environment,network_actively,goal_achieved,1.2971,0.00000,-0.00000,0.00000,0.00000,0.00000,0.000000,0.000000,0.000000,0.000000,0.000000
2321,86,conference,mask_conference,environment,network_actively,goal_achieved,1.2971,0.00000,-0.00000,0.00000,0.00000,0.00000,0.000000,0.000000,0.000000,0.000000,0.000000
2322,86,conference,mask_conference,environment,quick_scan,failed,-2.8973,0.00000,-0.00000,0.00000,0.00000,-0.00000,0.000000,0.000000,0.000000,0.000000,-0.000000
2323,87,work,mask_work,environment,network_actively,failed,-1.1186,-0.00000,0.00000,-0.00000,-0.00000,0.00000,0.000000,0.000000,0.000000,0.000000,0.000000
2324,87,work,mask_work,environment,quick_scan,goal_achieved,3.0824,-0.00000,0.00000,-0.00000,-0.00000,0.00000,0.000000,0.000000,0.000000,0.000000,0.000000
2325,87,work,mask_work,environment,network_actively,goal_achieved,1.2831,0.00000,-0.00000,0.00000,0.00000,-0.00000,0.000000,-0.000000,0.000000,0.000000,-0.000000
2326,87,work,mask_work,environment,network_actively,failed,-1.1214,-0.00000,0.00000,-0.00000,-0.00000,0.00000,-0.000000,0.000000,-0.000000,-0.000000,0.000000
2327,87,work,mask_work,environment,network_actively,failed,-1.1214,-0.00000,0.00000,-0.00000,-0.00000,0.00000,0.000000,0.000000,0.000000,0.000000,0.000000
2328,87,work,mask_work,environment,deep_work,goal_achieved,2.9269,0.00000,0.00000,-0.00000,-0.00000,-0.00000,0.000000,0.000000,0.000000,0.000000,-0.000000
2329,87,work,mask_work,environment,network_actively,failed,-1.1225,-0.00000,0.00000,-0.00000,-0.00000,0.00000,-0.000000,0.000000,0.000000,0.000000,0.000000
2330,87,work,mask_work,environment,take_notes,failed,-1.7056,-0.00000,0.00000,-0.00000,-0.00000,0.00000,0.000000,0.000000,0.000000,0.000000,0.000000
2331,87,work,mask_work,environment,network_actively,goal_achieved,1.2845,0.00000,-0.00000,0.00000,0.00000,-0.00000,0.000000,-0.000000,0.000000,0.000000,-0.000000
2332,87,home,mask_home,environment,network_actively,failed,-1.2044,-0.00000,0.00000,-0.00000,-0.00000,0.00000,0.000000,0.000000,0.000000,0.000000,0.000000
2333,87,home,mask_home,environment,quick_scan,delayed,-0.2762,-0.00000,-0.00000,-0.00000,-0.00000,0.00000,0.000000,-0.000000,0.000000,0.000000,0.000000
2334,87,home,mask_home,environment,take_notes,goal_achieved,2.8542,-0.00000,0.00000,-0.00000,-0.00000,0.00000,0.000000,0.000000,0.000000,0.000000,0.000000
2335,87,home,mask_home,environment,network_actively,failed,-1.2086,-0.00000,0.00000,-0.00000,-0.00000,0.00000,0.000000,0.000000,0.000000,0.000000,0.000000
2336,87,home,mask_home,environment,network_actively,delayed,-0.6075,-0.00000,-0.00000,-0.00000,-0.00000,0.00000,0.000000,-0.000000,0.000000,0.000000,0.000000
2337,87,home,mask_home,environment,network_actively,failed,-1.2086,-0.00000,0.00000,-0.00000,-0.00000,0.00000,0.000000,0.000000,0.000000,0.000000,0.000000
2338,87,home,mask_home,environment,tidy_up,delayed,-0.3411,-0.00000,-0.00000,-0.00000,-0.00000,0.00000,0.000000,-0.000000,0.000000,0.000000,0.000000
2339,87,home,mask_home,environment,network_actively,delayed,-0.6049,-0.00000,-0.00000,-0.00000,-0.00000,0.00000,0.000000,0.000000,0.000000,0.000000,0.000000
2340,87,home,mask_home,environment,network_actively,failed,-1.2060,-0.00000,0.00000,-0.00000,-0.00000,0.00000,0.000000,0.000000,0.000000,0.000000,0.000000
2341,87,conference,mask_conference,environment,network_actively,goal_achieved,1.3006,0.00000,-0.00000,0.00000,0.00000,0.00000,0.000000,0.000000,0.000000,0.000000,0.000000
2342,87,conference,mask_conference,environment,network_actively,goal_achieved,1.3006,0.00000,-0.00000,0.00000,0.00000,0.00000,0.000000,0.000000,0.000000,0.000000,0.000000
2343,87,conference,mask_conference,environment,take_notes,delayed,-1.8758,0.00000,-0.00000,0.00000,0.00000,0.00000,0.000000,0.000000,0.000000,0.000000,0.000000
2344,87,conference,mask_conference,environment,take_notes,goal_achieved,1.5035,0.00000,-0.00000,0.00000,0.00000,0.00000,0.000000,0.000000,0.000000,0.000000,0.000000
2345,87,conference,mask_conference,environment,network_actively,goal_achieved,1.3027,0.00000,-0.00000,0.00000,0.00000,0.00000,0.000000,0.000000,0.000000,0.000000,0.000000
2346,87,conference,mask_conference,environment,network_actively,goal_achieved,1.3027,0.00000,-0.00000,0.00000,0.00000,0.00000,0.000000,0.000000,0.000000,0.000000,0.000000
2347,87,conference,mask_conference,environment,quick_scan,delayed,-1.7780,0.00000,-0.00000,0.00000,0.00000,-0.00000,0.000000,0.000000,0.000000,0.000000,-0.000000
2348,87,conference,mask_conference,environment,take_notes,goal_achieved,1.5036,0.00000,-0.00000,0.00000,0.00000,0.00000,0.000000,0.000000,0.000000,0.000000,0.000000
2349,87,conference,mask_conference,environment,quick_scan,failed,-2.9008,0.00000,-0.00000,0.00000,0.00000,-0.00000,0.000000,0.000000,0.000000,0.000000,-0.000000
2350,88,work,mask_work,environment,network_actively,delayed,-0.5188,0.00000,0.00000,-0.00000,-0.00000,-0.00000,0.000000,0.000000,-0.000000,-0.000000,0.000000
2351,88,work,mask_work,environment,network_actively,delayed,-0.5188,0.00000,0.00000,-0.00000,-0.00000,-0.00000,0.000000,0.000000,0.000000,0.000000,0.000000
2352,88,work,mask_work,environment,rest_deeply,failed,-1.5509,0.00000,0.00000,-0.00000,-0.00000,-0.00000,0.000000,0.000000,0.000000,0.000000,0.000000
2353,88,work,mask_work,environment,network_actively,failed,-1.1185,-0.00000,0.00000,-0.00000,-0.00000,0.00000,-0.000000,0.000000,0.000000,0.000000,0.000000
2354,88,work,mask_work,environment,rest_deeply,delayed,-0.4509,0.00000,0.00000,-0.00000,-0.00000,-0.00000,0.000000,0.000000,0.000000,0.000000,-0.000000
2355,88,work,mask_work,environment,quick_scan,goal_achieved,3.0833,-0.00000,0.00000,-0.00000,-0.00000,0.00000,-0.000000,0.000000,0.000000,0.000000,0.000000
2356,88,work,mask_work,environment,network_actively,delayed,-0.5202,0.00000,0.00000,-0.00000,-0.00000,0.00000,0.000000,0.000000,0.000000,0.000000,0.000000
2357,88,work,mask_work,environment,network_actively,goal_achieved,1.2832,0.00000,-0.00000,0.00000,0.00000,-0.00000,0.000000,-0.000000,0.000000,0.000000,-0.000000
2358,88,work,mask_work,environment,network_actively,failed,-1.1213,-0.00000,0.00000,-0.00000,-0.00000,0.00000,-0.000000,0.000000,-0.000000,-0.000000,0.000000
2359,88,home,mask_home,environment,take_notes,failed,-1.6457,-0.00000,-0.00000,-0.00000,-0.00000,0.00000,0.000000,-0.000000,0.000000,0.000000,0.000000
2360,88,home,mask_home,environment,take_notes,failed,-1.6457,-0.00000,-0.00000,-0.00000,-0.00000,0.00000,0.000000,0.000000,0.000000,0.000000,0.000000
2361,88,home,mask_home,environment,tidy_up,goal_achieved,3.1432,-0.00000,0.00000,-0.00000,-0.00000,0.00000,0.000000,0.000000,0.000000,0.000000,0.000000
2362,88,home,mask_home,environment,network_actively,failed,-1.2053,-0.00000,0.00000,-0.00000,-0.00000,0.00000,0.000000,0.000000,0.000000,0.000000,0.000000
2363,88,home,mask_home,environment,network_actively,failed,-1.2053,-0.00000,0.00000,-0.00000,-0.00000,0.00000,0.000000,0.000000,0.000000,0.000000,0.000000
2364,88,home,mask_home,environment,take_notes,delayed,-0.5191,-0.00000,-0.00000,-0.00000,-0.00000,0.00000,0.000000,-0.000000,0.000000,0.000000,0.000000
2365,88,home,mask_home,environment,quick_scan,goal_achieved,3.0900,-0.00000,-0.00000,-0.00000,-0.00000,0.00000,0.000000,0.000000,0.000000,0.000000,0.000000
2366,88,home,mask_home,environment,rest_deeply,delayed,0.0471,-0.00000,0.00000,-0.00000,-0.00000,0.00000,0.000000,0.000000,0.000000,0.000000,0.000000
2367,88,home,mask_home,environment,network_actively,failed,-1.2046,-0.00000,0.00000,-0.00000,-0.00000,0.00000,0.000000,0.000000,0.000000,0.000000,0.000000
2368,88,conference,mask_conference,environment,rest_deeply,goal_achieved,1.4087,-0.00000,-0.00000,0.00000,0.00000,0.00000,-0.000000,0.000000,0.000000,0.000000,0.000000
2369,88,conference,mask_conference,environment,network_actively,delayed,-0.5021,0.00000,0.00000,-0.00000,-0.00000,0.00000,0.000000,0.000000,-0.000000,-0.000000,0.000000
2370,88,conference,mask_conference,environment,deep_work,failed,-3.3496,0.00000,-0.00000,0.00000,0.00000,0.00000,0.000000,-0.000000,0.000000,0.000000,0.000000
2371,88,conference,mask_conference,environment,network_actively,goal_achieved,1.3032,0.00000,-0.00000,0.00000,0.00000,0.00000,0.000000,0.000000,0.000000,0.000000,0.000000
2372,88,conference,mask_conference,environment,network_actively,goal_achieved,1.3032,0.00000,-0.00000,0.00000,0.00000,0.00000,0.000000,0.000000,0.000000,0.000000,0.000000
2373,88,conference,mask_conference,environment,take_notes,delayed,-1.8731,0.00000,-0.00000,0.00000,0.00000,0.00000,0.000000,0.000000,0.000000,0.000000,0.000000
2374,88,conference,mask_conference,environment,network_actively,goal_achieved,1.3072,0.00000,-0.00000,0.00000,0.00000,0.00000,0.000000,0.000000,0.000000,0.000000,0.000000
2375,88,conference,mask_conference,environment,quick_scan,goal_achieved,1.5848,0.00000,-0.00000,0.00000,0.00000,0.00000,0.000000,0.000000,0.000000,0.000000,0.000000
2376,88,conference,mask_conference,environment,rest_deeply,delayed,-1.8813,0.00000,-0.00000,0.00000,0.00000,0.00000,0.000000,0.000000,0.000000,0.000000,0.000000
2377,89,work,mask_work,environment,network_actively,delayed,-0.5202,0.00000,0.00000,-0.00000,-0.00000,0.00000,0.000000,0.000000,0.000000,0.000000,0.000000
2378,89,work,mask_work,environment,deep_work,goal_achieved,2.9248,0.00000,0.00000,-0.00000,-0.00000,-0.00000,0.000000,0.000000,0.000000,0.000000,-0.000000
2379,89,work,mask_work,environment,network_actively,failed,-1.1224,-0.00000,0.00000,-0.00000,-0.00000,0.00000,-0.000000,0.000000,0.000000,0.000000,0.000000
2380,89,work,mask_work,environment,deep_work,delayed,-0.5034,-0.00000,-0.00000,0.00000,-0.00000,0.00000,0.000000,-0.000000,0.000000,0.000000,0.000000
2381,89,work,mask_work,environment,network_actively,delayed,-0.5179,0.00000,0.00000,-0.00000,-0.00000,0.00000,0.000000,0.000000,-0.000000,0.000000,0.000000
2382,89,work,mask_work,environment,quick_scan,goal_achieved,3.0849,-0.00000,0.00000,-0.00000,-0.00000,0.00000,-0.000000,0.000000,0.000000,0.000000,0.000000
2383,89,work,mask_work,environment,network_actively,delayed,-0.5206,0.00000,0.00000,-0.00000,-0.00000,0.00000,0.000000,0.000000,0.000000,0.000000,0.000000
2384,89,work,mask_work,environment,network_actively,failed,-1.1217,-0.00000,0.00000,-0.00000,-0.00000,0.00000,-0.000000,0.000000,0.000000,0.000000,0.000000
2385,89,work,mask_work,environment,network_actively,delayed,-0.5206,0.00000,0.00000,-0.00000,-0.00000,0.00000,0.000000,0.000000,0.000000,0.000000,0.000000
2386,89,home,mask_home,environment,take_notes,failed,-1.6435,-0.00000,-0.00000,-0.00000,-0.00000,0.00000,0.000000,-0.000000,0.000000,0.000000,0.000000
2387,89,home,mask_home,environment,network_actively,failed,-1.2032,-0.00000,0.00000,-0.00000,-0.00000,0.00000,0.000000,0.000000,0.000000,0.000000,0.000000
2388,89,home,mask_home,environment,network_actively,delayed,-0.6021,-0.00000,-0.00000,-0.00000,-0.00000,0.00000,0.000000,-0.000000,0.000000,0.000000,0.000000
2389,89,home,mask_home,environment,network_actively,delayed,-0.6021,-0.00000,-0.00000,-0.00000,-0.00000,0.00000,0.000000,0.000000,0.000000,0.000000,0.000000
2390,89,home,mask_home,environment,network_actively,delayed,-0.6021,-0.00000,-0.00000,-0.00000,-0.00000,0.00000,0.000000,0.000000,0.000000,0.000000,0.000000
2391,89,home,mask_home,environment,quick_scan,failed,-1.3862,-0.00000,0.00000,-0.00000,-0.00000,-0.00000,0.000000,0.000000,0.000000,0.000000,-0.000000
2392,89,home,mask_home,environment,network_actively,failed,-1.2010,-0.00000,0.00000,-0.00000,-0.00000,0.00000,0.000000,0.000000,0.000000,0.000000,0.000000
2393,89,home,mask_home,environment,network_actively,failed,-1.2010,-0.00000,0.00000,-0.00000,-0.00000,0.00000,0.000000,0.000000,0.000000,0.000000,0.000000
2394,89,home,mask_home,environment,network_actively,failed,-1.2010,-0.00000,0.00000,-0.00000,-0.00000,0.00000,0.000000,0.000000,0.000000,0.000000,0.000000
2395,89,conference,mask_conference,environment,network_actively,goal_achieved,1.3057,0.00000,-0.00000,0.00000,0.00000,0.00000,0.000000,0.000000,0.000000,0.000000,0.000000
2396,89,conference,mask_conference,environment,network_actively,goal_achieved,1.3057,0.00000,-0.00000,0.00000,0.00000,0.00000,0.000000,0.000000,0.000000,0.000000,0.000000
2397,89,conference,mask_conference,environment,tidy_up,failed,-3.2770,0.00000,-0.00000,0.00000,0.00000,0.00000,0.000000,0.000000,0.000000,0.000000,0.000000
2398,89,conference,mask_conference,environment,rest_deeply,delayed,-1.8820,0.00000,-0.00000,0.00000,0.00000,0.00000,0.000000,0.000000,0.000000,0.000000,0.000000
2399,89,conference,mask_conference,environment,network_actively,goal_achieved,1.3075,0.00000,-0.00000,0.00000,0.00000,0.00000,0.000000,0.000000,0.000000,0.000000,0.000000
2400,89,conference,mask_conference,environment,network_actively,delayed,-0.4959,0.00000,0.00000,-0.00000,-0.00000,0.00000,0.000000,0.000000,-0.000000,-0.000000,0.000000
2401,89,conference,mask_conference,environment,network_actively,goal_achieved,1.3075,0.00000,-0.00000,0.00000,0.00000,0.00000,0.000000,-0.000000,0.000000,0.000000,0.000000
2402,89,conference,mask_conference,environment,quick_scan,goal_achieved,1.5874,0.00000,-0.00000,0.00000,0.00000,0.00000,0.000000,0.000000,0.000000,0.000000,0.000000
2403,89,conference,mask_conference,environment,quick_scan,delayed,-1.7749,0.00000,-0.00000,0.00000,0.00000,-0.00000,0.000000,0.000000,0.000000,0.000000,-0.000000
2404,90,work,mask_work,environment,network_actively,failed,-1.1217,-0.00000,0.00000,-0.00000,-0.00000,0.00000,-0.000000,0.000000,0.000000,0.000000,0.000000
2405,90,work,mask_work,environment,network_actively,failed,-1.1217,-0.00000,0.00000,-0.00000,-0.00000,0.00000,0.000000,0.000000,0.000000,0.000000,0.000000
2406,90,work,mask_work,environment,rest_deeply,failed,-1.5481,0.00000,0.00000,-0.00000,-0.00000,-0.00000,0.000000,0.000000,0.000000,0.000000,-0.000000
2407,90,work,mask_work,environment,network_actively,delayed,-0.5192,0.00000,0.00000,-0.00000,-0.00000,0.00000,0.000000,0.000000,0.000000,0.000000,0.000000
2408,90,work,mask_work,environment,quick_scan,failed,-1.3917,0.00000,0.00000,-0.00000,-0.00000,-0.00000,0.000000,0.000000,0.000000,0.000000,-0.000000
2409,90,work,mask_work,environment,network_actively,delayed,-0.5150,0.00000,0.00000,-0.00000,-0.00000,0.00000,0.000000,0.000000,0.000000,0.000000,0.000000
2410,90,work,mask_work,environment,tidy_up,failed,-1.6923,0.00000,0.00000,-0.00000,-0.00000,0.00000,0.000000,0.000000,0.000000,0.000000,0.000000
2411,90,work,mask_work,environment,network_actively,failed,-1.1129,-0.00000,0.00000,-0.00000,-0.00000,0.00000,-0.000000,0.000000,0.000000,0.000000,0.000000
2412,90,work,mask_work,environment,network_actively,delayed,-0.5117,0.00000,0.00000,-0.00000,-0.00000,0.00000,0.000000,0.000000,0.000000,0.000000,0.000000
2413,90,home,mask_home,environment,network_actively,goal_achieved,1.2035,-0.00000,-0.00000,0.00000,0.00000,0.00000,0.000000,-0.000000,0.000000,0.000000,0.000000
2414,90,home,mask_home,environment,network_actively,delayed,-0.5999,-0.00000,-0.00000,-0.00000,-0.00000,0.00000,0.000000,0.000000,-0.000000,-0.000000,0.000000
2415,90,home,mask_home,environment,network_actively,failed,-1.2010,-0.00000,0.00000,-0.00000,-0.00000,0.00000,0.000000,0.000000,0.000000,0.000000,0.000000
2416,90,home,mask_home,environment,network_actively,goal_achieved,1.2035,-0.00000,-0.00000,0.00000,0.00000,0.00000,0.000000,-0.000000,0.000000,0.000000,0.000000
2417,90,home,mask_home,environment,rest_deeply,goal_achieved,3.3416,-0.00000,-0.00000,-0.00000,-0.00000,0.00000,0.000000,0.000000,-0.000000,-0.000000,0.000000
2418,90,home,mask_home,environment,network_actively,delayed,-0.6007,-0.00000,-0.00000,-0.00000,-0.00000,0.00000,0.000000,0.000000,0.000000,0.000000,0.000000
2419,90,home,mask_home,environment,quick_scan,delayed,-0.2720,-0.00000,-0.00000,-0.00000,-0.00000,0.00000,0.000000,0.000000,0.000000,0.000000,0.000000
2420,90,home,mask_home,environment,network_actively,failed,-1.2010,-0.00000,0.00000,-0.00000,-0.00000,0.00000,0.000000,0.000000,0.000000,0.000000,0.000000
2421,90,home,mask_home,environment,rest_deeply,goal_achieved,3.3433,-0.00000,-0.00000,-0.00000,-0.00000,0.00000,0.000000,-0.000000,0.000000,0.000000,0.000000
2422,90,conference,mask_conference,environment,deep_work,failed,-3.3480,0.00000,-0.00000,0.00000,0.00000,0.00000,0.000000,0.000000,0.000000,0.000000,0.000000
2423,90,conference,mask_conference,environment,network_actively,goal_achieved,1.3091,0.00000,-0.00000,0.00000,0.00000,0.00000,0.000000,0.000000,0.000000,0.000000,0.000000
2424,90,conference,mask_conference,environment,tidy_up,failed,-3.2736,0.00000,-0.00000,0.00000,0.00000,0.00000,0.000000,0.000000,0.000000,0.000000,0.000000
2425,90,conference,mask_conference,environment,network_actively,goal_achieved,1.3101,0.00000,-0.00000,0.00000,0.00000,0.00000,0.000000,0.000000,0.000000,0.000000,0.000000
2426,90,conference,mask_conference,environment,network_actively,goal_achieved,1.3101,0.00000,-0.00000,0.00000,0.00000,0.00000,0.000000,0.000000,0.000000,0.000000,0.000000
2427,90,conference,mask_conference,environment,network_actively,goal_achieved,1.3101,0.00000,-0.00000,0.00000,0.00000,0.00000,0.000000,0.000000,0.000000,0.000000,0.000000
2428,90,conference,mask_conference,environment,network_actively,goal_achieved,1.3101,0.00000,-0.00000,0.00000,0.00000,0.00000,0.000000,0.000000,0.000000,0.000000,0.000000
2429,90,conference,mask_conference,environment,network_actively,goal_achieved,1.3101,0.00000,-0.00000,0.00000,0.00000,0.00000,0.000000,0.000000,0.000000,0.000000,0.000000
2430,90,conference,mask_conference,environment,network_actively,goal_achieved,1.3101,0.00000,-0.00000,0.00000,0.00000,0.00000,0.000000,0.000000,0.000000,0.000000,0.000000
2431,91,work,mask_work,environment,deep_work,goal_achieved,2.9396,0.00000,0.00000,-0.00000,-0.00000,-0.00000,0.000000,0.000000,0.000000,0.000000,-0.000000
2432,91,work,mask_work,environment,network_actively,failed,-1.1139,-0.00000,0.00000,-0.00000,-0.00000,0.00000,-0.000000,0.000000,0.000000,0.000000,0.000000
2433,91,work,mask_work,environment,network_actively,delayed,-0.5128,0.00000,0.00000,-0.00000,-0.00000,0.00000,0.000000,0.000000,0.000000,0.000000,0.000000
2434,91,work,mask_work,environment,take_notes,goal_achieved,2.8115,0.00000,0.00000,-0.00000,-0.00000,-0.00000,0.000000,0.000000,0.000000,0.000000,-0.000000
2435,91,work,mask_work,environment,take_notes,goal_achieved,2.8115,0.00000,0.00000,-0.00000,-0.00000,-0.00000,0.000000,0.000000,0.000000,0.000000,0.000000
2436,91,work,mask_work,environment,deep_work,goal_achieved,2.9316,0.00000,0.00000,-0.00000,-0.00000,-0.00000,0.000000,0.000000,0.000000,0.000000,0.000000
2437,91,work,mask_work,environment,network_actively,goal_achieved,1.2799,0.00000,-0.00000,0.00000,0.00000,-0.00000,0.000000,-0.000000,0.000000,0.000000,0.000000
2438,91,work,mask_work,environment,network_actively,delayed,-0.5235,0.00000,0.00000,-0.00000,-0.00000,-0.00000,0.000000,0.000000,-0.000000,-0.000000,0.000000
2439,91,work,mask_work,environment,network_actively,goal_achieved,1.2799,0.00000,-0.00000,0.00000,0.00000,-0.00000,0.000000,-0.000000,0.000000,0.000000,0.000000
2440,91,home,mask_home,environment,quick_scan,delayed,-0.2716,-0.00000,-0.00000,-0.00000,-0.00000,0.00000,0.000000,0.000000,0.000000,0.000000,0.000000
2441,91,home,mask_home,environment,network_actively,delayed,-0.5999,-0.00000,-0.00000,-0.00000,-0.00000,0.00000,0.000000,0.000000,0.000000,0.000000,0.000000
2442,91,home,mask_home,environment,network_actively,failed,-1.2010,-0.00000,0.00000,-0.00000,-0.00000,0.00000,0.000000,0.000000,0.000000,0.000000,0.000000
2443,91,home,mask_home,environment,take_notes,failed,-1.6449,-0.00000,-0.00000,-0.00000,-0.00000,0.00000,0.000000,-0.000000,0.000000,0.000000,0.000000
2444,91,home,mask_home,environment,quick_scan,delayed,-0.2693,-0.00000,-0.00000,-0.00000,-0.00000,0.00000,0.000000,0.000000,0.000000,0.000000,0.000000
2445,91,home,mask_home,environment,take_notes,failed,-1.6441,-0.00000,-0.00000,-0.00000,-0.00000,0.00000,0.000000,0.000000,0.000000,0.000000,0.000000
2446,91,home,mask_home,environment,quick_scan,failed,-1.3887,-0.00000,0.00000,-0.00000,-0.00000,-0.00000,0.000000,0.000000,0.000000,0.000000,-0.000000
2447,91,home,mask_home,environment,take_notes,goal_achieved,2.8636,-0.00000,0.00000,-0.00000,-0.00000,0.00000,0.000000,0.000000,0.000000,0.000000,0.000000
2448,91,home,mask_home,environment,take_notes,failed,-1.6420,-0.00000,-0.00000,-0.00000,-0.00000,0.00000,0.000000,-0.000000,0.000000,0.000000,0.000000
2449,91,conference,mask_conference,environment,network_actively,goal_achieved,1.3101,0.00000,-0.00000,0.00000,0.00000,0.00000,0.000000,0.000000,0.000000,0.000000,0.000000
2450,91,conference,mask_conference,environment,rest_deeply,failed,-2.9826,0.00000,-0.00000,0.00000,0.00000,0.00000,0.000000,0.000000,0.000000,0.000000,0.000000
2451,91,conference,mask_conference,environment,network_actively,delayed,-0.4909,0.00000,0.00000,-0.00000,-0.00000,0.00000,0.000000,0.000000,-0.000000,-0.000000,0.000000
2452,91,conference,mask_conference,environment,tidy_up,failed,-3.2736,0.00000,-0.00000,0.00000,0.00000,0.00000,0.000000,-0.000000,0.000000,0.000000,0.000000
2453,91,conference,mask_conference,environment,network_actively,goal_achieved,1.3135,0.00000,-0.00000,0.00000,0.00000,0.00000,0.000000,0.000000,0.000000,0.000000,0.000000
2454,91,conference,mask_conference,environment,take_notes,goal_achieved,1.5077,0.00000,-0.00000,0.00000,0.00000,0.00000,0.000000,0.000000,0.000000,0.000000,0.000000
2455,91,conference,mask_conference,environment,quick_scan,goal_achieved,1.5877,0.00000,-0.00000,0.00000,0.00000,0.00000,0.000000,0.000000,0.000000,0.000000,0.000000
2456,91,conference,mask_conference,environment,network_actively,goal_achieved,1.3095,0.00000,-0.00000,0.00000,0.00000,0.00000,0.000000,0.000000,0.000000,0.000000,0.000000
2457,91,conference,mask_conference,environment,take_notes,delayed,-1.8744,0.00000,-0.00000,0.00000,0.00000,0.00000,0.000000,0.000000,0.000000,0.000000,0.000000
2458,92,work,mask_work,environment,network_actively,delayed,-0.5235,0.00000,0.00000,-0.00000,-0.00000,-0.00000,0.000000,0.000000,-0.000000,-0.000000,0.000000
2459,92,work,mask_work,environment,quick_scan,goal_achieved,3.0784,-0.00000,0.00000,-0.00000,-0.00000,0.00000,-0.000000,0.000000,0.000000,0.000000,0.000000
2460,92,work,mask_work,environment,tidy_up,goal_achieved,2.9291,-0.00000,0.00000,-0.00000,-0.00000,-0.00000,0.000000,0.000000,0.000000,0.000000,-0.000000
2461,92,work,mask_work,environment,rest_deeply,failed,-1.5648,0.00000,0.00000,-0.00000,-0.00000,-0.00000,0.000000,0.000000,0.000000,0.000000,0.000000
2462,92,work,mask_work,environment,network_actively,failed,-1.1311,-0.00000,0.00000,-0.00000,-0.00000,0.00000,-0.000000,0.000000,0.000000,0.000000,0.000000
2463,92,work,mask_work,environment,network_actively,failed,-1.1311,-0.00000,0.00000,-0.00000,-0.00000,0.00000,0.000000,0.000000,0.000000,0.000000,0.000000
2464,92,work,mask_work,environment,take_notes,delayed,-0.5803,0.00000,0.00000,-0.00000,-0.00000,0.00000,0.000000,0.000000,0.000000,0.000000,0.000000
2465,92,work,mask_work,environment,network_actively,failed,-1.1303,-0.00000,0.00000,-0.00000,-0.00000,0.00000,-0.000000,0.000000,0.000000,0.000000,0.000000
2466,92,work,mask_work,environment,network_actively,failed,-1.1303,-0.00000,0.00000,-0.00000,-0.00000,0.00000,0.000000,0.000000,0.000000,0.000000,0.000000
2467,92,home,mask_home,environment,network_actively,failed,-1.1986,-0.00000,0.00000,-0.00000,-0.00000,0.00000,0.000000,0.000000,0.000000,0.000000,0.000000
2468,92,home,mask_home,environment,network_actively,goal_achieved,1.2059,-0.00000,-0.00000,0.00000,0.00000,0.00000,0.000000,-0.000000,0.000000,0.000000,0.000000
2469,92,home,mask_home,environment,rest_deeply,goal_achieved,3.3436,-0.00000,-0.00000,-0.00000,-0.00000,0.00000,0.000000,0.000000,-0.000000,-0.000000,0.000000
2470,92,home,mask_home,environment,network_actively,failed,-1.1994,-0.00000,0.00000,-0.00000,-0.00000,0.00000,0.000000,0.000000,0.000000,0.000000,0.000000
2471,92,home,mask_home,environment,rest_deeply,goal_achieved,3.3448,-0.00000,-0.00000,-0.00000,-0.00000,0.00000,0.000000,-0.000000,0.000000,0.000000,0.000000
2472,92,home,mask_home,environment,network_actively,delayed,-0.5991,-0.00000,-0.00000,-0.00000,-0.00000,0.00000,0.000000,0.000000,0.000000,0.000000,0.000000
2473,92,home,mask_home,environment,network_actively,goal_achieved,1.2043,-0.00000,-0.00000,0.00000,0.00000,0.00000,0.000000,0.000000,0.000000,0.000000,0.000000
2474,92,home,mask_home,environment,network_actively,goal_achieved,1.2043,-0.00000,-0.00000,0.00000,0.00000,0.00000,0.000000,0.000000,0.000000,0.000000,0.000000
2475,92,home,mask_home,environment,network_actively,goal_achieved,1.2043,-0.00000,-0.00000,0.00000,0.00000,0.00000,0.000000,0.000000,0.000000,0.000000,0.000000
2476,92,conference,mask_conference,environment,take_notes,goal_achieved,1.5048,0.00000,-0.00000,0.00000,0.00000,0.00000,0.000000,0.000000,0.000000,0.000000,0.000000
2477,92,conference,mask_conference,environment,network_actively,goal_achieved,1.3114,0.00000,-0.00000,0.00000,0.00000,0.00000,0.000000,0.000000,0.000000,0.000000,0.000000
2478,92,conference,mask_conference,environment,quick_scan,delayed,-1.7745,0.00000,-0.00000,0.00000,0.00000,-0.00000,0.000000,0.000000,0.000000,0.000000,-0.000000
2479,92,conference,mask_conference,environment,network_actively,goal_achieved,1.3132,0.00000,-0.00000,0.00000,0.00000,0.00000,0.000000,0.000000,0.000000,0.000000,0.000000
2480,92,conference,mask_conference,environment,quick_scan,goal_achieved,1.5870,0.00000,-0.00000,0.00000,0.00000,0.00000,0.000000,0.000000,0.000000,0.000000,0.000000
2481,92,conference,mask_conference,environment,network_actively,goal_achieved,1.3112,0.00000,-0.00000,0.00000,0.00000,0.00000,0.000000,0.000000,0.000000,0.000000,0.000000
2482,92,conference,mask_conference,environment,quick_scan,goal_achieved,1.5862,0.00000,-0.00000,0.00000,0.00000,0.00000,0.000000,0.000000,0.000000,0.000000,0.000000
2483,92,conference,mask_conference,environment,network_actively,goal_achieved,1.3092,0.00000,-0.00000,0.00000,0.00000,0.00000,0.000000,0.000000,0.000000,0.000000,0.000000
2484,92,conference,mask_conference,environment,rest_deeply,goal_achieved,1.4060,-0.00000,-0.00000,0.00000,0.00000,0.00000,-0.000000,0.000000,0.000000,0.000000,0.000000
2485,93,work,mask_work,environment,quick_scan,goal_achieved,3.0815,-0.00000,0.00000,-0.00000,-0.00000,0.00000,0.000000,0.000000,0.000000,0.000000,0.000000
2486,93,work,mask_work,environment,network_actively,goal_achieved,1.2716,0.00000,-0.00000,0.00000,0.00000,-0.00000,0.000000,-0.000000,0.000000,0.000000,-0.000000
2487,93,work,mask_work,environment,quick_scan,delayed,-0.2850,0.00000,0.00000,-0.00000,-0.00000,-0.00000,0.000000,0.000000,-0.000000,-0.000000,0.000000
2488,93,work,mask_work,environment,tidy_up,goal_achieved,2.9331,-0.00000,0.00000,-0.00000,-0.00000,-0.00000,-0.000000,0.000000,0.000000,0.000000,0.000000
2489,93,work,mask_work,environment,network_actively,failed,-1.1355,-0.00000,0.00000,-0.00000,-0.00000,0.00000,0.000000,0.000000,0.000000,0.000000,0.000000
2490,93,work,mask_work,environment,rest_deeply,delayed,-0.4673,0.00000,0.00000,-0.00000,-0.00000,-0.00000,0.000000,0.000000,0.000000,0.000000,-0.000000
2491,93,work,mask_work,environment,tidy_up,delayed,-0.5459,0.00000,0.00000,-0.00000,-0.00000,0.00000,0.000000,0.000000,0.000000,0.000000,0.000000
2492,93,work,mask_work,environment,tidy_up,delayed,-0.5459,0.00000,0.00000,-0.00000,-0.00000,0.00000,0.000000,0.000000,0.000000,0.000000,0.000000
2493,93,work,mask_work,environment,take_notes,delayed,-0.5827,0.00000,0.00000,-0.00000,-0.00000,0.00000,0.000000,0.000000,0.000000,0.000000,0.000000
2494,93,home,mask_home,environment,network_actively,failed,-1.2002,-0.00000,0.00000,-0.00000,-0.00000,0.00000,0.000000,0.000000,-0.000000,-0.000000,0.000000
2495,93,home,mask_home,environment,tidy_up,goal_achieved,3.1323,-0.00000,0.00000,-0.00000,-0.00000,0.00000,0.000000,0.000000,0.000000,0.000000,0.000000
2496,93,home,mask_home,environment,network_actively,failed,-1.2025,-0.00000,0.00000,-0.00000,-0.00000,0.00000,0.000000,0.000000,0.000000,0.000000,0.000000
2497,93,home,mask_home,environment,take_notes,goal_achieved,2.8448,-0.00000,0.00000,-0.00000,-0.00000,0.00000,0.000000,0.000000,0.000000,0.000000,0.000000
2498,93,home,mask_home,environment,network_actively,delayed,-0.6058,-0.00000,-0.00000,-0.00000,-0.00000,0.00000,0.000000,-0.000000,0.000000,0.000000,0.000000
2499,93,home,mask_home,environment,quick_scan,failed,-1.4155,-0.00000,0.00000,-0.00000,-0.00000,-0.00000,0.000000,0.000000,0.000000,0.000000,-0.000000
2500,93,home,mask_home,environment,network_actively,failed,-1.2050,-0.00000,0.00000,-0.00000,-0.00000,0.00000,0.000000,0.000000,0.000000,0.000000,0.000000
2501,93,home,mask_home,environment,network_actively,delayed,-0.6038,-0.00000,-0.00000,-0.00000,-0.00000,0.00000,0.000000,-0.000000,0.000000,0.000000,0.000000
2502,93,home,mask_home,environment,network_actively,failed,-1.2050,-0.00000,0.00000,-0.00000,-0.00000,0.00000,0.000000,0.000000,0.000000,0.000000,0.000000
2503,93,conference,mask_conference,environment,network_actively,goal_achieved,1.3047,0.00000,-0.00000,0.00000,0.00000,0.00000,0.000000,0.000000,0.000000,0.000000,0.000000
2504,93,conference,mask_conference,environment,quick_scan,goal_achieved,1.5801,0.00000,-0.00000,0.00000,0.00000,0.00000,0.000000,0.000000,0.000000,0.000000,0.000000
2505,93,conference,mask_conference,environment,rest_deeply,delayed,-1.8918,0.00000,-0.00000,0.00000,0.00000,0.00000,0.000000,0.000000,0.000000,0.000000,0.000000
2506,93,conference,mask_conference,environment,network_actively,goal_achieved,1.3035,0.00000,-0.00000,0.00000,0.00000,0.00000,0.000000,0.000000,0.000000,0.000000,0.000000
2507,93,conference,mask_conference,environment,network_actively,goal_achieved,1.3035,0.00000,-0.00000,0.00000,0.00000,0.00000,0.000000,0.000000,0.000000,0.000000,0.000000
2508,93,conference,mask_conference,environment,network_actively,goal_achieved,1.3035,0.00000,-0.00000,0.00000,0.00000,0.00000,0.000000,0.000000,0.000000,0.000000,0.000000
2509,93,conference,mask_conference,environment,rest_deeply,delayed,-1.8942,0.00000,-0.00000,0.00000,0.00000,0.00000,0.000000,0.000000,0.000000,0.000000,0.000000
2510,93,conference,mask_conference,environment,network_actively,goal_achieved,1.3041,0.00000,-0.00000,0.00000,0.00000,0.00000,0.000000,0.000000,0.000000,0.000000,0.000000
2511,93,conference,mask_conference,environment,rest_deeply,failed,-2.9933,0.00000,-0.00000,0.00000,0.00000,0.00000,0.000000,0.000000,0.000000,0.000000,0.000000
2512,94,work,mask_work,environment,deep_work,goal_achieved,2.9193,0.00000,0.00000,-0.00000,-0.00000,-0.00000,0.000000,0.000000,0.000000,0.000000,-0.000000
2513,94,work,mask_work,environment,deep_work,goal_achieved,2.9193,0.00000,0.00000,-0.00000,-0.00000,-0.00000,0.000000,0.000000,0.000000,0.000000,0.000000
2514,94,work,mask_work,environment,network_actively,failed,-1.1345,-0.00000,0.00000,-0.00000,-0.00000,0.00000,-0.000000,0.000000,0.000000,0.000000,0.000000
2515,94,work,mask_work,environment,deep_work,goal_achieved,2.9208,0.00000,0.00000,-0.00000,-0.00000,-0.00000,0.000000,0.000000,0.000000,0.000000,-0.000000
2516,94,work,mask_work,environment,rest_deeply,failed,-1.5639,0.00000,0.00000,-0.00000,-0.00000,-0.00000,0.000000,0.000000,0.000000,0.000000,0.000000
2517,94,work,mask_work,environment,tidy_up,failed,-1.7053,0.00000,0.00000,-0.00000,-0.00000,0.00000,0.000000,0.000000,0.000000,0.000000,0.000000
2518,94,work,mask_work,environment,network_actively,failed,-1.1310,-0.00000,0.00000,-0.00000,-0.00000,0.00000,-0.000000,0.000000,0.000000,0.000000,0.000000
2519,94,work,mask_work,environment,network_actively,delayed,-0.5299,0.00000,0.00000,-0.00000,-0.00000,-0.00000,0.000000,0.000000,0.000000,0.000000,-0.000000
2520,94,work,mask_work,environment,rest_deeply,delayed,-0.4610,0.00000,0.00000,-0.00000,-0.00000,-0.00000,0.000000,0.000000,0.000000,0.000000,0.000000
2521,94,home,mask_home,environment,deep_work,failed,-1.7844,-0.00000,-0.00000,-0.00000,-0.00000,0.00000,0.000000,-0.000000,0.000000,0.000000,0.000000
2522,94,home,mask_home,environment,network_actively,failed,-1.2032,-0.00000,0.00000,-0.00000,-0.00000,0.00000,0.000000,0.000000,0.000000,0.000000,0.000000
2523,94,home,mask_home,environment,network_actively,goal_achieved,1.2013,-0.00000,-0.00000,0.00000,0.00000,0.00000,0.000000,-0.000000,0.000000,0.000000,0.000000
2524,94,home,mask_home,environment,quick_scan,delayed,-0.2944,-0.00000,-0.00000,-0.00000,-0.00000,0.00000,0.000000,0.000000,-0.000000,-0.000000,0.000000
2525,94,home,mask_home,environment,rest_deeply,goal_achieved,3.3284,-0.00000,-0.00000,-0.00000,-0.00000,0.00000,0.000000,0.000000,0.000000,0.000000,0.000000
2526,94,home,mask_home,environment,network_actively,failed,-1.2033,-0.00000,0.00000,-0.00000,-0.00000,0.00000,0.000000,0.000000,0.000000,0.000000,0.000000
2527,94,home,mask_home,environment,network_actively,failed,-1.2033,-0.00000,0.00000,-0.00000,-0.00000,0.00000,0.000000,0.000000,0.000000,0.000000,0.000000
2528,94,home,mask_home,environment,quick_scan,failed,-1.4135,-0.00000,0.00000,-0.00000,-0.00000,-0.00000,0.000000,0.000000,0.000000,0.000000,-0.000000
2529,94,home,mask_home,environment,network_actively,goal_achieved,1.2032,-0.00000,-0.00000,0.00000,0.00000,0.00000,0.000000,-0.000000,0.000000,0.000000,0.000000
2530,94,conference,mask_conference,environment,network_actively,goal_achieved,1.3064,0.00000,-0.00000,0.00000,0.00000,0.00000,0.000000,0.000000,0.000000,0.000000,0.000000
2531,94,conference,mask_conference,environment,network_actively,goal_achieved,1.3064,0.00000,-0.00000,0.00000,0.00000,0.00000,0.000000,0.000000,0.000000,0.000000,0.000000
2532,94,conference,mask_conference,environment,take_notes,delayed,-1.8884,0.00000,-0.00000,0.00000,0.00000,0.00000,0.000000,0.000000,0.000000,0.000000,0.000000
2533,94,conference,mask_conference,environment,take_notes,goal_achieved,1.4908,0.00000,-0.00000,0.00000,0.00000,0.00000,0.000000,0.000000,0.000000,0.000000,0.000000
2534,94,conference,mask_conference,environment,network_actively,goal_achieved,1.3082,0.00000,-0.00000,0.00000,0.00000,0.00000,0.000000,0.000000,0.000000,0.000000,0.000000
2535,94,conference,mask_conference,environment,quick_scan,goal_achieved,1.5798,0.00000,-0.00000,0.00000,0.00000,0.00000,0.000000,0.000000,0.000000,0.000000,0.000000
2536,94,conference,mask_conference,environment,network_actively,goal_achieved,1.3062,0.00000,-0.00000,0.00000,0.00000,0.00000,0.000000,0.000000,0.000000,0.000000,0.000000
2537,94,conference,mask_conference,environment,rest_deeply,goal_achieved,1.3966,-0.00000,-0.00000,0.00000,0.00000,0.00000,-0.000000,0.000000,0.000000,0.000000,0.000000
2538,94,conference,mask_conference,environment,rest_deeply,failed,-2.9967,0.00000,-0.00000,0.00000,0.00000,0.00000,0.000000,0.000000,0.000000,0.000000,0.000000
2539,95,work,mask_work,environment,network_actively,delayed,-0.5300,0.00000,0.00000,-0.00000,-0.00000,-0.00000,0.000000,0.000000,0.000000,0.000000,0.000000
2540,95,work,mask_work,environment,network_actively,failed,-1.1311,-0.00000,0.00000,-0.00000,-0.00000,0.00000,-0.000000,0.000000,0.000000,0.000000,0.000000
2541,95,work,mask_work,environment,network_actively,failed,-1.1311,-0.00000,0.00000,-0.00000,-0.00000,0.00000,0.000000,0.000000,0.000000,0.000000,0.000000
2542,95,work,mask_work,environment,tidy_up,goal_achieved,2.9397,-0.00000,0.00000,-0.00000,-0.00000,-0.00000,0.000000,0.000000,0.000000,0.000000,-0.000000
2543,95,work,mask_work,environment,tidy_up,delayed,-0.5406,0.00000,0.00000,-0.00000,-0.00000,0.00000,0.000000,0.000000,0.000000,0.000000,0.000000
2544,95,work,mask_work,environment,network_actively,failed,-1.1346,-0.00000,0.00000,-0.00000,-0.00000,0.00000,-0.000000,0.000000,0.000000,0.000000,0.000000
2545,95,work,mask_work,environment,rest_deeply,delayed,-0.4599,0.00000,0.00000,-0.00000,-0.00000,-0.00000,0.000000,0.000000,0.000000,0.000000,-0.000000
2546,95,work,mask_work,environment,rest_deeply,delayed,-0.4599,0.00000,0.00000,-0.00000,-0.00000,-0.00000,0.000000,0.000000,0.000000,0.000000,0.000000
2547,95,work,mask_work,environment,network_actively,failed,-1.1348,-0.00000,0.00000,-0.00000,-0.00000,0.00000,-0.000000,0.000000,0.000000,0.000000,0.000000
2548,95,home,mask_home,environment,network_actively,delayed,-0.6002,-0.00000,-0.00000,-0.00000,-0.00000,0.00000,0.000000,0.000000,-0.000000,-0.000000,0.000000
2549,95,home,mask_home,environment,tidy_up,delayed,-0.3499,-0.00000,-0.00000,-0.00000,-0.00000,0.00000,0.000000,0.000000,0.000000,0.000000,0.000000
2550,95,home,mask_home,environment,tidy_up,goal_achieved,3.1305,-0.00000,0.00000,-0.00000,-0.00000,0.00000,0.000000,0.000000,0.000000,0.000000,0.000000
2551,95,home,mask_home,environment,network_actively,failed,-1.2010,-0.00000,0.00000,-0.00000,-0.00000,0.00000,0.000000,0.000000,0.000000,0.000000,0.000000
2552,95,home,mask_home,environment,take_notes,failed,-1.6580,-0.00000,-0.00000,-0.00000,-0.00000,0.00000,0.000000,-0.000000,0.000000,0.000000,0.000000
2553,95,home,mask_home,environment,tidy_up,goal_achieved,3.1330,-0.00000,0.00000,-0.00000,-0.00000,0.00000,0.000000,0.000000,0.000000,0.000000,0.000000
2554,95,home,mask_home,environment,network_actively,failed,-1.2018,-0.00000,0.00000,-0.00000,-0.00000,0.00000,0.000000,0.000000,0.000000,0.000000,0.000000
2555,95,home,mask_home,environment,take_notes,delayed,-0.5326,-0.00000,-0.00000,-0.00000,-0.00000,0.00000,0.000000,-0.000000,0.000000,0.000000,0.000000
2556,95,home,mask_home,environment,tidy_up,goal_achieved,3.1342,-0.00000,0.00000,-0.00000,-0.00000,0.00000,0.000000,0.000000,0.000000,0.000000,0.000000
2557,95,conference,mask_conference,environment,rest_deeply,delayed,-1.8984,0.00000,-0.00000,0.00000,0.00000,0.00000,0.000000,0.000000,0.000000,0.000000,0.000000
2558,95,conference,mask_conference,environment,quick_scan,failed,-2.9055,0.00000,-0.00000,0.00000,0.00000,-0.00000,0.000000,0.000000,0.000000,0.000000,-0.000000
2559,95,conference,mask_conference,environment,rest_deeply,delayed,-1.8953,0.00000,-0.00000,0.00000,0.00000,0.00000,0.000000,0.000000,0.000000,0.000000,0.000000
2560,95,conference,mask_conference,environment,network_actively,goal_achieved,1.3085,0.00000,-0.00000,0.00000,0.00000,0.00000,0.000000,0.000000,0.000000,0.000000,0.000000
2561,95,conference,mask_conference,environment,take_notes,goal_achieved,1.4887,0.00000,-0.00000,0.00000,0.00000,0.00000,0.000000,0.000000,0.000000,0.000000,0.000000
2562,95,conference,mask_conference,environment,network_actively,goal_achieved,1.3066,0.00000,-0.00000,0.00000,0.00000,0.00000,0.000000,0.000000,0.000000,0.000000,0.000000
2563,95,conference,mask_conference,environment,network_actively,goal_achieved,1.3066,0.00000,-0.00000,0.00000,0.00000,0.00000,0.000000,0.000000,0.000000,0.000000,0.000000
2564,95,conference,mask_conference,environment,network_actively,goal_achieved,1.3066,0.00000,-0.00000,0.00000,0.00000,0.00000,0.000000,0.000000,0.000000,0.000000,0.000000
2565,95,conference,mask_conference,environment,tidy_up,goal_achieved,1.3444,-0.00000,-0.00000,0.00000,0.00000,-0.00000,-0.000000,0.000000,0.000000,0.000000,-0.000000
2566,96,work,mask_work,environment,rest_deeply,failed,-1.5567,0.00000,0.00000,-0.00000,-0.00000,-0.00000,0.000000,0.000000,0.000000,0.000000,-0.000000
2567,96,work,mask_work,environment,network_actively,failed,-1.1335,-0.00000,0.00000,-0.00000,-0.00000,0.00000,-0.000000,0.000000,0.000000,0.000000,0.000000
2568,96,work,mask_work,environment,network_actively,failed,-1.1335,-0.00000,0.00000,-0.00000,-0.00000,0.00000,0.000000,0.000000,0.000000,0.000000,0.000000
2569,96,work,mask_work,environment,take_notes,failed,-1.6980,-0.00000,0.00000,-0.00000,-0.00000,0.00000,0.000000,0.000000,0.000000,0.000000,0.000000
2570,96,work,mask_work,environment,network_actively,failed,-1.1311,-0.00000,0.00000,-0.00000,-0.00000,0.00000,0.000000,0.000000,0.000000,0.000000,0.000000
2571,96,work,mask_work,environment,deep_work,goal_achieved,2.9372,0.00000,0.00000,-0.00000,-0.00000,-0.00000,0.000000,0.000000,0.000000,0.000000,-0.000000
2572,96,work,mask_work,environment,network_actively,failed,-1.1320,-0.00000,0.00000,-0.00000,-0.00000,0.00000,-0.000000,0.000000,0.000000,0.000000,0.000000
2573,96,work,mask_work,environment,network_actively,goal_achieved,1.2725,0.00000,-0.00000,0.00000,0.00000,-0.00000,0.000000,-0.000000,0.000000,0.000000,-0.000000
2574,96,work,mask_work,environment,take_notes,delayed,-0.5737,0.00000,0.00000,-0.00000,-0.00000,0.00000,0.000000,0.000000,-0.000000,-0.000000,0.000000
2575,96,home,mask_home,environment,network_actively,delayed,-0.6028,-0.00000,-0.00000,-0.00000,-0.00000,0.00000,0.000000,-0.000000,0.000000,0.000000,0.000000
2576,96,home,mask_home,environment,network_actively,delayed,-0.6028,-0.00000,-0.00000,-0.00000,-0.00000,0.00000,0.000000,0.000000,0.000000,0.000000,0.000000
2577,96,home,mask_home,environment,network_actively,failed,-1.2039,-0.00000,0.00000,-0.00000,-0.00000,0.00000,0.000000,0.000000,0.000000,0.000000,0.000000
2578,96,home,mask_home,environment,deep_work,goal_achieved,2.7848,-0.00000,0.00000,-0.00000,-0.00000,-0.00000,0.000000,0.000000,0.000000,0.000000,-0.000000
2579,96,home,mask_home,environment,network_actively,failed,-1.2088,-0.00000,0.00000,-0.00000,-0.00000,0.00000,0.000000,0.000000,0.000000,0.000000,0.000000
2580,96,home,mask_home,environment,network_actively,goal_achieved,1.1957,-0.00000,-0.00000,0.00000,0.00000,0.00000,0.000000,-0.000000,0.000000,0.000000,0.000000
2581,96,home,mask_home,environment,network_actively,goal_achieved,1.1957,-0.00000,-0.00000,0.00000,0.00000,0.00000,0.000000,0.000000,0.000000,0.000000,0.000000
2582,96,home,mask_home,environment,network_actively,failed,-1.2088,-0.00000,0.00000,-0.00000,-0.00000,0.00000,0.000000,0.000000,-0.000000,-0.000000,0.000000
2583,96,home,mask_home,environment,quick_scan,goal_achieved,3.0533,-0.00000,-0.00000,-0.00000,-0.00000,0.00000,0.000000,-0.000000,0.000000,0.000000,0.000000
2584,96,conference,mask_conference,environment,network_actively,goal_achieved,1.3013,0.00000,-0.00000,0.00000,0.00000,0.00000,0.000000,0.000000,0.000000,0.000000,0.000000
2585,96,conference,mask_conference,environment,rest_deeply,failed,-3.0048,0.00000,-0.00000,0.00000,0.00000,0.00000,0.000000,0.000000,0.000000,0.000000,0.000000
2586,96,conference,mask_conference,environment,quick_scan,delayed,-1.7931,0.00000,-0.00000,0.00000,0.00000,-0.00000,0.000000,0.000000,0.000000,0.000000,-0.000000
2587,96,conference,mask_conference,environment,tidy_up,delayed,-2.1328,0.00000,-0.00000,0.00000,0.00000,0.00000,0.000000,0.000000,0.000000,0.000000,0.000000
2588,96,conference,mask_conference,environment,rest_deeply,delayed,-1.9052,0.00000,-0.00000,0.00000,0.00000,0.00000,0.000000,0.000000,0.000000,0.000000,0.000000
2589,96,conference,mask_conference,environment,quick_scan,delayed,-1.7930,0.00000,-0.00000,0.00000,0.00000,-0.00000,0.000000,0.000000,0.000000,0.000000,-0.000000
2590,96,conference,mask_conference,environment,network_actively,delayed,-0.4963,0.00000,0.00000,-0.00000,-0.00000,0.00000,0.000000,0.000000,-0.000000,-0.000000,0.000000
2591,96,conference,mask_conference,environment,take_notes,delayed,-1.8897,0.00000,-0.00000,0.00000,0.00000,0.00000,0.000000,-0.000000,0.000000,0.000000,0.000000
2592,96,conference,mask_conference,environment,quick_scan,goal_achieved,1.5764,0.00000,-0.00000,0.00000,0.00000,0.00000,0.000000,0.000000,0.000000,0.000000,0.000000
2593,97,work,mask_work,environment,network_actively,failed,-1.1313,-0.00000,0.00000,-0.00000,-0.00000,0.00000,-0.000000,0.000000,0.000000,0.000000,0.000000
2594,97,work,mask_work,environment,network_actively,failed,-1.1313,-0.00000,0.00000,-0.00000,-0.00000,0.00000,0.000000,0.000000,0.000000,0.000000,0.000000
2595,97,work,mask_work,environment,network_actively,failed,-1.1313,-0.00000,0.00000,-0.00000,-0.00000,0.00000,0.000000,0.000000,0.000000,0.000000,0.000000
2596,97,work,mask_work,environment,network_actively,failed,-1.1313,-0.00000,0.00000,-0.00000,-0.00000,0.00000,0.000000,0.000000,0.000000,0.000000,0.000000
2597,97,work,mask_work,environment,network_actively,failed,-1.1313,-0.00000,0.00000,-0.00000,-0.00000,0.00000,0.000000,0.000000,0.000000,0.000000,0.000000
2598,97,work,mask_work,environment,rest_deeply,failed,-1.5455,0.00000,0.00000,-0.00000,-0.00000,-0.00000,0.000000,0.000000,0.000000,0.000000,-0.000000
2599,97,work,mask_work,environment,take_notes,failed,-1.6916,-0.00000,0.00000,-0.00000,-0.00000,0.00000,-0.000000,0.000000,0.000000,0.000000,0.000000
2600,97,work,mask_work,environment,deep_work,goal_achieved,2.9461,0.00000,0.00000,-0.00000,-0.00000,-0.00000,0.000000,0.000000,0.000000,0.000000,-0.000000
2601,97,work,mask_work,environment,take_notes,failed,-1.6925,-0.00000,0.00000,-0.00000,-0.00000,0.00000,-0.000000,0.000000,0.000000,0.000000,0.000000
2602,97,home,mask_home,environment,tidy_up,goal_achieved,3.1200,-0.00000,0.00000,-0.00000,-0.00000,0.00000,0.000000,0.000000,0.000000,0.000000,0.000000
2603,97,home,mask_home,environment,take_notes,delayed,-0.5508,-0.00000,-0.00000,-0.00000,-0.00000,0.00000,0.000000,-0.000000,0.000000,0.000000,0.000000
2604,97,home,mask_home,environment,take_notes,delayed,-0.5508,-0.00000,-0.00000,-0.00000,-0.00000,0.00000,0.000000,0.000000,0.000000,0.000000,0.000000
2605,97,home,mask_home,environment,network_actively,failed,-1.2140,-0.00000,0.00000,-0.00000,-0.00000,0.00000,0.000000,0.000000,0.000000,0.000000,0.000000
2606,97,home,mask_home,environment,network_actively,failed,-1.2140,-0.00000,0.00000,-0.00000,-0.00000,0.00000,0.000000,0.000000,0.000000,0.000000,0.000000
2607,97,home,mask_home,environment,deep_work,failed,-1.7980,-0.00000,-0.00000,-0.00000,-0.00000,0.00000,0.000000,-0.000000,0.000000,0.000000,0.000000
2608,97,home,mask_home,environment,network_actively,delayed,-0.6112,-0.00000,-0.00000,-0.00000,-0.00000,0.00000,0.000000,0.000000,0.000000,0.000000,0.000000
2609,97,home,mask_home,environment,network_actively,delayed,-0.6112,-0.00000,-0.00000,-0.00000,-0.00000,0.00000,0.000000,0.000000,0.000000,0.000000,0.000000
2610,97,home,mask_home,environment,network_actively,failed,-1.2123,-0.00000,0.00000,-0.00000,-0.00000,0.00000,0.000000,0.000000,0.000000,0.000000,0.000000
2611,97,conference,mask_conference,environment,tidy_up,failed,-3.2854,0.00000,-0.00000,0.00000,0.00000,0.00000,0.000000,0.000000,0.000000,0.000000,0.000000
2612,97,conference,mask_conference,environment,tidy_up,delayed,-2.1253,0.00000,-0.00000,0.00000,0.00000,0.00000,0.000000,0.000000,0.000000,0.000000,0.000000
2613,97,conference,mask_conference,environment,network_actively,goal_achieved,1.3093,0.00000,-0.00000,0.00000,0.00000,0.00000,0.000000,0.000000,0.000000,0.000000,0.000000
2614,97,conference,mask_conference,environment,network_actively,goal_achieved,1.3093,0.00000,-0.00000,0.00000,0.00000,0.00000,0.000000,0.000000,0.000000,0.000000,0.000000
2615,97,conference,mask_conference,environment,quick_scan,failed,-2.9078,0.00000,-0.00000,0.00000,0.00000,-0.00000,0.000000,0.000000,0.000000,0.000000,-0.000000
2616,97,conference,mask_conference,environment,deep_work,failed,-3.3625,0.00000,-0.00000,0.00000,0.00000,0.00000,0.000000,0.000000,0.000000,0.000000,0.000000
2617,97,conference,mask_conference,environment,network_actively,goal_achieved,1.3140,0.00000,-0.00000,0.00000,0.00000,0.00000,0.000000,0.000000,0.000000,0.000000,0.000000
2618,97,conference,mask_conference,environment,network_actively,goal_achieved,1.3140,0.00000,-0.00000,0.00000,0.00000,0.00000,0.000000,0.000000,0.000000,0.000000,0.000000
2619,97,conference,mask_conference,environment,tidy_up,delayed,-2.1237,0.00000,-0.00000,0.00000,0.00000,0.00000,0.000000,0.000000,0.000000,0.000000,0.000000
2620,98,work,mask_work,environment,network_actively,failed,-1.1263,-0.00000,0.00000,-0.00000,-0.00000,0.00000,0.000000,0.000000,0.000000,0.000000,0.000000
2621,98,work,mask_work,environment,network_actively,goal_achieved,1.2782,0.00000,-0.00000,0.00000,0.00000,-0.00000,0.000000,-0.000000,0.000000,0.000000,-0.000000
2622,98,work,mask_work,environment,network_actively,failed,-1.1263,-0.00000,0.00000,-0.00000,-0.00000,0.00000,-0.000000,0.000000,-0.000000,-0.000000,0.000000
2623,98,work,mask_work,environment,network_actively,failed,-1.1263,-0.00000,0.00000,-0.00000,-0.00000,0.00000,0.000000,0.000000,0.000000,0.000000,0.000000
2624,98,work,mask_work,environment,quick_scan,goal_achieved,3.1016,-0.00000,0.00000,-0.00000,-0.00000,0.00000,0.000000,0.000000,0.000000,0.000000,0.000000
2625,98,work,mask_work,environment,take_notes,delayed,-0.5683,0.00000,0.00000,-0.00000,-0.00000,0.00000,0.000000,0.000000,0.000000,0.000000,0.000000
2626,98,work,mask_work,environment,take_notes,failed,-1.6947,-0.00000,0.00000,-0.00000,-0.00000,0.00000,-0.000000,0.000000,0.000000,0.000000,0.000000
2627,98,work,mask_work,environment,network_actively,goal_achieved,1.2784,0.00000,-0.00000,0.00000,0.00000,-0.00000,0.000000,-0.000000,0.000000,0.000000,-0.000000
2628,98,work,mask_work,environment,take_notes,failed,-1.6987,-0.00000,0.00000,-0.00000,-0.00000,0.00000,-0.000000,0.000000,-0.000000,-0.000000,0.000000
2629,98,home,mask_home,environment,deep_work,failed,-1.7973,-0.00000,-0.00000,-0.00000,-0.00000,0.00000,0.000000,-0.000000,0.000000,0.000000,0.000000
2630,98,home,mask_home,environment,deep_work,failed,-1.7973,-0.00000,-0.00000,-0.00000,-0.00000,0.00000,0.000000,0.000000,0.000000,0.000000,0.000000
2631,98,home,mask_home,environment,network_actively,failed,-1.2090,-0.00000,0.00000,-0.00000,-0.00000,0.00000,0.000000,0.000000,0.000000,0.000000,0.000000
2632,98,home,mask_home,environment,deep_work,failed,-1.7962,-0.00000,-0.00000,-0.00000,-0.00000,0.00000,0.000000,-0.000000,0.000000,0.000000,0.000000
2633,98,home,mask_home,environment,quick_scan,goal_achieved,3.0620,-0.00000,-0.00000,-0.00000,-0.00000,0.00000,0.000000,0.000000,0.000000,0.000000,0.000000
2634,98,home,mask_home,environment,network_actively,delayed,-0.6092,-0.00000,-0.00000,-0.00000,-0.00000,0.00000,0.000000,0.000000,0.000000,0.000000,0.000000
2635,98,home,mask_home,environment,network_actively,failed,-1.2104,-0.00000,0.00000,-0.00000,-0.00000,0.00000,0.000000,0.000000,0.000000,0.000000,0.000000
2636,98,home,mask_home,environment,network_actively,delayed,-0.6092,-0.00000,-0.00000,-0.00000,-0.00000,0.00000,0.000000,-0.000000,0.000000,0.000000,0.000000
2637,98,home,mask_home,environment,network_actively,failed,-1.2104,-0.00000,0.00000,-0.00000,-0.00000,0.00000,0.000000,0.000000,0.000000,0.000000,0.000000
2638,98,conference,mask_conference,environment,network_actively,goal_achieved,1.3135,0.00000,-0.00000,0.00000,0.00000,0.00000,0.000000,0.000000,0.000000,0.000000,0.000000
2639,98,conference,mask_conference,environment,network_actively,goal_achieved,1.3135,0.00000,-0.00000,0.00000,0.00000,0.00000,0.000000,0.000000,0.000000,0.000000,0.000000
2640,98,conference,mask_conference,environment,quick_scan,goal_achieved,1.5736,0.00000,-0.00000,0.00000,0.00000,0.00000,0.000000,0.000000,0.000000,0.000000,0.000000
2641,98,conference,mask_conference,environment,network_actively,goal_achieved,1.3116,0.00000,-0.00000,0.00000,0.00000,0.00000,0.000000,0.000000,0.000000,0.000000,0.000000
2642,98,conference,mask_conference,environment,deep_work,goal_achieved,1.2044,0.00000,-0.00000,0.00000,0.00000,-0.00000,0.000000,0.000000,0.000000,0.000000,-0.000000
2643,98,conference,mask_conference,environment,network_actively,goal_achieved,1.3079,0.00000,-0.00000,0.00000,0.00000,0.00000,0.000000,0.000000,0.000000,0.000000,0.000000
2644,98,conference,mask_conference,environment,rest_deeply,delayed,-1.9052,0.00000,-0.00000,0.00000,0.00000,0.00000,0.000000,0.000000,0.000000,0.000000,0.000000
2645,98,conference,mask_conference,environment,take_notes,goal_achieved,1.4812,0.00000,-0.00000,0.00000,0.00000,0.00000,0.000000,0.000000,0.000000,0.000000,0.000000
2646,98,conference,mask_conference,environment,rest_deeply,failed,-3.0054,0.00000,-0.00000,0.00000,0.00000,0.00000,0.000000,0.000000,0.000000,0.000000,0.000000
2647,99,work,mask_work,environment,quick_scan,failed,-1.3806,0.00000,0.00000,-0.00000,-0.00000,-0.00000,0.000000,0.000000,0.000000,0.000000,-0.000000
2648,99,work,mask_work,environment,take_notes,failed,-1.6947,-0.00000,0.00000,-0.00000,-0.00000,0.00000,-0.000000,0.000000,0.000000,0.000000,0.000000
2649,99,work,mask_work,environment,network_actively,failed,-1.1179,-0.00000,0.00000,-0.00000,-0.00000,0.00000,0.000000,0.000000,0.000000,0.000000,0.000000
2650,99,work,mask_work,environment,quick_scan,delayed,-0.2563,0.00000,0.00000,-0.00000,-0.00000,-0.00000,0.000000,0.000000,0.000000,0.000000,-0.000000
2651,99,work,mask_work,environment,rest_deeply,failed,-1.5333,0.00000,0.00000,-0.00000,-0.00000,-0.00000,0.000000,0.000000,0.000000,0.000000,0.000000
2652,99,work,mask_work,environment,take_notes,delayed,-0.5634,0.00000,0.00000,-0.00000,-0.00000,-0.00000,0.000000,0.000000,0.000000,0.000000,0.000000
2653,99,work,mask_work,environment,deep_work,goal_achieved,2.9586,0.00000,0.00000,-0.00000,-0.00000,-0.00000,0.000000,0.000000,0.000000,0.000000,0.000000
2654,99,work,mask_work,environment,tidy_up,failed,-1.6712,0.00000,0.00000,-0.00000,-0.00000,0.00000,0.000000,0.000000,0.000000,0.000000,0.000000
2655,99,work,mask_work,environment,rest_deeply,failed,-1.5309,0.00000,0.00000,-0.00000,-0.00000,-0.00000,0.000000,0.000000,0.000000,0.000000,-0.000000
2656,99,home,mask_home,environment,take_notes,delayed,-0.5412,-0.00000,-0.00000,-0.00000,-0.00000,0.00000,0.000000,-0.000000,0.000000,0.000000,0.000000
2657,99,home,mask_home,environment,network_actively,failed,-1.2104,-0.00000,0.00000,-0.00000,-0.00000,0.00000,0.000000,0.000000,0.000000,0.000000,0.000000
2658,99,home,mask_home,environment,take_notes,failed,-1.6665,-0.00000,-0.00000,-0.00000,-0.00000,0.00000,0.000000,-0.000000,0.000000,0.000000,0.000000
2659,99,home,mask_home,environment,deep_work,failed,-1.7950,-0.00000,-0.00000,-0.00000,-0.00000,0.00000,0.000000,0.000000,0.000000,0.000000,0.000000
2660,99,home,mask_home,environment,take_notes,goal_achieved,2.8407,-0.00000,0.00000,-0.00000,-0.00000,0.00000,0.000000,0.000000,0.000000,0.000000,0.000000
2661,99,home,mask_home,environment,rest_deeply,goal_achieved,3.3206,-0.00000,-0.00000,-0.00000,-0.00000,0.00000,0.000000,-0.000000,0.000000,0.000000,0.000000
2662,99,home,mask_home,environment,deep_work,goal_achieved,2.7732,-0.00000,0.00000,-0.00000,-0.00000,-0.00000,0.000000,0.000000,0.000000,0.000000,-0.000000
2663,99,home,mask_home,environment,network_actively,failed,-1.2169,-0.00000,0.00000,-0.00000,-0.00000,0.00000,0.000000,0.000000,0.000000,0.000000,0.000000
2664,99,home,mask_home,environment,tidy_up,goal_achieved,3.1252,-0.00000,0.00000,-0.00000,-0.00000,0.00000,0.000000,0.000000,0.000000,0.000000,0.000000
2665,99,conference,mask_conference,environment,deep_work,delayed,-2.2254,0.00000,-0.00000,0.00000,0.00000,0.00000,0.000000,0.000000,0.000000,0.000000,0.000000
2666,99,conference,mask_conference,environment,network_actively,goal_achieved,1.3091,0.00000,-0.00000,0.00000,0.00000,0.00000,0.000000,0.000000,0.000000,0.000000,0.000000
2667,99,conference,mask_conference,environment,deep_work,delayed,-2.2262,0.00000,-0.00000,0.00000,0.00000,0.00000,0.000000,0.000000,0.000000,0.000000,0.000000
2668,99,conference,mask_conference,environment,network_actively,goal_achieved,1.3095,0.00000,-0.00000,0.00000,0.00000,0.00000,0.000000,0.000000,0.000000,0.000000,0.000000
2669,99,conference,mask_conference,environment,network_actively,goal_achieved,1.3095,0.00000,-0.00000,0.00000,0.00000,0.00000,0.000000,0.000000,0.000000,0.000000,0.000000
2670,99,conference,mask_conference,environment,network_actively,goal_achieved,1.3095,0.00000,-0.00000,0.00000,0.00000,0.00000,0.000000,0.000000,0.000000,0.000000,0.000000
2671,99,conference,mask_conference,environment,network_actively,goal_achieved,1.3095,0.00000,-0.00000,0.00000,0.00000,0.00000,0.000000,0.000000,0.000000,0.000000,0.000000
2672,99,conference,mask_conference,environment,network_actively,goal_achieved,1.3095,0.00000,-0.00000,0.00000,0.00000,0.00000,0.000000,0.000000,0.000000,0.000000,0.000000
2673,99,conference,mask_conference,environment,network_actively,goal_achieved,1.3095,0.00000,-0.00000,0.00000,0.00000,0.00000,0.000000,0.000000,0.000000,0.000000,0.000000
2674,100,work,mask_work,environment,quick_scan,goal_achieved,3.1110,-0.00000,0.00000,-0.00000,-0.00000,0.00000,-0.000000,0.000000,0.000000,0.000000,0.000000
2675,100,work,mask_work,environment,take_notes,failed,-1.6891,-0.00000,0.00000,-0.00000,-0.00000,0.00000,0.000000,0.000000,0.000000,0.000000,0.000000
2676,100,work,mask_work,environment,tidy_up,failed,-1.6704,0.00000,0.00000,-0.00000,-0.00000,0.00000,0.000000,0.000000,0.000000,0.000000,0.000000
2677,100,work,mask_work,environment,network_actively,failed,-1.1085,-0.00000,0.00000,-0.00000,-0.00000,0.00000,-0.000000,0.000000,0.000000,0.000000,0.000000
2678,100,work,mask_work,environment,network_actively,delayed,-0.5073,0.00000,0.00000,-0.00000,-0.00000,-0.00000,0.000000,0.000000,0.000000,0.000000,-0.000000
2679,100,work,mask_work,environment,network_actively,failed,-1.1085,-0.00000,0.00000,-0.00000,-0.00000,0.00000,-0.000000,0.000000,0.000000,0.000000,0.000000
2680,100,work,mask_work,environment,network_actively,failed,-1.1085,-0.00000,0.00000,-0.00000,-0.00000,0.00000,0.000000,0.000000,0.000000,0.000000,0.000000
2681,100,work,mask_work,environment,network_actively,failed,-1.1085,-0.00000,0.00000,-0.00000,-0.00000,0.00000,0.000000,0.000000,0.000000,0.000000,0.000000
2682,100,work,mask_work,environment,network_actively,goal_achieved,1.2960,0.00000,-0.00000,0.00000,0.00000,-0.00000,0.000000,-0.000000,0.000000,0.000000,-0.000000
2683,100,home,mask_home,environment,quick_scan,goal_achieved,3.0575,-0.00000,-0.00000,-0.00000,-0.00000,0.00000,0.000000,-0.000000,0.000000,0.000000,0.000000
2684,100,home,mask_home,environment,quick_scan,failed,-1.4256,-0.00000,0.00000,-0.00000,-0.00000,-0.00000,0.000000,0.000000,0.000000,0.000000,-0.000000
2685,100,home,mask_home,environment,network_actively,failed,-1.2199,-0.00000,0.00000,-0.00000,-0.00000,0.00000,0.000000,0.000000,0.000000,0.000000,0.000000
2686,100,home,mask_home,environment,network_actively,failed,-1.2199,-0.00000,0.00000,-0.00000,-0.00000,0.00000,0.000000,0.000000,0.000000,0.000000,0.000000
2687,100,home,mask_home,environment,network_actively,failed,-1.2199,-0.00000,0.00000,-0.00000,-0.00000,0.00000,0.000000,0.000000,0.000000,0.000000,0.000000
2688,100,home,mask_home,environment,rest_deeply,goal_achieved,3.3177,-0.00000,-0.00000,-0.00000,-0.00000,0.00000,0.000000,-0.000000,0.000000,0.000000,0.000000
2689,100,home,mask_home,environment,take_notes,failed,-1.6693,-0.00000,-0.00000,-0.00000,-0.00000,0.00000,0.000000,0.000000,0.000000,0.000000,0.000000
2690,100,home,mask_home,environment,network_actively,failed,-1.2193,-0.00000,0.00000,-0.00000,-0.00000,0.00000,0.000000,0.000000,0.000000,0.000000,0.000000
2691,100,home,mask_home,environment,quick_scan,failed,-1.4205,-0.00000,0.00000,-0.00000,-0.00000,-0.00000,0.000000,0.000000,0.000000,0.000000,-0.000000
2692,100,conference,mask_conference,environment,quick_scan,goal_achieved,1.5648,0.00000,-0.00000,0.00000,0.00000,0.00000,0.000000,0.000000,0.000000,0.000000,0.000000
2693,100,conference,mask_conference,environment,network_actively,goal_achieved,1.3077,0.00000,-0.00000,0.00000,0.00000,0.00000,0.000000,0.000000,0.000000,0.000000,0.000000
2694,100,conference,mask_conference,environment,network_actively,goal_achieved,1.3077,0.00000,-0.00000,0.00000,0.00000,0.00000,0.000000,0.000000,0.000000,0.000000,0.000000
2695,100,conference,mask_conference,environment,quick_scan,delayed,-1.7990,0.00000,-0.00000,0.00000,0.00000,-0.00000,0.000000,0.000000,0.000000,0.000000,-0.000000
2696,100,conference,mask_conference,environment,rest_deeply,delayed,-1.9130,0.00000,-0.00000,0.00000,0.00000,0.00000,0.000000,0.000000,0.000000,0.000000,0.000000
2697,100,conference,mask_conference,environment,network_actively,goal_achieved,1.3099,0.00000,-0.00000,0.00000,0.00000,0.00000,0.000000,0.000000,0.000000,0.000000,0.000000
2698,100,conference,mask_conference,environment,network_actively,goal_achieved,1.3099,0.00000,-0.00000,0.00000,0.00000,0.00000,0.000000,0.000000,0.000000,0.000000,0.000000
2699,100,conference,mask_conference,environment,tidy_up,delayed,-2.1385,0.00000,-0.00000,0.00000,0.00000,0.00000,0.000000,0.000000,0.000000,0.000000,0.000000
2700,100,conference,mask_conference,environment,tidy_up,failed,-3.2987,0.00000,-0.00000,0.00000,0.00000,0.00000,0.000000,0.000000,0.000000,0.000000,0.000000
2701,101,work,mask_work,environment,tidy_up,goal_achieved,2.9718,-0.00000,0.00000,-0.00000,-0.00000,-0.00000,-0.000000,0.000000,-0.000000,-0.000000,0.000000
2702,101,work,mask_work,environment,quick_scan,delayed,-0.2491,0.00000,0.00000,-0.00000,-0.00000,-0.00000,0.000000,0.000000,0.000000,0.000000,0.000000
2703,101,work,mask_work,environment,network_actively,delayed,-0.5094,0.00000,0.00000,-0.00000,-0.00000,-0.00000,0.000000,0.000000,0.000000,0.000000,0.000000
2704,101,work,mask_work,environment,network_actively,goal_achieved,1.2940,0.00000,-0.00000,0.00000,0.00000,-0.00000,0.000000,-0.000000,0.000000,0.000000,0.000000
2705,101,work,mask_work,environment,take_notes,delayed,-0.5640,0.00000,0.00000,-0.00000,-0.00000,-0.00000,0.000000,0.000000,-0.000000,-0.000000,0.000000
2706,101,work,mask_work,environment,tidy_up,goal_achieved,2.9706,-0.00000,0.00000,-0.00000,-0.00000,-0.00000,-0.000000,0.000000,0.000000,0.000000,0.000000
2707,101,work,mask_work,environment,network_actively,delayed,-0.5131,0.00000,0.00000,-0.00000,-0.00000,-0.00000,0.000000,0.000000,0.000000,0.000000,0.000000
2708,101,work,mask_work,environment,quick_scan,failed,-1.3773,0.00000,0.00000,-0.00000,-0.00000,-0.00000,0.000000,0.000000,0.000000,0.000000,0.000000
2709,101,work,mask_work,environment,take_notes,delayed,-0.5643,0.00000,0.00000,-0.00000,-0.00000,-0.00000,0.000000,0.000000,0.000000,0.000000,0.000000
2710,101,home,mask_home,environment,quick_scan,failed,-1.4205,-0.00000,0.00000,-0.00000,-0.00000,-0.00000,0.000000,0.000000,0.000000,0.000000,0.000000
2711,101,home,mask_home,environment,quick_scan,delayed,-0.2997,-0.00000,-0.00000,-0.00000,-0.00000,0.00000,0.000000,-0.000000,0.000000,0.000000,0.000000
2712,101,home,mask_home,environment,take_notes,delayed,-0.5374,-0.00000,-0.00000,-0.00000,-0.00000,0.00000,0.000000,0.000000,0.000000,0.000000,0.000000
2713,101,home,mask_home,environment,deep_work,failed,-1.7922,-0.00000,-0.00000,-0.00000,-0.00000,0.00000,0.000000,0.000000,0.000000,0.000000,0.000000
2714,101,home,mask_home,environment,network_actively,delayed,-0.6123,-0.00000,-0.00000,-0.00000,-0.00000,0.00000,0.000000,0.000000,0.000000,0.000000,0.000000
2715,101,home,mask_home,environment,tidy_up,goal_achieved,3.1350,-0.00000,0.00000,-0.00000,-0.00000,0.00000,0.000000,0.000000,0.000000,0.000000,0.000000
2716,101,home,mask_home,environment,network_actively,delayed,-0.6142,-0.00000,-0.00000,-0.00000,-0.00000,0.00000,0.000000,-0.000000,0.000000,0.000000,0.000000
2717,101,home,mask_home,environment,network_actively,failed,-1.2153,-0.00000,0.00000,-0.00000,-0.00000,0.00000,0.000000,0.000000,0.000000,0.000000,0.000000
2718,101,home,mask_home,environment,network_actively,failed,-1.2153,-0.00000,0.00000,-0.00000,-0.00000,0.00000,0.000000,0.000000,0.000000,0.000000,0.000000
2719,101,conference,mask_conference,environment,rest_deeply,failed,-3.0123,0.00000,-0.00000,0.00000,0.00000,0.00000,0.000000,0.000000,0.000000,0.000000,0.000000
2720,101,conference,mask_conference,environment,network_actively,goal_achieved,1.3124,0.00000,-0.00000,0.00000,0.00000,0.00000,0.000000,0.000000,0.000000,0.000000,0.000000
2721,101,conference,mask_conference,environment,network_actively,goal_achieved,1.3124,0.00000,-0.00000,0.00000,0.00000,0.00000,0.000000,0.000000,0.000000,0.000000,0.000000
2722,101,conference,mask_conference,environment,network_actively,goal_achieved,1.3124,0.00000,-0.00000,0.00000,0.00000,0.00000,0.000000,0.000000,0.000000,0.000000,0.000000
2723,101,conference,mask_conference,environment,network_actively,goal_achieved,1.3124,0.00000,-0.00000,0.00000,0.00000,0.00000,0.000000,0.000000,0.000000,0.000000,0.000000
2724,101,conference,mask_conference,environment,network_actively,goal_achieved,1.3124,0.00000,-0.00000,0.00000,0.00000,0.00000,0.000000,0.000000,0.000000,0.000000,0.000000
2725,101,conference,mask_conference,environment,tidy_up,failed,-3.3003,0.00000,-0.00000,0.00000,0.00000,0.00000,0.000000,0.000000,0.000000,0.000000,0.000000
2726,101,conference,mask_conference,environment,network_actively,goal_achieved,1.3133,0.00000,-0.00000,0.00000,0.00000,0.00000,0.000000,0.000000,0.000000,0.000000,0.000000
2727,101,conference,mask_conference,environment,quick_scan,goal_achieved,1.5616,0.00000,-0.00000,0.00000,0.00000,0.00000,0.000000,0.000000,0.000000,0.000000,0.000000
2728,102,work,mask_work,environment,network_actively,failed,-1.1101,-0.00000,0.00000,-0.00000,-0.00000,0.00000,-0.000000,0.000000,0.000000,0.000000,0.000000
2729,102,work,mask_work,environment,deep_work,goal_achieved,2.9627,0.00000,0.00000,-0.00000,-0.00000,-0.00000,0.000000,0.000000,0.000000,0.000000,-0.000000
2730,102,work,mask_work,environment,quick_scan,goal_achieved,3.1068,-0.00000,0.00000,-0.00000,-0.00000,0.00000,-0.000000,0.000000,0.000000,0.000000,0.000000
2731,102,work,mask_work,environment,take_notes,goal_achieved,2.8130,0.00000,0.00000,-0.00000,-0.00000,-0.00000,0.000000,0.000000,0.000000,0.000000,-0.000000
2732,102,work,mask_work,environment,quick_scan,failed,-1.3805,0.00000,0.00000,-0.00000,-0.00000,-0.00000,0.000000,0.000000,0.000000,0.000000,0.000000
2733,102,work,mask_work,environment,network_actively,delayed,-0.5128,0.00000,0.00000,-0.00000,-0.00000,-0.00000,0.000000,0.000000,0.000000,0.000000,0.000000
2734,102,work,mask_work,environment,take_notes,delayed,-0.5626,0.00000,0.00000,-0.00000,-0.00000,-0.00000,0.000000,0.000000,0.000000,0.000000,0.000000
2735,102,work,mask_work,environment,network_actively,failed,-1.1135,-0.00000,0.00000,-0.00000,-0.00000,0.00000,-0.000000,0.000000,0.000000,0.000000,0.000000
2736,102,work,mask_work,environment,network_actively,goal_achieved,1.2910,0.00000,-0.00000,0.00000,0.00000,-0.00000,0.000000,-0.000000,0.000000,0.000000,-0.000000
2737,102,home,mask_home,environment,network_actively,failed,-1.2153,-0.00000,0.00000,-0.00000,-0.00000,0.00000,0.000000,0.000000,0.000000,0.000000,0.000000
2738,102,home,mask_home,environment,network_actively,failed,-1.2153,-0.00000,0.00000,-0.00000,-0.00000,0.00000,0.000000,0.000000,0.000000,0.000000,0.000000
2739,102,home,mask_home,environment,rest_deeply,goal_achieved,3.3280,-0.00000,-0.00000,-0.00000,-0.00000,0.00000,0.000000,-0.000000,0.000000,0.000000,0.000000
2740,102,home,mask_home,environment,rest_deeply,delayed,0.0331,-0.00000,0.00000,-0.00000,-0.00000,0.00000,0.000000,0.000000,0.000000,0.000000,0.000000
2741,102,home,mask_home,environment,rest_deeply,goal_achieved,3.3280,-0.00000,-0.00000,-0.00000,-0.00000,0.00000,0.000000,-0.000000,0.000000,0.000000,0.000000
2742,102,home,mask_home,environment,network_actively,failed,-1.2130,-0.00000,0.00000,-0.00000,-0.00000,0.00000,0.000000,0.000000,0.000000,0.000000,0.000000
2743,102,home,mask_home,environment,network_actively,delayed,-0.6119,-0.00000,-0.00000,-0.00000,-0.00000,0.00000,0.000000,-0.000000,0.000000,0.000000,0.000000
2744,102,home,mask_home,environment,network_actively,goal_achieved,1.1915,-0.00000,-0.00000,0.00000,0.00000,0.00000,0.000000,0.000000,0.000000,0.000000,0.000000
2745,102,home,mask_home,environment,quick_scan,delayed,-0.2975,-0.00000,-0.00000,-0.00000,-0.00000,0.00000,0.000000,0.000000,-0.000000,-0.000000,0.000000
2746,102,conference,mask_conference,environment,tidy_up,delayed,-2.1426,0.00000,-0.00000,0.00000,0.00000,0.00000,0.000000,0.000000,0.000000,0.000000,0.000000
2747,102,conference,mask_conference,environment,network_actively,goal_achieved,1.3111,0.00000,-0.00000,0.00000,0.00000,0.00000,0.000000,0.000000,0.000000,0.000000,0.000000
2748,102,conference,mask_conference,environment,network_actively,goal_achieved,1.3111,0.00000,-0.00000,0.00000,0.00000,0.00000,0.000000,0.000000,0.000000,0.000000,0.000000
2749,102,conference,mask_conference,environment,network_actively,goal_achieved,1.3111,0.00000,-0.00000,0.00000,0.00000,0.00000,0.000000,0.000000,0.000000,0.000000,0.000000
2750,102,conference,mask_conference,environment,rest_deeply,failed,-3.0199,0.00000,-0.00000,0.00000,0.00000,0.00000,0.000000,0.000000,0.000000,0.000000,0.000000
2751,102,conference,mask_conference,environment,network_actively,goal_achieved,1.3130,0.00000,-0.00000,0.00000,0.00000,0.00000,0.000000,0.000000,0.000000,0.000000,0.000000
2752,102,conference,mask_conference,environment,network_actively,goal_achieved,1.3130,0.00000,-0.00000,0.00000,0.00000,0.00000,0.000000,0.000000,0.000000,0.000000,0.000000
2753,102,conference,mask_conference,environment,network_actively,goal_achieved,1.3130,0.00000,-0.00000,0.00000,0.00000,0.00000,0.000000,0.000000,0.000000,0.000000,0.000000
2754,102,conference,mask_conference,environment,tidy_up,failed,-3.3050,0.00000,-0.00000,0.00000,0.00000,0.00000,0.000000,0.000000,0.000000,0.000000,0.000000
2755,103,work,mask_work,environment,network_actively,failed,-1.1135,-0.00000,0.00000,-0.00000,-0.00000,0.00000,-0.000000,0.000000,-0.000000,-0.000000,0.000000
2756,103,work,mask_work,environment,network_actively,failed,-1.1135,-0.00000,0.00000,-0.00000,-0.00000,0.00000,0.000000,0.000000,0.000000,0.000000,0.000000
2757,103,work,mask_work,environment,rest_deeply,delayed,-0.4355,0.00000,0.00000,-0.00000,-0.00000,-0.00000,0.000000,0.000000,0.000000,0.000000,-0.000000
2758,103,work,mask_work,environment,network_actively,failed,-1.1136,-0.00000,0.00000,-0.00000,-0.00000,0.00000,-0.000000,0.000000,0.000000,0.000000,0.000000
2759,103,work,mask_work,environment,network_actively,delayed,-0.5125,0.00000,0.00000,-0.00000,-0.00000,-0.00000,0.000000,0.000000,0.000000,0.000000,-0.000000
2760,103,work,mask_work,environment,rest_deeply,delayed,-0.4340,0.00000,0.00000,-0.00000,-0.00000,-0.00000,0.000000,0.000000,0.000000,0.000000,0.000000
2761,103,work,mask_work,environment,network_actively,failed,-1.1138,-0.00000,0.00000,-0.00000,-0.00000,0.00000,-0.000000,0.000000,0.000000,0.000000,0.000000
2762,103,work,mask_work,environment,network_actively,failed,-1.1138,-0.00000,0.00000,-0.00000,-0.00000,0.00000,0.000000,0.000000,0.000000,0.000000,0.000000
2763,103,work,mask_work,environment,network_actively,failed,-1.1138,-0.00000,0.00000,-0.00000,-0.00000,0.00000,0.000000,0.000000,0.000000,0.000000,0.000000
2764,103,home,mask_home,environment,network_actively,failed,-1.2123,-0.00000,0.00000,-0.00000,-0.00000,0.00000,0.000000,0.000000,0.000000,0.000000,0.000000
2765,103,home,mask_home,environment,quick_scan,delayed,-0.2964,-0.00000,-0.00000,-0.00000,-0.00000,0.00000,0.000000,-0.000000,0.000000,0.000000,0.000000
2766,103,home,mask_home,environment,rest_deeply,goal_achieved,3.3268,-0.00000,-0.00000,-0.00000,-0.00000,0.00000,0.000000,0.000000,0.000000,0.000000,0.000000
2767,103,home,mask_home,environment,take_notes,delayed,-0.5335,-0.00000,-0.00000,-0.00000,-0.00000,0.00000,0.000000,0.000000,0.000000,0.000000,0.000000
2768,103,home,mask_home,environment,take_notes,delayed,-0.5335,-0.00000,-0.00000,-0.00000,-0.00000,0.00000,0.000000,0.000000,0.000000,0.000000,0.000000
2769,103,home,mask_home,environment,network_actively,failed,-1.2125,-0.00000,0.00000,-0.00000,-0.00000,0.00000,0.000000,0.000000,0.000000,0.000000,0.000000
2770,103,home,mask_home,environment,network_actively,failed,-1.2125,-0.00000,0.00000,-0.00000,-0.00000,0.00000,0.000000,0.000000,0.000000,0.000000,0.000000
2771,103,home,mask_home,environment,network_actively,failed,-1.2125,-0.00000,0.00000,-0.00000,-0.00000,0.00000,0.000000,0.000000,0.000000,0.000000,0.000000
2772,103,home,mask_home,environment,take_notes,failed,-1.6566,-0.00000,-0.00000,-0.00000,-0.00000,0.00000,0.000000,-0.000000,0.000000,0.000000,0.000000
2773,103,conference,mask_conference,environment,network_actively,goal_achieved,1.3140,0.00000,-0.00000,0.00000,0.00000,0.00000,0.000000,0.000000,0.000000,0.000000,0.000000
2774,103,conference,mask_conference,environment,network_actively,delayed,-0.4894,0.00000,0.00000,-0.00000,-0.00000,0.00000,0.000000,0.000000,-0.000000,-0.000000,0.000000
2775,103,conference,mask_conference,environment,network_actively,delayed,-0.4894,0.00000,0.00000,-0.00000,-0.00000,0.00000,0.000000,0.000000,0.000000,0.000000,0.000000
2776,103,conference,mask_conference,environment,network_actively,goal_achieved,1.3140,0.00000,-0.00000,0.00000,0.00000,0.00000,0.000000,-0.000000,0.000000,0.000000,0.000000
2777,103,conference,mask_conference,environment,rest_deeply,goal_achieved,1.3774,-0.00000,-0.00000,0.00000,0.00000,0.00000,-0.000000,0.000000,0.000000,0.000000,0.000000
2778,103,conference,mask_conference,environment,network_actively,goal_achieved,1.3101,0.00000,-0.00000,0.00000,0.00000,0.00000,0.000000,0.000000,0.000000,0.000000,0.000000
2779,103,conference,mask_conference,environment,rest_deeply,delayed,-1.9182,0.00000,-0.00000,0.00000,0.00000,0.00000,0.000000,0.000000,0.000000,0.000000,0.000000
2780,103,conference,mask_conference,environment,network_actively,goal_achieved,1.3106,0.00000,-0.00000,0.00000,0.00000,0.00000,0.000000,0.000000,0.000000,0.000000,0.000000
2781,103,conference,mask_conference,environment,tidy_up,goal_achieved,1.3359,0.00000,-0.00000,0.00000,0.00000,-0.00000,0.000000,0.000000,0.000000,0.000000,-0.000000
2782,104,work,mask_work,environment,network_actively,goal_achieved,1.2907,0.00000,-0.00000,0.00000,0.00000,-0.00000,0.000000,-0.000000,0.000000,0.000000,-0.000000
2783,104,work,mask_work,environment,network_actively,failed,-1.1138,-0.00000,0.00000,-0.00000,-0.00000,0.00000,-0.000000,0.000000,-0.000000,-0.000000,0.000000
2784,104,work,mask_work,environment,network_actively,failed,-1.1138,-0.00000,0.00000,-0.00000,-0.00000,0.00000,0.000000,0.000000,0.000000,0.000000,0.000000
2785,104,work,mask_work,environment,rest_deeply,failed,-1.5294,0.00000,0.00000,-0.00000,-0.00000,-0.00000,0.000000,0.000000,0.000000,0.000000,-0.000000
2786,104,work,mask_work,environment,rest_deeply,goal_achieved,2.8639,-0.00000,-0.00000,-0.00000,-0.00000,0.00000,-0.000000,-0.000000,0.000000,0.000000,0.000000
2787,104,work,mask_work,environment,deep_work,goal_achieved,2.9619,0.00000,0.00000,-0.00000,-0.00000,-0.00000,0.000000,0.000000,0.000000,0.000000,-0.000000
2788,104,work,mask_work,environment,tidy_up,delayed,-0.5067,0.00000,0.00000,-0.00000,-0.00000,0.00000,0.000000,0.000000,0.000000,0.000000,0.000000
2789,104,work,mask_work,environment,network_actively,failed,-1.1165,-0.00000,0.00000,-0.00000,-0.00000,0.00000,-0.000000,0.000000,0.000000,0.000000,0.000000
2790,104,work,mask_work,environment,take_notes,failed,-1.6859,-0.00000,0.00000,-0.00000,-0.00000,0.00000,0.000000,0.000000,0.000000,0.000000,0.000000
2791,104,home,mask_home,environment,network_actively,failed,-1.2113,-0.00000,0.00000,-0.00000,-0.00000,0.00000,0.000000,0.000000,0.000000,0.000000,0.000000
2792,104,home,mask_home,environment,network_actively,failed,-1.2113,-0.00000,0.00000,-0.00000,-0.00000,0.00000,0.000000,0.000000,0.000000,0.000000,0.000000
2793,104,home,mask_home,environment,network_actively,failed,-1.2113,-0.00000,0.00000,-0.00000,-0.00000,0.00000,0.000000,0.000000,0.000000,0.000000,0.000000
2794,104,home,mask_home,environment,network_actively,delayed,-0.6101,-0.00000,-0.00000,-0.00000,-0.00000,0.00000,0.000000,-0.000000,0.000000,0.000000,0.000000
2795,104,home,mask_home,environment,deep_work,failed,-1.7825,-0.00000,-0.00000,-0.00000,-0.00000,0.00000,0.000000,0.000000,0.000000,0.000000,0.000000
2796,104,home,mask_home,environment,take_notes,failed,-1.6522,-0.00000,-0.00000,-0.00000,-0.00000,0.00000,0.000000,0.000000,0.000000,0.000000,0.000000
2797,104,home,mask_home,environment,take_notes,failed,-1.6522,-0.00000,-0.00000,-0.00000,-0.00000,0.00000,0.000000,0.000000,0.000000,0.000000,0.000000
2798,104,home,mask_home,environment,network_actively,goal_achieved,1.1971,-0.00000,-0.00000,0.00000,0.00000,0.00000,0.000000,0.000000,0.000000,0.000000,0.000000
2799,104,home,mask_home,environment,quick_scan,delayed,-0.2902,-0.00000,-0.00000,-0.00000,-0.00000,0.00000,0.000000,0.000000,-0.000000,-0.000000,0.000000
2800,104,conference,mask_conference,environment,quick_scan,delayed,-1.8065,0.00000,-0.00000,0.00000,0.00000,-0.00000,0.000000,0.000000,0.000000,0.000000,0.000000
2801,104,conference,mask_conference,environment,take_notes,delayed,-1.9096,0.00000,-0.00000,0.00000,0.00000,0.00000,0.000000,0.000000,0.000000,0.000000,0.000000
2802,104,conference,mask_conference,environment,take_notes,goal_achieved,1.4696,0.00000,-0.00000,0.00000,0.00000,0.00000,0.000000,0.000000,0.000000,0.000000,0.000000
2803,104,conference,mask_conference,environment,network_actively,delayed,-0.4940,0.00000,0.00000,-0.00000,-0.00000,0.00000,0.000000,0.000000,-0.000000,-0.000000,0.000000
2804,104,conference,mask_conference,environment,tidy_up,delayed,-2.1379,0.00000,-0.00000,0.00000,0.00000,0.00000,0.000000,-0.000000,0.000000,0.000000,0.000000
2805,104,conference,mask_conference,environment,deep_work,goal_achieved,1.1944,0.00000,-0.00000,0.00000,0.00000,-0.00000,0.000000,0.000000,0.000000,0.000000,-0.000000
2806,104,conference,mask_conference,environment,network_actively,goal_achieved,1.3054,0.00000,-0.00000,0.00000,0.00000,0.00000,0.000000,0.000000,0.000000,0.000000,0.000000
2807,104,conference,mask_conference,environment,rest_deeply,delayed,-1.9215,0.00000,-0.00000,0.00000,0.00000,0.00000,0.000000,0.000000,0.000000,0.000000,0.000000
2808,104,conference,mask_conference,environment,network_actively,goal_achieved,1.3059,0.00000,-0.00000,0.00000,0.00000,0.00000,0.000000,0.000000,0.000000,0.000000,0.000000
2809,105,work,mask_work,environment,deep_work,goal_achieved,2.9661,0.00000,0.00000,-0.00000,-0.00000,-0.00000,0.000000,0.000000,0.000000,0.000000,-0.000000
2810,105,work,mask_work,environment,network_actively,failed,-1.1154,-0.00000,0.00000,-0.00000,-0.00000,0.00000,-0.000000,0.000000,0.000000,0.000000,0.000000
2811,105,work,mask_work,environment,network_actively,failed,-1.1154,-0.00000,0.00000,-0.00000,-0.00000,0.00000,0.000000,0.000000,0.000000,0.000000,0.000000
2812,105,work,mask_work,environment,network_actively,delayed,-0.5143,0.00000,0.00000,-0.00000,-0.00000,-0.00000,0.000000,0.000000,0.000000,0.000000,-0.000000
2813,105,work,mask_work,environment,quick_scan,goal_achieved,3.1100,-0.00000,0.00000,-0.00000,-0.00000,0.00000,-0.000000,0.000000,0.000000,0.000000,0.000000
2814,105,work,mask_work,environment,network_actively,failed,-1.1178,-0.00000,0.00000,-0.00000,-0.00000,0.00000,0.000000,0.000000,0.000000,0.000000,0.000000
2815,105,work,mask_work,environment,network_actively,failed,-1.1178,-0.00000,0.00000,-0.00000,-0.00000,0.00000,0.000000,0.000000,0.000000,0.000000,0.000000
2816,105,work,mask_work,environment,rest_deeply,delayed,-0.4255,0.00000,0.00000,-0.00000,-0.00000,-0.00000,0.000000,0.000000,0.000000,0.000000,-0.000000
2817,105,work,mask_work,environment,rest_deeply,failed,-1.5238,0.00000,0.00000,-0.00000,-0.00000,-0.00000,0.000000,0.000000,0.000000,0.000000,0.000000
2818,105,home,mask_home,environment,network_actively,failed,-1.2067,-0.00000,0.00000,-0.00000,-0.00000,0.00000,0.000000,0.000000,0.000000,0.000000,0.000000
2819,105,home,mask_home,environment,network_actively,goal_achieved,1.1978,-0.00000,-0.00000,0.00000,0.00000,0.00000,0.000000,-0.000000,0.000000,0.000000,0.000000
2820,105,home,mask_home,environment,quick_scan,failed,-1.4142,-0.00000,0.00000,-0.00000,-0.00000,-0.00000,0.000000,0.000000,-0.000000,-0.000000,-0.000000
2821,105,home,mask_home,environment,network_actively,delayed,-0.6039,-0.00000,-0.00000,-0.00000,-0.00000,0.00000,0.000000,-0.000000,0.000000,0.000000,0.000000
2822,105,home,mask_home,environment,network_actively,delayed,-0.6039,-0.00000,-0.00000,-0.00000,-0.00000,0.00000,0.000000,0.000000,0.000000,0.000000,0.000000
2823,105,home,mask_home,environment,network_actively,failed,-1.2050,-0.00000,0.00000,-0.00000,-0.00000,0.00000,0.000000,0.000000,0.000000,0.000000,0.000000
2824,105,home,mask_home,environment,quick_scan,failed,-1.4137,-0.00000,0.00000,-0.00000,-0.00000,-0.00000,0.000000,0.000000,0.000000,0.000000,-0.000000
2825,105,home,mask_home,environment,network_actively,delayed,-0.6022,-0.00000,-0.00000,-0.00000,-0.00000,0.00000,0.000000,-0.000000,0.000000,0.000000,0.000000
2826,105,home,mask_home,environment,network_actively,delayed,-0.6022,-0.00000,-0.00000,-0.00000,-0.00000,0.00000,0.000000,0.000000,0.000000,0.000000,0.000000
2827,105,conference,mask_conference,environment,network_actively,delayed,-0.4975,0.00000,0.00000,-0.00000,-0.00000,0.00000,0.000000,0.000000,-0.000000,-0.000000,0.000000
2828,105,conference,mask_conference,environment,take_notes,delayed,-1.9079,0.00000,-0.00000,0.00000,0.00000,0.00000,0.000000,-0.000000,0.000000,0.000000,0.000000
2829,105,conference,mask_conference,environment,tidy_up,delayed,-2.1358,0.00000,-0.00000,0.00000,0.00000,0.00000,0.000000,0.000000,0.000000,0.000000,0.000000
2830,105,conference,mask_conference,environment,quick_scan,goal_achieved,1.5621,0.00000,-0.00000,0.00000,0.00000,0.00000,0.000000,0.000000,0.000000,0.000000,0.000000
2831,105,conference,mask_conference,environment,network_actively,delayed,-0.4963,0.00000,0.00000,-0.00000,-0.00000,0.00000,0.000000,0.000000,-0.000000,-0.000000,0.000000
2832,105,conference,mask_conference,environment,network_actively,goal_achieved,1.3071,0.00000,-0.00000,0.00000,0.00000,0.00000,0.000000,-0.000000,0.000000,0.000000,0.000000
2833,105,conference,mask_conference,environment,quick_scan,goal_achieved,1.5647,0.00000,-0.00000,0.00000,0.00000,0.00000,0.000000,0.000000,0.000000,0.000000,0.000000
2834,105,conference,mask_conference,environment,network_actively,delayed,-0.4980,0.00000,0.00000,-0.00000,-0.00000,0.00000,0.000000,0.000000,-0.000000,-0.000000,0.000000
2835,105,conference,mask_conference,environment,rest_deeply,failed,-3.0120,0.00000,-0.00000,0.00000,0.00000,0.00000,0.000000,-0.000000,0.000000,0.000000,0.000000
2836,106,work,mask_work,environment,quick_scan,delayed,-0.2486,0.00000,0.00000,-0.00000,-0.00000,-0.00000,0.000000,0.000000,0.000000,0.000000,0.000000
2837,106,work,mask_work,environment,network_actively,failed,-1.1147,-0.00000,0.00000,-0.00000,-0.00000,0.00000,-0.000000,0.000000,0.000000,0.000000,0.000000
2838,106,work,mask_work,environment,tidy_up,delayed,-0.4970,0.00000,0.00000,-0.00000,-0.00000,0.00000,0.000000,0.000000,0.000000,0.000000,0.000000
2839,106,work,mask_work,environment,take_notes,failed,-1.6784,-0.00000,0.00000,-0.00000,-0.00000,0.00000,-0.000000,0.000000,0.000000,0.000000,0.000000
2840,106,work,mask_work,environment,quick_scan,goal_achieved,3.1179,-0.00000,0.00000,-0.00000,-0.00000,0.00000,0.000000,0.000000,0.000000,0.000000,0.000000
2841,106,work,mask_work,environment,network_actively,delayed,-0.5131,0.00000,0.00000,-0.00000,-0.00000,-0.00000,0.000000,0.000000,0.000000,0.000000,-0.000000
2842,106,work,mask_work,environment,take_notes,delayed,-0.5543,0.00000,0.00000,-0.00000,-0.00000,-0.00000,0.000000,0.000000,0.000000,0.000000,0.000000
2843,106,work,mask_work,environment,network_actively,delayed,-0.5127,0.00000,0.00000,-0.00000,-0.00000,-0.00000,0.000000,0.000000,0.000000,0.000000,0.000000
2844,106,work,mask_work,environment,network_actively,failed,-1.1138,-0.00000,0.00000,-0.00000,-0.00000,0.00000,-0.000000,0.000000,0.000000,0.000000,0.000000
2845,106,home,mask_home,environment,network_actively,failed,-1.2033,-0.00000,0.00000,-0.00000,-0.00000,0.00000,0.000000,0.000000,0.000000,0.000000,0.000000
2846,106,home,mask_home,environment,tidy_up,goal_achieved,3.1484,-0.00000,0.00000,-0.00000,-0.00000,0.00000,0.000000,0.000000,0.000000,0.000000,0.000000
2847,106,home,mask_home,environment,take_notes,failed,-1.6564,-0.00000,-0.00000,-0.00000,-0.00000,0.00000,0.000000,-0.000000,0.000000,0.000000,0.000000
2848,106,home,mask_home,environment,quick_scan,goal_achieved,3.0693,-0.00000,-0.00000,-0.00000,-0.00000,0.00000,0.000000,0.000000,0.000000,0.000000,0.000000
2849,106,home,mask_home,environment,rest_deeply,delayed,0.0373,-0.00000,0.00000,-0.00000,-0.00000,0.00000,0.000000,0.000000,0.000000,0.000000,0.000000
2850,106,home,mask_home,environment,quick_scan,goal_achieved,3.0729,-0.00000,-0.00000,-0.00000,-0.00000,0.00000,0.000000,-0.000000,0.000000,0.000000,0.000000
2851,106,home,mask_home,environment,rest_deeply,delayed,0.0346,-0.00000,0.00000,-0.00000,-0.00000,0.00000,0.000000,0.000000,0.000000,0.000000,0.000000
2852,106,home,mask_home,environment,network_actively,delayed,-0.6012,-0.00000,-0.00000,-0.00000,-0.00000,0.00000,0.000000,-0.000000,0.000000,0.000000,0.000000
2853,106,home,mask_home,environment,network_actively,failed,-1.2023,-0.00000,0.00000,-0.00000,-0.00000,0.00000,0.000000,0.000000,0.000000,0.000000,0.000000
2854,106,conference,mask_conference,environment,quick_scan,goal_achieved,1.5697,0.00000,-0.00000,0.00000,0.00000,0.00000,0.000000,0.000000,0.000000,0.000000,0.000000
2855,106,conference,mask_conference,environment,take_notes,goal_achieved,1.4734,0.00000,-0.00000,0.00000,0.00000,0.00000,0.000000,0.000000,0.000000,0.000000,0.000000
2856,106,conference,mask_conference,environment,network_actively,goal_achieved,1.3038,0.00000,-0.00000,0.00000,0.00000,0.00000,0.000000,0.000000,0.000000,0.000000,0.000000
2857,106,conference,mask_conference,environment,tidy_up,failed,-3.2959,0.00000,-0.00000,0.00000,0.00000,0.00000,0.000000,0.000000,0.000000,0.000000,0.000000
2858,106,conference,mask_conference,environment,tidy_up,delayed,-2.1358,0.00000,-0.00000,0.00000,0.00000,0.00000,0.000000,0.000000,0.000000,0.000000,0.000000
2859,106,conference,mask_conference,environment,network_actively,goal_achieved,1.3043,0.00000,-0.00000,0.00000,0.00000,0.00000,0.000000,0.000000,0.000000,0.000000,0.000000
2860,106,conference,mask_conference,environment,take_notes,goal_achieved,1.4725,0.00000,-0.00000,0.00000,0.00000,0.00000,0.000000,0.000000,0.000000,0.000000,0.000000
2861,106,conference,mask_conference,environment,network_actively,goal_achieved,1.3026,0.00000,-0.00000,0.00000,0.00000,0.00000,0.000000,0.000000,0.000000,0.000000,0.000000
2862,106,conference,mask_conference,environment,deep_work,delayed,-2.2327,0.00000,-0.00000,0.00000,0.00000,0.00000,0.000000,0.000000,0.000000,0.000000,0.000000
2863,107,work,mask_work,environment,network_actively,goal_achieved,1.2907,0.00000,-0.00000,0.00000,0.00000,-0.00000,0.000000,-0.000000,0.000000,0.000000,-0.000000
2864,107,work,mask_work,environment,quick_scan,goal_achieved,3.1160,-0.00000,0.00000,-0.00000,-0.00000,0.00000,-0.000000,0.000000,-0.000000,-0.000000,0.000000
2865,107,work,mask_work,environment,tidy_up,failed,-1.6617,0.00000,0.00000,-0.00000,-0.00000,0.00000,0.000000,0.000000,0.000000,0.000000,0.000000
2866,107,work,mask_work,environment,network_actively,delayed,-0.5124,0.00000,0.00000,-0.00000,-0.00000,-0.00000,0.000000,0.000000,0.000000,0.000000,-0.000000
2867,107,work,mask_work,environment,network_actively,failed,-1.1135,-0.00000,0.00000,-0.00000,-0.00000,0.00000,-0.000000,0.000000,0.000000,0.000000,0.000000
2868,107,work,mask_work,environment,network_actively,delayed,-0.5124,0.00000,0.00000,-0.00000,-0.00000,-0.00000,0.000000,0.000000,0.000000,0.000000,-0.000000
2869,107,work,mask_work,environment,network_actively,failed,-1.1135,-0.00000,0.00000,-0.00000,-0.00000,0.00000,-0.000000,0.000000,0.000000,0.000000,0.000000
2870,107,work,mask_work,environment,network_actively,goal_achieved,1.2910,0.00000,-0.00000,0.00000,0.00000,-0.00000,0.000000,-0.000000,0.000000,0.000000,-0.000000
2871,107,work,mask_work,environment,tidy_up,goal_achieved,2.9777,-0.00000,0.00000,-0.00000,-0.00000,-0.00000,-0.000000,0.000000,-0.000000,-0.000000,0.000000
2872,107,home,mask_home,environment,network_actively,delayed,-0.6012,-0.00000,-0.00000,-0.00000,-0.00000,0.00000,0.000000,-0.000000,0.000000,0.000000,0.000000
2873,107,home,mask_home,environment,tidy_up,delayed,-0.3287,-0.00000,-0.00000,-0.00000,-0.00000,0.00000,0.000000,0.000000,0.000000,0.000000,0.000000
2874,107,home,mask_home,environment,network_actively,delayed,-0.5988,-0.00000,-0.00000,-0.00000,-0.00000,0.00000,0.000000,0.000000,0.000000,0.000000,0.000000
2875,107,home,mask_home,environment,network_actively,failed,-1.1999,-0.00000,0.00000,-0.00000,-0.00000,0.00000,0.000000,0.000000,0.000000,0.000000,0.000000
2876,107,home,mask_home,environment,network_actively,failed,-1.1999,-0.00000,0.00000,-0.00000,-0.00000,0.00000,0.000000,0.000000,0.000000,0.000000,0.000000
2877,107,home,mask_home,environment,take_notes,failed,-1.6500,-0.00000,-0.00000,-0.00000,-0.00000,0.00000,0.000000,-0.000000,0.000000,0.000000,0.000000
2878,107,home,mask_home,environment,network_actively,delayed,-0.5977,-0.00000,-0.00000,-0.00000,-0.00000,0.00000,0.000000,0.000000,0.000000,0.000000,0.000000
2879,107,home,mask_home,environment,rest_deeply,goal_achieved,3.3351,-0.00000,-0.00000,-0.00000,-0.00000,0.00000,0.000000,0.000000,0.000000,0.000000,0.000000
2880,107,home,mask_home,environment,network_actively,failed,-1.1995,-0.00000,0.00000,-0.00000,-0.00000,0.00000,0.000000,0.000000,0.000000,0.000000,0.000000
2881,107,conference,mask_conference,environment,tidy_up,failed,-3.2986,0.00000,-0.00000,0.00000,0.00000,0.00000,0.000000,0.000000,0.000000,0.000000,0.000000
2882,107,conference,mask_conference,environment,network_actively,goal_achieved,1.3039,0.00000,-0.00000,0.00000,0.00000,0.00000,0.000000,0.000000,0.000000,0.000000,0.000000
2883,107,conference,mask_conference,environment,network_actively,goal_achieved,1.3039,0.00000,-0.00000,0.00000,0.00000,0.00000,0.000000,0.000000,0.000000,0.000000,0.000000
2884,107,conference,mask_conference,environment,rest_deeply,failed,-3.0188,0.00000,-0.00000,0.00000,0.00000,0.00000,0.000000,0.000000,0.000000,0.000000,0.000000
2885,107,conference,mask_conference,environment,network_actively,goal_achieved,1.3058,0.00000,-0.00000,0.00000,0.00000,0.00000,0.000000,0.000000,0.000000,0.000000,0.000000
2886,107,conference,mask_conference,environment,network_actively,goal_achieved,1.3058,0.00000,-0.00000,0.00000,0.00000,0.00000,0.000000,0.000000,0.000000,0.000000,0.000000
2887,107,conference,mask_conference,environment,network_actively,goal_achieved,1.3058,0.00000,-0.00000,0.00000,0.00000,0.00000,0.000000,0.000000,0.000000,0.000000,0.000000
2888,107,conference,mask_conference,environment,network_actively,delayed,-0.4976,0.00000,0.00000,-0.00000,-0.00000,0.00000,0.000000,0.000000,-0.000000,-0.000000,0.000000
2889,107,conference,mask_conference,environment,deep_work,delayed,-2.2302,0.00000,-0.00000,0.00000,0.00000,0.00000,0.000000,-0.000000,0.000000,0.000000,0.000000
2890,108,work,mask_work,environment,network_actively,failed,-1.1174,-0.00000,0.00000,-0.00000,-0.00000,0.00000,0.000000,0.000000,0.000000,0.000000,0.000000
2891,108,work,mask_work,environment,network_actively,delayed,-0.5162,0.00000,0.00000,-0.00000,-0.00000,-0.00000,0.000000,0.000000,0.000000,0.000000,-0.000000
2892,108,work,mask_work,environment,quick_scan,goal_achieved,3.1151,-0.00000,0.00000,-0.00000,-0.00000,0.00000,-0.000000,0.000000,0.000000,0.000000,0.000000
2893,108,work,mask_work,environment,network_actively,goal_achieved,1.2849,0.00000,-0.00000,0.00000,0.00000,-0.00000,0.000000,-0.000000,0.000000,0.000000,-0.000000
2894,108,work,mask_work,environment,network_actively,failed,-1.1196,-0.00000,0.00000,-0.00000,-0.00000,0.00000,-0.000000,0.000000,-0.000000,-0.000000,0.000000
2895,108,work,mask_work,environment,rest_deeply,failed,-1.5296,0.00000,0.00000,-0.00000,-0.00000,-0.00000,0.000000,0.000000,0.000000,0.000000,-0.000000
2896,108,work,mask_work,environment,network_actively,failed,-1.1184,-0.00000,0.00000,-0.00000,-0.00000,0.00000,-0.000000,0.000000,0.000000,0.000000,0.000000
2897,108,work,mask_work,environment,network_actively,delayed,-0.5173,0.00000,0.00000,-0.00000,-0.00000,-0.00000,0.000000,0.000000,0.000000,0.000000,-0.000000
2898,108,work,mask_work,environment,rest_deeply,failed,-1.5282,0.00000,0.00000,-0.00000,-0.00000,-0.00000,0.000000,0.000000,0.000000,0.000000,0.000000
2899,108,home,mask_home,environment,network_actively,delayed,-0.5984,-0.00000,-0.00000,-0.00000,-0.00000,0.00000,0.000000,-0.000000,0.000000,0.000000,0.000000
2900,108,home,mask_home,environment,network_actively,failed,-1.1995,-0.00000,0.00000,-0.00000,-0.00000,0.00000,0.000000,0.000000,0.000000,0.000000,0.000000
2901,108,home,mask_home,environment,network_actively,goal_achieved,1.2049,-0.00000,-0.00000,0.00000,0.00000,0.00000,0.000000,-0.000000,0.000000,0.000000,0.000000
2902,108,home,mask_home,environment,take_notes,failed,-1.6534,-0.00000,-0.00000,-0.00000,-0.00000,0.00000,0.000000,0.000000,-0.000000,-0.000000,0.000000
2903,108,home,mask_home,environment,network_actively,failed,-1.1984,-0.00000,0.00000,-0.00000,-0.00000,0.00000,0.000000,0.000000,0.000000,0.000000,0.000000
2904,108,home,mask_home,environment,quick_scan,delayed,-0.2812,-0.00000,-0.00000,-0.00000,-0.00000,0.00000,0.000000,-0.000000,0.000000,0.000000,0.000000
2905,108,home,mask_home,environment,deep_work,delayed,-0.6329,-0.00000,-0.00000,-0.00000,-0.00000,0.00000,0.000000,0.000000,0.000000,0.000000,0.000000
2906,108,home,mask_home,environment,rest_deeply,goal_achieved,3.3356,-0.00000,-0.00000,-0.00000,-0.00000,0.00000,0.000000,0.000000,0.000000,0.000000,0.000000
2907,108,home,mask_home,environment,take_notes,goal_achieved,2.8532,-0.00000,0.00000,-0.00000,-0.00000,0.00000,0.000000,0.000000,0.000000,0.000000,0.000000
2908,108,conference,mask_conference,environment,deep_work,goal_achieved,1.1996,0.00000,-0.00000,0.00000,0.00000,-0.00000,0.000000,0.000000,0.000000,0.000000,-0.000000
2909,108,conference,mask_conference,environment,network_actively,goal_achieved,1.3028,0.00000,-0.00000,0.00000,0.00000,0.00000,0.000000,0.000000,0.000000,0.000000,0.000000
2910,108,conference,mask_conference,environment,network_actively,goal_achieved,1.3028,0.00000,-0.00000,0.00000,0.00000,0.00000,0.000000,0.000000,0.000000,0.000000,0.000000
2911,108,conference,mask_conference,environment,network_actively,goal_achieved,1.3028,0.00000,-0.00000,0.00000,0.00000,0.00000,0.000000,0.000000,0.000000,0.000000,0.000000
2912,108,conference,mask_conference,environment,network_actively,goal_achieved,1.3028,0.00000,-0.00000,0.00000,0.00000,0.00000,0.000000,0.000000,0.000000,0.000000,0.000000
2913,108,conference,mask_conference,environment,network_actively,goal_achieved,1.3028,0.00000,-0.00000,0.00000,0.00000,0.00000,0.000000,0.000000,0.000000,0.000000,0.000000
2914,108,conference,mask_conference,environment,tidy_up,failed,-3.3033,0.00000,-0.00000,0.00000,0.00000,0.00000,0.000000,0.000000,0.000000,0.000000,0.000000
2915,108,conference,mask_conference,environment,rest_deeply,delayed,-1.9248,0.00000,-0.00000,0.00000,0.00000,0.00000,0.000000,0.000000,0.000000,0.000000,0.000000
2916,108,conference,mask_conference,environment,network_actively,goal_achieved,1.3041,0.00000,-0.00000,0.00000,0.00000,0.00000,0.000000,0.000000,0.000000,0.000000,0.000000
2917,109,work,mask_work,environment,quick_scan,failed,-1.3668,0.00000,0.00000,-0.00000,-0.00000,-0.00000,0.000000,0.000000,0.000000,0.000000,0.000000
2918,109,work,mask_work,environment,tidy_up,goal_achieved,2.9816,-0.00000,0.00000,-0.00000,-0.00000,-0.00000,-0.000000,0.000000,0.000000,0.000000,0.000000
2919,109,work,mask_work,environment,network_actively,delayed,-0.5165,0.00000,0.00000,-0.00000,-0.00000,-0.00000,0.000000,0.000000,0.000000,0.000000,0.000000
2920,109,work,mask_work,environment,rest_deeply,failed,-1.5285,0.00000,0.00000,-0.00000,-0.00000,-0.00000,0.000000,0.000000,0.000000,0.000000,0.000000
2921,109,work,mask_work,environment,network_actively,failed,-1.1165,-0.00000,0.00000,-0.00000,-0.00000,0.00000,-0.000000,0.000000,0.000000,0.000000,0.000000
2922,109,work,mask_work,environment,network_actively,goal_achieved,1.2880,0.00000,-0.00000,0.00000,0.00000,-0.00000,0.000000,-0.000000,0.000000,0.000000,-0.000000
2923,109,work,mask_work,environment,rest_deeply,delayed,-0.4325,0.00000,0.00000,-0.00000,-0.00000,-0.00000,0.000000,0.000000,-0.000000,-0.000000,0.000000
2924,109,work,mask_work,environment,network_actively,delayed,-0.5155,0.00000,0.00000,-0.00000,-0.00000,-0.00000,0.000000,0.000000,0.000000,0.000000,0.000000
2925,109,work,mask_work,environment,tidy_up,failed,-1.6601,0.00000,0.00000,-0.00000,-0.00000,0.00000,0.000000,0.000000,0.000000,0.000000,0.000000
2926,109,home,mask_home,environment,network_actively,failed,-1.2022,-0.00000,0.00000,-0.00000,-0.00000,0.00000,0.000000,0.000000,0.000000,0.000000,0.000000
2927,109,home,mask_home,environment,network_actively,delayed,-0.6011,-0.00000,-0.00000,-0.00000,-0.00000,0.00000,0.000000,-0.000000,0.000000,0.000000,0.000000
2928,109,home,mask_home,environment,network_actively,goal_achieved,1.2023,-0.00000,-0.00000,0.00000,0.00000,0.00000,0.000000,0.000000,0.000000,0.000000,0.000000
2929,109,home,mask_home,environment,deep_work,failed,-1.7840,-0.00000,-0.00000,-0.00000,-0.00000,0.00000,0.000000,0.000000,-0.000000,-0.000000,0.000000
2930,109,home,mask_home,environment,network_actively,delayed,-0.5997,-0.00000,-0.00000,-0.00000,-0.00000,0.00000,0.000000,0.000000,0.000000,0.000000,0.000000
2931,109,home,mask_home,environment,tidy_up,goal_achieved,3.1475,-0.00000,0.00000,-0.00000,-0.00000,0.00000,0.000000,0.000000,0.000000,0.000000,0.000000
2932,109,home,mask_home,environment,network_actively,failed,-1.2026,-0.00000,0.00000,-0.00000,-0.00000,0.00000,0.000000,0.000000,0.000000,0.000000,0.000000
2933,109,home,mask_home,environment,network_actively,delayed,-0.6015,-0.00000,-0.00000,-0.00000,-0.00000,0.00000,0.000000,-0.000000,0.000000,0.000000,0.000000
2934,109,home,mask_home,environment,rest_deeply,delayed,0.0338,-0.00000,0.00000,-0.00000,-0.00000,0.00000,0.000000,0.000000,0.000000,0.000000,0.000000
2935,109,conference,mask_conference,environment,take_notes,goal_achieved,1.4691,0.00000,-0.00000,0.00000,0.00000,0.00000,0.000000,0.000000,0.000000,0.000000,0.000000
2936,109,conference,mask_conference,environment,quick_scan,goal_achieved,1.5603,0.00000,-0.00000,0.00000,0.00000,0.00000,0.000000,0.000000,0.000000,0.000000,0.000000
2937,109,conference,mask_conference,environment,deep_work,delayed,-2.2363,0.00000,-0.00000,0.00000,0.00000,0.00000,0.000000,0.000000,0.000000,0.000000,0.000000
2938,109,conference,mask_conference,environment,tidy_up,failed,-3.3065,0.00000,-0.00000,0.00000,0.00000,0.00000,0.000000,0.000000,0.000000,0.000000,0.000000
2939,109,conference,mask_conference,environment,network_actively,goal_achieved,1.3021,0.00000,-0.00000,0.00000,0.00000,0.00000,0.000000,0.000000,0.000000,0.000000,0.000000
2940,109,conference,mask_conference,environment,quick_scan,goal_achieved,1.5609,0.00000,-0.00000,0.00000,0.00000,0.00000,0.000000,0.000000,0.000000,0.000000,0.000000
2941,109,conference,mask_conference,environment,network_actively,delayed,-0.5029,0.00000,0.00000,-0.00000,-0.00000,0.00000,0.000000,0.000000,-0.000000,-0.000000,0.000000
2942,109,conference,mask_conference,environment,take_notes,goal_achieved,1.4696,0.00000,-0.00000,0.00000,0.00000,0.00000,0.000000,-0.000000,0.000000,0.000000,0.000000
2943,109,conference,mask_conference,environment,network_actively,delayed,-0.5046,0.00000,0.00000,-0.00000,-0.00000,0.00000,0.000000,0.000000,-0.000000,-0.000000,0.000000
2944,110,work,mask_work,environment,network_actively,goal_achieved,1.2904,0.00000,-0.00000,0.00000,0.00000,-0.00000,0.000000,-0.000000,0.000000,0.000000,-0.000000
2945,110,work,mask_work,environment,network_actively,failed,-1.1141,-0.00000,0.00000,-0.00000,-0.00000,0.00000,-0.000000,0.000000,-0.000000,-0.000000,0.000000
2946,110,work,mask_work,environment,quick_scan,failed,-1.3714,0.00000,0.00000,-0.00000,-0.00000,-0.00000,0.000000,0.000000,0.000000,0.000000,-0.000000
2947,110,work,mask_work,environment,quick_scan,goal_achieved,3.1117,-0.00000,0.00000,-0.00000,-0.00000,0.00000,-0.000000,0.000000,0.000000,0.000000,0.000000
2948,110,work,mask_work,environment,deep_work,goal_achieved,2.9678,0.00000,0.00000,-0.00000,-0.00000,-0.00000,0.000000,0.000000,0.000000,0.000000,-0.000000
2949,110,work,mask_work,environment,network_actively,failed,-1.1138,-0.00000,0.00000,-0.00000,-0.00000,0.00000,-0.000000,0.000000,0.000000,0.000000,0.000000
2950,110,work,mask_work,environment,rest_deeply,failed,-1.5290,0.00000,0.00000,-0.00000,-0.00000,-0.00000,0.000000,0.000000,0.000000,0.000000,-0.000000
2951,110,work,mask_work,environment,network_actively,goal_achieved,1.2918,0.00000,-0.00000,0.00000,0.00000,-0.00000,0.000000,-0.000000,0.000000,0.000000,0.000000
2952,110,work,mask_work,environment,network_actively,failed,-1.1127,-0.00000,0.00000,-0.00000,-0.00000,0.00000,-0.000000,0.000000,-0.000000,-0.000000,0.000000
2953,110,home,mask_home,environment,network_actively,delayed,-0.5980,-0.00000,-0.00000,-0.00000,-0.00000,0.00000,0.000000,-0.000000,0.000000,0.000000,0.000000
2954,110,home,mask_home,environment,network_actively,failed,-1.1992,-0.00000,0.00000,-0.00000,-0.00000,0.00000,0.000000,0.000000,0.000000,0.000000,0.000000
2955,110,home,mask_home,environment,network_actively,failed,-1.1992,-0.00000,0.00000,-0.00000,-0.00000,0.00000,0.000000,0.000000,0.000000,0.000000,0.000000
2956,110,home,mask_home,environment,network_actively,goal_achieved,1.2053,-0.00000,-0.00000,0.00000,0.00000,0.00000,0.000000,-0.000000,0.000000,0.000000,0.000000
2957,110,home,mask_home,environment,deep_work,delayed,-0.6408,-0.00000,-0.00000,-0.00000,-0.00000,0.00000,0.000000,0.000000,-0.000000,-0.000000,0.000000
2958,110,home,mask_home,environment,network_actively,delayed,-0.5980,-0.00000,-0.00000,-0.00000,-0.00000,0.00000,0.000000,0.000000,0.000000,0.000000,0.000000
2959,110,home,mask_home,environment,network_actively,failed,-1.1992,-0.00000,0.00000,-0.00000,-0.00000,0.00000,0.000000,0.000000,0.000000,0.000000,0.000000
2960,110,home,mask_home,environment,quick_scan,failed,-1.4077,-0.00000,0.00000,-0.00000,-0.00000,-0.00000,0.000000,0.000000,0.000000,0.000000,-0.000000
2961,110,home,mask_home,environment,network_actively,delayed,-0.5964,-0.00000,-0.00000,-0.00000,-0.00000,0.00000,0.000000,-0.000000,0.000000,0.000000,0.000000
2962,110,conference,mask_conference,environment,tidy_up,failed,-3.3042,0.00000,-0.00000,0.00000,0.00000,0.00000,0.000000,-0.000000,0.000000,0.000000,0.000000
2963,110,conference,mask_conference,environment,network_actively,goal_achieved,1.2996,0.00000,-0.00000,0.00000,0.00000,0.00000,0.000000,0.000000,0.000000,0.000000,0.000000
2964,110,conference,mask_conference,environment,network_actively,delayed,-0.5038,0.00000,0.00000,-0.00000,-0.00000,0.00000,0.000000,0.000000,-0.000000,-0.000000,0.000000
2965,110,conference,mask_conference,environment,take_notes,goal_achieved,1.4759,0.00000,-0.00000,0.00000,0.00000,0.00000,0.000000,-0.000000,0.000000,0.000000,0.000000
2966,110,conference,mask_conference,environment,network_actively,goal_achieved,1.2980,0.00000,-0.00000,0.00000,0.00000,0.00000,0.000000,0.000000,0.000000,0.000000,0.000000
2967,110,conference,mask_conference,environment,network_actively,delayed,-0.5054,0.00000,0.00000,-0.00000,-0.00000,0.00000,0.000000,0.000000,-0.000000,-0.000000,0.000000
2968,110,conference,mask_conference,environment,network_actively,delayed,-0.5054,0.00000,0.00000,-0.00000,-0.00000,0.00000,0.000000,0.000000,0.000000,0.000000,0.000000
2969,110,conference,mask_conference,environment,take_notes,goal_achieved,1.4814,0.00000,-0.00000,0.00000,0.00000,0.00000,0.000000,-0.000000,0.000000,0.000000,0.000000
2970,110,conference,mask_conference,environment,deep_work,goal_achieved,1.2021,0.00000,-0.00000,0.00000,0.00000,-0.00000,0.000000,0.000000,0.000000,0.000000,-0.000000
2971,111,work,mask_work,environment,quick_scan,delayed,-0.2514,0.00000,0.00000,-0.00000,-0.00000,-0.00000,0.000000,0.000000,0.000000,0.000000,-0.000000
2972,111,work,mask_work,environment,network_actively,delayed,-0.5097,0.00000,0.00000,-0.00000,-0.00000,-0.00000,0.000000,0.000000,0.000000,0.000000,0.000000
2973,111,work,mask_work,environment,quick_scan,failed,-1.3721,0.00000,0.00000,-0.00000,-0.00000,-0.00000,0.000000,0.000000,0.000000,0.000000,0.000000
2974,111,work,mask_work,environment,take_notes,failed,-1.6829,-0.00000,0.00000,-0.00000,-0.00000,0.00000,-0.000000,0.000000,0.000000,0.000000,0.000000
2975,111,work,mask_work,environment,take_notes,delayed,-0.5565,0.00000,0.00000,-0.00000,-0.00000,-0.00000,0.000000,0.000000,0.000000,0.000000,-0.000000
2976,111,work,mask_work,environment,network_actively,failed,-1.1055,-0.00000,0.00000,-0.00000,-0.00000,0.00000,-0.000000,0.000000,0.000000,0.000000,0.000000
2977,111,work,mask_work,environment,network_actively,failed,-1.1055,-0.00000,0.00000,-0.00000,-0.00000,0.00000,0.000000,0.000000,0.000000,0.000000,0.000000
2978,111,work,mask_work,environment,network_actively,failed,-1.1055,-0.00000,0.00000,-0.00000,-0.00000,0.00000,0.000000,0.000000,0.000000,0.000000,0.000000
2979,111,work,mask_work,environment,network_actively,failed,-1.1055,-0.00000,0.00000,-0.00000,-0.00000,0.00000,0.000000,0.000000,0.000000,0.000000,0.000000
2980,111,home,mask_home,environment,take_notes,failed,-1.6522,-0.00000,-0.00000,-0.00000,-0.00000,0.00000,0.000000,0.000000,0.000000,0.000000,0.000000
2981,111,home,mask_home,environment,network_actively,failed,-1.1964,-0.00000,0.00000,-0.00000,-0.00000,0.00000,0.000000,0.000000,0.000000,0.000000,0.000000
2982,111,home,mask_home,environment,network_actively,failed,-1.1964,-0.00000,0.00000,-0.00000,-0.00000,0.00000,0.000000,0.000000,0.000000,0.000000,0.000000
2983,111,home,mask_home,environment,network_actively,delayed,-0.5952,-0.00000,-0.00000,-0.00000,-0.00000,0.00000,0.000000,-0.000000,0.000000,0.000000,0.000000
2984,111,home,mask_home,environment,network_actively,failed,-1.1964,-0.00000,0.00000,-0.00000,-0.00000,0.00000,0.000000,0.000000,0.000000,0.000000,0.000000
2985,111,home,mask_home,environment,deep_work,delayed,-0.6347,-0.00000,-0.00000,-0.00000,-0.00000,0.00000,0.000000,-0.000000,0.000000,0.000000,0.000000
2986,111,home,mask_home,environment,network_actively,failed,-1.1964,-0.00000,0.00000,-0.00000,-0.00000,0.00000,0.000000,0.000000,0.000000,0.000000,0.000000
2987,111,home,mask_home,environment,network_actively,goal_achieved,1.2081,-0.00000,-0.00000,0.00000,0.00000,0.00000,0.000000,-0.000000,0.000000,0.000000,0.000000
2988,111,home,mask_home,environment,rest_deeply,goal_achieved,3.3296,-0.00000,-0.00000,-0.00000,-0.00000,0.00000,0.000000,0.000000,-0.000000,-0.000000,0.000000
2989,111,conference,mask_conference,environment,take_notes,goal_achieved,1.4781,0.00000,-0.00000,0.00000,0.00000,0.00000,0.000000,0.000000,0.000000,0.000000,0.000000
2990,111,conference,mask_conference,environment,tidy_up,delayed,-2.1442,0.00000,-0.00000,0.00000,0.00000,0.00000,0.000000,0.000000,0.000000,0.000000,0.000000
2991,111,conference,mask_conference,environment,network_actively,goal_achieved,1.2913,0.00000,-0.00000,0.00000,0.00000,0.00000,0.000000,0.000000,0.000000,0.000000,0.000000
2992,111,conference,mask_conference,environment,network_actively,goal_achieved,1.2913,0.00000,-0.00000,0.00000,0.00000,0.00000,0.000000,0.000000,0.000000,0.000000,0.000000
2993,111,conference,mask_conference,environment,network_actively,goal_achieved,1.2913,0.00000,-0.00000,0.00000,0.00000,0.00000,0.000000,0.000000,0.000000,0.000000,0.000000
2994,111,conference,mask_conference,environment,quick_scan,goal_achieved,1.5638,0.00000,-0.00000,0.00000,0.00000,0.00000,0.000000,0.000000,0.000000,0.000000,0.000000
2995,111,conference,mask_conference,environment,tidy_up,delayed,-2.1478,0.00000,-0.00000,0.00000,0.00000,0.00000,0.000000,0.000000,0.000000,0.000000,0.000000
2996,111,conference,mask_conference,environment,quick_scan,goal_achieved,1.5635,0.00000,-0.00000,0.00000,0.00000,0.00000,0.000000,0.000000,0.000000,0.000000,0.000000
2997,111,conference,mask_conference,environment,quick_scan,delayed,-1.7989,0.00000,-0.00000,0.00000,0.00000,-0.00000,0.000000,0.000000,0.000000,0.000000,-0.000000
2998,112,work,mask_work,environment,network_actively,failed,-1.1055,-0.00000,0.00000,-0.00000,-0.00000,0.00000,0.000000,0.000000,0.000000,0.000000,0.000000
2999,112,work,mask_work,environment,network_actively,goal_achieved,1.2990,0.00000,-0.00000,0.00000,0.00000,-0.00000,0.000000,-0.000000,0.000000,0.000000,-0.000000
3000,112,work,mask_work,environment,network_actively,delayed,-0.5044,0.00000,0.00000,-0.00000,-0.00000,-0.00000,0.000000,0.000000,-0.000000,-0.000000,0.000000
3001,112,work,mask_work,environment,tidy_up,goal_achieved,2.9885,-0.00000,0.00000,-0.00000,-0.00000,-0.00000,-0.000000,0.000000,0.000000,0.000000,0.000000
3002,112,work,mask_work,environment,tidy_up,goal_achieved,2.9885,-0.00000,0.00000,-0.00000,-0.00000,-0.00000,0.000000,0.000000,0.000000,0.000000,0.000000
3003,112,work,mask_work,environment,deep_work,goal_achieved,2.9710,0.00000,0.00000,-0.00000,-0.00000,-0.00000,0.000000,0.000000,0.000000,0.000000,0.000000
3004,112,work,mask_work,environment,deep_work,goal_achieved,2.9710,0.00000,0.00000,-0.00000,-0.00000,-0.00000,0.000000,0.000000,0.000000,0.000000,0.000000
3005,112,work,mask_work,environment,network_actively,failed,-1.1140,-0.00000,0.00000,-0.00000,-0.00000,0.00000,-0.000000,0.000000,0.000000,0.000000,0.000000
3006,112,work,mask_work,environment,network_actively,failed,-1.1140,-0.00000,0.00000,-0.00000,-0.00000,0.00000,0.000000,0.000000,0.000000,0.000000,0.000000
3007,112,home,mask_home,environment,network_actively,delayed,-0.5960,-0.00000,-0.00000,-0.00000,-0.00000,0.00000,0.000000,0.000000,0.000000,0.000000,0.000000
3008,112,home,mask_home,environment,network_actively,failed,-1.1971,-0.00000,0.00000,-0.00000,-0.00000,0.00000,0.000000,0.000000,0.000000,0.000000,0.000000
3009,112,home,mask_home,environment,deep_work,failed,-1.7809,-0.00000,-0.00000,-0.00000,-0.00000,0.00000,0.000000,-0.000000,0.000000,0.000000,0.000000
3010,112,home,mask_home,environment,network_actively,failed,-1.1957,-0.00000,0.00000,-0.00000,-0.00000,0.00000,0.000000,0.000000,0.000000,0.000000,0.000000
3011,112,home,mask_home,environment,deep_work,goal_achieved,2.7931,-0.00000,0.00000,-0.00000,-0.00000,-0.00000,0.000000,0.000000,0.000000,0.000000,-0.000000
3012,112,home,mask_home,environment,rest_deeply,goal_achieved,3.3286,-0.00000,-0.00000,-0.00000,-0.00000,0.00000,0.000000,-0.000000,0.000000,0.000000,0.000000
3013,112,home,mask_home,environment,take_notes,failed,-1.6548,-0.00000,-0.00000,-0.00000,-0.00000,0.00000,0.000000,0.000000,0.000000,0.000000,0.000000
3014,112,home,mask_home,environment,take_notes,goal_achieved,2.8508,-0.00000,0.00000,-0.00000,-0.00000,0.00000,0.000000,0.000000,0.000000,0.000000,0.000000
3015,112,home,mask_home,environment,rest_deeply,goal_achieved,3.3261,-0.00000,-0.00000,-0.00000,-0.00000,0.00000,0.000000,-0.000000,0.000000,0.000000,0.000000
3016,112,conference,mask_conference,environment,rest_deeply,goal_achieved,1.3660,-0.00000,-0.00000,0.00000,0.00000,0.00000,-0.000000,0.000000,0.000000,0.000000,0.000000
3017,112,conference,mask_conference,environment,network_actively,delayed,-0.5178,0.00000,0.00000,-0.00000,-0.00000,0.00000,0.000000,0.000000,-0.000000,-0.000000,0.000000
3018,112,conference,mask_conference,environment,rest_deeply,failed,-3.0242,0.00000,-0.00000,0.00000,0.00000,0.00000,0.000000,-0.000000,0.000000,0.000000,0.000000
3019,112,conference,mask_conference,environment,deep_work,failed,-3.3757,0.00000,-0.00000,0.00000,0.00000,0.00000,0.000000,0.000000,0.000000,0.000000,0.000000
3020,112,conference,mask_conference,environment,network_actively,goal_achieved,1.2891,0.00000,-0.00000,0.00000,0.00000,0.00000,0.000000,0.000000,0.000000,0.000000,0.000000
3021,112,conference,mask_conference,environment,take_notes,goal_achieved,1.4759,0.00000,-0.00000,0.00000,0.00000,0.00000,0.000000,0.000000,0.000000,0.000000,0.000000
3022,112,conference,mask_conference,environment,network_actively,goal_achieved,1.2876,0.00000,-0.00000,0.00000,0.00000,0.00000,0.000000,0.000000,0.000000,0.000000,0.000000
3023,112,conference,mask_conference,environment,quick_scan,delayed,-1.7989,0.00000,-0.00000,0.00000,0.00000,-0.00000,0.000000,0.000000,0.000000,0.000000,-0.000000
3024,112,conference,mask_conference,environment,deep_work,delayed,-2.2337,0.00000,-0.00000,0.00000,0.00000,0.00000,0.000000,0.000000,0.000000,0.000000,0.000000
3025,113,work,mask_work,environment,network_actively,goal_achieved,1.2905,0.00000,-0.00000,0.00000,0.00000,-0.00000,0.000000,-0.000000,0.000000,0.000000,-0.000000
3026,113,work,mask_work,environment,network_actively,failed,-1.1140,-0.00000,0.00000,-0.00000,-0.00000,0.00000,-0.000000,0.000000,-0.000000,-0.000000,0.000000
3027,113,work,mask_work,environment,deep_work,delayed,-0.4586,-0.00000,-0.00000,0.00000,-0.00000,0.00000,0.000000,-0.000000,0.000000,0.000000,0.000000
3028,113,work,mask_work,environment,network_actively,delayed,-0.5100,0.00000,0.00000,-0.00000,-0.00000,-0.00000,0.000000,0.000000,-0.000000,0.000000,-0.000000
3029,113,work,mask_work,environment,take_notes,failed,-1.6855,-0.00000,0.00000,-0.00000,-0.00000,0.00000,-0.000000,0.000000,0.000000,0.000000,0.000000
3030,113,work,mask_work,environment,take_notes,failed,-1.6855,-0.00000,0.00000,-0.00000,-0.00000,0.00000,0.000000,0.000000,0.000000,0.000000,0.000000
3031,113,work,mask_work,environment,take_notes,goal_achieved,2.8202,0.00000,0.00000,-0.00000,-0.00000,-0.00000,0.000000,0.000000,0.000000,0.000000,-0.000000
3032,113,work,mask_work,environment,network_actively,failed,-1.1115,-0.00000,0.00000,-0.00000,-0.00000,0.00000,-0.000000,0.000000,0.000000,0.000000,0.000000
3033,113,work,mask_work,environment,network_actively,failed,-1.1115,-0.00000,0.00000,-0.00000,-0.00000,0.00000,0.000000,0.000000,0.000000,0.000000,0.000000
3034,113,home,mask_home,environment,take_notes,delayed,-0.5292,-0.00000,-0.00000,-0.00000,-0.00000,0.00000,0.000000,0.000000,0.000000,0.000000,0.000000
3035,113,home,mask_home,environment,quick_scan,goal_achieved,3.0705,-0.00000,-0.00000,-0.00000,-0.00000,0.00000,0.000000,0.000000,0.000000,0.000000,0.000000
3036,113,home,mask_home,environment,rest_deeply,goal_achieved,3.3234,-0.00000,-0.00000,-0.00000,-0.00000,0.00000,0.000000,0.000000,0.000000,0.000000,0.000000
3037,113,home,mask_home,environment,network_actively,failed,-1.2072,-0.00000,0.00000,-0.00000,-0.00000,0.00000,0.000000,0.000000,0.000000,0.000000,0.000000
3038,113,home,mask_home,environment,quick_scan,failed,-1.4124,-0.00000,0.00000,-0.00000,-0.00000,-0.00000,0.000000,0.000000,0.000000,0.000000,-0.000000
3039,113,home,mask_home,environment,tidy_up,goal_achieved,3.1462,-0.00000,0.00000,-0.00000,-0.00000,0.00000,0.000000,0.000000,0.000000,0.000000,0.000000
3040,113,home,mask_home,environment,quick_scan,delayed,-0.2933,-0.00000,-0.00000,-0.00000,-0.00000,0.00000,0.000000,-0.000000,0.000000,0.000000,0.000000
3041,113,home,mask_home,environment,quick_scan,failed,-1.4141,-0.00000,0.00000,-0.00000,-0.00000,-0.00000,0.000000,0.000000,0.000000,0.000000,-0.000000
3042,113,home,mask_home,environment,deep_work,failed,-1.7842,-0.00000,-0.00000,-0.00000,-0.00000,0.00000,0.000000,-0.000000,0.000000,0.000000,0.000000
3043,113,conference,mask_conference,environment,network_actively,goal_achieved,1.2897,0.00000,-0.00000,0.00000,0.00000,0.00000,0.000000,0.000000,0.000000,0.000000,0.000000
3044,113,conference,mask_conference,environment,quick_scan,delayed,-1.7991,0.00000,-0.00000,0.00000,0.00000,-0.00000,0.000000,0.000000,0.000000,0.000000,-0.000000
3045,113,conference,mask_conference,environment,network_actively,goal_achieved,1.2913,0.00000,-0.00000,0.00000,0.00000,0.00000,0.000000,0.000000,0.000000,0.000000,0.000000
3046,113,conference,mask_conference,environment,quick_scan,goal_achieved,1.5626,0.00000,-0.00000,0.00000,0.00000,0.00000,0.000000,0.000000,0.000000,0.000000,0.000000
3047,113,conference,mask_conference,environment,rest_deeply,goal_achieved,1.3686,-0.00000,-0.00000,0.00000,0.00000,0.00000,-0.000000,0.000000,0.000000,0.000000,0.000000
3048,113,conference,mask_conference,environment,rest_deeply,failed,-3.0246,0.00000,-0.00000,0.00000,0.00000,0.00000,0.000000,0.000000,0.000000,0.000000,0.000000
3049,113,conference,mask_conference,environment,network_actively,goal_achieved,1.2879,0.00000,-0.00000,0.00000,0.00000,0.00000,0.000000,0.000000,0.000000,0.000000,0.000000
3050,113,conference,mask_conference,environment,network_actively,delayed,-0.5155,0.00000,0.00000,-0.00000,-0.00000,0.00000,0.000000,0.000000,-0.000000,-0.000000,0.000000
3051,113,conference,mask_conference,environment,network_actively,goal_achieved,1.2879,0.00000,-0.00000,0.00000,0.00000,0.00000,0.000000,-0.000000,0.000000,0.000000,0.000000
3052,114,work,mask_work,environment,tidy_up,failed,-1.6483,0.00000,0.00000,-0.00000,-0.00000,0.00000,0.000000,0.000000,0.000000,0.000000,0.000000
3053,114,work,mask_work,environment,quick_scan,goal_achieved,3.1152,-0.00000,0.00000,-0.00000,-0.00000,0.00000,-0.000000,0.000000,0.000000,0.000000,0.000000
3054,114,work,mask_work,environment,network_actively,delayed,-0.5101,0.00000,0.00000,-0.00000,-0.00000,-0.00000,0.000000,0.000000,0.000000,0.000000,-0.000000
3055,114,work,mask_work,environment,network_actively,failed,-1.1112,-0.00000,0.00000,-0.00000,-0.00000,0.00000,-0.000000,0.000000,0.000000,0.000000,0.000000
3056,114,work,mask_work,environment,quick_scan,delayed,-0.2459,0.00000,0.00000,-0.00000,-0.00000,-0.00000,0.000000,0.000000,0.000000,0.000000,-0.000000
3057,114,work,mask_work,environment,deep_work,goal_achieved,2.9767,0.00000,0.00000,-0.00000,-0.00000,-0.00000,0.000000,0.000000,0.000000,0.000000,0.000000
3058,114,work,mask_work,environment,network_actively,goal_achieved,1.2943,0.00000,-0.00000,0.00000,0.00000,-0.00000,0.000000,-0.000000,0.000000,0.000000,0.000000
3059,114,work,mask_work,environment,quick_scan,delayed,-0.2501,0.00000,0.00000,-0.00000,-0.00000,-0.00000,0.000000,0.000000,-0.000000,-0.000000,0.000000
3060,114,work,mask_work,environment,take_notes,delayed,-0.5557,0.00000,0.00000,-0.00000,-0.00000,-0.00000,0.000000,0.000000,0.000000,0.000000,0.000000
3061,114,home,mask_home,environment,quick_scan,failed,-1.4127,-0.00000,0.00000,-0.00000,-0.00000,-0.00000,0.000000,0.000000,0.000000,0.000000,-0.000000
3062,114,home,mask_home,environment,network_actively,failed,-1.2021,-0.00000,0.00000,-0.00000,-0.00000,0.00000,0.000000,0.000000,0.000000,0.000000,0.000000
3063,114,home,mask_home,environment,deep_work,delayed,-0.6383,-0.00000,-0.00000,-0.00000,-0.00000,0.00000,0.000000,-0.000000,0.000000,0.000000,0.000000
3064,114,home,mask_home,environment,network_actively,failed,-1.2021,-0.00000,0.00000,-0.00000,-0.00000,0.00000,0.000000,0.000000,0.000000,0.000000,0.000000
3065,114,home,mask_home,environment,network_actively,delayed,-0.6009,-0.00000,-0.00000,-0.00000,-0.00000,0.00000,0.000000,-0.000000,0.000000,0.000000,0.000000
3066,114,home,mask_home,environment,rest_deeply,goal_achieved,3.3313,-0.00000,-0.00000,-0.00000,-0.00000,0.00000,0.000000,0.000000,0.000000,0.000000,0.000000
3067,114,home,mask_home,environment,rest_deeply,goal_achieved,3.3313,-0.00000,-0.00000,-0.00000,-0.00000,0.00000,0.000000,0.000000,0.000000,0.000000,0.000000
3068,114,home,mask_home,environment,network_actively,failed,-1.2034,-0.00000,0.00000,-0.00000,-0.00000,0.00000,0.000000,0.000000,0.000000,0.000000,0.000000
3069,114,home,mask_home,environment,network_actively,failed,-1.2034,-0.00000,0.00000,-0.00000,-0.00000,0.00000,0.000000,0.000000,0.000000,0.000000,0.000000
3070,114,conference,mask_conference,environment,network_actively,goal_achieved,1.2879,0.00000,-0.00000,0.00000,0.00000,0.00000,0.000000,0.000000,0.000000,0.000000,0.000000
3071,114,conference,mask_conference,environment,network_actively,goal_achieved,1.2879,0.00000,-0.00000,0.00000,0.00000,0.00000,0.000000,0.000000,0.000000,0.000000,0.000000
3072,114,conference,mask_conference,environment,take_notes,goal_achieved,1.4745,0.00000,-0.00000,0.00000,0.00000,0.00000,0.000000,0.000000,0.000000,0.000000,0.000000
3073,114,conference,mask_conference,environment,network_actively,goal_achieved,1.2864,0.00000,-0.00000,0.00000,0.00000,0.00000,0.000000,0.000000,0.000000,0.000000,0.000000
3074,114,conference,mask_conference,environment,network_actively,goal_achieved,1.2864,0.00000,-0.00000,0.00000,0.00000,0.00000,0.000000,0.000000,0.000000,0.000000,0.000000
3075,114,conference,mask_conference,environment,network_actively,goal_achieved,1.2864,0.00000,-0.00000,0.00000,0.00000,0.00000,0.000000,0.000000,0.000000,0.000000,0.000000
3076,114,conference,mask_conference,environment,network_actively,delayed,-0.5169,0.00000,0.00000,-0.00000,-0.00000,0.00000,0.000000,0.000000,-0.000000,-0.000000,0.000000
3077,114,conference,mask_conference,environment,tidy_up,failed,-3.3091,0.00000,-0.00000,0.00000,0.00000,0.00000,0.000000,-0.000000,0.000000,0.000000,0.000000
3078,114,conference,mask_conference,environment,rest_deeply,goal_achieved,1.3693,-0.00000,-0.00000,0.00000,0.00000,0.00000,-0.000000,0.000000,0.000000,0.000000,0.000000
3079,115,work,mask_work,environment,network_actively,failed,-1.1081,-0.00000,0.00000,-0.00000,-0.00000,0.00000,-0.000000,0.000000,0.000000,0.000000,0.000000
3080,115,work,mask_work,environment,network_actively,goal_achieved,1.2964,0.00000,-0.00000,0.00000,0.00000,-0.00000,0.000000,-0.000000,0.000000,0.000000,-0.000000
3081,115,work,mask_work,environment,network_actively,failed,-1.1081,-0.00000,0.00000,-0.00000,-0.00000,0.00000,-0.000000,0.000000,-0.000000,-0.000000,0.000000
3082,115,work,mask_work,environment,rest_deeply,failed,-1.5242,0.00000,0.00000,-0.00000,-0.00000,-0.00000,0.000000,0.000000,0.000000,0.000000,-0.000000
3083,115,work,mask_work,environment,network_actively,goal_achieved,1.2975,0.00000,-0.00000,0.00000,0.00000,-0.00000,0.000000,-0.000000,0.000000,0.000000,0.000000
3084,115,work,mask_work,environment,network_actively,goal_achieved,1.2975,0.00000,-0.00000,0.00000,0.00000,-0.00000,0.000000,0.000000,0.000000,0.000000,0.000000
3085,115,work,mask_work,environment,quick_scan,goal_achieved,3.1059,-0.00000,0.00000,-0.00000,-0.00000,0.00000,-0.000000,0.000000,-0.000000,-0.000000,0.000000
3086,115,work,mask_work,environment,rest_deeply,delayed,-0.4348,0.00000,0.00000,-0.00000,-0.00000,-0.00000,0.000000,0.000000,0.000000,0.000000,-0.000000
3087,115,work,mask_work,environment,rest_deeply,failed,-1.5331,0.00000,0.00000,-0.00000,-0.00000,-0.00000,0.000000,0.000000,0.000000,0.000000,0.000000
3088,115,home,mask_home,environment,take_notes,delayed,-0.5241,-0.00000,-0.00000,-0.00000,-0.00000,0.00000,0.000000,-0.000000,0.000000,0.000000,0.000000
3089,115,home,mask_home,environment,network_actively,failed,-1.2035,-0.00000,0.00000,-0.00000,-0.00000,0.00000,0.000000,0.000000,0.000000,0.000000,0.000000
3090,115,home,mask_home,environment,network_actively,failed,-1.2035,-0.00000,0.00000,-0.00000,-0.00000,0.00000,0.000000,0.000000,0.000000,0.000000,0.000000
3091,115,home,mask_home,environment,network_actively,failed,-1.2035,-0.00000,0.00000,-0.00000,-0.00000,0.00000,0.000000,0.000000,0.000000,0.000000,0.000000
3092,115,home,mask_home,environment,take_notes,delayed,-0.5212,-0.00000,-0.00000,-0.00000,-0.00000,0.00000,0.000000,-0.000000,0.000000,0.000000,0.000000
3093,115,home,mask_home,environment,tidy_up,goal_achieved,3.1564,-0.00000,0.00000,-0.00000,-0.00000,0.00000,0.000000,0.000000,0.000000,0.000000,0.000000
3094,115,home,mask_home,environment,tidy_up,goal_achieved,3.1564,-0.00000,0.00000,-0.00000,-0.00000,0.00000,0.000000,0.000000,0.000000,0.000000,0.000000
3095,115,home,mask_home,environment,network_actively,failed,-1.2068,-0.00000,0.00000,-0.00000,-0.00000,0.00000,0.000000,0.000000,0.000000,0.000000,0.000000
3096,115,home,mask_home,environment,network_actively,failed,-1.2068,-0.00000,0.00000,-0.00000,-0.00000,0.00000,0.000000,0.000000,0.000000,0.000000,0.000000
3097,115,conference,mask_conference,environment,tidy_up,delayed,-2.1525,0.00000,-0.00000,0.00000,0.00000,0.00000,0.000000,0.000000,0.000000,0.000000,0.000000
3098,115,conference,mask_conference,environment,network_actively,delayed,-0.5200,0.00000,0.00000,-0.00000,-0.00000,0.00000,0.000000,0.000000,-0.000000,-0.000000,0.000000
3099,115,conference,mask_conference,environment,tidy_up,goal_achieved,1.3308,0.00000,-0.00000,0.00000,0.00000,-0.00000,0.000000,-0.000000,0.000000,0.000000,-0.000000
3100,115,conference,mask_conference,environment,quick_scan,goal_achieved,1.5568,0.00000,-0.00000,0.00000,0.00000,0.00000,0.000000,0.000000,0.000000,0.000000,0.000000
3101,115,conference,mask_conference,environment,rest_deeply,delayed,-1.9283,0.00000,-0.00000,0.00000,0.00000,0.00000,0.000000,0.000000,0.000000,0.000000,0.000000
3102,115,conference,mask_conference,environment,network_actively,goal_achieved,1.2785,0.00000,-0.00000,0.00000,0.00000,0.00000,0.000000,0.000000,0.000000,0.000000,0.000000
3103,115,conference,mask_conference,environment,deep_work,goal_achieved,1.1872,0.00000,-0.00000,0.00000,0.00000,-0.00000,0.000000,0.000000,0.000000,0.000000,-0.000000
3104,115,conference,mask_conference,environment,network_actively,delayed,-0.5280,0.00000,0.00000,-0.00000,-0.00000,0.00000,0.000000,0.000000,-0.000000,-0.000000,0.000000
3105,115,conference,mask_conference,environment,take_notes,goal_achieved,1.4696,0.00000,-0.00000,0.00000,0.00000,0.00000,0.000000,-0.000000,0.000000,0.000000,0.000000
3106,116,work,mask_work,environment,network_actively,failed,-1.1082,-0.00000,0.00000,-0.00000,-0.00000,0.00000,-0.000000,0.000000,0.000000,0.000000,0.000000
3107,116,work,mask_work,environment,network_actively,failed,-1.1082,-0.00000,0.00000,-0.00000,-0.00000,0.00000,0.000000,0.000000,0.000000,0.000000,0.000000
3108,116,work,mask_work,environment,network_actively,delayed,-0.5071,0.00000,0.00000,-0.00000,-0.00000,-0.00000,0.000000,0.000000,0.000000,0.000000,-0.000000
3109,116,work,mask_work,environment,deep_work,goal_achieved,2.9700,0.00000,0.00000,-0.00000,-0.00000,-0.00000,0.000000,0.000000,0.000000,0.000000,0.000000
3110,116,work,mask_work,environment,rest_deeply,failed,-1.5313,0.00000,0.00000,-0.00000,-0.00000,-0.00000,0.000000,0.000000,0.000000,0.000000,0.000000
3111,116,work,mask_work,environment,take_notes,failed,-1.6872,-0.00000,0.00000,-0.00000,-0.00000,0.00000,-0.000000,0.000000,0.000000,0.000000,0.000000
3112,116,work,mask_work,environment,network_actively,delayed,-0.5052,0.00000,0.00000,-0.00000,-0.00000,-0.00000,0.000000,0.000000,0.000000,0.000000,-0.000000
3113,116,work,mask_work,environment,network_actively,delayed,-0.5052,0.00000,0.00000,-0.00000,-0.00000,-0.00000,0.000000,0.000000,0.000000,0.000000,0.000000
3114,116,work,mask_work,environment,quick_scan,goal_achieved,3.1113,-0.00000,0.00000,-0.00000,-0.00000,0.00000,-0.000000,0.000000,0.000000,0.000000,0.000000
3115,116,home,mask_home,environment,take_notes,goal_achieved,2.8566,-0.00000,0.00000,-0.00000,-0.00000,0.00000,0.000000,0.000000,0.000000,0.000000,0.000000
3116,116,home,mask_home,environment,network_actively,failed,-1.2103,-0.00000,0.00000,-0.00000,-0.00000,0.00000,0.000000,0.000000,0.000000,0.000000,0.000000
3117,116,home,mask_home,environment,quick_scan,goal_achieved,3.0717,-0.00000,-0.00000,-0.00000,-0.00000,0.00000,0.000000,-0.000000,0.000000,0.000000,0.000000
3118,116,home,mask_home,environment,quick_scan,failed,-1.4115,-0.00000,0.00000,-0.00000,-0.00000,-0.00000,0.000000,0.000000,0.000000,0.000000,-0.000000
3119,116,home,mask_home,environment,network_actively,delayed,-0.6101,-0.00000,-0.00000,-0.00000,-0.00000,0.00000,0.000000,-0.000000,0.000000,0.000000,0.000000
3120,116,home,mask_home,environment,network_actively,delayed,-0.6101,-0.00000,-0.00000,-0.00000,-0.00000,0.00000,0.000000,0.000000,0.000000,0.000000,0.000000
3121,116,home,mask_home,environment,network_actively,failed,-1.2113,-0.00000,0.00000,-0.00000,-0.00000,0.00000,0.000000,0.000000,0.000000,0.000000,0.000000
3122,116,home,mask_home,environment,network_actively,failed,-1.2113,-0.00000,0.00000,-0.00000,-0.00000,0.00000,0.000000,0.000000,0.000000,0.000000,0.000000
3123,116,home,mask_home,environment,deep_work,goal_achieved,2.7921,-0.00000,0.00000,-0.00000,-0.00000,-0.00000,0.000000,0.000000,0.000000,0.000000,-0.000000
3124,116,conference,mask_conference,environment,network_actively,goal_achieved,1.2740,0.00000,-0.00000,0.00000,0.00000,0.00000,0.000000,0.000000,0.000000,0.000000,0.000000
3125,116,conference,mask_conference,environment,network_actively,delayed,-0.5294,0.00000,0.00000,-0.00000,-0.00000,0.00000,0.000000,0.000000,-0.000000,-0.000000,0.000000
3126,116,conference,mask_conference,environment,quick_scan,delayed,-1.8051,0.00000,-0.00000,0.00000,0.00000,-0.00000,0.000000,-0.000000,0.000000,0.000000,-0.000000
3127,116,conference,mask_conference,environment,quick_scan,failed,-2.9259,0.00000,-0.00000,0.00000,0.00000,-0.00000,0.000000,0.000000,0.000000,0.000000,0.000000
3128,116,conference,mask_conference,environment,network_actively,goal_achieved,1.2780,0.00000,-0.00000,0.00000,0.00000,0.00000,0.000000,0.000000,0.000000,0.000000,0.000000
3129,116,conference,mask_conference,environment,rest_deeply,delayed,-1.9249,0.00000,-0.00000,0.00000,0.00000,0.00000,0.000000,0.000000,0.000000,0.000000,0.000000
3130,116,conference,mask_conference,environment,network_actively,goal_achieved,1.2785,0.00000,-0.00000,0.00000,0.00000,0.00000,0.000000,0.000000,0.000000,0.000000,0.000000
3131,116,conference,mask_conference,environment,tidy_up,failed,-3.3076,0.00000,-0.00000,0.00000,0.00000,0.00000,0.000000,0.000000,0.000000,0.000000,0.000000
3132,116,conference,mask_conference,environment,rest_deeply,delayed,-1.9248,0.00000,-0.00000,0.00000,0.00000,0.00000,0.000000,0.000000,0.000000,0.000000,0.000000
3133,117,work,mask_work,environment,network_actively,goal_achieved,1.2961,0.00000,-0.00000,0.00000,0.00000,-0.00000,0.000000,-0.000000,0.000000,0.000000,-0.000000
3134,117,work,mask_work,environment,network_actively,failed,-1.1084,-0.00000,0.00000,-0.00000,-0.00000,0.00000,-0.000000,0.000000,-0.000000,-0.000000,0.000000
3135,117,work,mask_work,environment,network_actively,failed,-1.1084,-0.00000,0.00000,-0.00000,-0.00000,0.00000,0.000000,0.000000,0.000000,0.000000,0.000000
3136,117,work,mask_work,environment,network_actively,failed,-1.1084,-0.00000,0.00000,-0.00000,-0.00000,0.00000,0.000000,0.000000,0.000000,0.000000,0.000000
3137,117,work,mask_work,environment,quick_scan,goal_achieved,3.1116,-0.00000,0.00000,-0.00000,-0.00000,0.00000,0.000000,0.000000,0.000000,0.000000,0.000000
3138,117,work,mask_work,environment,network_actively,failed,-1.1104,-0.00000,0.00000,-0.00000,-0.00000,0.00000,0.000000,0.000000,0.000000,0.000000,0.000000
3139,117,work,mask_work,environment,tidy_up,goal_achieved,2.9850,-0.00000,0.00000,-0.00000,-0.00000,-0.00000,0.000000,0.000000,0.000000,0.000000,-0.000000
3140,117,work,mask_work,environment,network_actively,delayed,-0.5126,0.00000,0.00000,-0.00000,-0.00000,-0.00000,0.000000,0.000000,0.000000,0.000000,0.000000
3141,117,work,mask_work,environment,tidy_up,delayed,-0.4953,0.00000,0.00000,-0.00000,-0.00000,0.00000,0.000000,0.000000,0.000000,0.000000,0.000000
3142,117,home,mask_home,environment,network_actively,failed,-1.2151,-0.00000,0.00000,-0.00000,-0.00000,0.00000,0.000000,0.000000,0.000000,0.000000,0.000000
3143,117,home,mask_home,environment,take_notes,goal_achieved,2.8550,-0.00000,0.00000,-0.00000,-0.00000,0.00000,0.000000,0.000000,0.000000,0.000000,0.000000
3144,117,home,mask_home,environment,network_actively,failed,-1.2185,-0.00000,0.00000,-0.00000,-0.00000,0.00000,0.000000,0.000000,0.000000,0.000000,0.000000
3145,117,home,mask_home,environment,rest_deeply,goal_achieved,3.3272,-0.00000,-0.00000,-0.00000,-0.00000,0.00000,0.000000,-0.000000,0.000000,0.000000,0.000000
3146,117,home,mask_home,environment,quick_scan,delayed,-0.2954,-0.00000,-0.00000,-0.00000,-0.00000,0.00000,0.000000,0.000000,0.000000,0.000000,0.000000
3147,117,home,mask_home,environment,take_notes,delayed,-0.5234,-0.00000,-0.00000,-0.00000,-0.00000,0.00000,0.000000,0.000000,0.000000,0.000000,0.000000
3148,117,home,mask_home,environment,network_actively,failed,-1.2186,-0.00000,0.00000,-0.00000,-0.00000,0.00000,0.000000,0.000000,0.000000,0.000000,0.000000
3149,117,home,mask_home,environment,tidy_up,goal_achieved,3.1517,-0.00000,0.00000,-0.00000,-0.00000,0.00000,0.000000,0.000000,0.000000,0.000000,0.000000
3150,117,home,mask_home,environment,quick_scan,delayed,-0.2960,-0.00000,-0.00000,-0.00000,-0.00000,0.00000,0.000000,-0.000000,0.000000,0.000000,0.000000
3151,117,conference,mask_conference,environment,network_actively,delayed,-0.5236,0.00000,0.00000,-0.00000,-0.00000,0.00000,0.000000,0.000000,-0.000000,-0.000000,0.000000
3152,117,conference,mask_conference,environment,rest_deeply,delayed,-1.9219,0.00000,-0.00000,0.00000,0.00000,0.00000,0.000000,-0.000000,0.000000,0.000000,0.000000
3153,117,conference,mask_conference,environment,network_actively,delayed,-0.5232,0.00000,0.00000,-0.00000,-0.00000,0.00000,0.000000,0.000000,-0.000000,-0.000000,0.000000
3154,117,conference,mask_conference,environment,quick_scan,goal_achieved,1.5639,0.00000,-0.00000,0.00000,0.00000,0.00000,0.000000,-0.000000,0.000000,0.000000,0.000000
3155,117,conference,mask_conference,environment,rest_deeply,failed,-3.0188,0.00000,-0.00000,0.00000,0.00000,0.00000,0.000000,0.000000,0.000000,0.000000,0.000000
3156,117,conference,mask_conference,environment,network_actively,goal_achieved,1.2804,0.00000,-0.00000,0.00000,0.00000,0.00000,0.000000,0.000000,0.000000,0.000000,0.000000
3157,117,conference,mask_conference,environment,network_actively,goal_achieved,1.2804,0.00000,-0.00000,0.00000,0.00000,0.00000,0.000000,0.000000,0.000000,0.000000,0.000000
3158,117,conference,mask_conference,environment,network_actively,goal_achieved,1.2804,0.00000,-0.00000,0.00000,0.00000,0.00000,0.000000,0.000000,0.000000,0.000000,0.000000
3159,117,conference,mask_conference,environment,network_actively,goal_achieved,1.2804,0.00000,-0.00000,0.00000,0.00000,0.00000,0.000000,0.000000,0.000000,0.000000,0.000000
3160,118,work,mask_work,environment,quick_scan,goal_achieved,3.1105,-0.00000,0.00000,-0.00000,-0.00000,0.00000,-0.000000,0.000000,0.000000,0.000000,0.000000
3161,118,work,mask_work,environment,deep_work,goal_achieved,2.9659,0.00000,0.00000,-0.00000,-0.00000,-0.00000,0.000000,0.000000,0.000000,0.000000,-0.000000
3162,118,work,mask_work,environment,network_actively,delayed,-0.5143,0.00000,0.00000,-0.00000,-0.00000,-0.00000,0.000000,0.000000,0.000000,0.000000,0.000000
3163,118,work,mask_work,environment,network_actively,failed,-1.1154,-0.00000,0.00000,-0.00000,-0.00000,0.00000,-0.000000,0.000000,0.000000,0.000000,0.000000
3164,118,work,mask_work,environment,deep_work,delayed,-0.4626,-0.00000,-0.00000,0.00000,-0.00000,0.00000,0.000000,-0.000000,0.000000,0.000000,0.000000
3165,118,work,mask_work,environment,tidy_up,delayed,-0.4940,0.00000,0.00000,-0.00000,-0.00000,0.00000,0.000000,0.000000,-0.000000,0.000000,0.000000
3166,118,work,mask_work,environment,network_actively,failed,-1.1117,-0.00000,0.00000,-0.00000,-0.00000,0.00000,-0.000000,0.000000,0.000000,0.000000,0.000000
3167,118,work,mask_work,environment,tidy_up,failed,-1.6530,0.00000,0.00000,-0.00000,-0.00000,0.00000,0.000000,0.000000,0.000000,0.000000,0.000000
3168,118,work,mask_work,environment,network_actively,failed,-1.1094,-0.00000,0.00000,-0.00000,-0.00000,0.00000,-0.000000,0.000000,0.000000,0.000000,0.000000
3169,118,home,mask_home,environment,rest_deeply,goal_achieved,3.3276,-0.00000,-0.00000,-0.00000,-0.00000,0.00000,0.000000,0.000000,0.000000,0.000000,0.000000
3170,118,home,mask_home,environment,rest_deeply,goal_achieved,3.3276,-0.00000,-0.00000,-0.00000,-0.00000,0.00000,0.000000,0.000000,0.000000,0.000000,0.000000
3171,118,home,mask_home,environment,network_actively,delayed,-0.6199,-0.00000,-0.00000,-0.00000,-0.00000,0.00000,0.000000,0.000000,0.000000,0.000000,0.000000
3172,118,home,mask_home,environment,network_actively,failed,-1.2210,-0.00000,0.00000,-0.00000,-0.00000,0.00000,0.000000,0.000000,0.000000,0.000000,0.000000
3173,118,home,mask_home,environment,network_actively,failed,-1.2210,-0.00000,0.00000,-0.00000,-0.00000,0.00000,0.000000,0.000000,0.000000,0.000000,0.000000
3174,118,home,mask_home,environment,quick_scan,goal_achieved,3.0666,-0.00000,-0.00000,-0.00000,-0.00000,0.00000,0.000000,-0.000000,0.000000,0.000000,0.000000
3175,118,home,mask_home,environment,quick_scan,goal_achieved,3.0666,-0.00000,-0.00000,-0.00000,-0.00000,0.00000,0.000000,0.000000,0.000000,0.000000,0.000000
3176,118,home,mask_home,environment,quick_scan,failed,-1.4165,-0.00000,0.00000,-0.00000,-0.00000,-0.00000,0.000000,0.000000,0.000000,0.000000,-0.000000
3177,118,home,mask_home,environment,network_actively,goal_achieved,1.1801,-0.00000,-0.00000,0.00000,0.00000,0.00000,0.000000,-0.000000,0.000000,0.000000,0.000000
3178,118,conference,mask_conference,environment,quick_scan,goal_achieved,1.5629,0.00000,-0.00000,0.00000,0.00000,0.00000,0.000000,0.000000,0.000000,0.000000,0.000000
3179,118,conference,mask_conference,environment,take_notes,delayed,-1.9006,0.00000,-0.00000,0.00000,0.00000,0.00000,0.000000,0.000000,0.000000,0.000000,0.000000
3180,118,conference,mask_conference,environment,network_actively,goal_achieved,1.2819,0.00000,-0.00000,0.00000,0.00000,0.00000,0.000000,0.000000,0.000000,0.000000,0.000000
3181,118,conference,mask_conference,environment,network_actively,goal_achieved,1.2819,0.00000,-0.00000,0.00000,0.00000,0.00000,0.000000,0.000000,0.000000,0.000000,0.000000
3182,118,conference,mask_conference,environment,network_actively,goal_achieved,1.2819,0.00000,-0.00000,0.00000,0.00000,0.00000,0.000000,0.000000,0.000000,0.000000,0.000000
3183,118,conference,mask_conference,environment,tidy_up,delayed,-2.1437,0.00000,-0.00000,0.00000,0.00000,0.00000,0.000000,0.000000,0.000000,0.000000,0.000000
3184,118,conference,mask_conference,environment,take_notes,goal_achieved,1.4763,0.00000,-0.00000,0.00000,0.00000,0.00000,0.000000,0.000000,0.000000,0.000000,0.000000
3185,118,conference,mask_conference,environment,rest_deeply,delayed,-1.9253,0.00000,-0.00000,0.00000,0.00000,0.00000,0.000000,0.000000,0.000000,0.000000,0.000000
3186,118,conference,mask_conference,environment,network_actively,goal_achieved,1.2806,0.00000,-0.00000,0.00000,0.00000,0.00000,0.000000,0.000000,0.000000,0.000000,0.000000
3187,119,work,mask_work,environment,network_actively,failed,-1.1094,-0.00000,0.00000,-0.00000,-0.00000,0.00000,0.000000,0.000000,0.000000,0.000000,0.000000
3188,119,work,mask_work,environment,deep_work,goal_achieved,2.9740,0.00000,0.00000,-0.00000,-0.00000,-0.00000,0.000000,0.000000,0.000000,0.000000,-0.000000
3189,119,work,mask_work,environment,network_actively,failed,-1.1102,-0.00000,0.00000,-0.00000,-0.00000,0.00000,-0.000000,0.000000,0.000000,0.000000,0.000000
3190,119,work,mask_work,environment,take_notes,failed,-1.6835,-0.00000,0.00000,-0.00000,-0.00000,0.00000,0.000000,0.000000,0.000000,0.000000,0.000000
3191,119,work,mask_work,environment,network_actively,failed,-1.1085,-0.00000,0.00000,-0.00000,-0.00000,0.00000,0.000000,0.000000,0.000000,0.000000,0.000000
3192,119,work,mask_work,environment,rest_deeply,goal_achieved,2.8700,-0.00000,-0.00000,-0.00000,-0.00000,0.00000,0.000000,-0.000000,0.000000,0.000000,0.000000
3193,119,work,mask_work,environment,deep_work,delayed,-0.4556,-0.00000,-0.00000,0.00000,-0.00000,0.00000,0.000000,0.000000,0.000000,0.000000,0.000000
3194,119,work,mask_work,environment,tidy_up,goal_achieved,2.9919,-0.00000,0.00000,-0.00000,-0.00000,-0.00000,0.000000,0.000000,-0.000000,0.000000,-0.000000
3195,119,work,mask_work,environment,network_actively,failed,-1.1128,-0.00000,0.00000,-0.00000,-0.00000,0.00000,0.000000,0.000000,0.000000,0.000000,0.000000
3196,119,home,mask_home,environment,rest_deeply,goal_achieved,3.3220,-0.00000,-0.00000,-0.00000,-0.00000,0.00000,0.000000,0.000000,-0.000000,-0.000000,0.000000
3197,119,home,mask_home,environment,take_notes,goal_achieved,2.8481,-0.00000,0.00000,-0.00000,-0.00000,0.00000,0.000000,0.000000,0.000000,0.000000,0.000000
3198,119,home,mask_home,environment,tidy_up,goal_achieved,3.1414,-0.00000,0.00000,-0.00000,-0.00000,0.00000,0.000000,0.000000,0.000000,0.000000,0.000000
3199,119,home,mask_home,environment,rest_deeply,delayed,0.0222,-0.00000,0.00000,-0.00000,-0.00000,0.00000,0.000000,0.000000,0.000000,0.000000,0.000000
3200,119,home,mask_home,environment,network_actively,failed,-1.2267,-0.00000,0.00000,-0.00000,-0.00000,0.00000,0.000000,0.000000,0.000000,0.000000,0.000000
3201,119,home,mask_home,environment,tidy_up,goal_achieved,3.1454,-0.00000,0.00000,-0.00000,-0.00000,0.00000,0.000000,0.000000,0.000000,0.000000,0.000000
3202,119,home,mask_home,environment,rest_deeply,delayed,0.0216,-0.00000,0.00000,-0.00000,-0.00000,0.00000,0.000000,0.000000,0.000000,0.000000,0.000000
3203,119,home,mask_home,environment,deep_work,delayed,-0.6461,-0.00000,-0.00000,-0.00000,-0.00000,0.00000,0.000000,-0.000000,0.000000,0.000000,0.000000
3204,119,home,mask_home,environment,rest_deeply,goal_achieved,3.3166,-0.00000,-0.00000,-0.00000,-0.00000,0.00000,0.000000,0.000000,0.000000,0.000000,0.000000
3205,119,conference,mask_conference,environment,network_actively,goal_achieved,1.2806,0.00000,-0.00000,0.00000,0.00000,0.00000,0.000000,0.000000,0.000000,0.000000,0.000000
3206,119,conference,mask_conference,environment,network_actively,goal_achieved,1.2806,0.00000,-0.00000,0.00000,0.00000,0.00000,0.000000,0.000000,0.000000,0.000000,0.000000
3207,119,conference,mask_conference,environment,network_actively,goal_achieved,1.2806,0.00000,-0.00000,0.00000,0.00000,0.00000,0.000000,0.000000,0.000000,0.000000,0.000000
3208,119,conference,mask_conference,environment,deep_work,goal_achieved,1.1949,0.00000,-0.00000,0.00000,0.00000,-0.00000,0.000000,0.000000,0.000000,0.000000,-0.000000
3209,119,conference,mask_conference,environment,network_actively,goal_achieved,1.2775,0.00000,-0.00000,0.00000,0.00000,0.00000,0.000000,0.000000,0.000000,0.000000,0.000000
3210,119,conference,mask_conference,environment,network_actively,goal_achieved,1.2775,0.00000,-0.00000,0.00000,0.00000,0.00000,0.000000,0.000000,0.000000,0.000000,0.000000
3211,119,conference,mask_conference,environment,network_actively,goal_achieved,1.2775,0.00000,-0.00000,0.00000,0.00000,0.00000,0.000000,0.000000,0.000000,0.000000,0.000000
3212,119,conference,mask_conference,environment,network_actively,goal_achieved,1.2775,0.00000,-0.00000,0.00000,0.00000,0.00000,0.000000,0.000000,0.000000,0.000000,0.000000
3213,119,conference,mask_conference,environment,network_actively,delayed,-0.5259,0.00000,0.00000,-0.00000,-0.00000,0.00000,0.000000,0.000000,-0.000000,-0.000000,0.000000
3214,120,work,mask_work,environment,take_notes,delayed,-0.5590,0.00000,0.00000,-0.00000,-0.00000,-0.00000,0.000000,0.000000,0.000000,0.000000,-0.000000
3215,120,work,mask_work,environment,rest_deeply,failed,-1.5222,0.00000,0.00000,-0.00000,-0.00000,-0.00000,0.000000,0.000000,0.000000,0.000000,0.000000
3216,120,work,mask_work,environment,network_actively,goal_achieved,1.2931,0.00000,-0.00000,0.00000,0.00000,-0.00000,0.000000,-0.000000,0.000000,0.000000,0.000000
3217,120,work,mask_work,environment,network_actively,failed,-1.1114,-0.00000,0.00000,-0.00000,-0.00000,0.00000,-0.000000,0.000000,-0.000000,-0.000000,0.000000
3218,120,work,mask_work,environment,deep_work,delayed,-0.4584,-0.00000,-0.00000,0.00000,-0.00000,0.00000,0.000000,-0.000000,0.000000,0.000000,0.000000
3219,120,work,mask_work,environment,deep_work,goal_achieved,2.9714,0.00000,0.00000,-0.00000,-0.00000,-0.00000,0.000000,0.000000,-0.000000,0.000000,-0.000000
3220,120,work,mask_work,environment,network_actively,failed,-1.1096,-0.00000,0.00000,-0.00000,-0.00000,0.00000,-0.000000,0.000000,0.000000,0.000000,0.000000
3221,120,work,mask_work,environment,take_notes,goal_achieved,2.8222,0.00000,0.00000,-0.00000,-0.00000,-0.00000,0.000000,0.000000,0.000000,0.000000,-0.000000
3222,120,work,mask_work,environment,take_notes,goal_achieved,2.8222,0.00000,0.00000,-0.00000,-0.00000,-0.00000,0.000000,0.000000,0.000000,0.000000,0.000000
3223,120,home,mask_home,environment,rest_deeply,goal_achieved,3.3166,-0.00000,-0.00000,-0.00000,-0.00000,0.00000,0.000000,0.000000,0.000000,0.000000,0.000000
3224,120,home,mask_home,environment,take_notes,delayed,-0.5282,-0.00000,-0.00000,-0.00000,-0.00000,0.00000,0.000000,0.000000,0.000000,0.000000,0.000000
3225,120,home,mask_home,environment,network_actively,delayed,-0.6252,-0.00000,-0.00000,-0.00000,-0.00000,0.00000,0.000000,0.000000,0.000000,0.000000,0.000000
3226,120,home,mask_home,environment,network_actively,delayed,-0.6252,-0.00000,-0.00000,-0.00000,-0.00000,0.00000,0.000000,0.000000,0.000000,0.000000,0.000000
3227,120,home,mask_home,environment,network_actively,delayed,-0.6252,-0.00000,-0.00000,-0.00000,-0.00000,0.00000,0.000000,0.000000,0.000000,0.000000,0.000000
3228,120,home,mask_home,environment,network_actively,delayed,-0.6252,-0.00000,-0.00000,-0.00000,-0.00000,0.00000,0.000000,0.000000,0.000000,0.000000,0.000000
3229,120,home,mask_home,environment,quick_scan,failed,-1.4223,-0.00000,0.00000,-0.00000,-0.00000,-0.00000,0.000000,0.000000,0.000000,0.000000,-0.000000
3230,120,home,mask_home,environment,take_notes,failed,-1.6542,-0.00000,-0.00000,-0.00000,-0.00000,0.00000,0.000000,-0.000000,0.000000,0.000000,0.000000
3231,120,home,mask_home,environment,network_actively,failed,-1.2237,-0.00000,0.00000,-0.00000,-0.00000,0.00000,0.000000,0.000000,0.000000,0.000000,0.000000
3232,120,conference,mask_conference,environment,tidy_up,goal_achieved,1.3302,0.00000,-0.00000,0.00000,0.00000,-0.00000,0.000000,-0.000000,0.000000,0.000000,-0.000000
3233,120,conference,mask_conference,environment,network_actively,delayed,-0.5294,0.00000,0.00000,-0.00000,-0.00000,0.00000,0.000000,0.000000,-0.000000,-0.000000,0.000000
3234,120,conference,mask_conference,environment,network_actively,delayed,-0.5294,0.00000,0.00000,-0.00000,-0.00000,0.00000,0.000000,0.000000,0.000000,0.000000,0.000000
3235,120,conference,mask_conference,environment,network_actively,delayed,-0.5294,0.00000,0.00000,-0.00000,-0.00000,0.00000,0.000000,0.000000,0.000000,0.000000,0.000000
3236,120,conference,mask_conference,environment,rest_deeply,delayed,-1.9259,0.00000,-0.00000,0.00000,0.00000,0.00000,0.000000,-0.000000,0.000000,0.000000,0.000000
3237,120,conference,mask_conference,environment,rest_deeply,delayed,-1.9259,0.00000,-0.00000,0.00000,0.00000,0.00000,0.000000,0.000000,0.000000,0.000000,0.000000
3238,120,conference,mask_conference,environment,network_actively,goal_achieved,1.2748,0.00000,-0.00000,0.00000,0.00000,0.00000,0.000000,0.000000,0.000000,0.000000,0.000000
3239,120,conference,mask_conference,environment,network_actively,goal_achieved,1.2748,0.00000,-0.00000,0.00000,0.00000,0.00000,0.000000,0.000000,0.000000,0.000000,0.000000
3240,120,conference,mask_conference,environment,rest_deeply,goal_achieved,1.3678,-0.00000,-0.00000,0.00000,0.00000,0.00000,-0.000000,0.000000,0.000000,0.000000,0.000000
