update,episode,circumstance,mask,partner,style,outcome,chosen_regret,o,c,e,a,n,step_o,step_c,step_e,step_a,step_n
1,1,work,mask_work,carol,quick_tip,rejected,-2.1114,0.00000,-0.00000,0.00000,0.00000,-0.00000,0.000000,-0.000000,0.000000,0.000000,-0.000000
2,1,work,mask_work,dave,pair_up,rejected,-1.8915,-0.00000,-0.00000,-0.00000,-0.00000,0.00000,-0.000000,0.000000,-0.000000,-0.000000,0.000000
3,1,work,mask_work,bob,drop_everything,rejected,-2.0261,0.00000,0.00000,0.00000,-0.00000,-0.00000,0.000000,0.000000,0.000000,0.000000,-0.000000
4,1,work,mask_work,carol,pair_up,rejected,-1.6259,0.00000,-0.00000,-0.00000,-0.00000,0.00000,0.000000,-0.000000,-0.000000,0.000000,0.000000
5,1,work,mask_work,dave,drop_everything,rejected,-1.3847,0.00000,0.00000,-0.00000,-0.00000,-0.00000,0.000000,0.000000,0.000000,0.000000,-0.000000
6,1,work,mask_work,bob,pair_up,rejected,-1.3127,0.00000,0.00000,-0.00000,-0.00000,-0.00000,0.000000,0.000000,0.000000,0.000000,0.000000
7,1,work,mask_work,carol,drop_everything,rejected,-1.1192,0.00000,0.00000,-0.00000,-0.00000,-0.00000,0.000000,0.000000,0.000000,0.000000,0.000000
8,1,work,mask_work,dave,quick_tip,accepted,3.5778,0.00000,0.00000,-0.00000,-0.00000,-0.00000,0.000000,0.000000,0.000000,0.000000,0.000000
9,1,work,mask_work,bob,pair_up,rejected,-1.3127,0.00000,0.00000,-0.00000,-0.00000,-0.00000,0.000000,0.000000,0.000000,0.000000,0.000000
10,1,home,mask_home,carol,pair_up,accepted,1.8257,0.00000,0.00000,0.00000,0.00000,-0.00000,0.000000,0.000000,0.000000,0.000000,-0.000000
11,1,home,mask_home,dave,joke_deflect,accepted,1.9905,0.00000,-0.00000,0.00000,-0.00000,-0.00000,0.000000,-0.000000,0.000000,-0.000000,0.000000
12,1,home,mask_home,bob,teach,rejected,-2.1808,-0.00000,-0.00000,0.00000,-0.00000,-0.00000,-0.000000,0.000000,0.000000,0.000000,0.000000
13,1,home,mask_home,carol,drop_everything,accepted,1.1750,-0.00000,-0.00000,0.00000,0.00000,0.00000,0.000000,0.000000,0.000000,0.000000,0.000000
14,1,home,mask_home,dave,teach,tolerated,-0.6355,0.00000,-0.00000,0.00000,-0.00000,-0.00000,0.000000,0.000000,0.000000,-0.000000,-0.000000
15,1,home,mask_home,bob,drop_everything,rejected,-1.6800,0.00000,-0.00000,0.00000,-0.00000,-0.00000,0.000000,0.000000,0.000000,0.000000,0.000000
16,1,home,mask_home,carol,joke_deflect,tolerated,-1.1210,-0.00000,-0.00000,0.00000,0.00000,0.00000,-0.000000,0.000000,0.000000,0.000000,0.000000
17,1,home,mask_home,dave,teach,tolerated,-0.6355,0.00000,-0.00000,0.00000,-0.00000,-0.00000,0.000000,0.000000,0.000000,-0.000000,-0.000000
18,1,home,mask_home,bob,teach,rejected,-1.6020,0.00000,-0.00000,0.00000,-0.00000,-0.00000,0.000000,0.000000,0.000000,0.000000,0.000000
19,1,conference,mask_conference,carol,joke_deflect,tolerated,0.0991,0.00000,-0.00000,0.00000,-0.00000,-0.00000,0.000000,-0.000000,0.000000,-0.000000,-0.000000
20,1,conference,mask_conference,dave,teach,tolerated,-0.0269,0.00000,-0.00000,0.00000,-0.00000,-0.00000,0.000000,0.000000,0.000000,0.000000,0.000000
21,1,conference,mask_conference,bob,pair_up,tolerated,-0.0329,0.00000,-0.00000,0.00000,-0.00000,-0.00000,0.000000,0.000000,0.000000,0.000000,0.000000
22,1,conference,mask_conference,carol,joke_deflect,rejected,-1.7923,-0.00000,0.00000,-0.00000,0.00000,0.00000,-0.000000,0.000000,-0.000000,0.000000,0.000000
23,1,conference,mask_conference,dave,joke_deflect,accepted,1.9905,0.00000,-0.00000,0.00000,-0.00000,-0.00000,0.000000,-0.000000,0.000000,-0.000000,-0.000000
24,1,conference,mask_conference,bob,joke_deflect,rejected,-1.7923,-0.00000,0.00000,-0.00000,0.00000,0.00000,-0.000000,0.000000,-0.000000,0.000000,0.000000
25,1,conference,mask_conference,carol,joke_deflect,rejected,-1.7923,-0.00000,0.00000,-0.00000,0.00000,0.00000,0.000000,0.000000,0.000000,0.000000,0.000000
26,1,conference,mask_conference,dave,quick_tip,accepted,1.7490,0.00000,-0.00000,0.00000,-0.00000,-0.00000,0.000000,-0.000000,0.000000,-0.000000,-0.000000
27,1,conference,mask_conference,bob,joke_deflect,tolerated,0.0991,0.00000,-0.00000,0.00000,-0.00000,-0.00000,0.000000,0.000000,0.000000,0.000000,0.000000
28,2,work,mask_work,carol,joke_deflect,rejected,-0.3066,0.00000,0.00000,-0.00000,-0.00000,-0.00000,0.000000,0.000000,0.000000,0.000000,0.000000
29,2,work,mask_work,dave,drop_everything,rejected,-1.6502,0.00000,0.00000,-0.00000,-0.00000,-0.00000,0.000000,0.000000,0.000000,0.000000,0.000000
30,2,work,mask_work,bob,drop_everything,rejected,-1.3847,0.00000,0.00000,-0.00000,-0.00000,-0.00000,0.000000,0.000000,0.000000,0.000000,0.000000
31,2,work,mask_work,carol,quick_tip,tolerated,1.9519,-0.00000,0.00000,-0.00000,-0.00000,0.00000,-0.000000,0.000000,0.000000,0.000000,0.000000
32,2,work,mask_work,dave,pair_up,rejected,-1.5782,0.00000,0.00000,-0.00000,-0.00000,-0.00000,0.000000,0.000000,0.000000,0.000000,-0.000000
33,2,work,mask_work,bob,pair_up,rejected,-1.3127,0.00000,0.00000,-0.00000,-0.00000,-0.00000,0.000000,0.000000,0.000000,0.000000,0.000000
34,2,work,mask_work,carol,teach,accepted,4.0886,0.00000,0.00000,-0.00000,-0.00000,-0.00000,0.000000,0.000000,0.000000,0.000000,0.000000
35,2,work,mask_work,dave,drop_everything,rejected,-1.6502,0.00000,0.00000,-0.00000,-0.00000,-0.00000,0.000000,0.000000,0.000000,0.000000,0.000000
36,2,work,mask_work,bob,joke_deflect,rejected,-0.5721,-0.00000,0.00000,-0.00000,-0.00000,0.00000,-0.000000,0.000000,0.000000,0.000000,0.000000
37,2,home,mask_home,carol,pair_up,accepted,1.2470,-0.00000,-0.00000,0.00000,0.00000,0.00000,-0.000000,0.000000,0.000000,0.000000,0.000000
38,2,home,mask_home,dave,drop_everything,tolerated,-0.7135,0.00000,-0.00000,0.00000,-0.00000,-0.00000,0.000000,0.000000,0.000000,-0.000000,-0.000000
39,2,home,mask_home,bob,teach,rejected,-1.6020,0.00000,-0.00000,0.00000,-0.00000,-0.00000,0.000000,0.000000,0.000000,0.000000,0.000000
40,2,home,mask_home,carol,joke_deflect,tolerated,-1.1210,-0.00000,-0.00000,0.00000,0.00000,0.00000,-0.000000,0.000000,0.000000,0.000000,0.000000
41,2,home,mask_home,dave,pair_up,accepted,1.2171,0.00000,-0.00000,0.00000,-0.00000,-0.00000,0.000000,0.000000,0.000000,-0.000000,-0.000000
42,2,home,mask_home,bob,quick_tip,tolerated,1.0480,0.00000,-0.00000,0.00000,-0.00000,-0.00000,0.000000,0.000000,0.000000,0.000000,0.000000
43,2,home,mask_home,carol,drop_everything,accepted,1.1750,-0.00000,-0.00000,0.00000,0.00000,0.00000,-0.000000,0.000000,0.000000,0.000000,0.000000
44,2,home,mask_home,dave,pair_up,accepted,1.2171,0.00000,-0.00000,0.00000,-0.00000,-0.00000,0.000000,0.000000,0.000000,-0.000000,-0.000000
45,2,home,mask_home,bob,joke_deflect,rejected,-0.8675,-0.00000,0.00000,0.00000,0.00000,-0.00000,-0.000000,0.000000,0.000000,0.000000,0.000000
46,2,conference,mask_conference,carol,joke_deflect,rejected,-1.7923,-0.00000,0.00000,-0.00000,0.00000,0.00000,-0.000000,0.000000,-0.000000,0.000000,0.000000
47,2,conference,mask_conference,dave,joke_deflect,accepted,1.7250,0.00000,-0.00000,0.00000,-0.00000,-0.00000,0.000000,-0.000000,0.000000,-0.000000,-0.000000
48,2,conference,mask_conference,bob,joke_deflect,tolerated,0.0991,0.00000,-0.00000,0.00000,-0.00000,-0.00000,0.000000,0.000000,0.000000,0.000000,0.000000
49,2,conference,mask_conference,carol,joke_deflect,tolerated,0.0991,0.00000,-0.00000,0.00000,-0.00000,-0.00000,0.000000,0.000000,0.000000,0.000000,0.000000
50,2,conference,mask_conference,dave,drop_everything,rejected,-2.9002,0.00000,-0.00000,0.00000,-0.00000,-0.00000,0.000000,0.000000,0.000000,0.000000,0.000000
51,2,conference,mask_conference,bob,drop_everything,rejected,-1.8232,0.00000,0.00000,0.00000,-0.00000,-0.00000,0.000000,0.000000,0.000000,0.000000,0.000000
52,2,conference,mask_conference,carol,teach,accepted,2.4922,-0.00000,0.00000,-0.00000,0.00000,0.00000,-0.000000,0.000000,-0.000000,0.000000,0.000000
53,2,conference,mask_conference,dave,drop_everything,rejected,-2.9002,0.00000,-0.00000,0.00000,-0.00000,-0.00000,0.000000,-0.000000,0.000000,-0.000000,-0.000000
54,2,conference,mask_conference,bob,drop_everything,rejected,-1.8232,0.00000,0.00000,0.00000,-0.00000,-0.00000,0.000000,0.000000,0.000000,0.000000,0.000000
55,3,work,mask_work,carol,pair_up,rejected,-0.9174,0.00000,0.00000,-0.00000,-0.00000,-0.00000,0.000000,0.000000,0.000000,0.000000,-0.000000
56,3,work,mask_work,dave,joke_deflect,rejected,-0.8376,-0.00000,0.00000,-0.00000,-0.00000,0.00000,-0.000000,0.000000,0.000000,0.000000,0.000000
57,3,work,mask_work,bob,quick_tip,rejected,-0.2826,0.00000,0.00000,-0.00000,-0.00000,-0.00000,0.000000,0.000000,0.000000,0.000000,-0.000000
58,3,work,mask_work,carol,drop_everything,rejected,-0.9894,0.00000,0.00000,-0.00000,-0.00000,-0.00000,0.000000,0.000000,0.000000,0.000000,0.000000
59,3,work,mask_work,dave,quick_tip,accepted,4.1864,-0.00000,0.00000,-0.00000,-0.00000,0.00000,-0.000000,0.000000,0.000000,0.000000,0.000000
60,3,work,mask_work,bob,pair_up,rejected,-0.4386,0.00000,0.00000,-0.00000,-0.00000,-0.00000,0.000000,0.000000,0.000000,0.000000,-0.000000
61,3,work,mask_work,carol,pair_up,rejected,-0.9174,0.00000,0.00000,-0.00000,-0.00000,-0.00000,0.000000,0.000000,0.000000,0.000000,0.000000
62,3,work,mask_work,dave,drop_everything,rejected,-1.0416,-0.00000,0.00000,-0.00000,-0.00000,0.00000,-0.000000,0.000000,0.000000,0.000000,0.000000
63,3,work,mask_work,bob,drop_everything,rejected,-0.5106,0.00000,0.00000,-0.00000,-0.00000,-0.00000,0.000000,0.000000,0.000000,0.000000,-0.000000
64,3,home,mask_home,carol,pair_up,accepted,1.2470,-0.00000,-0.00000,0.00000,0.00000,0.00000,0.000000,-0.000000,0.000000,0.000000,0.000000
65,3,home,mask_home,dave,teach,tolerated,-1.2769,0.00000,-0.00000,0.00000,-0.00000,-0.00000,0.000000,0.000000,0.000000,-0.000000,-0.000000
66,3,home,mask_home,bob,drop_everything,tolerated,0.8498,-0.00000,0.00000,0.00000,0.00000,0.00000,-0.000000,0.000000,0.000000,0.000000,0.000000
67,3,home,mask_home,carol,pair_up,accepted,1.2470,-0.00000,-0.00000,0.00000,0.00000,0.00000,0.000000,-0.000000,0.000000,0.000000,0.000000
68,3,home,mask_home,dave,pair_up,accepted,1.2171,0.00000,-0.00000,0.00000,-0.00000,-0.00000,0.000000,0.000000,0.000000,-0.000000,-0.000000
69,3,home,mask_home,bob,teach,rejected,-1.2828,-0.00000,0.00000,0.00000,0.00000,0.00000,-0.000000,0.000000,0.000000,0.000000,0.000000
70,3,home,mask_home,carol,joke_deflect,rejected,-3.0124,-0.00000,0.00000,-0.00000,0.00000,0.00000,0.000000,0.000000,-0.000000,0.000000,0.000000
71,3,home,mask_home,dave,teach,rejected,-3.4308,0.00000,-0.00000,0.00000,-0.00000,-0.00000,0.000000,-0.000000,0.000000,-0.000000,-0.000000
72,3,home,mask_home,bob,drop_everything,tolerated,0.8498,-0.00000,0.00000,0.00000,0.00000,0.00000,-0.000000,0.000000,0.000000,0.000000,0.000000
73,3,conference,mask_conference,carol,joke_deflect,tolerated,-0.2469,0.00000,0.00000,-0.00000,-0.00000,-0.00000,0.000000,0.000000,-0.000000,0.000000,0.000000
74,3,conference,mask_conference,dave,pair_up,accepted,1.5304,0.00000,0.00000,0.00000,-0.00000,-0.00000,0.000000,0.000000,0.000000,0.000000,0.000000
75,3,conference,mask_conference,bob,joke_deflect,rejected,-1.2135,0.00000,0.00000,-0.00000,0.00000,-0.00000,0.000000,0.000000,-0.000000,0.000000,0.000000
76,3,conference,mask_conference,carol,help_after_task,rejected,-2.5150,0.00000,0.00000,-0.00000,0.00000,0.00000,0.000000,0.000000,0.000000,0.000000,0.000000
77,3,conference,mask_conference,dave,pair_up,accepted,1.5304,0.00000,0.00000,0.00000,-0.00000,-0.00000,0.000000,0.000000,0.000000,-0.000000,-0.000000
78,3,conference,mask_conference,bob,quick_tip,rejected,-1.2283,0.00000,0.00000,0.00000,-0.00000,-0.00000,0.000000,0.000000,0.000000,0.000000,0.000000
79,3,conference,mask_conference,carol,pair_up,accepted,1.8436,0.00000,0.00000,0.00000,0.00000,-0.00000,0.000000,0.000000,0.000000,0.000000,0.000000
80,3,conference,mask_conference,dave,joke_deflect,accepted,1.6624,0.00000,0.00000,0.00000,-0.00000,-0.00000,0.000000,0.000000,0.000000,-0.000000,0.000000
81,3,conference,mask_conference,bob,teach,tolerated,1.1217,0.00000,0.00000,0.00000,-0.00000,-0.00000,0.000000,0.000000,0.000000,0.000000,0.000000
82,4,work,mask_work,carol,pair_up,rejected,-0.9174,0.00000,0.00000,-0.00000,-0.00000,-0.00000,0.000000,0.000000,0.000000,0.000000,0.000000
83,4,work,mask_work,dave,pair_up,rejected,-0.9696,-0.00000,0.00000,-0.00000,-0.00000,0.00000,-0.000000,0.000000,0.000000,0.000000,0.000000
84,4,work,mask_work,bob,pair_up,rejected,-0.4386,0.00000,0.00000,-0.00000,-0.00000,-0.00000,0.000000,0.000000,0.000000,0.000000,-0.000000
85,4,work,mask_work,carol,joke_deflect,rejected,-0.7854,0.00000,0.00000,-0.00000,-0.00000,-0.00000,0.000000,0.000000,0.000000,0.000000,0.000000
86,4,work,mask_work,dave,quick_tip,accepted,4.1864,-0.00000,0.00000,-0.00000,-0.00000,0.00000,-0.000000,0.000000,0.000000,0.000000,0.000000
87,4,work,mask_work,bob,drop_everything,rejected,-0.5106,0.00000,0.00000,-0.00000,-0.00000,-0.00000,0.000000,0.000000,0.000000,0.000000,-0.000000
88,4,work,mask_work,carol,joke_deflect,rejected,-0.7854,0.00000,0.00000,-0.00000,-0.00000,-0.00000,0.000000,0.000000,0.000000,0.000000,0.000000
89,4,work,mask_work,dave,joke_deflect,rejected,-0.8376,-0.00000,0.00000,-0.00000,-0.00000,0.00000,-0.000000,0.000000,0.000000,0.000000,0.000000
90,4,work,mask_work,bob,pair_up,rejected,-0.4386,0.00000,0.00000,-0.00000,-0.00000,-0.00000,0.000000,0.000000,0.000000,0.000000,-0.000000
91,4,home,mask_home,carol,drop_everything,accepted,1.3778,-0.00000,0.00000,0.00000,0.00000,0.00000,0.000000,0.000000,0.000000,0.000000,0.000000
92,4,home,mask_home,dave,help_after_task,rejected,-3.6367,0.00000,-0.00000,0.00000,-0.00000,-0.00000,0.000000,-0.000000,0.000000,-0.000000,-0.000000
93,4,home,mask_home,bob,joke_deflect,rejected,-1.2533,-0.00000,0.00000,0.00000,0.00000,0.00000,-0.000000,0.000000,0.000000,0.000000,0.000000
94,4,home,mask_home,carol,pair_up,accepted,1.4498,-0.00000,0.00000,0.00000,0.00000,0.00000,0.000000,0.000000,0.000000,0.000000,0.000000
95,4,home,mask_home,dave,joke_deflect,accepted,1.4953,0.00000,-0.00000,0.00000,-0.00000,-0.00000,0.000000,-0.000000,0.000000,-0.000000,-0.000000
96,4,home,mask_home,bob,drop_everything,rejected,-1.0715,-0.00000,0.00000,0.00000,0.00000,-0.00000,-0.000000,0.000000,0.000000,0.000000,0.000000
97,4,home,mask_home,carol,teach,rejected,-3.1981,-0.00000,-0.00000,0.00000,0.00000,0.00000,0.000000,-0.000000,0.000000,0.000000,0.000000
98,4,home,mask_home,dave,pair_up,accepted,1.3633,0.00000,-0.00000,0.00000,-0.00000,-0.00000,0.000000,0.000000,0.000000,-0.000000,-0.000000
99,4,home,mask_home,bob,teach,rejected,-1.2828,-0.00000,0.00000,0.00000,0.00000,0.00000,-0.000000,0.000000,0.000000,0.000000,0.000000
100,4,conference,mask_conference,carol,teach,accepted,1.8496,0.00000,0.00000,0.00000,0.00000,-0.00000,0.000000,0.000000,0.000000,0.000000,0.000000
101,4,conference,mask_conference,dave,drop_everything,rejected,-3.5416,0.00000,0.00000,0.00000,-0.00000,-0.00000,0.000000,0.000000,0.000000,-0.000000,0.000000
102,4,conference,mask_conference,bob,pair_up,rejected,-0.7429,0.00000,0.00000,-0.00000,-0.00000,-0.00000,0.000000,0.000000,-0.000000,0.000000,0.000000
103,4,conference,mask_conference,carol,pair_up,accepted,1.8436,0.00000,0.00000,0.00000,0.00000,-0.00000,0.000000,0.000000,0.000000,0.000000,0.000000
104,4,conference,mask_conference,dave,drop_everything,rejected,-3.5416,0.00000,0.00000,0.00000,-0.00000,-0.00000,0.000000,0.000000,0.000000,-0.000000,0.000000
105,4,conference,mask_conference,bob,joke_deflect,rejected,-0.6273,0.00000,0.00000,-0.00000,0.00000,-0.00000,0.000000,0.000000,-0.000000,0.000000,0.000000
106,4,conference,mask_conference,carol,drop_everything,rejected,-2.6496,0.00000,0.00000,0.00000,-0.00000,-0.00000,0.000000,0.000000,0.000000,-0.000000,0.000000
107,4,conference,mask_conference,dave,drop_everything,rejected,-3.5416,0.00000,0.00000,0.00000,-0.00000,-0.00000,0.000000,0.000000,0.000000,0.000000,0.000000
108,4,conference,mask_conference,bob,joke_deflect,rejected,-0.6273,0.00000,0.00000,-0.00000,0.00000,-0.00000,0.000000,0.000000,-0.000000,0.000000,0.000000
109,5,work,mask_work,carol,pair_up,rejected,-0.9174,0.00000,0.00000,-0.00000,-0.00000,-0.00000,0.000000,0.000000,0.000000,0.000000,0.000000
110,5,work,mask_work,dave,pair_up,rejected,-0.9696,-0.00000,0.00000,-0.00000,-0.00000,0.00000,-0.000000,0.000000,0.000000,0.000000,0.000000
111,5,work,mask_work,bob,joke_deflect,rejected,-0.3066,0.00000,0.00000,-0.00000,-0.00000,-0.00000,0.000000,0.000000,0.000000,0.000000,-0.000000
112,5,work,mask_work,carol,joke_deflect,rejected,-0.7854,0.00000,0.00000,-0.00000,-0.00000,-0.00000,0.000000,0.000000,0.000000,0.000000,0.000000
113,5,work,mask_work,dave,joke_deflect,rejected,-0.8376,-0.00000,0.00000,-0.00000,-0.00000,0.00000,-0.000000,0.000000,0.000000,0.000000,0.000000
114,5,work,mask_work,bob,drop_everything,rejected,-0.5106,0.00000,0.00000,-0.00000,-0.00000,-0.00000,0.000000,0.000000,0.000000,0.000000,-0.000000
115,5,work,mask_work,carol,pair_up,rejected,-0.9174,0.00000,0.00000,-0.00000,-0.00000,-0.00000,0.000000,0.000000,0.000000,0.000000,0.000000
116,5,work,mask_work,dave,drop_everything,rejected,-1.0416,-0.00000,0.00000,-0.00000,-0.00000,0.00000,-0.000000,0.000000,0.000000,0.000000,0.000000
117,5,work,mask_work,bob,joke_deflect,rejected,-0.3066,0.00000,0.00000,-0.00000,-0.00000,-0.00000,0.000000,0.000000,0.000000,0.000000,-0.000000
118,5,home,mask_home,carol,joke_deflect,tolerated,-0.7750,-0.00000,-0.00000,0.00000,0.00000,0.00000,0.000000,-0.000000,0.000000,0.000000,0.000000
119,5,home,mask_home,dave,joke_deflect,accepted,1.4953,0.00000,-0.00000,0.00000,-0.00000,-0.00000,0.000000,0.000000,0.000000,-0.000000,-0.000000
120,5,home,mask_home,bob,teach,rejected,-1.2828,-0.00000,0.00000,0.00000,0.00000,0.00000,-0.000000,0.000000,0.000000,0.000000,0.000000
121,5,home,mask_home,carol,teach,rejected,-3.2488,-0.00000,-0.00000,0.00000,0.00000,0.00000,0.000000,-0.000000,0.000000,0.000000,0.000000
122,5,home,mask_home,dave,drop_everything,rejected,-3.1299,0.00000,-0.00000,0.00000,-0.00000,-0.00000,0.000000,0.000000,0.000000,-0.000000,-0.000000
123,5,home,mask_home,bob,drop_everything,rejected,-1.0715,-0.00000,0.00000,0.00000,0.00000,-0.00000,-0.000000,0.000000,0.000000,0.000000,0.000000
124,5,home,mask_home,carol,pair_up,accepted,1.7452,-0.00000,-0.00000,0.00000,0.00000,0.00000,0.000000,-0.000000,0.000000,0.000000,0.000000
125,5,home,mask_home,dave,quick_tip,accepted,1.5432,0.00000,-0.00000,0.00000,-0.00000,-0.00000,0.000000,0.000000,0.000000,-0.000000,-0.000000
126,5,home,mask_home,bob,drop_everything,tolerated,0.8498,-0.00000,0.00000,0.00000,0.00000,0.00000,-0.000000,0.000000,0.000000,0.000000,0.000000
127,5,conference,mask_conference,carol,pair_up,accepted,2.4224,0.00000,0.00000,0.00000,-0.00000,-0.00000,0.000000,0.000000,0.000000,-0.000000,0.000000
128,5,conference,mask_conference,dave,drop_everything,rejected,-3.5416,0.00000,0.00000,0.00000,-0.00000,-0.00000,0.000000,0.000000,0.000000,0.000000,0.000000
129,5,conference,mask_conference,bob,teach,tolerated,1.5438,0.00000,0.00000,-0.00000,-0.00000,-0.00000,0.000000,0.000000,-0.000000,0.000000,0.000000
130,5,conference,mask_conference,carol,quick_tip,rejected,-2.1561,0.00000,0.00000,0.00000,0.00000,-0.00000,0.000000,0.000000,0.000000,0.000000,0.000000
131,5,conference,mask_conference,dave,quick_tip,accepted,1.6864,0.00000,0.00000,0.00000,-0.00000,-0.00000,0.000000,0.000000,0.000000,-0.000000,0.000000
132,5,conference,mask_conference,bob,joke_deflect,rejected,-0.6273,0.00000,0.00000,-0.00000,0.00000,-0.00000,0.000000,0.000000,-0.000000,0.000000,0.000000
133,5,conference,mask_conference,carol,drop_everything,rejected,-2.3841,0.00000,0.00000,0.00000,0.00000,-0.00000,0.000000,0.000000,0.000000,0.000000,0.000000
134,5,conference,mask_conference,dave,teach,rejected,-3.1176,0.00000,-0.00000,0.00000,-0.00000,-0.00000,0.000000,-0.000000,0.000000,-0.000000,0.000000
135,5,conference,mask_conference,bob,drop_everything,rejected,-1.0052,0.00000,0.00000,-0.00000,-0.00000,-0.00000,0.000000,0.000000,-0.000000,0.000000,0.000000
136,6,work,mask_work,carol,quick_tip,rejected,-0.6287,0.00000,0.00000,-0.00000,-0.00000,-0.00000,0.000000,0.000000,0.000000,0.000000,0.000000
137,6,work,mask_work,dave,teach,rejected,-0.6176,-0.00000,0.00000,-0.00000,-0.00000,0.00000,-0.000000,0.000000,0.000000,0.000000,0.000000
138,6,work,mask_work,bob,pair_up,rejected,-0.4386,0.00000,0.00000,-0.00000,-0.00000,-0.00000,0.000000,0.000000,0.000000,0.000000,-0.000000
139,6,work,mask_work,carol,joke_deflect,rejected,-0.7412,0.00000,0.00000,-0.00000,-0.00000,-0.00000,0.000000,0.000000,0.000000,0.000000,0.000000
140,6,work,mask_work,dave,joke_deflect,rejected,-0.4916,-0.00000,0.00000,-0.00000,-0.00000,0.00000,-0.000000,0.000000,0.000000,0.000000,0.000000
141,6,work,mask_work,bob,drop_everything,rejected,-0.5106,0.00000,0.00000,-0.00000,-0.00000,-0.00000,0.000000,0.000000,0.000000,0.000000,-0.000000
142,6,work,mask_work,carol,joke_deflect,rejected,-0.7412,0.00000,0.00000,-0.00000,-0.00000,-0.00000,0.000000,0.000000,0.000000,0.000000,0.000000
143,6,work,mask_work,dave,teach,tolerated,1.5364,-0.00000,0.00000,-0.00000,-0.00000,0.00000,-0.000000,0.000000,0.000000,0.000000,0.000000
144,6,work,mask_work,bob,joke_deflect,rejected,-0.3066,0.00000,0.00000,-0.00000,-0.00000,-0.00000,0.000000,0.000000,0.000000,0.000000,-0.000000
145,6,home,mask_home,carol,pair_up,accepted,1.7452,-0.00000,-0.00000,0.00000,0.00000,0.00000,0.000000,-0.000000,0.000000,0.000000,0.000000
146,6,home,mask_home,dave,pair_up,accepted,1.3872,0.00000,-0.00000,0.00000,-0.00000,-0.00000,0.000000,0.000000,0.000000,-0.000000,-0.000000
147,6,home,mask_home,bob,quick_tip,rejected,-0.8673,-0.00000,0.00000,0.00000,0.00000,0.00000,-0.000000,0.000000,0.000000,0.000000,0.000000
148,6,home,mask_home,carol,quick_tip,tolerated,-0.5988,-0.00000,-0.00000,0.00000,0.00000,0.00000,0.000000,-0.000000,0.000000,0.000000,0.000000
149,6,home,mask_home,dave,joke_deflect,accepted,1.5192,0.00000,-0.00000,0.00000,-0.00000,-0.00000,0.000000,0.000000,0.000000,-0.000000,-0.000000
150,6,home,mask_home,bob,quick_tip,tolerated,1.3672,-0.00000,0.00000,0.00000,0.00000,0.00000,-0.000000,0.000000,0.000000,0.000000,0.000000
151,6,home,mask_home,carol,drop_everything,accepted,1.6732,-0.00000,-0.00000,0.00000,0.00000,0.00000,0.000000,-0.000000,0.000000,0.000000,0.000000
152,6,home,mask_home,dave,pair_up,accepted,1.3872,0.00000,-0.00000,0.00000,-0.00000,-0.00000,0.000000,0.000000,0.000000,-0.000000,-0.000000
153,6,home,mask_home,bob,joke_deflect,tolerated,0.8231,0.00000,-0.00000,0.00000,-0.00000,-0.00000,0.000000,0.000000,0.000000,0.000000,0.000000
154,6,conference,mask_conference,carol,joke_deflect,tolerated,0.0156,0.00000,0.00000,0.00000,-0.00000,-0.00000,0.000000,0.000000,0.000000,0.000000,0.000000
155,6,conference,mask_conference,dave,drop_everything,rejected,-3.3686,0.00000,0.00000,0.00000,-0.00000,-0.00000,0.000000,0.000000,0.000000,0.000000,0.000000
156,6,conference,mask_conference,bob,quick_tip,rejected,-0.7772,0.00000,0.00000,-0.00000,-0.00000,-0.00000,0.000000,0.000000,-0.000000,0.000000,0.000000
157,6,conference,mask_conference,carol,drop_everything,rejected,-2.4276,0.00000,0.00000,0.00000,0.00000,-0.00000,0.000000,0.000000,0.000000,0.000000,0.000000
158,6,conference,mask_conference,dave,teach,tolerated,-0.9636,0.00000,0.00000,0.00000,-0.00000,-0.00000,0.000000,0.000000,0.000000,-0.000000,0.000000
159,6,conference,mask_conference,bob,drop_everything,rejected,-1.0052,0.00000,0.00000,-0.00000,-0.00000,-0.00000,0.000000,0.000000,-0.000000,0.000000,0.000000
160,6,conference,mask_conference,carol,pair_up,accepted,2.6444,0.00000,0.00000,0.00000,0.00000,-0.00000,0.000000,0.000000,0.000000,0.000000,0.000000
161,6,conference,mask_conference,dave,drop_everything,rejected,-3.4263,0.00000,0.00000,0.00000,-0.00000,-0.00000,0.000000,0.000000,0.000000,-0.000000,0.000000
162,6,conference,mask_conference,bob,drop_everything,rejected,-1.0052,0.00000,0.00000,-0.00000,-0.00000,-0.00000,0.000000,0.000000,-0.000000,0.000000,0.000000
163,7,work,mask_work,carol,teach,accepted,4.1328,0.00000,0.00000,-0.00000,-0.00000,-0.00000,0.000000,0.000000,0.000000,0.000000,0.000000
164,7,work,mask_work,dave,joke_deflect,rejected,-0.6646,-0.00000,0.00000,-0.00000,-0.00000,0.00000,-0.000000,0.000000,0.000000,0.000000,0.000000
165,7,work,mask_work,bob,pair_up,rejected,-0.4386,0.00000,0.00000,-0.00000,-0.00000,-0.00000,0.000000,0.000000,0.000000,0.000000,-0.000000
166,7,work,mask_work,carol,joke_deflect,rejected,-0.7412,0.00000,0.00000,-0.00000,-0.00000,-0.00000,0.000000,0.000000,0.000000,0.000000,0.000000
167,7,work,mask_work,dave,quick_tip,accepted,4.3594,-0.00000,0.00000,-0.00000,-0.00000,0.00000,-0.000000,0.000000,0.000000,0.000000,0.000000
168,7,work,mask_work,bob,drop_everything,rejected,-0.5106,0.00000,0.00000,-0.00000,-0.00000,-0.00000,0.000000,0.000000,0.000000,0.000000,-0.000000
169,7,work,mask_work,carol,quick_tip,tolerated,1.6058,0.00000,0.00000,-0.00000,-0.00000,0.00000,0.000000,0.000000,0.000000,0.000000,0.000000
170,7,work,mask_work,dave,teach,tolerated,1.5364,-0.00000,0.00000,-0.00000,-0.00000,0.00000,-0.000000,0.000000,0.000000,0.000000,0.000000
171,7,work,mask_work,bob,drop_everything,rejected,-0.5106,0.00000,0.00000,-0.00000,-0.00000,-0.00000,0.000000,0.000000,0.000000,0.000000,-0.000000
172,7,home,mask_home,carol,teach,rejected,-3.2488,-0.00000,-0.00000,0.00000,0.00000,0.00000,-0.000000,0.000000,0.000000,0.000000,0.000000
173,7,home,mask_home,dave,drop_everything,tolerated,-1.4742,0.00000,-0.00000,0.00000,-0.00000,-0.00000,0.000000,0.000000,0.000000,-0.000000,-0.000000
174,7,home,mask_home,bob,joke_deflect,rejected,-1.0683,-0.00000,0.00000,0.00000,0.00000,0.00000,-0.000000,0.000000,0.000000,0.000000,0.000000
175,7,home,mask_home,carol,pair_up,accepted,1.7452,-0.00000,-0.00000,0.00000,0.00000,0.00000,0.000000,-0.000000,0.000000,0.000000,0.000000
176,7,home,mask_home,dave,quick_tip,accepted,1.4467,0.00000,-0.00000,0.00000,-0.00000,-0.00000,0.000000,0.000000,0.000000,-0.000000,-0.000000
177,7,home,mask_home,bob,drop_everything,rejected,-1.1351,0.00000,0.00000,0.00000,-0.00000,-0.00000,0.000000,0.000000,0.000000,0.000000,0.000000
178,7,home,mask_home,carol,joke_deflect,rejected,-2.6664,-0.00000,-0.00000,0.00000,0.00000,0.00000,-0.000000,-0.000000,0.000000,0.000000,0.000000
179,7,home,mask_home,dave,joke_deflect,accepted,1.4227,0.00000,-0.00000,0.00000,-0.00000,-0.00000,0.000000,0.000000,0.000000,-0.000000,-0.000000
180,7,home,mask_home,bob,teach,rejected,-1.3051,-0.00000,0.00000,0.00000,0.00000,-0.00000,-0.000000,0.000000,0.000000,0.000000,0.000000
181,7,conference,mask_conference,carol,teach,accepted,2.6504,0.00000,0.00000,0.00000,0.00000,-0.00000,0.000000,0.000000,0.000000,0.000000,0.000000
182,7,conference,mask_conference,dave,joke_deflect,accepted,1.7777,0.00000,0.00000,0.00000,-0.00000,-0.00000,0.000000,0.000000,0.000000,-0.000000,0.000000
183,7,conference,mask_conference,bob,pair_up,rejected,-0.6125,0.00000,0.00000,-0.00000,-0.00000,-0.00000,0.000000,0.000000,-0.000000,0.000000,0.000000
184,7,conference,mask_conference,carol,teach,accepted,2.6504,0.00000,0.00000,0.00000,0.00000,-0.00000,0.000000,0.000000,0.000000,0.000000,0.000000
185,7,conference,mask_conference,dave,teach,rejected,-3.1176,0.00000,-0.00000,0.00000,-0.00000,-0.00000,0.000000,-0.000000,0.000000,-0.000000,0.000000
186,7,conference,mask_conference,bob,quick_tip,rejected,-0.6703,0.00000,0.00000,-0.00000,-0.00000,-0.00000,0.000000,0.000000,-0.000000,0.000000,0.000000
187,7,conference,mask_conference,carol,pair_up,accepted,2.6444,0.00000,0.00000,0.00000,0.00000,-0.00000,0.000000,0.000000,0.000000,0.000000,0.000000
188,7,conference,mask_conference,dave,joke_deflect,accepted,1.8354,0.00000,0.00000,0.00000,-0.00000,-0.00000,0.000000,0.000000,0.000000,-0.000000,0.000000
189,7,conference,mask_conference,bob,drop_everything,rejected,-0.8983,0.00000,0.00000,-0.00000,-0.00000,-0.00000,0.000000,0.000000,-0.000000,0.000000,0.000000
190,8,work,mask_work,carol,pair_up,rejected,-0.9174,0.00000,0.00000,-0.00000,-0.00000,-0.00000,0.000000,0.000000,0.000000,0.000000,0.000000
191,8,work,mask_work,dave,teach,tolerated,1.5364,-0.00000,0.00000,-0.00000,-0.00000,0.00000,-0.000000,0.000000,0.000000,0.000000,0.000000
192,8,work,mask_work,bob,drop_everything,rejected,-0.5106,0.00000,0.00000,-0.00000,-0.00000,-0.00000,0.000000,0.000000,0.000000,0.000000,-0.000000
193,8,work,mask_work,carol,joke_deflect,rejected,-0.7854,0.00000,0.00000,-0.00000,-0.00000,-0.00000,0.000000,0.000000,0.000000,0.000000,0.000000
194,8,work,mask_work,dave,quick_tip,accepted,4.2729,-0.00000,0.00000,-0.00000,-0.00000,0.00000,-0.000000,0.000000,0.000000,0.000000,0.000000
195,8,work,mask_work,bob,joke_deflect,rejected,-0.3066,0.00000,0.00000,-0.00000,-0.00000,-0.00000,0.000000,0.000000,0.000000,0.000000,-0.000000
196,8,work,mask_work,carol,drop_everything,rejected,-0.9894,0.00000,0.00000,-0.00000,-0.00000,-0.00000,0.000000,0.000000,0.000000,0.000000,0.000000
197,8,work,mask_work,dave,drop_everything,rejected,-0.9551,-0.00000,0.00000,-0.00000,-0.00000,0.00000,-0.000000,0.000000,0.000000,0.000000,0.000000
198,8,work,mask_work,bob,drop_everything,rejected,-0.5106,0.00000,0.00000,-0.00000,-0.00000,-0.00000,0.000000,0.000000,0.000000,0.000000,-0.000000
199,8,home,mask_home,carol,pair_up,accepted,1.8365,-0.00000,-0.00000,0.00000,0.00000,0.00000,0.000000,-0.000000,0.000000,0.000000,0.000000
200,8,home,mask_home,dave,pair_up,accepted,1.2907,0.00000,-0.00000,0.00000,-0.00000,-0.00000,0.000000,0.000000,0.000000,-0.000000,-0.000000
201,8,home,mask_home,bob,joke_deflect,rejected,-1.0270,-0.00000,0.00000,0.00000,0.00000,0.00000,-0.000000,0.000000,0.000000,0.000000,0.000000
202,8,home,mask_home,carol,pair_up,accepted,1.8365,-0.00000,-0.00000,0.00000,0.00000,0.00000,0.000000,-0.000000,0.000000,0.000000,0.000000
203,8,home,mask_home,dave,pair_up,accepted,1.2907,0.00000,-0.00000,0.00000,-0.00000,-0.00000,0.000000,0.000000,0.000000,-0.000000,-0.000000
204,8,home,mask_home,bob,pair_up,tolerated,1.2193,-0.00000,0.00000,0.00000,0.00000,-0.00000,-0.000000,0.000000,0.000000,0.000000,0.000000
205,8,home,mask_home,carol,pair_up,accepted,1.8365,-0.00000,-0.00000,0.00000,0.00000,0.00000,0.000000,-0.000000,0.000000,0.000000,0.000000
206,8,home,mask_home,dave,pair_up,accepted,1.2907,0.00000,-0.00000,0.00000,-0.00000,-0.00000,0.000000,0.000000,0.000000,-0.000000,-0.000000
207,8,home,mask_home,bob,pair_up,rejected,-0.6393,-0.00000,-0.00000,-0.00000,-0.00000,0.00000,-0.000000,0.000000,-0.000000,0.000000,0.000000
208,8,conference,mask_conference,carol,pair_up,accepted,2.6444,0.00000,0.00000,0.00000,0.00000,-0.00000,0.000000,0.000000,0.000000,0.000000,0.000000
209,8,conference,mask_conference,dave,teach,tolerated,-0.9636,0.00000,0.00000,0.00000,-0.00000,-0.00000,0.000000,0.000000,0.000000,-0.000000,0.000000
210,8,conference,mask_conference,bob,joke_deflect,tolerated,1.3710,0.00000,0.00000,0.00000,-0.00000,-0.00000,0.000000,0.000000,0.000000,0.000000,0.000000
211,8,conference,mask_conference,carol,help_after_task,rejected,-2.3556,0.00000,0.00000,0.00000,0.00000,-0.00000,0.000000,0.000000,0.000000,0.000000,0.000000
212,8,conference,mask_conference,dave,pair_up,accepted,1.6688,0.00000,0.00000,0.00000,-0.00000,-0.00000,0.000000,0.000000,0.000000,-0.000000,0.000000
213,8,conference,mask_conference,bob,drop_everything,rejected,-0.9526,0.00000,0.00000,-0.00000,-0.00000,-0.00000,0.000000,0.000000,-0.000000,0.000000,0.000000
214,8,conference,mask_conference,carol,joke_deflect,rejected,-1.8758,0.00000,0.00000,0.00000,0.00000,-0.00000,0.000000,0.000000,0.000000,0.000000,0.000000
215,8,conference,mask_conference,dave,drop_everything,rejected,-3.4032,0.00000,0.00000,0.00000,-0.00000,-0.00000,0.000000,0.000000,0.000000,-0.000000,0.000000
216,8,conference,mask_conference,bob,pair_up,tolerated,1.1918,0.00000,0.00000,0.00000,-0.00000,-0.00000,0.000000,0.000000,0.000000,0.000000,0.000000
217,9,work,mask_work,carol,pair_up,rejected,-0.9174,0.00000,0.00000,-0.00000,-0.00000,-0.00000,0.000000,0.000000,0.000000,0.000000,0.000000
218,9,work,mask_work,dave,joke_deflect,rejected,-0.7511,-0.00000,0.00000,-0.00000,-0.00000,0.00000,-0.000000,0.000000,0.000000,0.000000,0.000000
219,9,work,mask_work,bob,pair_up,rejected,-0.4386,0.00000,0.00000,-0.00000,-0.00000,-0.00000,0.000000,0.000000,0.000000,0.000000,-0.000000
220,9,work,mask_work,carol,pair_up,rejected,-0.9174,0.00000,0.00000,-0.00000,-0.00000,-0.00000,0.000000,0.000000,0.000000,0.000000,0.000000
221,9,work,mask_work,dave,joke_deflect,rejected,-0.7511,-0.00000,0.00000,-0.00000,-0.00000,0.00000,-0.000000,0.000000,0.000000,0.000000,0.000000
222,9,work,mask_work,bob,drop_everything,rejected,-0.5106,0.00000,0.00000,-0.00000,-0.00000,-0.00000,0.000000,0.000000,0.000000,0.000000,-0.000000
223,9,work,mask_work,carol,pair_up,rejected,-0.9174,0.00000,0.00000,-0.00000,-0.00000,-0.00000,0.000000,0.000000,0.000000,0.000000,0.000000
224,9,work,mask_work,dave,joke_deflect,rejected,-0.7511,-0.00000,0.00000,-0.00000,-0.00000,0.00000,-0.000000,0.000000,0.000000,0.000000,0.000000
225,9,work,mask_work,bob,joke_deflect,rejected,-0.3066,0.00000,0.00000,-0.00000,-0.00000,-0.00000,0.000000,0.000000,0.000000,0.000000,-0.000000
226,9,home,mask_home,carol,joke_deflect,rejected,-2.6664,-0.00000,-0.00000,0.00000,0.00000,0.00000,0.000000,0.000000,0.000000,0.000000,0.000000
227,9,home,mask_home,dave,drop_everything,tolerated,-1.4742,0.00000,-0.00000,0.00000,-0.00000,-0.00000,0.000000,0.000000,0.000000,-0.000000,-0.000000
228,9,home,mask_home,bob,joke_deflect,rejected,-0.7063,-0.00000,0.00000,-0.00000,0.00000,0.00000,-0.000000,0.000000,-0.000000,0.000000,0.000000
229,9,home,mask_home,carol,joke_deflect,tolerated,-0.7750,-0.00000,-0.00000,0.00000,0.00000,0.00000,0.000000,-0.000000,0.000000,0.000000,0.000000
230,9,home,mask_home,dave,joke_deflect,accepted,1.3745,0.00000,-0.00000,0.00000,-0.00000,-0.00000,0.000000,0.000000,0.000000,-0.000000,-0.000000
231,9,home,mask_home,bob,joke_deflect,rejected,-0.7063,-0.00000,0.00000,-0.00000,0.00000,0.00000,-0.000000,0.000000,-0.000000,0.000000,0.000000
232,9,home,mask_home,carol,drop_everything,accepted,1.7819,-0.00000,-0.00000,0.00000,0.00000,0.00000,0.000000,-0.000000,0.000000,0.000000,0.000000
233,9,home,mask_home,dave,teach,tolerated,-1.3380,0.00000,-0.00000,0.00000,-0.00000,-0.00000,0.000000,0.000000,0.000000,-0.000000,-0.000000
234,9,home,mask_home,bob,joke_deflect,tolerated,1.1851,0.00000,-0.00000,0.00000,-0.00000,-0.00000,0.000000,0.000000,0.000000,0.000000,0.000000
235,9,conference,mask_conference,carol,teach,accepted,2.6939,0.00000,0.00000,0.00000,0.00000,-0.00000,0.000000,0.000000,0.000000,0.000000,0.000000
236,9,conference,mask_conference,dave,teach,tolerated,-0.9636,0.00000,0.00000,0.00000,-0.00000,-0.00000,0.000000,0.000000,0.000000,-0.000000,0.000000
237,9,conference,mask_conference,bob,joke_deflect,tolerated,1.2641,0.00000,0.00000,0.00000,-0.00000,-0.00000,0.000000,0.000000,0.000000,0.000000,0.000000
238,9,conference,mask_conference,carol,pair_up,accepted,2.6879,0.00000,0.00000,0.00000,0.00000,-0.00000,0.000000,0.000000,0.000000,0.000000,0.000000
239,9,conference,mask_conference,dave,pair_up,accepted,1.6457,0.00000,0.00000,0.00000,-0.00000,-0.00000,0.000000,0.000000,0.000000,-0.000000,0.000000
240,9,conference,mask_conference,bob,teach,tolerated,1.4762,0.00000,0.00000,-0.00000,-0.00000,-0.00000,0.000000,0.000000,-0.000000,0.000000,0.000000
241,9,conference,mask_conference,carol,pair_up,accepted,2.6879,0.00000,0.00000,0.00000,0.00000,-0.00000,0.000000,0.000000,0.000000,0.000000,0.000000
242,9,conference,mask_conference,dave,pair_up,accepted,1.6457,0.00000,0.00000,0.00000,-0.00000,-0.00000,0.000000,0.000000,0.000000,-0.000000,0.000000
243,9,conference,mask_conference,bob,quick_tip,rejected,-0.8738,0.00000,0.00000,-0.00000,-0.00000,-0.00000,0.000000,0.000000,-0.000000,0.000000,0.000000
244,10,work,mask_work,carol,pair_up,rejected,-0.9174,0.00000,0.00000,-0.00000,-0.00000,-0.00000,0.000000,0.000000,0.000000,0.000000,0.000000
245,10,work,mask_work,dave,joke_deflect,rejected,-0.7511,-0.00000,0.00000,-0.00000,-0.00000,0.00000,-0.000000,0.000000,0.000000,0.000000,0.000000
246,10,work,mask_work,bob,teach,tolerated,2.0674,0.00000,0.00000,-0.00000,-0.00000,-0.00000,0.000000,0.000000,0.000000,0.000000,-0.000000
247,10,work,mask_work,carol,teach,accepted,4.0886,0.00000,0.00000,-0.00000,-0.00000,-0.00000,0.000000,0.000000,0.000000,0.000000,0.000000
248,10,work,mask_work,dave,teach,rejected,-0.6176,-0.00000,0.00000,-0.00000,-0.00000,0.00000,-0.000000,0.000000,0.000000,0.000000,0.000000
249,10,work,mask_work,bob,joke_deflect,rejected,-0.3066,0.00000,0.00000,-0.00000,-0.00000,-0.00000,0.000000,0.000000,0.000000,0.000000,-0.000000
250,10,work,mask_work,carol,teach,accepted,4.0886,0.00000,0.00000,-0.00000,-0.00000,-0.00000,0.000000,0.000000,0.000000,0.000000,0.000000
251,10,work,mask_work,dave,pair_up,rejected,-0.8312,-0.00000,0.00000,-0.00000,-0.00000,0.00000,-0.000000,0.000000,0.000000,0.000000,0.000000
252,10,work,mask_work,bob,joke_deflect,rejected,-0.3066,0.00000,0.00000,-0.00000,-0.00000,-0.00000,0.000000,0.000000,0.000000,0.000000,-0.000000
253,10,home,mask_home,carol,quick_tip,rejected,-2.7246,-0.00000,-0.00000,0.00000,0.00000,0.00000,-0.000000,0.000000,0.000000,0.000000,0.000000
254,10,home,mask_home,dave,joke_deflect,accepted,1.3572,0.00000,-0.00000,0.00000,-0.00000,-0.00000,0.000000,0.000000,0.000000,-0.000000,-0.000000
255,10,home,mask_home,bob,pair_up,rejected,-0.6697,-0.00000,-0.00000,-0.00000,-0.00000,0.00000,-0.000000,0.000000,-0.000000,0.000000,0.000000
256,10,home,mask_home,carol,joke_deflect,rejected,-2.5336,-0.00000,-0.00000,0.00000,0.00000,0.00000,0.000000,0.000000,0.000000,0.000000,0.000000
257,10,home,mask_home,dave,drop_everything,tolerated,-1.4915,0.00000,-0.00000,0.00000,-0.00000,-0.00000,0.000000,0.000000,0.000000,-0.000000,-0.000000
258,10,home,mask_home,bob,joke_deflect,rejected,-0.5994,-0.00000,0.00000,-0.00000,0.00000,0.00000,-0.000000,0.000000,-0.000000,0.000000,0.000000
259,10,home,mask_home,carol,drop_everything,accepted,1.9581,-0.00000,-0.00000,0.00000,0.00000,0.00000,0.000000,-0.000000,0.000000,0.000000,0.000000
260,10,home,mask_home,dave,drop_everything,rejected,-3.4127,0.00000,0.00000,0.00000,-0.00000,-0.00000,0.000000,0.000000,0.000000,-0.000000,-0.000000
261,10,home,mask_home,bob,joke_deflect,tolerated,1.2920,0.00000,-0.00000,0.00000,-0.00000,-0.00000,0.000000,-0.000000,0.000000,0.000000,0.000000
262,10,conference,mask_conference,carol,drop_everything,rejected,-2.3841,0.00000,0.00000,0.00000,0.00000,-0.00000,0.000000,0.000000,0.000000,0.000000,0.000000
263,10,conference,mask_conference,dave,pair_up,accepted,1.6457,0.00000,0.00000,0.00000,-0.00000,-0.00000,0.000000,0.000000,0.000000,-0.000000,0.000000
264,10,conference,mask_conference,bob,joke_deflect,rejected,-0.6273,0.00000,0.00000,-0.00000,0.00000,-0.00000,0.000000,0.000000,-0.000000,0.000000,0.000000
265,10,conference,mask_conference,carol,pair_up,accepted,2.6879,0.00000,0.00000,0.00000,0.00000,-0.00000,0.000000,0.000000,0.000000,0.000000,0.000000
266,10,conference,mask_conference,dave,pair_up,accepted,1.6457,0.00000,0.00000,0.00000,-0.00000,-0.00000,0.000000,0.000000,0.000000,-0.000000,0.000000
267,10,conference,mask_conference,bob,drop_everything,rejected,-1.0747,0.00000,0.00000,-0.00000,-0.00000,-0.00000,0.000000,0.000000,-0.000000,0.000000,0.000000
268,10,conference,mask_conference,carol,quick_tip,rejected,-2.1561,0.00000,0.00000,0.00000,0.00000,-0.00000,0.000000,0.000000,0.000000,0.000000,0.000000
269,10,conference,mask_conference,dave,joke_deflect,accepted,1.7777,0.00000,0.00000,0.00000,-0.00000,-0.00000,0.000000,0.000000,0.000000,-0.000000,0.000000
270,10,conference,mask_conference,bob,joke_deflect,tolerated,1.2641,0.00000,0.00000,0.00000,-0.00000,-0.00000,0.000000,0.000000,0.000000,0.000000,0.000000
271,11,work,mask_work,carol,quick_tip,rejected,-0.6287,0.00000,0.00000,-0.00000,-0.00000,-0.00000,0.000000,0.000000,0.000000,0.000000,0.000000
272,11,work,mask_work,dave,quick_tip,accepted,4.3248,-0.00000,0.00000,-0.00000,-0.00000,0.00000,-0.000000,0.000000,0.000000,0.000000,0.000000
273,11,work,mask_work,bob,teach,tolerated,2.0674,0.00000,0.00000,-0.00000,-0.00000,-0.00000,0.000000,0.000000,0.000000,0.000000,-0.000000
274,11,work,mask_work,carol,quick_tip,rejected,-0.6287,0.00000,0.00000,-0.00000,-0.00000,-0.00000,0.000000,0.000000,0.000000,0.000000,0.000000
275,11,work,mask_work,dave,quick_tip,accepted,4.3248,-0.00000,0.00000,-0.00000,-0.00000,0.00000,-0.000000,0.000000,0.000000,0.000000,0.000000
276,11,work,mask_work,bob,drop_everything,rejected,-0.5106,0.00000,0.00000,-0.00000,-0.00000,-0.00000,0.000000,0.000000,0.000000,0.000000,-0.000000
277,11,work,mask_work,carol,joke_deflect,rejected,-0.7412,0.00000,0.00000,-0.00000,-0.00000,-0.00000,0.000000,0.000000,0.000000,0.000000,0.000000
278,11,work,mask_work,dave,drop_everything,rejected,-0.9032,-0.00000,0.00000,-0.00000,-0.00000,0.00000,-0.000000,0.000000,0.000000,0.000000,0.000000
279,11,work,mask_work,bob,pair_up,rejected,-0.4386,0.00000,0.00000,-0.00000,-0.00000,-0.00000,0.000000,0.000000,0.000000,0.000000,-0.000000
280,11,home,mask_home,carol,joke_deflect,rejected,-2.5336,-0.00000,-0.00000,0.00000,0.00000,0.00000,-0.000000,0.000000,0.000000,0.000000,0.000000
281,11,home,mask_home,dave,joke_deflect,accepted,1.4054,0.00000,-0.00000,0.00000,-0.00000,-0.00000,0.000000,0.000000,0.000000,-0.000000,-0.000000
282,11,home,mask_home,bob,quick_tip,rejected,-0.5809,-0.00000,-0.00000,0.00000,0.00000,0.00000,-0.000000,0.000000,0.000000,0.000000,0.000000
283,11,home,mask_home,carol,help_after_task,rejected,-2.8764,-0.00000,-0.00000,0.00000,0.00000,0.00000,0.000000,0.000000,0.000000,0.000000,0.000000
284,11,home,mask_home,dave,drop_everything,rejected,-3.4127,0.00000,0.00000,0.00000,-0.00000,-0.00000,0.000000,0.000000,0.000000,-0.000000,-0.000000
285,11,home,mask_home,bob,joke_deflect,rejected,-0.5551,-0.00000,0.00000,-0.00000,0.00000,0.00000,-0.000000,0.000000,-0.000000,0.000000,0.000000
286,11,home,mask_home,carol,drop_everything,accepted,2.0516,-0.00000,-0.00000,0.00000,0.00000,0.00000,0.000000,-0.000000,0.000000,0.000000,0.000000
287,11,home,mask_home,dave,pair_up,accepted,1.3285,0.00000,-0.00000,0.00000,-0.00000,-0.00000,0.000000,0.000000,0.000000,-0.000000,-0.000000
288,11,home,mask_home,bob,drop_everything,tolerated,1.2442,-0.00000,-0.00000,-0.00000,0.00000,0.00000,-0.000000,0.000000,-0.000000,0.000000,0.000000
289,11,conference,mask_conference,carol,drop_everything,rejected,-2.3841,0.00000,0.00000,0.00000,0.00000,-0.00000,0.000000,0.000000,0.000000,0.000000,0.000000
290,11,conference,mask_conference,dave,drop_everything,rejected,-3.4263,0.00000,0.00000,0.00000,-0.00000,-0.00000,0.000000,0.000000,0.000000,-0.000000,0.000000
291,11,conference,mask_conference,bob,drop_everything,rejected,-1.1079,0.00000,0.00000,-0.00000,-0.00000,-0.00000,0.000000,0.000000,-0.000000,0.000000,0.000000
292,11,conference,mask_conference,carol,joke_deflect,rejected,-1.8758,0.00000,0.00000,0.00000,0.00000,-0.00000,0.000000,0.000000,0.000000,0.000000,0.000000
293,11,conference,mask_conference,dave,joke_deflect,accepted,1.7777,0.00000,0.00000,0.00000,-0.00000,-0.00000,0.000000,0.000000,0.000000,-0.000000,0.000000
294,11,conference,mask_conference,bob,teach,tolerated,1.4701,0.00000,0.00000,-0.00000,-0.00000,-0.00000,0.000000,0.000000,-0.000000,0.000000,0.000000
295,11,conference,mask_conference,carol,pair_up,accepted,2.7217,0.00000,0.00000,0.00000,0.00000,-0.00000,0.000000,0.000000,0.000000,0.000000,0.000000
296,11,conference,mask_conference,dave,drop_everything,rejected,-3.4263,0.00000,0.00000,0.00000,-0.00000,-0.00000,0.000000,0.000000,0.000000,-0.000000,0.000000
297,11,conference,mask_conference,bob,pair_up,rejected,-0.7152,0.00000,0.00000,-0.00000,-0.00000,-0.00000,0.000000,0.000000,-0.000000,0.000000,0.000000
298,12,work,mask_work,carol,teach,accepted,4.1328,0.00000,0.00000,-0.00000,-0.00000,-0.00000,0.000000,0.000000,0.000000,0.000000,0.000000
299,12,work,mask_work,dave,pair_up,rejected,-0.8312,-0.00000,0.00000,-0.00000,-0.00000,0.00000,-0.000000,0.000000,0.000000,0.000000,0.000000
300,12,work,mask_work,bob,joke_deflect,rejected,-0.3066,0.00000,0.00000,-0.00000,-0.00000,-0.00000,0.000000,0.000000,0.000000,0.000000,-0.000000
301,12,work,mask_work,carol,pair_up,rejected,-0.8732,0.00000,0.00000,-0.00000,-0.00000,-0.00000,0.000000,0.000000,0.000000,0.000000,0.000000
302,12,work,mask_work,dave,joke_deflect,rejected,-0.6992,-0.00000,0.00000,-0.00000,-0.00000,0.00000,-0.000000,0.000000,0.000000,0.000000,0.000000
303,12,work,mask_work,bob,drop_everything,rejected,-0.5106,0.00000,0.00000,-0.00000,-0.00000,-0.00000,0.000000,0.000000,0.000000,0.000000,-0.000000
304,12,work,mask_work,carol,teach,accepted,4.1328,0.00000,0.00000,-0.00000,-0.00000,-0.00000,0.000000,0.000000,0.000000,0.000000,0.000000
305,12,work,mask_work,dave,teach,tolerated,1.5364,-0.00000,0.00000,-0.00000,-0.00000,0.00000,-0.000000,0.000000,0.000000,0.000000,0.000000
306,12,work,mask_work,bob,joke_deflect,rejected,-0.3066,0.00000,0.00000,-0.00000,-0.00000,-0.00000,0.000000,0.000000,0.000000,0.000000,-0.000000
307,12,home,mask_home,carol,pair_up,accepted,2.1236,-0.00000,-0.00000,0.00000,0.00000,0.00000,0.000000,0.000000,0.000000,0.000000,0.000000
308,12,home,mask_home,dave,teach,tolerated,-1.2347,0.00000,-0.00000,0.00000,-0.00000,-0.00000,0.000000,0.000000,0.000000,-0.000000,-0.000000
309,12,home,mask_home,bob,joke_deflect,rejected,-0.5965,-0.00000,0.00000,-0.00000,0.00000,0.00000,-0.000000,0.000000,-0.000000,0.000000,0.000000
310,12,home,mask_home,carol,pair_up,accepted,2.1236,-0.00000,-0.00000,0.00000,0.00000,0.00000,0.000000,-0.000000,0.000000,0.000000,0.000000
311,12,home,mask_home,dave,drop_everything,tolerated,-1.5030,0.00000,-0.00000,0.00000,-0.00000,-0.00000,0.000000,0.000000,0.000000,-0.000000,-0.000000
312,12,home,mask_home,bob,drop_everything,rejected,-0.6632,0.00000,0.00000,0.00000,-0.00000,-0.00000,0.000000,0.000000,0.000000,0.000000,0.000000
313,12,home,mask_home,carol,pair_up,accepted,2.1236,-0.00000,-0.00000,0.00000,0.00000,0.00000,-0.000000,-0.000000,0.000000,0.000000,0.000000
314,12,home,mask_home,dave,pair_up,accepted,1.2860,0.00000,-0.00000,0.00000,-0.00000,-0.00000,0.000000,0.000000,0.000000,-0.000000,-0.000000
315,12,home,mask_home,bob,joke_deflect,rejected,-0.5643,-0.00000,0.00000,-0.00000,0.00000,0.00000,-0.000000,0.000000,-0.000000,0.000000,0.000000
316,12,conference,mask_conference,carol,pair_up,accepted,2.7217,0.00000,0.00000,0.00000,0.00000,-0.00000,0.000000,0.000000,0.000000,0.000000,0.000000
317,12,conference,mask_conference,dave,drop_everything,rejected,-3.4263,0.00000,0.00000,0.00000,-0.00000,-0.00000,0.000000,0.000000,0.000000,-0.000000,0.000000
318,12,conference,mask_conference,bob,joke_deflect,tolerated,1.3283,0.00000,0.00000,0.00000,-0.00000,-0.00000,0.000000,0.000000,0.000000,0.000000,0.000000
319,12,conference,mask_conference,carol,quick_tip,rejected,-2.1223,0.00000,0.00000,0.00000,0.00000,-0.00000,0.000000,0.000000,0.000000,0.000000,0.000000
320,12,conference,mask_conference,dave,teach,tolerated,-0.9636,0.00000,0.00000,0.00000,-0.00000,-0.00000,0.000000,0.000000,0.000000,-0.000000,0.000000
321,12,conference,mask_conference,bob,joke_deflect,tolerated,1.3283,0.00000,0.00000,0.00000,-0.00000,-0.00000,0.000000,0.000000,0.000000,0.000000,0.000000
322,12,conference,mask_conference,carol,joke_deflect,tolerated,0.0156,0.00000,0.00000,0.00000,-0.00000,-0.00000,0.000000,0.000000,0.000000,0.000000,0.000000
323,12,conference,mask_conference,dave,joke_deflect,accepted,1.7613,0.00000,0.00000,0.00000,-0.00000,-0.00000,0.000000,0.000000,0.000000,0.000000,0.000000
324,12,conference,mask_conference,bob,quick_tip,rejected,-0.8669,0.00000,0.00000,-0.00000,-0.00000,-0.00000,0.000000,0.000000,-0.000000,0.000000,0.000000
325,13,work,mask_work,carol,help_after_task,tolerated,1.6268,0.00000,0.00000,-0.00000,-0.00000,-0.00000,0.000000,0.000000,0.000000,0.000000,0.000000
326,13,work,mask_work,dave,teach,rejected,-0.6176,-0.00000,0.00000,-0.00000,-0.00000,0.00000,-0.000000,0.000000,0.000000,0.000000,0.000000
327,13,work,mask_work,bob,pair_up,rejected,-0.4386,0.00000,0.00000,-0.00000,-0.00000,-0.00000,0.000000,0.000000,0.000000,0.000000,-0.000000
328,13,work,mask_work,carol,joke_deflect,rejected,-0.7412,0.00000,0.00000,-0.00000,-0.00000,-0.00000,0.000000,0.000000,0.000000,0.000000,0.000000
329,13,work,mask_work,dave,drop_everything,rejected,-0.8933,-0.00000,0.00000,-0.00000,-0.00000,0.00000,-0.000000,0.000000,0.000000,0.000000,0.000000
330,13,work,mask_work,bob,joke_deflect,rejected,-0.3066,0.00000,0.00000,-0.00000,-0.00000,-0.00000,0.000000,0.000000,0.000000,0.000000,-0.000000
331,13,work,mask_work,carol,pair_up,rejected,-0.8732,0.00000,0.00000,-0.00000,-0.00000,-0.00000,0.000000,0.000000,0.000000,0.000000,0.000000
332,13,work,mask_work,dave,drop_everything,rejected,-0.8933,-0.00000,0.00000,-0.00000,-0.00000,0.00000,-0.000000,0.000000,0.000000,0.000000,0.000000
333,13,work,mask_work,bob,drop_everything,rejected,-0.5106,0.00000,0.00000,-0.00000,-0.00000,-0.00000,0.000000,0.000000,0.000000,0.000000,-0.000000
334,13,home,mask_home,carol,joke_deflect,tolerated,-0.5825,-0.00000,-0.00000,0.00000,0.00000,0.00000,0.000000,-0.000000,0.000000,0.000000,0.000000
335,13,home,mask_home,dave,drop_everything,tolerated,-1.5030,0.00000,-0.00000,0.00000,-0.00000,-0.00000,0.000000,0.000000,0.000000,-0.000000,-0.000000
336,13,home,mask_home,bob,joke_deflect,tolerated,1.3271,0.00000,-0.00000,0.00000,-0.00000,-0.00000,0.000000,0.000000,0.000000,0.000000,0.000000
337,13,home,mask_home,carol,teach,rejected,-2.9043,-0.00000,-0.00000,0.00000,0.00000,0.00000,-0.000000,0.000000,0.000000,0.000000,0.000000
338,13,home,mask_home,dave,quick_tip,accepted,1.4179,0.00000,-0.00000,0.00000,-0.00000,-0.00000,0.000000,0.000000,0.000000,-0.000000,-0.000000
339,13,home,mask_home,bob,joke_deflect,tolerated,1.3271,0.00000,-0.00000,0.00000,-0.00000,-0.00000,0.000000,0.000000,0.000000,0.000000,0.000000
340,13,home,mask_home,carol,pair_up,accepted,2.0897,-0.00000,-0.00000,0.00000,0.00000,0.00000,-0.000000,0.000000,0.000000,0.000000,0.000000
341,13,home,mask_home,dave,quick_tip,accepted,1.4179,0.00000,-0.00000,0.00000,-0.00000,-0.00000,0.000000,0.000000,0.000000,-0.000000,-0.000000
342,13,home,mask_home,bob,drop_everything,tolerated,1.2073,-0.00000,-0.00000,-0.00000,0.00000,0.00000,-0.000000,0.000000,-0.000000,0.000000,0.000000
343,13,conference,mask_conference,carol,quick_tip,rejected,-2.1561,0.00000,0.00000,0.00000,0.00000,-0.00000,0.000000,0.000000,0.000000,0.000000,0.000000
344,13,conference,mask_conference,dave,teach,tolerated,-0.9636,0.00000,0.00000,0.00000,-0.00000,-0.00000,0.000000,0.000000,0.000000,-0.000000,0.000000
345,13,conference,mask_conference,bob,teach,tolerated,1.4831,0.00000,0.00000,-0.00000,-0.00000,-0.00000,0.000000,0.000000,-0.000000,0.000000,0.000000
346,13,conference,mask_conference,carol,drop_everything,rejected,-2.3841,0.00000,0.00000,0.00000,0.00000,-0.00000,0.000000,0.000000,0.000000,0.000000,0.000000
347,13,conference,mask_conference,dave,quick_tip,accepted,1.7729,0.00000,0.00000,0.00000,-0.00000,-0.00000,0.000000,0.000000,0.000000,-0.000000,0.000000
348,13,conference,mask_conference,bob,teach,tolerated,1.4831,0.00000,0.00000,-0.00000,-0.00000,-0.00000,0.000000,0.000000,-0.000000,0.000000,0.000000
349,13,conference,mask_conference,carol,joke_deflect,tolerated,0.0156,0.00000,0.00000,0.00000,-0.00000,-0.00000,0.000000,0.000000,0.000000,0.000000,0.000000
350,13,conference,mask_conference,dave,drop_everything,rejected,-3.4551,0.00000,0.00000,0.00000,-0.00000,-0.00000,0.000000,0.000000,0.000000,0.000000,0.000000
351,13,conference,mask_conference,bob,drop_everything,rejected,-1.0949,0.00000,0.00000,-0.00000,-0.00000,-0.00000,0.000000,0.000000,-0.000000,0.000000,0.000000
352,14,work,mask_work,carol,teach,accepted,4.1328,0.00000,0.00000,-0.00000,-0.00000,-0.00000,0.000000,0.000000,0.000000,0.000000,0.000000
353,14,work,mask_work,dave,quick_tip,accepted,4.3347,-0.00000,0.00000,-0.00000,-0.00000,0.00000,-0.000000,0.000000,0.000000,0.000000,0.000000
354,14,work,mask_work,bob,joke_deflect,rejected,-0.3066,0.00000,0.00000,-0.00000,-0.00000,-0.00000,0.000000,0.000000,0.000000,0.000000,-0.000000
355,14,work,mask_work,carol,joke_deflect,rejected,-0.7412,0.00000,0.00000,-0.00000,-0.00000,-0.00000,0.000000,0.000000,0.000000,0.000000,0.000000
356,14,work,mask_work,dave,pair_up,rejected,-0.8213,-0.00000,0.00000,-0.00000,-0.00000,0.00000,-0.000000,0.000000,0.000000,0.000000,0.000000
357,14,work,mask_work,bob,pair_up,rejected,-0.4386,0.00000,0.00000,-0.00000,-0.00000,-0.00000,0.000000,0.000000,0.000000,0.000000,-0.000000
358,14,work,mask_work,carol,help_after_task,rejected,-0.8135,0.00000,0.00000,-0.00000,-0.00000,-0.00000,0.000000,0.000000,0.000000,0.000000,0.000000
359,14,work,mask_work,dave,joke_deflect,rejected,-0.6893,-0.00000,0.00000,-0.00000,-0.00000,0.00000,-0.000000,0.000000,0.000000,0.000000,0.000000
360,14,work,mask_work,bob,teach,tolerated,2.0674,0.00000,0.00000,-0.00000,-0.00000,-0.00000,0.000000,0.000000,0.000000,0.000000,-0.000000
361,14,home,mask_home,carol,teach,rejected,-2.9043,-0.00000,-0.00000,0.00000,0.00000,0.00000,0.000000,0.000000,0.000000,0.000000,0.000000
362,14,home,mask_home,dave,teach,rejected,-3.4437,0.00000,-0.00000,0.00000,-0.00000,-0.00000,0.000000,0.000000,0.000000,-0.000000,-0.000000
363,14,home,mask_home,bob,help_after_task,rejected,-0.8717,-0.00000,-0.00000,0.00000,0.00000,0.00000,-0.000000,0.000000,0.000000,0.000000,0.000000
364,14,home,mask_home,carol,joke_deflect,tolerated,-0.5825,-0.00000,-0.00000,0.00000,0.00000,0.00000,0.000000,0.000000,0.000000,0.000000,0.000000
365,14,home,mask_home,dave,drop_everything,rejected,-3.3831,0.00000,0.00000,0.00000,-0.00000,-0.00000,0.000000,0.000000,0.000000,-0.000000,-0.000000
366,14,home,mask_home,bob,teach,rejected,-0.8657,-0.00000,-0.00000,0.00000,0.00000,0.00000,-0.000000,-0.000000,0.000000,0.000000,0.000000
367,14,home,mask_home,carol,drop_everything,accepted,1.9901,-0.00000,-0.00000,0.00000,0.00000,0.00000,0.000000,0.000000,0.000000,0.000000,0.000000
368,14,home,mask_home,dave,quick_tip,accepted,1.4977,0.00000,-0.00000,0.00000,-0.00000,-0.00000,0.000000,0.000000,0.000000,-0.000000,-0.000000
369,14,home,mask_home,bob,drop_everything,rejected,-0.6543,0.00000,-0.00000,0.00000,-0.00000,-0.00000,0.000000,0.000000,0.000000,0.000000,0.000000
370,14,conference,mask_conference,carol,drop_everything,rejected,-2.4118,0.00000,0.00000,0.00000,0.00000,-0.00000,0.000000,0.000000,0.000000,0.000000,0.000000
371,14,conference,mask_conference,dave,joke_deflect,accepted,1.7489,0.00000,0.00000,0.00000,-0.00000,-0.00000,0.000000,0.000000,0.000000,-0.000000,0.000000
372,14,conference,mask_conference,bob,pair_up,rejected,-0.7663,0.00000,0.00000,-0.00000,-0.00000,-0.00000,0.000000,0.000000,-0.000000,0.000000,0.000000
373,14,conference,mask_conference,carol,pair_up,accepted,2.6602,0.00000,0.00000,0.00000,0.00000,-0.00000,0.000000,0.000000,0.000000,0.000000,0.000000
374,14,conference,mask_conference,dave,teach,rejected,-3.1176,0.00000,-0.00000,0.00000,-0.00000,-0.00000,0.000000,-0.000000,0.000000,-0.000000,0.000000
375,14,conference,mask_conference,bob,joke_deflect,rejected,-0.5204,0.00000,0.00000,-0.00000,-0.00000,-0.00000,0.000000,0.000000,-0.000000,0.000000,0.000000
376,14,conference,mask_conference,carol,joke_deflect,rejected,-1.8758,0.00000,0.00000,0.00000,0.00000,-0.00000,0.000000,0.000000,0.000000,0.000000,0.000000
377,14,conference,mask_conference,dave,drop_everything,rejected,-3.4263,0.00000,0.00000,0.00000,-0.00000,-0.00000,0.000000,0.000000,0.000000,-0.000000,0.000000
378,14,conference,mask_conference,bob,joke_deflect,rejected,-0.5204,0.00000,0.00000,-0.00000,-0.00000,-0.00000,0.000000,0.000000,-0.000000,0.000000,0.000000
379,15,work,mask_work,carol,help_after_task,rejected,-0.8135,0.00000,0.00000,-0.00000,-0.00000,-0.00000,0.000000,0.000000,0.000000,0.000000,0.000000
380,15,work,mask_work,dave,pair_up,rejected,-0.8213,-0.00000,0.00000,-0.00000,-0.00000,0.00000,-0.000000,0.000000,0.000000,0.000000,0.000000
381,15,work,mask_work,bob,joke_deflect,rejected,-0.3066,0.00000,0.00000,-0.00000,-0.00000,-0.00000,0.000000,0.000000,0.000000,0.000000,-0.000000
382,15,work,mask_work,carol,joke_deflect,rejected,-0.7014,0.00000,0.00000,-0.00000,-0.00000,-0.00000,0.000000,0.000000,0.000000,0.000000,0.000000
383,15,work,mask_work,dave,drop_everything,rejected,-0.8933,-0.00000,0.00000,-0.00000,-0.00000,0.00000,-0.000000,0.000000,0.000000,0.000000,0.000000
384,15,work,mask_work,bob,pair_up,rejected,-0.4386,0.00000,0.00000,-0.00000,-0.00000,-0.00000,0.000000,0.000000,0.000000,0.000000,-0.000000
385,15,work,mask_work,carol,teach,accepted,4.1726,0.00000,0.00000,-0.00000,-0.00000,-0.00000,0.000000,0.000000,0.000000,0.000000,0.000000
386,15,work,mask_work,dave,quick_tip,accepted,4.3347,-0.00000,0.00000,-0.00000,-0.00000,0.00000,-0.000000,0.000000,0.000000,0.000000,0.000000
387,15,work,mask_work,bob,joke_deflect,rejected,-0.3066,0.00000,0.00000,-0.00000,-0.00000,-0.00000,0.000000,0.000000,0.000000,0.000000,-0.000000
388,15,home,mask_home,carol,drop_everything,accepted,1.9901,-0.00000,-0.00000,0.00000,0.00000,0.00000,-0.000000,0.000000,0.000000,0.000000,0.000000
389,15,home,mask_home,dave,pair_up,accepted,1.3417,0.00000,-0.00000,0.00000,-0.00000,-0.00000,0.000000,0.000000,0.000000,-0.000000,-0.000000
390,15,home,mask_home,bob,pair_up,rejected,-0.6316,-0.00000,-0.00000,-0.00000,-0.00000,0.00000,-0.000000,0.000000,-0.000000,0.000000,0.000000
391,15,home,mask_home,carol,help_after_task,rejected,-2.9379,-0.00000,-0.00000,0.00000,0.00000,0.00000,0.000000,0.000000,0.000000,0.000000,0.000000
392,15,home,mask_home,dave,teach,rejected,-3.4051,0.00000,-0.00000,0.00000,-0.00000,-0.00000,0.000000,0.000000,0.000000,-0.000000,-0.000000
393,15,home,mask_home,bob,pair_up,rejected,-0.6316,-0.00000,-0.00000,-0.00000,-0.00000,0.00000,-0.000000,0.000000,-0.000000,0.000000,0.000000
394,15,home,mask_home,carol,teach,rejected,-2.9319,-0.00000,-0.00000,0.00000,0.00000,0.00000,0.000000,0.000000,0.000000,0.000000,0.000000
395,15,home,mask_home,dave,drop_everything,rejected,-3.3522,0.00000,-0.00000,0.00000,-0.00000,-0.00000,0.000000,0.000000,0.000000,-0.000000,-0.000000
396,15,home,mask_home,bob,teach,rejected,-0.7538,-0.00000,-0.00000,0.00000,-0.00000,0.00000,-0.000000,0.000000,0.000000,0.000000,0.000000
397,15,conference,mask_conference,carol,teach,accepted,2.6939,0.00000,0.00000,0.00000,0.00000,-0.00000,0.000000,0.000000,0.000000,0.000000,0.000000
398,15,conference,mask_conference,dave,pair_up,accepted,1.6457,0.00000,0.00000,0.00000,-0.00000,-0.00000,0.000000,0.000000,0.000000,-0.000000,0.000000
399,15,conference,mask_conference,bob,drop_everything,rejected,-1.0084,0.00000,0.00000,-0.00000,-0.00000,-0.00000,0.000000,0.000000,-0.000000,0.000000,0.000000
400,15,conference,mask_conference,carol,joke_deflect,rejected,-1.8758,0.00000,0.00000,0.00000,0.00000,-0.00000,0.000000,0.000000,0.000000,0.000000,0.000000
401,15,conference,mask_conference,dave,joke_deflect,accepted,1.7777,0.00000,0.00000,0.00000,-0.00000,-0.00000,0.000000,0.000000,0.000000,-0.000000,0.000000
402,15,conference,mask_conference,bob,joke_deflect,tolerated,1.3710,0.00000,0.00000,0.00000,-0.00000,-0.00000,0.000000,0.000000,0.000000,0.000000,0.000000
403,15,conference,mask_conference,carol,drop_everything,rejected,-2.3607,0.00000,0.00000,0.00000,0.00000,-0.00000,0.000000,0.000000,0.000000,0.000000,0.000000
404,15,conference,mask_conference,dave,pair_up,accepted,1.6457,0.00000,0.00000,0.00000,-0.00000,-0.00000,0.000000,0.000000,0.000000,-0.000000,0.000000
405,15,conference,mask_conference,bob,joke_deflect,tolerated,1.3710,0.00000,0.00000,0.00000,-0.00000,-0.00000,0.000000,0.000000,0.000000,0.000000,0.000000
406,16,work,mask_work,carol,joke_deflect,rejected,-0.7014,0.00000,0.00000,-0.00000,-0.00000,-0.00000,0.000000,0.000000,0.000000,0.000000,0.000000
407,16,work,mask_work,dave,teach,rejected,-0.6176,-0.00000,0.00000,-0.00000,-0.00000,0.00000,-0.000000,0.000000,0.000000,0.000000,0.000000
408,16,work,mask_work,bob,drop_everything,rejected,-0.5106,0.00000,0.00000,-0.00000,-0.00000,-0.00000,0.000000,0.000000,0.000000,0.000000,-0.000000
409,16,work,mask_work,carol,joke_deflect,rejected,-0.7014,0.00000,0.00000,-0.00000,-0.00000,-0.00000,0.000000,0.000000,0.000000,0.000000,0.000000
410,16,work,mask_work,dave,teach,rejected,-0.6176,-0.00000,0.00000,-0.00000,-0.00000,0.00000,-0.000000,0.000000,0.000000,0.000000,0.000000
411,16,work,mask_work,bob,drop_everything,rejected,-0.5106,0.00000,0.00000,-0.00000,-0.00000,-0.00000,0.000000,0.000000,0.000000,0.000000,-0.000000
412,16,work,mask_work,carol,joke_deflect,rejected,-0.7014,0.00000,0.00000,-0.00000,-0.00000,-0.00000,0.000000,0.000000,0.000000,0.000000,0.000000
413,16,work,mask_work,dave,quick_tip,accepted,4.3786,-0.00000,0.00000,-0.00000,-0.00000,0.00000,-0.000000,0.000000,0.000000,0.000000,0.000000
414,16,work,mask_work,bob,drop_everything,rejected,-0.5106,0.00000,0.00000,-0.00000,-0.00000,-0.00000,0.000000,0.000000,0.000000,0.000000,-0.000000
415,16,home,mask_home,carol,joke_deflect,rejected,-2.4740,-0.00000,-0.00000,0.00000,0.00000,0.00000,0.000000,0.000000,0.000000,0.000000,0.000000
416,16,home,mask_home,dave,teach,tolerated,-1.2196,0.00000,-0.00000,0.00000,-0.00000,-0.00000,0.000000,0.000000,0.000000,-0.000000,-0.000000
417,16,home,mask_home,bob,drop_everything,tolerated,1.3525,-0.00000,-0.00000,-0.00000,0.00000,0.00000,-0.000000,0.000000,-0.000000,0.000000,0.000000
418,16,home,mask_home,carol,drop_everything,accepted,2.0177,-0.00000,-0.00000,0.00000,0.00000,0.00000,0.000000,0.000000,0.000000,0.000000,0.000000
419,16,home,mask_home,dave,pair_up,accepted,1.3897,0.00000,-0.00000,0.00000,-0.00000,-0.00000,0.000000,0.000000,0.000000,-0.000000,-0.000000
420,16,home,mask_home,bob,teach,rejected,-0.7801,-0.00000,-0.00000,0.00000,-0.00000,0.00000,-0.000000,0.000000,0.000000,0.000000,0.000000
421,16,home,mask_home,carol,joke_deflect,tolerated,-0.5825,-0.00000,-0.00000,0.00000,0.00000,0.00000,0.000000,0.000000,0.000000,0.000000,0.000000
422,16,home,mask_home,dave,pair_up,accepted,1.3897,0.00000,-0.00000,0.00000,-0.00000,-0.00000,0.000000,0.000000,0.000000,-0.000000,-0.000000
423,16,home,mask_home,bob,drop_everything,rejected,-0.5688,0.00000,-0.00000,0.00000,-0.00000,-0.00000,0.000000,0.000000,0.000000,0.000000,0.000000
424,16,conference,mask_conference,carol,drop_everything,rejected,-2.3607,0.00000,0.00000,0.00000,0.00000,-0.00000,0.000000,0.000000,0.000000,0.000000,0.000000
425,16,conference,mask_conference,dave,joke_deflect,accepted,1.7777,0.00000,0.00000,0.00000,-0.00000,-0.00000,0.000000,0.000000,0.000000,-0.000000,0.000000
426,16,conference,mask_conference,bob,drop_everything,rejected,-1.0466,0.00000,0.00000,-0.00000,-0.00000,-0.00000,0.000000,0.000000,-0.000000,0.000000,0.000000
427,16,conference,mask_conference,carol,pair_up,accepted,2.7113,0.00000,0.00000,0.00000,0.00000,-0.00000,0.000000,0.000000,0.000000,0.000000,0.000000
428,16,conference,mask_conference,dave,pair_up,accepted,1.6457,0.00000,0.00000,0.00000,-0.00000,-0.00000,0.000000,0.000000,0.000000,-0.000000,0.000000
429,16,conference,mask_conference,bob,joke_deflect,rejected,-0.5204,0.00000,0.00000,-0.00000,-0.00000,-0.00000,0.000000,0.000000,-0.000000,0.000000,0.000000
430,16,conference,mask_conference,carol,drop_everything,rejected,-2.3607,0.00000,0.00000,0.00000,0.00000,-0.00000,0.000000,0.000000,0.000000,0.000000,0.000000
431,16,conference,mask_conference,dave,pair_up,accepted,1.6457,0.00000,0.00000,0.00000,-0.00000,-0.00000,0.000000,0.000000,0.000000,-0.000000,0.000000
432,16,conference,mask_conference,bob,drop_everything,rejected,-1.0287,0.00000,0.00000,-0.00000,-0.00000,-0.00000,0.000000,0.000000,-0.000000,0.000000,0.000000
433,17,work,mask_work,carol,pair_up,rejected,-0.8334,0.00000,0.00000,-0.00000,-0.00000,-0.00000,0.000000,0.000000,0.000000,0.000000,0.000000
434,17,work,mask_work,dave,joke_deflect,rejected,-0.6454,-0.00000,0.00000,-0.00000,-0.00000,0.00000,-0.000000,0.000000,0.000000,0.000000,0.000000
435,17,work,mask_work,bob,quick_tip,tolerated,1.9519,-0.00000,0.00000,-0.00000,-0.00000,0.00000,0.000000,0.000000,0.000000,0.000000,0.000000
436,17,work,mask_work,carol,pair_up,rejected,-0.8334,0.00000,0.00000,-0.00000,-0.00000,-0.00000,0.000000,0.000000,0.000000,0.000000,-0.000000
437,17,work,mask_work,dave,pair_up,rejected,-0.7774,-0.00000,0.00000,-0.00000,-0.00000,0.00000,-0.000000,0.000000,0.000000,0.000000,0.000000
438,17,work,mask_work,bob,teach,tolerated,1.9347,0.00000,0.00000,-0.00000,-0.00000,0.00000,0.000000,0.000000,0.000000,0.000000,0.000000
439,17,work,mask_work,carol,quick_tip,tolerated,1.6456,0.00000,0.00000,-0.00000,-0.00000,0.00000,0.000000,0.000000,0.000000,0.000000,0.000000
440,17,work,mask_work,dave,teach,tolerated,1.5364,-0.00000,0.00000,-0.00000,-0.00000,0.00000,-0.000000,0.000000,0.000000,0.000000,0.000000
441,17,work,mask_work,bob,teach,tolerated,1.9347,0.00000,0.00000,-0.00000,-0.00000,0.00000,0.000000,0.000000,0.000000,0.000000,0.000000
442,17,home,mask_home,carol,pair_up,accepted,2.0663,-0.00000,-0.00000,0.00000,0.00000,0.00000,-0.000000,0.000000,0.000000,0.000000,0.000000
443,17,home,mask_home,dave,pair_up,accepted,1.3897,0.00000,-0.00000,0.00000,-0.00000,-0.00000,0.000000,0.000000,0.000000,-0.000000,-0.000000
444,17,home,mask_home,bob,joke_deflect,rejected,-0.4290,-0.00000,-0.00000,-0.00000,0.00000,0.00000,-0.000000,0.000000,-0.000000,0.000000,0.000000
445,17,home,mask_home,carol,joke_deflect,rejected,-2.4740,-0.00000,-0.00000,0.00000,0.00000,0.00000,0.000000,0.000000,0.000000,0.000000,0.000000
446,17,home,mask_home,dave,pair_up,accepted,1.3897,0.00000,-0.00000,0.00000,-0.00000,-0.00000,0.000000,0.000000,0.000000,-0.000000,-0.000000
447,17,home,mask_home,bob,quick_tip,tolerated,1.7720,-0.00000,-0.00000,-0.00000,-0.00000,0.00000,-0.000000,0.000000,-0.000000,0.000000,0.000000
448,17,home,mask_home,carol,joke_deflect,rejected,-2.4740,-0.00000,-0.00000,0.00000,0.00000,0.00000,0.000000,0.000000,0.000000,0.000000,0.000000
449,17,home,mask_home,dave,teach,tolerated,-1.2196,0.00000,-0.00000,0.00000,-0.00000,-0.00000,0.000000,0.000000,0.000000,-0.000000,-0.000000
450,17,home,mask_home,bob,drop_everything,tolerated,1.3386,-0.00000,-0.00000,-0.00000,0.00000,0.00000,-0.000000,0.000000,-0.000000,0.000000,0.000000
451,17,conference,mask_conference,carol,joke_deflect,rejected,-1.8758,0.00000,0.00000,0.00000,0.00000,-0.00000,0.000000,0.000000,0.000000,0.000000,0.000000
452,17,conference,mask_conference,dave,quick_tip,accepted,1.8017,0.00000,0.00000,0.00000,-0.00000,-0.00000,0.000000,0.000000,0.000000,-0.000000,0.000000
453,17,conference,mask_conference,bob,help_after_task,tolerated,1.5433,0.00000,0.00000,-0.00000,-0.00000,-0.00000,0.000000,0.000000,-0.000000,0.000000,0.000000
454,17,conference,mask_conference,carol,drop_everything,rejected,-2.3406,0.00000,0.00000,0.00000,0.00000,-0.00000,0.000000,0.000000,0.000000,0.000000,0.000000
455,17,conference,mask_conference,dave,drop_everything,rejected,-3.4263,0.00000,0.00000,0.00000,-0.00000,-0.00000,0.000000,0.000000,0.000000,-0.000000,0.000000
456,17,conference,mask_conference,bob,pair_up,rejected,-0.7429,0.00000,0.00000,-0.00000,-0.00000,-0.00000,0.000000,0.000000,-0.000000,0.000000,0.000000
457,17,conference,mask_conference,carol,drop_everything,rejected,-2.3406,0.00000,0.00000,0.00000,0.00000,-0.00000,0.000000,0.000000,0.000000,0.000000,0.000000
458,17,conference,mask_conference,dave,pair_up,accepted,1.6457,0.00000,0.00000,0.00000,-0.00000,-0.00000,0.000000,0.000000,0.000000,-0.000000,0.000000
459,17,conference,mask_conference,bob,help_after_task,tolerated,1.5739,0.00000,0.00000,-0.00000,-0.00000,-0.00000,0.000000,0.000000,-0.000000,0.000000,0.000000
460,18,work,mask_work,carol,pair_up,rejected,-0.8587,0.00000,0.00000,-0.00000,-0.00000,-0.00000,0.000000,0.000000,0.000000,0.000000,-0.000000
461,18,work,mask_work,dave,joke_deflect,rejected,-0.6646,-0.00000,0.00000,-0.00000,-0.00000,0.00000,-0.000000,0.000000,0.000000,0.000000,0.000000
462,18,work,mask_work,bob,quick_tip,tolerated,1.9519,-0.00000,0.00000,-0.00000,-0.00000,0.00000,0.000000,0.000000,0.000000,0.000000,0.000000
463,18,work,mask_work,carol,drop_everything,rejected,-0.9307,0.00000,0.00000,-0.00000,-0.00000,-0.00000,0.000000,0.000000,0.000000,0.000000,-0.000000
464,18,work,mask_work,dave,teach,tolerated,1.5364,-0.00000,0.00000,-0.00000,-0.00000,0.00000,-0.000000,0.000000,0.000000,0.000000,0.000000
465,18,work,mask_work,bob,teach,tolerated,1.8904,-0.00000,0.00000,-0.00000,-0.00000,0.00000,0.000000,0.000000,0.000000,0.000000,0.000000
466,18,work,mask_work,carol,drop_everything,rejected,-0.9307,0.00000,0.00000,-0.00000,-0.00000,-0.00000,0.000000,0.000000,0.000000,0.000000,-0.000000
467,18,work,mask_work,dave,drop_everything,rejected,-0.8843,-0.00000,0.00000,-0.00000,-0.00000,0.00000,-0.000000,0.000000,0.000000,0.000000,0.000000
468,18,work,mask_work,bob,teach,tolerated,1.8904,-0.00000,0.00000,-0.00000,-0.00000,0.00000,0.000000,0.000000,0.000000,0.000000,0.000000
469,18,home,mask_home,carol,pair_up,accepted,2.1100,-0.00000,-0.00000,0.00000,0.00000,0.00000,0.000000,0.000000,0.000000,0.000000,0.000000
470,18,home,mask_home,dave,joke_deflect,accepted,1.5102,0.00000,-0.00000,0.00000,-0.00000,-0.00000,0.000000,0.000000,0.000000,-0.000000,-0.000000
471,18,home,mask_home,bob,joke_deflect,tolerated,1.4136,0.00000,-0.00000,0.00000,-0.00000,-0.00000,0.000000,0.000000,0.000000,0.000000,0.000000
472,18,home,mask_home,carol,drop_everything,accepted,2.0380,-0.00000,-0.00000,0.00000,0.00000,0.00000,-0.000000,0.000000,0.000000,0.000000,0.000000
473,18,home,mask_home,dave,pair_up,accepted,1.3782,0.00000,-0.00000,0.00000,-0.00000,-0.00000,0.000000,0.000000,0.000000,-0.000000,-0.000000
474,18,home,mask_home,bob,joke_deflect,tolerated,1.4136,0.00000,-0.00000,0.00000,-0.00000,-0.00000,0.000000,0.000000,0.000000,0.000000,0.000000
475,18,home,mask_home,carol,pair_up,accepted,2.1100,-0.00000,-0.00000,0.00000,0.00000,0.00000,-0.000000,0.000000,0.000000,0.000000,0.000000
476,18,home,mask_home,dave,drop_everything,tolerated,-1.4569,0.00000,-0.00000,0.00000,-0.00000,-0.00000,0.000000,0.000000,0.000000,-0.000000,-0.000000
477,18,home,mask_home,bob,drop_everything,rejected,-0.6291,0.00000,-0.00000,0.00000,-0.00000,-0.00000,0.000000,0.000000,0.000000,0.000000,0.000000
478,18,conference,mask_conference,carol,joke_deflect,tolerated,0.0156,0.00000,0.00000,0.00000,-0.00000,-0.00000,0.000000,0.000000,0.000000,0.000000,0.000000
479,18,conference,mask_conference,dave,pair_up,accepted,1.6457,0.00000,0.00000,0.00000,-0.00000,-0.00000,0.000000,0.000000,0.000000,0.000000,0.000000
480,18,conference,mask_conference,bob,pair_up,rejected,-0.7429,0.00000,0.00000,-0.00000,-0.00000,-0.00000,0.000000,0.000000,-0.000000,0.000000,0.000000
481,18,conference,mask_conference,carol,drop_everything,rejected,-2.3638,0.00000,0.00000,0.00000,0.00000,-0.00000,0.000000,0.000000,0.000000,0.000000,0.000000
482,18,conference,mask_conference,dave,joke_deflect,accepted,1.7777,0.00000,0.00000,0.00000,-0.00000,-0.00000,0.000000,0.000000,0.000000,-0.000000,0.000000
483,18,conference,mask_conference,bob,teach,tolerated,1.6028,0.00000,0.00000,-0.00000,-0.00000,-0.00000,0.000000,0.000000,-0.000000,0.000000,0.000000
484,18,conference,mask_conference,carol,drop_everything,rejected,-2.3638,0.00000,0.00000,0.00000,0.00000,-0.00000,0.000000,0.000000,0.000000,0.000000,0.000000
485,18,conference,mask_conference,dave,quick_tip,accepted,1.8017,0.00000,0.00000,0.00000,-0.00000,-0.00000,0.000000,0.000000,0.000000,-0.000000,0.000000
486,18,conference,mask_conference,bob,drop_everything,rejected,-0.9752,0.00000,0.00000,-0.00000,-0.00000,-0.00000,0.000000,0.000000,-0.000000,0.000000,0.000000
487,19,work,mask_work,carol,drop_everything,rejected,-0.9307,0.00000,0.00000,-0.00000,-0.00000,-0.00000,0.000000,0.000000,0.000000,0.000000,-0.000000
488,19,work,mask_work,dave,quick_tip,accepted,4.3437,-0.00000,0.00000,-0.00000,-0.00000,0.00000,-0.000000,0.000000,0.000000,0.000000,0.000000
489,19,work,mask_work,bob,joke_deflect,rejected,-0.4836,-0.00000,0.00000,-0.00000,-0.00000,0.00000,0.000000,0.000000,0.000000,0.000000,0.000000
490,19,work,mask_work,carol,drop_everything,rejected,-0.9307,0.00000,0.00000,-0.00000,-0.00000,-0.00000,0.000000,0.000000,0.000000,0.000000,-0.000000
491,19,work,mask_work,dave,joke_deflect,rejected,-0.6803,-0.00000,0.00000,-0.00000,-0.00000,0.00000,-0.000000,0.000000,0.000000,0.000000,0.000000
492,19,work,mask_work,bob,joke_deflect,rejected,-0.4836,-0.00000,0.00000,-0.00000,-0.00000,0.00000,0.000000,0.000000,0.000000,0.000000,0.000000
493,19,work,mask_work,carol,quick_tip,rejected,-0.5889,0.00000,0.00000,-0.00000,-0.00000,-0.00000,0.000000,0.000000,0.000000,0.000000,-0.000000
494,19,work,mask_work,dave,drop_everything,rejected,-0.8843,-0.00000,0.00000,-0.00000,-0.00000,0.00000,-0.000000,0.000000,0.000000,0.000000,0.000000
495,19,work,mask_work,bob,pair_up,rejected,-0.6156,-0.00000,0.00000,-0.00000,-0.00000,0.00000,0.000000,0.000000,0.000000,0.000000,0.000000
496,19,home,mask_home,carol,drop_everything,accepted,2.0380,-0.00000,-0.00000,0.00000,0.00000,0.00000,-0.000000,0.000000,0.000000,0.000000,0.000000
497,19,home,mask_home,dave,pair_up,accepted,1.3563,0.00000,-0.00000,0.00000,-0.00000,-0.00000,0.000000,0.000000,0.000000,-0.000000,-0.000000
498,19,home,mask_home,bob,drop_everything,rejected,-0.6291,0.00000,-0.00000,0.00000,-0.00000,-0.00000,0.000000,0.000000,0.000000,0.000000,0.000000
499,19,home,mask_home,carol,pair_up,accepted,2.1100,-0.00000,-0.00000,0.00000,0.00000,0.00000,-0.000000,0.000000,0.000000,0.000000,0.000000
500,19,home,mask_home,dave,quick_tip,accepted,1.5123,0.00000,-0.00000,0.00000,-0.00000,-0.00000,0.000000,0.000000,0.000000,-0.000000,-0.000000
501,19,home,mask_home,bob,pair_up,tolerated,1.1765,0.00000,-0.00000,0.00000,0.00000,-0.00000,0.000000,0.000000,0.000000,0.000000,0.000000
502,19,home,mask_home,carol,quick_tip,tolerated,-0.3667,-0.00000,-0.00000,0.00000,0.00000,0.00000,-0.000000,0.000000,0.000000,0.000000,0.000000
503,19,home,mask_home,dave,joke_deflect,accepted,1.4883,0.00000,-0.00000,0.00000,-0.00000,-0.00000,0.000000,0.000000,0.000000,-0.000000,-0.000000
504,19,home,mask_home,bob,drop_everything,tolerated,1.2066,-0.00000,-0.00000,-0.00000,0.00000,0.00000,-0.000000,0.000000,-0.000000,0.000000,0.000000
505,19,conference,mask_conference,carol,teach,accepted,2.7142,0.00000,0.00000,0.00000,0.00000,-0.00000,0.000000,0.000000,0.000000,0.000000,0.000000
506,19,conference,mask_conference,dave,quick_tip,accepted,1.8017,0.00000,0.00000,0.00000,-0.00000,-0.00000,0.000000,0.000000,0.000000,-0.000000,0.000000
507,19,conference,mask_conference,bob,joke_deflect,tolerated,1.4245,0.00000,0.00000,0.00000,-0.00000,-0.00000,0.000000,0.000000,0.000000,0.000000,0.000000
508,19,conference,mask_conference,carol,pair_up,accepted,2.7082,0.00000,0.00000,0.00000,0.00000,-0.00000,0.000000,0.000000,0.000000,0.000000,0.000000
509,19,conference,mask_conference,dave,joke_deflect,accepted,1.7777,0.00000,0.00000,0.00000,-0.00000,-0.00000,0.000000,0.000000,0.000000,-0.000000,0.000000
510,19,conference,mask_conference,bob,teach,tolerated,1.5867,0.00000,0.00000,-0.00000,-0.00000,-0.00000,0.000000,0.000000,-0.000000,0.000000,0.000000
511,19,conference,mask_conference,carol,quick_tip,rejected,-2.1358,0.00000,0.00000,0.00000,0.00000,-0.00000,0.000000,0.000000,0.000000,0.000000,0.000000
512,19,conference,mask_conference,dave,teach,rejected,-3.1176,0.00000,-0.00000,0.00000,-0.00000,-0.00000,0.000000,-0.000000,0.000000,-0.000000,0.000000
513,19,conference,mask_conference,bob,drop_everything,rejected,-0.9913,0.00000,0.00000,-0.00000,-0.00000,-0.00000,0.000000,0.000000,-0.000000,0.000000,0.000000
514,20,work,mask_work,carol,drop_everything,rejected,-0.9164,0.00000,0.00000,-0.00000,-0.00000,-0.00000,0.000000,0.000000,0.000000,0.000000,-0.000000
515,20,work,mask_work,dave,pair_up,rejected,-0.8123,-0.00000,0.00000,-0.00000,-0.00000,0.00000,-0.000000,0.000000,0.000000,0.000000,0.000000
516,20,work,mask_work,bob,joke_deflect,rejected,-0.4836,-0.00000,0.00000,-0.00000,-0.00000,0.00000,0.000000,0.000000,0.000000,0.000000,0.000000
517,20,work,mask_work,carol,teach,accepted,4.1616,0.00000,0.00000,-0.00000,-0.00000,-0.00000,0.000000,0.000000,0.000000,0.000000,-0.000000
518,20,work,mask_work,dave,drop_everything,rejected,-0.8843,-0.00000,0.00000,-0.00000,-0.00000,0.00000,-0.000000,0.000000,0.000000,0.000000,0.000000
519,20,work,mask_work,bob,joke_deflect,rejected,-0.4836,-0.00000,0.00000,-0.00000,-0.00000,0.00000,0.000000,0.000000,0.000000,0.000000,0.000000
520,20,work,mask_work,carol,drop_everything,rejected,-0.9164,0.00000,0.00000,-0.00000,-0.00000,-0.00000,0.000000,0.000000,0.000000,0.000000,-0.000000
521,20,work,mask_work,dave,drop_everything,rejected,-0.8843,-0.00000,0.00000,-0.00000,-0.00000,0.00000,-0.000000,0.000000,0.000000,0.000000,0.000000
522,20,work,mask_work,bob,pair_up,rejected,-0.6156,-0.00000,0.00000,-0.00000,-0.00000,0.00000,0.000000,0.000000,0.000000,0.000000,0.000000
523,20,home,mask_home,carol,drop_everything,accepted,1.9938,-0.00000,-0.00000,0.00000,0.00000,0.00000,0.000000,0.000000,0.000000,0.000000,0.000000
524,20,home,mask_home,dave,teach,rejected,-3.3955,0.00000,-0.00000,0.00000,-0.00000,-0.00000,0.000000,0.000000,0.000000,-0.000000,-0.000000
525,20,home,mask_home,bob,quick_tip,tolerated,1.6348,-0.00000,-0.00000,0.00000,-0.00000,0.00000,-0.000000,0.000000,0.000000,0.000000,0.000000
526,20,home,mask_home,carol,joke_deflect,tolerated,-0.6268,-0.00000,-0.00000,0.00000,0.00000,0.00000,0.000000,0.000000,0.000000,0.000000,0.000000
527,20,home,mask_home,dave,drop_everything,tolerated,-1.4349,0.00000,-0.00000,0.00000,-0.00000,-0.00000,0.000000,0.000000,0.000000,-0.000000,-0.000000
528,20,home,mask_home,bob,drop_everything,tolerated,1.1889,-0.00000,-0.00000,-0.00000,0.00000,0.00000,-0.000000,0.000000,-0.000000,0.000000,0.000000
529,20,home,mask_home,carol,joke_deflect,tolerated,-0.6268,-0.00000,-0.00000,0.00000,0.00000,0.00000,0.000000,0.000000,0.000000,0.000000,0.000000
530,20,home,mask_home,dave,pair_up,accepted,1.3597,0.00000,-0.00000,0.00000,-0.00000,-0.00000,0.000000,0.000000,0.000000,-0.000000,-0.000000
531,20,home,mask_home,bob,joke_deflect,rejected,-0.5811,-0.00000,-0.00000,-0.00000,0.00000,0.00000,-0.000000,0.000000,-0.000000,0.000000,0.000000
532,20,conference,mask_conference,carol,joke_deflect,tolerated,0.0156,0.00000,0.00000,0.00000,-0.00000,-0.00000,0.000000,0.000000,0.000000,0.000000,0.000000
533,20,conference,mask_conference,dave,joke_deflect,accepted,1.8008,0.00000,0.00000,0.00000,-0.00000,-0.00000,0.000000,0.000000,0.000000,0.000000,0.000000
534,20,conference,mask_conference,bob,joke_deflect,tolerated,1.4245,0.00000,0.00000,0.00000,-0.00000,-0.00000,0.000000,0.000000,0.000000,0.000000,0.000000
535,20,conference,mask_conference,carol,joke_deflect,rejected,-1.8758,0.00000,0.00000,0.00000,0.00000,-0.00000,0.000000,0.000000,0.000000,0.000000,0.000000
536,20,conference,mask_conference,dave,quick_tip,accepted,1.8248,0.00000,0.00000,0.00000,-0.00000,-0.00000,0.000000,0.000000,0.000000,-0.000000,0.000000
537,20,conference,mask_conference,bob,teach,tolerated,1.5723,0.00000,0.00000,-0.00000,-0.00000,-0.00000,0.000000,0.000000,-0.000000,0.000000,0.000000
538,20,conference,mask_conference,carol,drop_everything,rejected,-2.3662,0.00000,0.00000,0.00000,0.00000,-0.00000,0.000000,0.000000,0.000000,0.000000,0.000000
539,20,conference,mask_conference,dave,quick_tip,accepted,1.8248,0.00000,0.00000,0.00000,-0.00000,-0.00000,0.000000,0.000000,0.000000,-0.000000,0.000000
540,20,conference,mask_conference,bob,teach,tolerated,1.5723,0.00000,0.00000,-0.00000,-0.00000,-0.00000,0.000000,0.000000,-0.000000,0.000000,0.000000
541,21,work,mask_work,carol,joke_deflect,rejected,-0.7124,0.00000,0.00000,-0.00000,-0.00000,-0.00000,0.000000,0.000000,0.000000,0.000000,-0.000000
542,21,work,mask_work,dave,joke_deflect,rejected,-0.6803,-0.00000,0.00000,-0.00000,-0.00000,0.00000,-0.000000,0.000000,0.000000,0.000000,0.000000
543,21,work,mask_work,bob,joke_deflect,rejected,-0.4836,-0.00000,0.00000,-0.00000,-0.00000,0.00000,0.000000,0.000000,0.000000,0.000000,0.000000
544,21,work,mask_work,carol,pair_up,rejected,-0.8444,0.00000,0.00000,-0.00000,-0.00000,-0.00000,0.000000,0.000000,0.000000,0.000000,-0.000000
545,21,work,mask_work,dave,quick_tip,accepted,4.3437,-0.00000,0.00000,-0.00000,-0.00000,0.00000,-0.000000,0.000000,0.000000,0.000000,0.000000
546,21,work,mask_work,bob,drop_everything,rejected,-0.6876,-0.00000,0.00000,-0.00000,-0.00000,0.00000,0.000000,0.000000,0.000000,0.000000,0.000000
547,21,work,mask_work,carol,drop_everything,rejected,-0.9164,0.00000,0.00000,-0.00000,-0.00000,-0.00000,0.000000,0.000000,0.000000,0.000000,-0.000000
548,21,work,mask_work,dave,joke_deflect,rejected,-0.6803,-0.00000,0.00000,-0.00000,-0.00000,0.00000,-0.000000,0.000000,0.000000,0.000000,0.000000
549,21,work,mask_work,bob,joke_deflect,rejected,-0.4836,-0.00000,0.00000,-0.00000,-0.00000,0.00000,0.000000,0.000000,0.000000,0.000000,0.000000
550,21,home,mask_home,carol,joke_deflect,tolerated,-0.6268,-0.00000,-0.00000,0.00000,0.00000,0.00000,0.000000,0.000000,0.000000,0.000000,0.000000
551,21,home,mask_home,dave,drop_everything,rejected,-3.3561,0.00000,0.00000,0.00000,-0.00000,-0.00000,0.000000,0.000000,0.000000,-0.000000,-0.000000
552,21,home,mask_home,bob,drop_everything,tolerated,1.2013,-0.00000,-0.00000,-0.00000,0.00000,0.00000,-0.000000,-0.000000,-0.000000,0.000000,0.000000
553,21,home,mask_home,carol,pair_up,accepted,2.0117,-0.00000,-0.00000,0.00000,0.00000,0.00000,0.000000,0.000000,0.000000,0.000000,0.000000
554,21,home,mask_home,dave,teach,tolerated,-1.2347,0.00000,-0.00000,0.00000,-0.00000,-0.00000,0.000000,0.000000,0.000000,-0.000000,-0.000000
555,21,home,mask_home,bob,drop_everything,rejected,-0.7199,0.00000,-0.00000,0.00000,-0.00000,-0.00000,0.000000,0.000000,0.000000,0.000000,0.000000
556,21,home,mask_home,carol,teach,rejected,-2.9823,-0.00000,-0.00000,0.00000,0.00000,0.00000,-0.000000,0.000000,0.000000,0.000000,0.000000
557,21,home,mask_home,dave,drop_everything,tolerated,-1.4454,0.00000,-0.00000,0.00000,-0.00000,-0.00000,0.000000,0.000000,0.000000,-0.000000,-0.000000
558,21,home,mask_home,bob,pair_up,tolerated,1.1351,-0.00000,-0.00000,0.00000,0.00000,-0.00000,-0.000000,0.000000,0.000000,0.000000,0.000000
559,21,conference,mask_conference,carol,joke_deflect,tolerated,0.0156,0.00000,0.00000,0.00000,-0.00000,-0.00000,0.000000,0.000000,0.000000,0.000000,0.000000
560,21,conference,mask_conference,dave,teach,tolerated,-0.9636,0.00000,0.00000,0.00000,-0.00000,-0.00000,0.000000,0.000000,0.000000,0.000000,0.000000
561,21,conference,mask_conference,bob,joke_deflect,tolerated,1.4245,0.00000,0.00000,0.00000,-0.00000,-0.00000,0.000000,0.000000,0.000000,0.000000,0.000000
562,21,conference,mask_conference,carol,drop_everything,rejected,-2.3841,0.00000,0.00000,0.00000,0.00000,-0.00000,0.000000,0.000000,0.000000,0.000000,0.000000
563,21,conference,mask_conference,dave,drop_everything,rejected,-3.4158,0.00000,0.00000,0.00000,-0.00000,-0.00000,0.000000,0.000000,0.000000,-0.000000,0.000000
564,21,conference,mask_conference,bob,joke_deflect,tolerated,1.4245,0.00000,0.00000,0.00000,-0.00000,-0.00000,0.000000,0.000000,0.000000,0.000000,0.000000
565,21,conference,mask_conference,carol,joke_deflect,rejected,-1.8758,0.00000,0.00000,0.00000,0.00000,-0.00000,0.000000,0.000000,0.000000,0.000000,0.000000
566,21,conference,mask_conference,dave,drop_everything,rejected,-3.4158,0.00000,0.00000,0.00000,-0.00000,-0.00000,0.000000,0.000000,0.000000,-0.000000,0.000000
567,21,conference,mask_conference,bob,joke_deflect,tolerated,1.4245,0.00000,0.00000,0.00000,-0.00000,-0.00000,0.000000,0.000000,0.000000,0.000000,0.000000
568,22,work,mask_work,carol,drop_everything,rejected,-0.9164,0.00000,0.00000,-0.00000,-0.00000,-0.00000,0.000000,0.000000,0.000000,0.000000,-0.000000
569,22,work,mask_work,dave,joke_deflect,rejected,-0.6803,-0.00000,0.00000,-0.00000,-0.00000,0.00000,-0.000000,0.000000,0.000000,0.000000,0.000000
570,22,work,mask_work,bob,drop_everything,rejected,-0.6876,-0.00000,0.00000,-0.00000,-0.00000,0.00000,0.000000,0.000000,0.000000,0.000000,0.000000
571,22,work,mask_work,carol,quick_tip,rejected,-0.5889,0.00000,0.00000,-0.00000,-0.00000,-0.00000,0.000000,0.000000,0.000000,0.000000,-0.000000
572,22,work,mask_work,dave,drop_everything,rejected,-0.8843,-0.00000,0.00000,-0.00000,-0.00000,0.00000,-0.000000,0.000000,0.000000,0.000000,0.000000
573,22,work,mask_work,bob,pair_up,rejected,-0.6156,-0.00000,0.00000,-0.00000,-0.00000,0.00000,0.000000,0.000000,0.000000,0.000000,0.000000
574,22,work,mask_work,carol,quick_tip,rejected,-0.5889,0.00000,0.00000,-0.00000,-0.00000,-0.00000,0.000000,0.000000,0.000000,0.000000,-0.000000
575,22,work,mask_work,dave,joke_deflect,rejected,-0.6803,-0.00000,0.00000,-0.00000,-0.00000,0.00000,-0.000000,0.000000,0.000000,0.000000,0.000000
576,22,work,mask_work,bob,pair_up,rejected,-0.6156,-0.00000,0.00000,-0.00000,-0.00000,0.00000,0.000000,0.000000,0.000000,0.000000,0.000000
577,22,home,mask_home,carol,teach,rejected,-2.9823,-0.00000,-0.00000,0.00000,0.00000,0.00000,0.000000,0.000000,0.000000,0.000000,0.000000
578,22,home,mask_home,dave,teach,rejected,-3.4051,0.00000,-0.00000,0.00000,-0.00000,-0.00000,0.000000,0.000000,0.000000,-0.000000,-0.000000
579,22,home,mask_home,bob,pair_up,rejected,-0.7235,-0.00000,-0.00000,-0.00000,-0.00000,0.00000,-0.000000,0.000000,-0.000000,0.000000,0.000000
580,22,home,mask_home,carol,pair_up,accepted,2.0117,-0.00000,-0.00000,0.00000,0.00000,0.00000,0.000000,0.000000,0.000000,0.000000,0.000000
581,22,home,mask_home,dave,joke_deflect,accepted,1.5079,0.00000,-0.00000,0.00000,-0.00000,-0.00000,0.000000,0.000000,0.000000,-0.000000,-0.000000
582,22,home,mask_home,bob,drop_everything,rejected,-0.7466,0.00000,-0.00000,0.00000,-0.00000,-0.00000,0.000000,0.000000,0.000000,0.000000,0.000000
583,22,home,mask_home,carol,teach,rejected,-2.9823,-0.00000,-0.00000,0.00000,0.00000,0.00000,-0.000000,0.000000,0.000000,0.000000,0.000000
584,22,home,mask_home,dave,teach,rejected,-3.4051,0.00000,-0.00000,0.00000,-0.00000,-0.00000,0.000000,0.000000,0.000000,-0.000000,-0.000000
585,22,home,mask_home,bob,drop_everything,rejected,-0.7466,0.00000,-0.00000,0.00000,-0.00000,-0.00000,0.000000,0.000000,0.000000,0.000000,0.000000
586,22,conference,mask_conference,carol,quick_tip,rejected,-2.1401,0.00000,0.00000,0.00000,0.00000,-0.00000,0.000000,0.000000,0.000000,0.000000,0.000000
587,22,conference,mask_conference,dave,pair_up,accepted,1.6562,0.00000,0.00000,0.00000,-0.00000,-0.00000,0.000000,0.000000,0.000000,-0.000000,0.000000
588,22,conference,mask_conference,bob,quick_tip,rejected,-0.8134,0.00000,0.00000,-0.00000,-0.00000,-0.00000,0.000000,0.000000,-0.000000,0.000000,0.000000
589,22,conference,mask_conference,carol,joke_deflect,rejected,-1.8758,0.00000,0.00000,0.00000,0.00000,-0.00000,0.000000,0.000000,0.000000,0.000000,0.000000
590,22,conference,mask_conference,dave,joke_deflect,accepted,1.7882,0.00000,0.00000,0.00000,-0.00000,-0.00000,0.000000,0.000000,0.000000,-0.000000,0.000000
591,22,conference,mask_conference,bob,quick_tip,rejected,-0.8134,0.00000,0.00000,-0.00000,-0.00000,-0.00000,0.000000,0.000000,-0.000000,0.000000,0.000000
592,22,conference,mask_conference,carol,teach,accepted,2.7243,0.00000,0.00000,0.00000,0.00000,-0.00000,0.000000,0.000000,0.000000,0.000000,0.000000
593,22,conference,mask_conference,dave,quick_tip,accepted,1.8122,0.00000,0.00000,0.00000,-0.00000,-0.00000,0.000000,0.000000,0.000000,-0.000000,0.000000
594,22,conference,mask_conference,bob,drop_everything,rejected,-1.0414,0.00000,0.00000,-0.00000,-0.00000,-0.00000,0.000000,0.000000,-0.000000,0.000000,0.000000
595,23,work,mask_work,carol,drop_everything,rejected,-0.8965,0.00000,0.00000,-0.00000,-0.00000,-0.00000,0.000000,0.000000,0.000000,0.000000,-0.000000
596,23,work,mask_work,dave,joke_deflect,rejected,-0.6803,-0.00000,0.00000,-0.00000,-0.00000,0.00000,-0.000000,0.000000,0.000000,0.000000,0.000000
597,23,work,mask_work,bob,joke_deflect,rejected,-0.4836,-0.00000,0.00000,-0.00000,-0.00000,0.00000,0.000000,0.000000,0.000000,0.000000,0.000000
598,23,work,mask_work,carol,joke_deflect,rejected,-0.6925,0.00000,0.00000,-0.00000,-0.00000,-0.00000,0.000000,0.000000,0.000000,0.000000,-0.000000
599,23,work,mask_work,dave,teach,rejected,-0.6176,-0.00000,0.00000,-0.00000,-0.00000,0.00000,-0.000000,0.000000,0.000000,0.000000,0.000000
600,23,work,mask_work,bob,joke_deflect,rejected,-0.4836,-0.00000,0.00000,-0.00000,-0.00000,0.00000,0.000000,0.000000,0.000000,0.000000,0.000000
601,23,work,mask_work,carol,pair_up,rejected,-0.8245,0.00000,0.00000,-0.00000,-0.00000,-0.00000,0.000000,0.000000,0.000000,0.000000,-0.000000
602,23,work,mask_work,dave,pair_up,rejected,-0.7966,-0.00000,0.00000,-0.00000,-0.00000,0.00000,-0.000000,0.000000,0.000000,0.000000,0.000000
603,23,work,mask_work,bob,joke_deflect,rejected,-0.4836,-0.00000,0.00000,-0.00000,-0.00000,0.00000,0.000000,0.000000,0.000000,0.000000,0.000000
604,23,home,mask_home,carol,teach,rejected,-2.9823,-0.00000,-0.00000,0.00000,0.00000,0.00000,-0.000000,0.000000,0.000000,0.000000,0.000000
605,23,home,mask_home,dave,teach,tolerated,-1.2512,0.00000,-0.00000,0.00000,-0.00000,-0.00000,0.000000,0.000000,0.000000,-0.000000,-0.000000
606,23,home,mask_home,bob,teach,rejected,-0.9317,-0.00000,-0.00000,0.00000,-0.00000,0.00000,-0.000000,0.000000,0.000000,0.000000,0.000000
607,23,home,mask_home,carol,drop_everything,accepted,1.9397,-0.00000,-0.00000,0.00000,0.00000,0.00000,0.000000,0.000000,0.000000,0.000000,0.000000
608,23,home,mask_home,dave,joke_deflect,accepted,1.5132,0.00000,-0.00000,0.00000,-0.00000,-0.00000,0.000000,0.000000,0.000000,-0.000000,-0.000000
609,23,home,mask_home,bob,pair_up,rejected,-0.6972,-0.00000,-0.00000,-0.00000,-0.00000,0.00000,-0.000000,0.000000,-0.000000,0.000000,0.000000
610,23,home,mask_home,carol,drop_everything,accepted,1.9397,-0.00000,-0.00000,0.00000,0.00000,0.00000,0.000000,0.000000,0.000000,0.000000,0.000000
611,23,home,mask_home,dave,joke_deflect,accepted,1.5132,0.00000,-0.00000,0.00000,-0.00000,-0.00000,0.000000,0.000000,0.000000,-0.000000,-0.000000
612,23,home,mask_home,bob,teach,rejected,-0.9050,-0.00000,-0.00000,0.00000,-0.00000,0.00000,-0.000000,0.000000,0.000000,0.000000,0.000000
613,23,conference,mask_conference,carol,joke_deflect,rejected,-1.8758,0.00000,0.00000,0.00000,0.00000,-0.00000,0.000000,0.000000,0.000000,0.000000,0.000000
614,23,conference,mask_conference,dave,joke_deflect,accepted,1.7882,0.00000,0.00000,0.00000,-0.00000,-0.00000,0.000000,0.000000,0.000000,-0.000000,0.000000
615,23,conference,mask_conference,bob,drop_everything,rejected,-1.0414,0.00000,0.00000,-0.00000,-0.00000,-0.00000,0.000000,0.000000,-0.000000,0.000000,0.000000
616,23,conference,mask_conference,carol,joke_deflect,tolerated,0.0156,0.00000,0.00000,0.00000,-0.00000,-0.00000,0.000000,0.000000,0.000000,0.000000,0.000000
617,23,conference,mask_conference,dave,joke_deflect,accepted,1.7882,0.00000,0.00000,0.00000,-0.00000,-0.00000,0.000000,0.000000,0.000000,0.000000,0.000000
618,23,conference,mask_conference,bob,pair_up,rejected,-0.8090,0.00000,0.00000,-0.00000,-0.00000,-0.00000,0.000000,0.000000,-0.000000,0.000000,0.000000
619,23,conference,mask_conference,carol,joke_deflect,tolerated,0.0156,0.00000,0.00000,0.00000,-0.00000,-0.00000,0.000000,0.000000,0.000000,0.000000,0.000000
620,23,conference,mask_conference,dave,drop_everything,rejected,-3.4158,0.00000,0.00000,0.00000,-0.00000,-0.00000,0.000000,0.000000,0.000000,0.000000,0.000000
621,23,conference,mask_conference,bob,drop_everything,rejected,-1.0236,0.00000,0.00000,-0.00000,-0.00000,-0.00000,0.000000,0.000000,-0.000000,0.000000,0.000000
622,24,work,mask_work,carol,drop_everything,rejected,-0.8965,0.00000,0.00000,-0.00000,-0.00000,-0.00000,0.000000,0.000000,0.000000,0.000000,-0.000000
623,24,work,mask_work,dave,pair_up,rejected,-0.7966,-0.00000,0.00000,-0.00000,-0.00000,0.00000,-0.000000,0.000000,0.000000,0.000000,0.000000
624,24,work,mask_work,bob,joke_deflect,rejected,-0.4836,-0.00000,0.00000,-0.00000,-0.00000,0.00000,0.000000,0.000000,0.000000,0.000000,0.000000
625,24,work,mask_work,carol,teach,accepted,4.1815,0.00000,0.00000,-0.00000,-0.00000,-0.00000,0.000000,0.000000,0.000000,0.000000,-0.000000
626,24,work,mask_work,dave,drop_everything,rejected,-0.8686,-0.00000,0.00000,-0.00000,-0.00000,0.00000,-0.000000,0.000000,0.000000,0.000000,0.000000
627,24,work,mask_work,bob,pair_up,rejected,-0.6156,-0.00000,0.00000,-0.00000,-0.00000,0.00000,0.000000,0.000000,0.000000,0.000000,0.000000
628,24,work,mask_work,carol,drop_everything,rejected,-0.8965,0.00000,0.00000,-0.00000,-0.00000,-0.00000,0.000000,0.000000,0.000000,0.000000,-0.000000
629,24,work,mask_work,dave,joke_deflect,rejected,-0.6646,-0.00000,0.00000,-0.00000,-0.00000,0.00000,-0.000000,0.000000,0.000000,0.000000,0.000000
630,24,work,mask_work,bob,joke_deflect,rejected,-0.4836,-0.00000,0.00000,-0.00000,-0.00000,0.00000,0.000000,0.000000,0.000000,0.000000,0.000000
631,24,home,mask_home,carol,quick_tip,tolerated,-0.4208,-0.00000,-0.00000,0.00000,0.00000,0.00000,0.000000,0.000000,0.000000,0.000000,0.000000
632,24,home,mask_home,dave,joke_deflect,accepted,1.5132,0.00000,-0.00000,0.00000,-0.00000,-0.00000,0.000000,0.000000,0.000000,-0.000000,-0.000000
633,24,home,mask_home,bob,pair_up,rejected,-0.6972,-0.00000,-0.00000,-0.00000,-0.00000,0.00000,-0.000000,0.000000,-0.000000,0.000000,0.000000
634,24,home,mask_home,carol,drop_everything,accepted,1.9176,-0.00000,-0.00000,0.00000,0.00000,0.00000,0.000000,0.000000,0.000000,0.000000,0.000000
635,24,home,mask_home,dave,joke_deflect,accepted,1.5132,0.00000,-0.00000,0.00000,-0.00000,-0.00000,0.000000,0.000000,0.000000,-0.000000,-0.000000
636,24,home,mask_home,bob,drop_everything,rejected,-0.6985,0.00000,-0.00000,0.00000,-0.00000,-0.00000,0.000000,0.000000,0.000000,0.000000,0.000000
637,24,home,mask_home,carol,pair_up,accepted,1.9896,-0.00000,-0.00000,0.00000,0.00000,0.00000,-0.000000,0.000000,0.000000,0.000000,0.000000
638,24,home,mask_home,dave,joke_deflect,accepted,1.5132,0.00000,-0.00000,0.00000,-0.00000,-0.00000,0.000000,0.000000,0.000000,-0.000000,-0.000000
639,24,home,mask_home,bob,joke_deflect,tolerated,1.3695,0.00000,-0.00000,0.00000,-0.00000,-0.00000,0.000000,0.000000,0.000000,0.000000,0.000000
640,24,conference,mask_conference,carol,teach,accepted,2.7071,0.00000,0.00000,0.00000,0.00000,-0.00000,0.000000,0.000000,0.000000,0.000000,0.000000
641,24,conference,mask_conference,dave,teach,rejected,-3.1176,0.00000,-0.00000,0.00000,-0.00000,-0.00000,0.000000,-0.000000,0.000000,-0.000000,0.000000
642,24,conference,mask_conference,bob,joke_deflect,tolerated,1.4423,0.00000,0.00000,0.00000,-0.00000,-0.00000,0.000000,0.000000,0.000000,0.000000,0.000000
643,24,conference,mask_conference,carol,drop_everything,rejected,-2.3709,0.00000,0.00000,0.00000,0.00000,-0.00000,0.000000,0.000000,0.000000,0.000000,0.000000
644,24,conference,mask_conference,dave,pair_up,accepted,1.6746,0.00000,0.00000,0.00000,-0.00000,-0.00000,0.000000,0.000000,0.000000,-0.000000,0.000000
645,24,conference,mask_conference,bob,pair_up,rejected,-0.8190,0.00000,0.00000,-0.00000,-0.00000,-0.00000,0.000000,0.000000,-0.000000,0.000000,0.000000
646,24,conference,mask_conference,carol,teach,accepted,2.7071,0.00000,0.00000,0.00000,0.00000,-0.00000,0.000000,0.000000,0.000000,0.000000,0.000000
647,24,conference,mask_conference,dave,pair_up,accepted,1.6746,0.00000,0.00000,0.00000,-0.00000,-0.00000,0.000000,0.000000,0.000000,-0.000000,0.000000
648,24,conference,mask_conference,bob,pair_up,tolerated,1.0396,0.00000,0.00000,0.00000,-0.00000,-0.00000,0.000000,0.000000,0.000000,0.000000,0.000000
649,25,work,mask_work,carol,teach,accepted,4.1815,0.00000,0.00000,-0.00000,-0.00000,-0.00000,0.000000,0.000000,0.000000,0.000000,-0.000000
650,25,work,mask_work,dave,pair_up,rejected,-0.7966,-0.00000,0.00000,-0.00000,-0.00000,0.00000,-0.000000,0.000000,0.000000,0.000000,0.000000
651,25,work,mask_work,bob,pair_up,rejected,-0.6156,-0.00000,0.00000,-0.00000,-0.00000,0.00000,0.000000,0.000000,0.000000,0.000000,0.000000
652,25,work,mask_work,carol,joke_deflect,rejected,-0.6925,0.00000,0.00000,-0.00000,-0.00000,-0.00000,0.000000,0.000000,0.000000,0.000000,-0.000000
653,25,work,mask_work,dave,quick_tip,accepted,4.3594,-0.00000,0.00000,-0.00000,-0.00000,0.00000,-0.000000,0.000000,0.000000,0.000000,0.000000
654,25,work,mask_work,bob,teach,tolerated,1.8904,-0.00000,0.00000,-0.00000,-0.00000,0.00000,0.000000,0.000000,0.000000,0.000000,0.000000
655,25,work,mask_work,carol,quick_tip,rejected,-0.5889,0.00000,0.00000,-0.00000,-0.00000,-0.00000,0.000000,0.000000,0.000000,0.000000,-0.000000
656,25,work,mask_work,dave,pair_up,rejected,-0.7966,-0.00000,0.00000,-0.00000,-0.00000,0.00000,-0.000000,0.000000,0.000000,0.000000,0.000000
657,25,work,mask_work,bob,pair_up,rejected,-0.6156,-0.00000,0.00000,-0.00000,-0.00000,0.00000,0.000000,0.000000,0.000000,0.000000,0.000000
658,25,home,mask_home,carol,joke_deflect,tolerated,-0.6489,-0.00000,-0.00000,0.00000,0.00000,0.00000,-0.000000,0.000000,0.000000,0.000000,0.000000
659,25,home,mask_home,dave,pair_up,accepted,1.3812,0.00000,-0.00000,0.00000,-0.00000,-0.00000,0.000000,0.000000,0.000000,-0.000000,-0.000000
660,25,home,mask_home,bob,drop_everything,tolerated,1.2035,-0.00000,-0.00000,-0.00000,0.00000,0.00000,-0.000000,0.000000,-0.000000,0.000000,0.000000
661,25,home,mask_home,carol,joke_deflect,tolerated,-0.6489,-0.00000,-0.00000,0.00000,0.00000,0.00000,0.000000,0.000000,0.000000,0.000000,0.000000
662,25,home,mask_home,dave,drop_everything,rejected,-3.3435,0.00000,-0.00000,0.00000,-0.00000,-0.00000,0.000000,0.000000,0.000000,-0.000000,-0.000000
663,25,home,mask_home,bob,joke_deflect,tolerated,1.3558,0.00000,-0.00000,0.00000,-0.00000,-0.00000,0.000000,0.000000,0.000000,0.000000,0.000000
664,25,home,mask_home,carol,joke_deflect,rejected,-2.5403,-0.00000,-0.00000,0.00000,0.00000,0.00000,-0.000000,0.000000,0.000000,0.000000,0.000000
665,25,home,mask_home,dave,joke_deflect,accepted,1.5349,0.00000,-0.00000,0.00000,-0.00000,-0.00000,0.000000,0.000000,0.000000,-0.000000,-0.000000
666,25,home,mask_home,bob,drop_everything,rejected,-0.7351,0.00000,-0.00000,0.00000,-0.00000,-0.00000,0.000000,0.000000,0.000000,0.000000,0.000000
667,25,conference,mask_conference,carol,quick_tip,rejected,-2.1429,0.00000,0.00000,0.00000,0.00000,-0.00000,0.000000,0.000000,0.000000,0.000000,0.000000
668,25,conference,mask_conference,dave,drop_everything,rejected,-3.3974,0.00000,0.00000,0.00000,-0.00000,-0.00000,0.000000,0.000000,0.000000,-0.000000,0.000000
669,25,conference,mask_conference,bob,drop_everything,rejected,-1.0659,0.00000,0.00000,-0.00000,-0.00000,-0.00000,0.000000,0.000000,-0.000000,0.000000,0.000000
670,25,conference,mask_conference,carol,drop_everything,rejected,-2.3709,0.00000,0.00000,0.00000,0.00000,-0.00000,0.000000,0.000000,0.000000,0.000000,0.000000
671,25,conference,mask_conference,dave,quick_tip,accepted,1.8306,0.00000,0.00000,0.00000,-0.00000,-0.00000,0.000000,0.000000,0.000000,-0.000000,0.000000
672,25,conference,mask_conference,bob,quick_tip,rejected,-0.8379,0.00000,0.00000,-0.00000,-0.00000,-0.00000,0.000000,0.000000,-0.000000,0.000000,0.000000
673,25,conference,mask_conference,carol,pair_up,accepted,2.7011,0.00000,0.00000,0.00000,0.00000,-0.00000,0.000000,0.000000,0.000000,0.000000,0.000000
674,25,conference,mask_conference,dave,joke_deflect,accepted,1.8066,0.00000,0.00000,0.00000,-0.00000,-0.00000,0.000000,0.000000,0.000000,-0.000000,0.000000
675,25,conference,mask_conference,bob,pair_up,rejected,-0.8190,0.00000,0.00000,-0.00000,-0.00000,-0.00000,0.000000,0.000000,-0.000000,0.000000,0.000000
676,26,work,mask_work,carol,joke_deflect,rejected,-0.6853,0.00000,0.00000,-0.00000,-0.00000,-0.00000,0.000000,0.000000,0.000000,0.000000,-0.000000
677,26,work,mask_work,dave,quick_tip,accepted,4.3594,-0.00000,0.00000,-0.00000,-0.00000,0.00000,-0.000000,0.000000,0.000000,0.000000,0.000000
678,26,work,mask_work,bob,pair_up,rejected,-0.6156,-0.00000,0.00000,-0.00000,-0.00000,0.00000,0.000000,0.000000,0.000000,0.000000,0.000000
679,26,work,mask_work,carol,joke_deflect,rejected,-0.6853,0.00000,0.00000,-0.00000,-0.00000,-0.00000,0.000000,0.000000,0.000000,0.000000,-0.000000
680,26,work,mask_work,dave,pair_up,rejected,-0.7966,-0.00000,0.00000,-0.00000,-0.00000,0.00000,-0.000000,0.000000,0.000000,0.000000,0.000000
681,26,work,mask_work,bob,drop_everything,rejected,-0.6876,-0.00000,0.00000,-0.00000,-0.00000,0.00000,0.000000,0.000000,0.000000,0.000000,0.000000
682,26,work,mask_work,carol,drop_everything,rejected,-0.8893,0.00000,0.00000,-0.00000,-0.00000,-0.00000,0.000000,0.000000,0.000000,0.000000,-0.000000
683,26,work,mask_work,dave,pair_up,rejected,-0.7966,-0.00000,0.00000,-0.00000,-0.00000,0.00000,-0.000000,0.000000,0.000000,0.000000,0.000000
684,26,work,mask_work,bob,joke_deflect,rejected,-0.4836,-0.00000,0.00000,-0.00000,-0.00000,0.00000,0.000000,0.000000,0.000000,0.000000,0.000000
685,26,home,mask_home,carol,drop_everything,accepted,1.9079,-0.00000,-0.00000,0.00000,0.00000,0.00000,-0.000000,0.000000,0.000000,0.000000,0.000000
686,26,home,mask_home,dave,drop_everything,tolerated,-1.4223,0.00000,-0.00000,0.00000,-0.00000,-0.00000,0.000000,0.000000,0.000000,-0.000000,-0.000000
687,26,home,mask_home,bob,pair_up,rejected,-0.7254,-0.00000,-0.00000,-0.00000,-0.00000,0.00000,-0.000000,0.000000,-0.000000,0.000000,0.000000
688,26,home,mask_home,carol,drop_everything,accepted,1.9079,-0.00000,-0.00000,0.00000,0.00000,0.00000,0.000000,0.000000,0.000000,0.000000,0.000000
689,26,home,mask_home,dave,joke_deflect,accepted,1.5200,0.00000,-0.00000,0.00000,-0.00000,-0.00000,0.000000,0.000000,0.000000,-0.000000,-0.000000
690,26,home,mask_home,bob,quick_tip,rejected,-0.5673,0.00000,-0.00000,0.00000,-0.00000,-0.00000,0.000000,0.000000,0.000000,0.000000,0.000000
691,26,home,mask_home,carol,drop_everything,accepted,1.9079,-0.00000,-0.00000,0.00000,0.00000,0.00000,-0.000000,0.000000,0.000000,0.000000,0.000000
692,26,home,mask_home,dave,help_after_task,rejected,-3.6120,0.00000,-0.00000,0.00000,-0.00000,-0.00000,0.000000,0.000000,0.000000,-0.000000,-0.000000
693,26,home,mask_home,bob,teach,rejected,-0.8690,-0.00000,-0.00000,0.00000,-0.00000,0.00000,-0.000000,0.000000,0.000000,0.000000,0.000000
694,26,conference,mask_conference,carol,joke_deflect,rejected,-1.8758,0.00000,0.00000,0.00000,0.00000,-0.00000,0.000000,0.000000,0.000000,0.000000,0.000000
695,26,conference,mask_conference,dave,pair_up,accepted,1.6746,0.00000,0.00000,0.00000,-0.00000,-0.00000,0.000000,0.000000,0.000000,-0.000000,0.000000
696,26,conference,mask_conference,bob,drop_everything,rejected,-1.0513,0.00000,0.00000,-0.00000,-0.00000,-0.00000,0.000000,0.000000,-0.000000,0.000000,0.000000
697,26,conference,mask_conference,carol,pair_up,accepted,2.7133,0.00000,0.00000,0.00000,0.00000,-0.00000,0.000000,0.000000,0.000000,0.000000,0.000000
698,26,conference,mask_conference,dave,pair_up,accepted,1.6746,0.00000,0.00000,0.00000,-0.00000,-0.00000,0.000000,0.000000,0.000000,-0.000000,0.000000
699,26,conference,mask_conference,bob,joke_deflect,tolerated,1.4245,0.00000,0.00000,0.00000,-0.00000,-0.00000,0.000000,0.000000,0.000000,0.000000,0.000000
700,26,conference,mask_conference,carol,drop_everything,rejected,-2.3587,0.00000,0.00000,0.00000,0.00000,-0.00000,0.000000,0.000000,0.000000,0.000000,0.000000
701,26,conference,mask_conference,dave,teach,tolerated,-0.9636,0.00000,0.00000,0.00000,-0.00000,-0.00000,0.000000,0.000000,0.000000,-0.000000,0.000000
702,26,conference,mask_conference,bob,quick_tip,rejected,-0.8324,0.00000,0.00000,-0.00000,-0.00000,-0.00000,0.000000,0.000000,-0.000000,0.000000,0.000000
703,27,work,mask_work,carol,pair_up,rejected,-0.8173,0.00000,0.00000,-0.00000,-0.00000,-0.00000,0.000000,0.000000,0.000000,0.000000,-0.000000
704,27,work,mask_work,dave,drop_everything,rejected,-0.8686,-0.00000,0.00000,-0.00000,-0.00000,0.00000,-0.000000,0.000000,0.000000,0.000000,0.000000
705,27,work,mask_work,bob,joke_deflect,rejected,-0.4836,-0.00000,0.00000,-0.00000,-0.00000,0.00000,0.000000,0.000000,0.000000,0.000000,0.000000
706,27,work,mask_work,carol,joke_deflect,rejected,-0.6853,0.00000,0.00000,-0.00000,-0.00000,-0.00000,0.000000,0.000000,0.000000,0.000000,-0.000000
707,27,work,mask_work,dave,quick_tip,accepted,4.3594,-0.00000,0.00000,-0.00000,-0.00000,0.00000,-0.000000,0.000000,0.000000,0.000000,0.000000
708,27,work,mask_work,bob,drop_everything,rejected,-0.6876,-0.00000,0.00000,-0.00000,-0.00000,0.00000,0.000000,0.000000,0.000000,0.000000,0.000000
709,27,work,mask_work,carol,pair_up,rejected,-0.8173,0.00000,0.00000,-0.00000,-0.00000,-0.00000,0.000000,0.000000,0.000000,0.000000,-0.000000
710,27,work,mask_work,dave,teach,rejected,-0.6176,-0.00000,0.00000,-0.00000,-0.00000,0.00000,-0.000000,0.000000,0.000000,0.000000,0.000000
711,27,work,mask_work,bob,pair_up,rejected,-0.6156,-0.00000,0.00000,-0.00000,-0.00000,0.00000,0.000000,0.000000,0.000000,0.000000,0.000000
712,27,home,mask_home,carol,pair_up,accepted,1.9799,-0.00000,-0.00000,0.00000,0.00000,0.00000,0.000000,0.000000,0.000000,0.000000,0.000000
713,27,home,mask_home,dave,joke_deflect,accepted,1.5200,0.00000,-0.00000,0.00000,-0.00000,-0.00000,0.000000,0.000000,0.000000,-0.000000,-0.000000
714,27,home,mask_home,bob,teach,rejected,-0.8690,-0.00000,-0.00000,0.00000,-0.00000,0.00000,-0.000000,0.000000,0.000000,0.000000,0.000000
715,27,home,mask_home,carol,pair_up,accepted,1.9799,-0.00000,-0.00000,0.00000,0.00000,0.00000,0.000000,0.000000,0.000000,0.000000,0.000000
716,27,home,mask_home,dave,pair_up,accepted,1.3880,0.00000,-0.00000,0.00000,-0.00000,-0.00000,0.000000,0.000000,0.000000,-0.000000,-0.000000
717,27,home,mask_home,bob,pair_up,rejected,-0.7001,-0.00000,-0.00000,-0.00000,-0.00000,0.00000,-0.000000,0.000000,-0.000000,0.000000,0.000000
718,27,home,mask_home,carol,drop_everything,accepted,1.9079,-0.00000,-0.00000,0.00000,0.00000,0.00000,0.000000,0.000000,0.000000,0.000000,0.000000
719,27,home,mask_home,dave,pair_up,accepted,1.3880,0.00000,-0.00000,0.00000,-0.00000,-0.00000,0.000000,0.000000,0.000000,-0.000000,-0.000000
720,27,home,mask_home,bob,teach,rejected,-0.8544,-0.00000,-0.00000,0.00000,-0.00000,0.00000,-0.000000,0.000000,0.000000,0.000000,0.000000
721,27,conference,mask_conference,carol,drop_everything,rejected,-2.3587,0.00000,0.00000,0.00000,0.00000,-0.00000,0.000000,0.000000,0.000000,0.000000,0.000000
722,27,conference,mask_conference,dave,drop_everything,rejected,-3.4085,0.00000,0.00000,0.00000,-0.00000,-0.00000,0.000000,0.000000,0.000000,-0.000000,0.000000
723,27,conference,mask_conference,bob,drop_everything,rejected,-1.0604,0.00000,0.00000,-0.00000,-0.00000,-0.00000,0.000000,0.000000,-0.000000,0.000000,0.000000
724,27,conference,mask_conference,carol,drop_everything,rejected,-2.3587,0.00000,0.00000,0.00000,0.00000,-0.00000,0.000000,0.000000,0.000000,0.000000,0.000000
725,27,conference,mask_conference,dave,joke_deflect,accepted,1.7955,0.00000,0.00000,0.00000,-0.00000,-0.00000,0.000000,0.000000,0.000000,-0.000000,0.000000
726,27,conference,mask_conference,bob,joke_deflect,rejected,-0.4669,0.00000,0.00000,-0.00000,-0.00000,-0.00000,0.000000,0.000000,-0.000000,0.000000,0.000000
727,27,conference,mask_conference,carol,joke_deflect,rejected,-1.8758,0.00000,0.00000,0.00000,0.00000,-0.00000,0.000000,0.000000,0.000000,0.000000,0.000000
728,27,conference,mask_conference,dave,drop_everything,rejected,-3.4085,0.00000,0.00000,0.00000,-0.00000,-0.00000,0.000000,0.000000,0.000000,-0.000000,0.000000
729,27,conference,mask_conference,bob,joke_deflect,rejected,-0.4669,0.00000,0.00000,-0.00000,-0.00000,-0.00000,0.000000,0.000000,-0.000000,0.000000,0.000000
730,28,work,mask_work,carol,drop_everything,rejected,-0.8893,0.00000,0.00000,-0.00000,-0.00000,-0.00000,0.000000,0.000000,0.000000,0.000000,-0.000000
731,28,work,mask_work,dave,pair_up,rejected,-0.7833,-0.00000,0.00000,-0.00000,-0.00000,0.00000,-0.000000,0.000000,0.000000,0.000000,0.000000
732,28,work,mask_work,bob,teach,tolerated,1.8904,-0.00000,0.00000,-0.00000,-0.00000,0.00000,0.000000,0.000000,0.000000,0.000000,0.000000
733,28,work,mask_work,carol,help_after_task,rejected,-0.7974,0.00000,0.00000,-0.00000,-0.00000,-0.00000,0.000000,0.000000,0.000000,0.000000,-0.000000
734,28,work,mask_work,dave,drop_everything,rejected,-0.8553,-0.00000,0.00000,-0.00000,-0.00000,0.00000,-0.000000,0.000000,0.000000,0.000000,0.000000
735,28,work,mask_work,bob,joke_deflect,rejected,-0.4836,-0.00000,0.00000,-0.00000,-0.00000,0.00000,0.000000,0.000000,0.000000,0.000000,0.000000
736,28,work,mask_work,carol,quick_tip,tolerated,1.6506,0.00000,0.00000,-0.00000,-0.00000,0.00000,0.000000,0.000000,0.000000,0.000000,0.000000
737,28,work,mask_work,dave,joke_deflect,rejected,-0.6513,-0.00000,0.00000,-0.00000,-0.00000,0.00000,-0.000000,0.000000,0.000000,0.000000,0.000000
738,28,work,mask_work,bob,pair_up,rejected,-0.6156,-0.00000,0.00000,-0.00000,-0.00000,0.00000,0.000000,0.000000,0.000000,0.000000,0.000000
739,28,home,mask_home,carol,pair_up,accepted,1.9799,-0.00000,-0.00000,0.00000,0.00000,0.00000,0.000000,0.000000,0.000000,0.000000,0.000000
740,28,home,mask_home,dave,quick_tip,accepted,1.5440,0.00000,-0.00000,0.00000,-0.00000,-0.00000,0.000000,0.000000,0.000000,-0.000000,-0.000000
741,28,home,mask_home,bob,help_after_task,rejected,-0.8604,-0.00000,-0.00000,0.00000,-0.00000,0.00000,-0.000000,0.000000,0.000000,0.000000,0.000000
742,28,home,mask_home,carol,joke_deflect,tolerated,-0.6489,-0.00000,-0.00000,0.00000,0.00000,0.00000,0.000000,0.000000,0.000000,0.000000,0.000000
743,28,home,mask_home,dave,quick_tip,accepted,1.5440,0.00000,-0.00000,0.00000,-0.00000,-0.00000,0.000000,0.000000,0.000000,-0.000000,-0.000000
744,28,home,mask_home,bob,joke_deflect,rejected,-0.4676,-0.00000,-0.00000,-0.00000,0.00000,0.00000,-0.000000,0.000000,-0.000000,0.000000,0.000000
745,28,home,mask_home,carol,joke_deflect,rejected,-2.5403,-0.00000,-0.00000,0.00000,0.00000,0.00000,0.000000,0.000000,0.000000,0.000000,0.000000
746,28,home,mask_home,dave,joke_deflect,accepted,1.5200,0.00000,-0.00000,0.00000,-0.00000,-0.00000,0.000000,0.000000,0.000000,-0.000000,-0.000000
747,28,home,mask_home,bob,drop_everything,tolerated,1.2553,-0.00000,-0.00000,-0.00000,0.00000,0.00000,-0.000000,0.000000,-0.000000,0.000000,0.000000
748,28,conference,mask_conference,carol,joke_deflect,tolerated,0.0156,0.00000,0.00000,0.00000,-0.00000,-0.00000,0.000000,0.000000,0.000000,0.000000,0.000000
749,28,conference,mask_conference,dave,quick_tip,accepted,1.8195,0.00000,0.00000,0.00000,-0.00000,-0.00000,0.000000,0.000000,0.000000,0.000000,0.000000
750,28,conference,mask_conference,bob,joke_deflect,tolerated,1.4245,0.00000,0.00000,0.00000,-0.00000,-0.00000,0.000000,0.000000,0.000000,0.000000,0.000000
751,28,conference,mask_conference,carol,drop_everything,rejected,-2.3607,0.00000,0.00000,0.00000,0.00000,-0.00000,0.000000,0.000000,0.000000,0.000000,0.000000
752,28,conference,mask_conference,dave,pair_up,accepted,1.6635,0.00000,0.00000,0.00000,-0.00000,-0.00000,0.000000,0.000000,0.000000,-0.000000,0.000000
753,28,conference,mask_conference,bob,quick_tip,rejected,-0.8124,0.00000,0.00000,-0.00000,-0.00000,-0.00000,0.000000,0.000000,-0.000000,0.000000,0.000000
754,28,conference,mask_conference,carol,drop_everything,rejected,-2.3607,0.00000,0.00000,0.00000,0.00000,-0.00000,0.000000,0.000000,0.000000,0.000000,0.000000
755,28,conference,mask_conference,dave,pair_up,accepted,1.6635,0.00000,0.00000,0.00000,-0.00000,-0.00000,0.000000,0.000000,0.000000,-0.000000,0.000000
756,28,conference,mask_conference,bob,teach,tolerated,1.5376,0.00000,0.00000,-0.00000,-0.00000,-0.00000,0.000000,0.000000,-0.000000,0.000000,0.000000
757,29,work,mask_work,carol,joke_deflect,rejected,-0.6964,0.00000,0.00000,-0.00000,-0.00000,-0.00000,0.000000,0.000000,0.000000,0.000000,-0.000000
758,29,work,mask_work,dave,drop_everything,rejected,-0.8553,-0.00000,0.00000,-0.00000,-0.00000,0.00000,-0.000000,0.000000,0.000000,0.000000,0.000000
759,29,work,mask_work,bob,drop_everything,rejected,-0.6876,-0.00000,0.00000,-0.00000,-0.00000,0.00000,0.000000,0.000000,0.000000,0.000000,0.000000
760,29,work,mask_work,carol,drop_everything,rejected,-0.9004,0.00000,0.00000,-0.00000,-0.00000,-0.00000,0.000000,0.000000,0.000000,0.000000,-0.000000
761,29,work,mask_work,dave,drop_everything,rejected,-0.8553,-0.00000,0.00000,-0.00000,-0.00000,0.00000,-0.000000,0.000000,0.000000,0.000000,0.000000
762,29,work,mask_work,bob,drop_everything,rejected,-0.6876,-0.00000,0.00000,-0.00000,-0.00000,0.00000,0.000000,0.000000,0.000000,0.000000,0.000000
763,29,work,mask_work,carol,pair_up,rejected,-0.8284,0.00000,0.00000,-0.00000,-0.00000,-0.00000,0.000000,0.000000,0.000000,0.000000,-0.000000
764,29,work,mask_work,dave,drop_everything,rejected,-0.8553,-0.00000,0.00000,-0.00000,-0.00000,0.00000,-0.000000,0.000000,0.000000,0.000000,0.000000
765,29,work,mask_work,bob,drop_everything,rejected,-0.6876,-0.00000,0.00000,-0.00000,-0.00000,0.00000,0.000000,0.000000,0.000000,0.000000,0.000000
766,29,home,mask_home,carol,drop_everything,accepted,1.9117,-0.00000,-0.00000,0.00000,0.00000,0.00000,0.000000,0.000000,0.000000,0.000000,0.000000
767,29,home,mask_home,dave,teach,tolerated,-1.2444,0.00000,-0.00000,0.00000,-0.00000,-0.00000,0.000000,0.000000,0.000000,-0.000000,-0.000000
768,29,home,mask_home,bob,joke_deflect,rejected,-0.4801,-0.00000,-0.00000,-0.00000,0.00000,0.00000,-0.000000,0.000000,-0.000000,0.000000,0.000000
769,29,home,mask_home,carol,quick_tip,rejected,-2.6612,-0.00000,-0.00000,0.00000,0.00000,0.00000,0.000000,0.000000,0.000000,0.000000,0.000000
770,29,home,mask_home,dave,pair_up,accepted,1.3794,0.00000,-0.00000,0.00000,-0.00000,-0.00000,0.000000,0.000000,0.000000,-0.000000,-0.000000
771,29,home,mask_home,bob,drop_everything,rejected,-0.6551,0.00000,-0.00000,0.00000,-0.00000,-0.00000,0.000000,0.000000,0.000000,0.000000,0.000000
772,29,home,mask_home,carol,teach,rejected,-2.9705,-0.00000,-0.00000,0.00000,0.00000,0.00000,-0.000000,0.000000,0.000000,0.000000,0.000000
773,29,home,mask_home,dave,pair_up,accepted,1.3794,0.00000,-0.00000,0.00000,-0.00000,-0.00000,0.000000,0.000000,0.000000,-0.000000,-0.000000
774,29,home,mask_home,bob,drop_everything,tolerated,1.2662,-0.00000,-0.00000,-0.00000,0.00000,0.00000,-0.000000,0.000000,-0.000000,0.000000,0.000000
775,29,conference,mask_conference,carol,pair_up,accepted,2.7113,0.00000,0.00000,0.00000,0.00000,-0.00000,0.000000,0.000000,0.000000,0.000000,0.000000
776,29,conference,mask_conference,dave,drop_everything,rejected,-3.4085,0.00000,0.00000,0.00000,-0.00000,-0.00000,0.000000,0.000000,0.000000,-0.000000,0.000000
777,29,conference,mask_conference,bob,quick_tip,rejected,-0.8124,0.00000,0.00000,-0.00000,-0.00000,-0.00000,0.000000,0.000000,-0.000000,0.000000,0.000000
778,29,conference,mask_conference,carol,joke_deflect,tolerated,0.0156,0.00000,0.00000,0.00000,-0.00000,-0.00000,0.000000,0.000000,0.000000,0.000000,0.000000
779,29,conference,mask_conference,dave,drop_everything,rejected,-3.4085,0.00000,0.00000,0.00000,-0.00000,-0.00000,0.000000,0.000000,0.000000,0.000000,0.000000
780,29,conference,mask_conference,bob,pair_up,rejected,-0.8081,0.00000,0.00000,-0.00000,-0.00000,-0.00000,0.000000,0.000000,-0.000000,0.000000,0.000000
781,29,conference,mask_conference,carol,joke_deflect,tolerated,0.0156,0.00000,0.00000,0.00000,-0.00000,-0.00000,0.000000,0.000000,0.000000,0.000000,0.000000
782,29,conference,mask_conference,dave,pair_up,accepted,1.6635,0.00000,0.00000,0.00000,-0.00000,-0.00000,0.000000,0.000000,0.000000,0.000000,0.000000
783,29,conference,mask_conference,bob,joke_deflect,rejected,-0.4546,0.00000,0.00000,-0.00000,-0.00000,-0.00000,0.000000,0.000000,-0.000000,0.000000,0.000000
784,30,work,mask_work,carol,quick_tip,tolerated,1.6506,0.00000,0.00000,-0.00000,-0.00000,0.00000,0.000000,0.000000,0.000000,0.000000,0.000000
785,30,work,mask_work,dave,teach,rejected,-0.6176,-0.00000,0.00000,-0.00000,-0.00000,0.00000,-0.000000,0.000000,0.000000,0.000000,0.000000
786,30,work,mask_work,bob,drop_everything,rejected,-0.6876,-0.00000,0.00000,-0.00000,-0.00000,0.00000,0.000000,0.000000,0.000000,0.000000,0.000000
787,30,work,mask_work,carol,pair_up,rejected,-0.8420,0.00000,0.00000,-0.00000,-0.00000,-0.00000,0.000000,0.000000,0.000000,0.000000,-0.000000
788,30,work,mask_work,dave,teach,tolerated,1.5364,-0.00000,0.00000,-0.00000,-0.00000,0.00000,-0.000000,0.000000,0.000000,0.000000,0.000000
789,30,work,mask_work,bob,teach,tolerated,1.8904,-0.00000,0.00000,-0.00000,-0.00000,0.00000,0.000000,0.000000,0.000000,0.000000,0.000000
790,30,work,mask_work,carol,drop_everything,rejected,-0.9140,0.00000,0.00000,-0.00000,-0.00000,-0.00000,0.000000,0.000000,0.000000,0.000000,-0.000000
791,30,work,mask_work,dave,joke_deflect,rejected,-0.6531,-0.00000,0.00000,-0.00000,-0.00000,0.00000,-0.000000,0.000000,0.000000,0.000000,0.000000
792,30,work,mask_work,bob,drop_everything,rejected,-0.6876,-0.00000,0.00000,-0.00000,-0.00000,0.00000,0.000000,0.000000,0.000000,0.000000,0.000000
793,30,home,mask_home,carol,joke_deflect,tolerated,-0.6091,-0.00000,-0.00000,0.00000,0.00000,0.00000,0.000000,0.000000,0.000000,0.000000,0.000000
794,30,home,mask_home,dave,joke_deflect,accepted,1.5114,0.00000,-0.00000,0.00000,-0.00000,-0.00000,0.000000,0.000000,0.000000,-0.000000,-0.000000
795,30,home,mask_home,bob,pair_up,rejected,-0.6914,-0.00000,-0.00000,-0.00000,-0.00000,0.00000,-0.000000,0.000000,-0.000000,0.000000,0.000000
796,30,home,mask_home,carol,joke_deflect,rejected,-2.5005,-0.00000,-0.00000,0.00000,0.00000,0.00000,0.000000,0.000000,0.000000,0.000000,0.000000
797,30,home,mask_home,dave,teach,tolerated,-1.2444,0.00000,-0.00000,0.00000,-0.00000,-0.00000,0.000000,0.000000,0.000000,-0.000000,-0.000000
798,30,home,mask_home,bob,joke_deflect,rejected,-0.4693,-0.00000,-0.00000,-0.00000,0.00000,0.00000,-0.000000,0.000000,-0.000000,0.000000,0.000000
799,30,home,mask_home,carol,joke_deflect,rejected,-2.5005,-0.00000,-0.00000,0.00000,0.00000,0.00000,0.000000,0.000000,0.000000,0.000000,0.000000
800,30,home,mask_home,dave,pair_up,accepted,1.3717,0.00000,-0.00000,0.00000,-0.00000,-0.00000,0.000000,0.000000,0.000000,-0.000000,-0.000000
801,30,home,mask_home,bob,teach,rejected,-0.8235,-0.00000,-0.00000,0.00000,-0.00000,0.00000,-0.000000,0.000000,0.000000,0.000000,0.000000
802,30,conference,mask_conference,carol,drop_everything,rejected,-2.3841,0.00000,0.00000,0.00000,0.00000,-0.00000,0.000000,0.000000,0.000000,0.000000,0.000000
803,30,conference,mask_conference,dave,joke_deflect,accepted,1.7955,0.00000,0.00000,0.00000,-0.00000,-0.00000,0.000000,0.000000,0.000000,-0.000000,0.000000
804,30,conference,mask_conference,bob,drop_everything,rejected,-1.0154,0.00000,0.00000,-0.00000,-0.00000,-0.00000,0.000000,0.000000,-0.000000,0.000000,0.000000
805,30,conference,mask_conference,carol,joke_deflect,tolerated,0.0156,0.00000,0.00000,0.00000,-0.00000,-0.00000,0.000000,0.000000,0.000000,0.000000,0.000000
806,30,conference,mask_conference,dave,quick_tip,accepted,1.8195,0.00000,0.00000,0.00000,-0.00000,-0.00000,0.000000,0.000000,0.000000,0.000000,0.000000
807,30,conference,mask_conference,bob,quick_tip,rejected,-0.7874,0.00000,0.00000,-0.00000,-0.00000,-0.00000,0.000000,0.000000,-0.000000,0.000000,0.000000
808,30,conference,mask_conference,carol,pair_up,accepted,2.6774,0.00000,0.00000,0.00000,0.00000,-0.00000,0.000000,0.000000,0.000000,0.000000,0.000000
809,30,conference,mask_conference,dave,pair_up,accepted,1.6635,0.00000,0.00000,0.00000,-0.00000,-0.00000,0.000000,0.000000,0.000000,-0.000000,0.000000
810,30,conference,mask_conference,bob,joke_deflect,tolerated,1.4368,0.00000,0.00000,0.00000,-0.00000,-0.00000,0.000000,0.000000,0.000000,0.000000,0.000000
811,31,work,mask_work,carol,quick_tip,tolerated,1.6506,0.00000,0.00000,-0.00000,-0.00000,0.00000,0.000000,0.000000,0.000000,0.000000,0.000000
812,31,work,mask_work,dave,pair_up,rejected,-0.7851,-0.00000,0.00000,-0.00000,-0.00000,0.00000,-0.000000,0.000000,0.000000,0.000000,0.000000
813,31,work,mask_work,bob,quick_tip,rejected,-0.2826,0.00000,0.00000,-0.00000,-0.00000,-0.00000,0.000000,0.000000,0.000000,0.000000,-0.000000
814,31,work,mask_work,carol,joke_deflect,rejected,-0.7217,0.00000,0.00000,-0.00000,-0.00000,-0.00000,0.000000,0.000000,0.000000,0.000000,0.000000
815,31,work,mask_work,dave,joke_deflect,rejected,-0.6531,-0.00000,0.00000,-0.00000,-0.00000,0.00000,-0.000000,0.000000,0.000000,0.000000,0.000000
816,31,work,mask_work,bob,teach,tolerated,1.9347,0.00000,0.00000,-0.00000,-0.00000,0.00000,0.000000,0.000000,0.000000,0.000000,0.000000
817,31,work,mask_work,carol,teach,accepted,4.1523,0.00000,0.00000,-0.00000,-0.00000,-0.00000,0.000000,0.000000,0.000000,0.000000,-0.000000
818,31,work,mask_work,dave,joke_deflect,rejected,-0.6531,-0.00000,0.00000,-0.00000,-0.00000,0.00000,-0.000000,0.000000,0.000000,0.000000,0.000000
819,31,work,mask_work,bob,pair_up,rejected,-0.5713,0.00000,0.00000,-0.00000,-0.00000,0.00000,0.000000,0.000000,0.000000,0.000000,0.000000
820,31,home,mask_home,carol,teach,rejected,-2.9542,-0.00000,-0.00000,0.00000,0.00000,0.00000,0.000000,0.000000,0.000000,0.000000,0.000000
821,31,home,mask_home,dave,teach,rejected,-3.3983,0.00000,-0.00000,0.00000,-0.00000,-0.00000,0.000000,0.000000,0.000000,-0.000000,-0.000000
822,31,home,mask_home,bob,joke_deflect,tolerated,1.4221,0.00000,-0.00000,0.00000,-0.00000,-0.00000,0.000000,0.000000,0.000000,0.000000,0.000000
823,31,home,mask_home,carol,drop_everything,accepted,1.9678,-0.00000,-0.00000,0.00000,0.00000,0.00000,-0.000000,0.000000,0.000000,0.000000,0.000000
824,31,home,mask_home,dave,pair_up,accepted,1.3842,0.00000,-0.00000,0.00000,-0.00000,-0.00000,0.000000,0.000000,0.000000,-0.000000,-0.000000
825,31,home,mask_home,bob,pair_up,rejected,-0.6967,-0.00000,-0.00000,-0.00000,-0.00000,0.00000,-0.000000,0.000000,-0.000000,0.000000,0.000000
826,31,home,mask_home,carol,pair_up,accepted,2.0398,-0.00000,-0.00000,0.00000,0.00000,0.00000,0.000000,0.000000,0.000000,0.000000,0.000000
827,31,home,mask_home,dave,drop_everything,rejected,-3.3474,0.00000,-0.00000,0.00000,-0.00000,-0.00000,0.000000,0.000000,0.000000,-0.000000,-0.000000
828,31,home,mask_home,bob,joke_deflect,rejected,-0.4587,-0.00000,-0.00000,-0.00000,0.00000,0.00000,-0.000000,0.000000,-0.000000,0.000000,0.000000
829,31,conference,mask_conference,carol,pair_up,accepted,2.6774,0.00000,0.00000,0.00000,0.00000,-0.00000,0.000000,0.000000,0.000000,0.000000,0.000000
830,31,conference,mask_conference,dave,teach,rejected,-3.1176,0.00000,-0.00000,0.00000,-0.00000,-0.00000,0.000000,-0.000000,0.000000,-0.000000,0.000000
831,31,conference,mask_conference,bob,quick_tip,rejected,-0.7958,0.00000,0.00000,-0.00000,-0.00000,-0.00000,0.000000,0.000000,-0.000000,0.000000,0.000000
832,31,conference,mask_conference,carol,drop_everything,rejected,-2.3946,0.00000,0.00000,0.00000,0.00000,-0.00000,0.000000,0.000000,0.000000,0.000000,0.000000
833,31,conference,mask_conference,dave,pair_up,accepted,1.6787,0.00000,0.00000,0.00000,-0.00000,-0.00000,0.000000,0.000000,0.000000,-0.000000,0.000000
834,31,conference,mask_conference,bob,drop_everything,rejected,-1.0238,0.00000,0.00000,-0.00000,-0.00000,-0.00000,0.000000,0.000000,-0.000000,0.000000,0.000000
835,31,conference,mask_conference,carol,pair_up,accepted,2.6774,0.00000,0.00000,0.00000,0.00000,-0.00000,0.000000,0.000000,0.000000,0.000000,0.000000
836,31,conference,mask_conference,dave,teach,tolerated,-0.9636,0.00000,0.00000,0.00000,-0.00000,-0.00000,0.000000,0.000000,0.000000,-0.000000,0.000000
837,31,conference,mask_conference,bob,teach,tolerated,1.5542,0.00000,0.00000,-0.00000,-0.00000,-0.00000,0.000000,0.000000,-0.000000,0.000000,0.000000
838,32,work,mask_work,carol,teach,accepted,4.1523,0.00000,0.00000,-0.00000,-0.00000,-0.00000,0.000000,0.000000,0.000000,0.000000,-0.000000
839,32,work,mask_work,dave,joke_deflect,rejected,-0.6531,-0.00000,0.00000,-0.00000,-0.00000,0.00000,-0.000000,0.000000,0.000000,0.000000,0.000000
840,32,work,mask_work,bob,drop_everything,rejected,-0.6433,0.00000,0.00000,-0.00000,-0.00000,0.00000,0.000000,0.000000,0.000000,0.000000,0.000000
841,32,work,mask_work,carol,drop_everything,rejected,-0.9257,0.00000,0.00000,-0.00000,-0.00000,-0.00000,0.000000,0.000000,0.000000,0.000000,-0.000000
842,32,work,mask_work,dave,pair_up,rejected,-0.7851,-0.00000,0.00000,-0.00000,-0.00000,0.00000,-0.000000,0.000000,0.000000,0.000000,0.000000
843,32,work,mask_work,bob,pair_up,rejected,-0.5713,0.00000,0.00000,-0.00000,-0.00000,0.00000,0.000000,0.000000,0.000000,0.000000,0.000000
844,32,work,mask_work,carol,drop_everything,rejected,-0.9257,0.00000,0.00000,-0.00000,-0.00000,-0.00000,0.000000,0.000000,0.000000,0.000000,-0.000000
845,32,work,mask_work,dave,pair_up,rejected,-0.7851,-0.00000,0.00000,-0.00000,-0.00000,0.00000,-0.000000,0.000000,0.000000,0.000000,0.000000
846,32,work,mask_work,bob,pair_up,rejected,-0.5713,0.00000,0.00000,-0.00000,-0.00000,0.00000,0.000000,0.000000,0.000000,0.000000,0.000000
847,32,home,mask_home,carol,pair_up,accepted,2.0398,-0.00000,-0.00000,0.00000,0.00000,0.00000,0.000000,0.000000,0.000000,0.000000,0.000000
848,32,home,mask_home,dave,drop_everything,rejected,-3.3474,0.00000,-0.00000,0.00000,-0.00000,-0.00000,0.000000,0.000000,0.000000,-0.000000,-0.000000
849,32,home,mask_home,bob,joke_deflect,tolerated,1.4327,0.00000,-0.00000,0.00000,-0.00000,-0.00000,0.000000,0.000000,0.000000,0.000000,0.000000
850,32,home,mask_home,carol,joke_deflect,rejected,-2.5005,-0.00000,-0.00000,0.00000,0.00000,0.00000,-0.000000,0.000000,0.000000,0.000000,0.000000
851,32,home,mask_home,dave,quick_tip,accepted,1.5760,0.00000,-0.00000,0.00000,-0.00000,-0.00000,0.000000,0.000000,0.000000,-0.000000,-0.000000
852,32,home,mask_home,bob,quick_tip,tolerated,1.7035,-0.00000,-0.00000,-0.00000,-0.00000,0.00000,-0.000000,0.000000,-0.000000,0.000000,0.000000
853,32,home,mask_home,carol,teach,rejected,-2.9421,-0.00000,-0.00000,0.00000,0.00000,0.00000,0.000000,0.000000,0.000000,0.000000,0.000000
854,32,home,mask_home,dave,teach,rejected,-3.3625,0.00000,-0.00000,0.00000,-0.00000,-0.00000,0.000000,0.000000,0.000000,-0.000000,-0.000000
855,32,home,mask_home,bob,drop_everything,rejected,-0.6562,0.00000,-0.00000,0.00000,-0.00000,-0.00000,0.000000,0.000000,0.000000,0.000000,0.000000
856,32,conference,mask_conference,carol,pair_up,accepted,2.6774,0.00000,0.00000,0.00000,0.00000,-0.00000,0.000000,0.000000,0.000000,0.000000,0.000000
857,32,conference,mask_conference,dave,drop_everything,rejected,-3.4032,0.00000,0.00000,0.00000,-0.00000,-0.00000,0.000000,0.000000,0.000000,-0.000000,0.000000
858,32,conference,mask_conference,bob,pair_up,rejected,-0.8037,0.00000,0.00000,-0.00000,-0.00000,-0.00000,0.000000,0.000000,-0.000000,0.000000,0.000000
859,32,conference,mask_conference,carol,joke_deflect,tolerated,0.0156,0.00000,0.00000,0.00000,-0.00000,-0.00000,0.000000,0.000000,0.000000,0.000000,0.000000
860,32,conference,mask_conference,dave,quick_tip,accepted,1.8248,0.00000,0.00000,0.00000,-0.00000,-0.00000,0.000000,0.000000,0.000000,0.000000,0.000000
861,32,conference,mask_conference,bob,quick_tip,rejected,-0.7852,0.00000,0.00000,-0.00000,-0.00000,-0.00000,0.000000,0.000000,-0.000000,0.000000,0.000000
862,32,conference,mask_conference,carol,drop_everything,rejected,-2.4044,0.00000,0.00000,0.00000,0.00000,-0.00000,0.000000,0.000000,0.000000,0.000000,0.000000
863,32,conference,mask_conference,dave,teach,tolerated,-0.9636,0.00000,0.00000,0.00000,-0.00000,-0.00000,0.000000,0.000000,0.000000,-0.000000,0.000000
864,32,conference,mask_conference,bob,quick_tip,rejected,-0.7852,0.00000,0.00000,-0.00000,-0.00000,-0.00000,0.000000,0.000000,-0.000000,0.000000,0.000000
865,33,work,mask_work,carol,teach,accepted,4.1523,0.00000,0.00000,-0.00000,-0.00000,-0.00000,0.000000,0.000000,0.000000,0.000000,-0.000000
866,33,work,mask_work,dave,pair_up,rejected,-0.7851,-0.00000,0.00000,-0.00000,-0.00000,0.00000,-0.000000,0.000000,0.000000,0.000000,0.000000
867,33,work,mask_work,bob,quick_tip,rejected,-0.2826,0.00000,0.00000,-0.00000,-0.00000,-0.00000,0.000000,0.000000,0.000000,0.000000,-0.000000
868,33,work,mask_work,carol,drop_everything,rejected,-0.9257,0.00000,0.00000,-0.00000,-0.00000,-0.00000,0.000000,0.000000,0.000000,0.000000,0.000000
869,33,work,mask_work,dave,teach,tolerated,1.5364,-0.00000,0.00000,-0.00000,-0.00000,0.00000,-0.000000,0.000000,0.000000,0.000000,0.000000
870,33,work,mask_work,bob,pair_up,rejected,-0.5448,0.00000,0.00000,-0.00000,-0.00000,-0.00000,0.000000,0.000000,0.000000,0.000000,-0.000000
871,33,work,mask_work,carol,joke_deflect,rejected,-0.7217,0.00000,0.00000,-0.00000,-0.00000,-0.00000,0.000000,0.000000,0.000000,0.000000,0.000000
872,33,work,mask_work,dave,pair_up,rejected,-0.7966,-0.00000,0.00000,-0.00000,-0.00000,0.00000,-0.000000,0.000000,0.000000,0.000000,0.000000
873,33,work,mask_work,bob,drop_everything,rejected,-0.6168,0.00000,0.00000,-0.00000,-0.00000,-0.00000,0.000000,0.000000,0.000000,0.000000,-0.000000
874,33,home,mask_home,carol,teach,rejected,-2.9421,-0.00000,-0.00000,0.00000,0.00000,0.00000,-0.000000,0.000000,0.000000,0.000000,0.000000
875,33,home,mask_home,dave,teach,rejected,-3.3625,0.00000,-0.00000,0.00000,-0.00000,-0.00000,0.000000,0.000000,0.000000,-0.000000,-0.000000
876,33,home,mask_home,bob,pair_up,tolerated,1.1524,0.00000,-0.00000,0.00000,0.00000,-0.00000,0.000000,0.000000,0.000000,0.000000,0.000000
877,33,home,mask_home,carol,pair_up,accepted,2.0519,-0.00000,-0.00000,0.00000,0.00000,0.00000,-0.000000,0.000000,0.000000,0.000000,0.000000
878,33,home,mask_home,dave,joke_deflect,accepted,1.5732,0.00000,-0.00000,0.00000,-0.00000,-0.00000,0.000000,0.000000,0.000000,-0.000000,-0.000000
879,33,home,mask_home,bob,pair_up,tolerated,1.1524,0.00000,-0.00000,0.00000,0.00000,-0.00000,0.000000,0.000000,0.000000,0.000000,0.000000
880,33,home,mask_home,carol,drop_everything,accepted,1.9799,-0.00000,-0.00000,0.00000,0.00000,0.00000,-0.000000,0.000000,0.000000,0.000000,0.000000
881,33,home,mask_home,dave,joke_deflect,accepted,1.5732,0.00000,-0.00000,0.00000,-0.00000,-0.00000,0.000000,0.000000,0.000000,-0.000000,-0.000000
882,33,home,mask_home,bob,pair_up,rejected,-0.7062,-0.00000,-0.00000,-0.00000,-0.00000,0.00000,-0.000000,0.000000,-0.000000,0.000000,0.000000
883,33,conference,mask_conference,carol,joke_deflect,tolerated,0.0156,0.00000,0.00000,0.00000,-0.00000,-0.00000,0.000000,0.000000,0.000000,0.000000,0.000000
884,33,conference,mask_conference,dave,joke_deflect,accepted,1.7922,0.00000,0.00000,0.00000,-0.00000,-0.00000,0.000000,0.000000,0.000000,0.000000,0.000000
885,33,conference,mask_conference,bob,drop_everything,rejected,-1.0132,0.00000,0.00000,-0.00000,-0.00000,-0.00000,0.000000,0.000000,-0.000000,0.000000,0.000000
886,33,conference,mask_conference,carol,pair_up,accepted,2.6585,0.00000,0.00000,0.00000,0.00000,-0.00000,0.000000,0.000000,0.000000,0.000000,0.000000
887,33,conference,mask_conference,dave,pair_up,accepted,1.6602,0.00000,0.00000,0.00000,-0.00000,-0.00000,0.000000,0.000000,0.000000,-0.000000,0.000000
888,33,conference,mask_conference,bob,quick_tip,rejected,-0.7852,0.00000,0.00000,-0.00000,-0.00000,-0.00000,0.000000,0.000000,-0.000000,0.000000,0.000000
889,33,conference,mask_conference,carol,quick_tip,rejected,-2.1855,0.00000,0.00000,0.00000,0.00000,-0.00000,0.000000,0.000000,0.000000,0.000000,0.000000
890,33,conference,mask_conference,dave,quick_tip,accepted,1.8162,0.00000,0.00000,0.00000,-0.00000,-0.00000,0.000000,0.000000,0.000000,-0.000000,0.000000
891,33,conference,mask_conference,bob,pair_up,tolerated,1.0548,0.00000,0.00000,0.00000,-0.00000,-0.00000,0.000000,0.000000,0.000000,0.000000,0.000000
892,34,work,mask_work,carol,joke_deflect,rejected,-0.7217,0.00000,0.00000,-0.00000,-0.00000,-0.00000,0.000000,0.000000,0.000000,0.000000,0.000000
893,34,work,mask_work,dave,teach,rejected,-0.6176,-0.00000,0.00000,-0.00000,-0.00000,0.00000,-0.000000,0.000000,0.000000,0.000000,0.000000
894,34,work,mask_work,bob,quick_tip,rejected,-0.2826,0.00000,0.00000,-0.00000,-0.00000,-0.00000,0.000000,0.000000,0.000000,0.000000,-0.000000
895,34,work,mask_work,carol,pair_up,rejected,-0.8537,0.00000,0.00000,-0.00000,-0.00000,-0.00000,0.000000,0.000000,0.000000,0.000000,0.000000
896,34,work,mask_work,dave,quick_tip,accepted,4.3696,-0.00000,0.00000,-0.00000,-0.00000,0.00000,-0.000000,0.000000,0.000000,0.000000,0.000000
897,34,work,mask_work,bob,teach,tolerated,1.9789,0.00000,0.00000,-0.00000,-0.00000,-0.00000,0.000000,0.000000,0.000000,0.000000,-0.000000
898,34,work,mask_work,carol,pair_up,rejected,-0.8537,0.00000,0.00000,-0.00000,-0.00000,-0.00000,0.000000,0.000000,0.000000,0.000000,0.000000
899,34,work,mask_work,dave,teach,rejected,-0.6176,-0.00000,0.00000,-0.00000,-0.00000,0.00000,-0.000000,0.000000,0.000000,0.000000,0.000000
900,34,work,mask_work,bob,teach,tolerated,1.9789,0.00000,0.00000,-0.00000,-0.00000,-0.00000,0.000000,0.000000,0.000000,0.000000,-0.000000
901,34,home,mask_home,carol,joke_deflect,tolerated,-0.6091,-0.00000,-0.00000,0.00000,0.00000,0.00000,0.000000,0.000000,0.000000,0.000000,0.000000
902,34,home,mask_home,dave,joke_deflect,accepted,1.5732,0.00000,-0.00000,0.00000,-0.00000,-0.00000,0.000000,0.000000,0.000000,-0.000000,-0.000000
903,34,home,mask_home,bob,joke_deflect,rejected,-0.5149,-0.00000,-0.00000,-0.00000,0.00000,0.00000,-0.000000,0.000000,-0.000000,0.000000,0.000000
904,34,home,mask_home,carol,teach,rejected,-2.9525,-0.00000,-0.00000,0.00000,0.00000,0.00000,0.000000,0.000000,0.000000,0.000000,0.000000
905,34,home,mask_home,dave,drop_everything,tolerated,-1.4050,0.00000,-0.00000,0.00000,-0.00000,-0.00000,0.000000,0.000000,0.000000,-0.000000,-0.000000
906,34,home,mask_home,bob,pair_up,tolerated,1.1612,0.00000,-0.00000,0.00000,0.00000,-0.00000,0.000000,0.000000,0.000000,0.000000,0.000000
907,34,home,mask_home,carol,joke_deflect,rejected,-2.5005,-0.00000,-0.00000,0.00000,0.00000,0.00000,-0.000000,0.000000,0.000000,0.000000,0.000000
908,34,home,mask_home,dave,drop_everything,rejected,-3.3262,0.00000,-0.00000,0.00000,-0.00000,-0.00000,0.000000,0.000000,0.000000,-0.000000,-0.000000
909,34,home,mask_home,bob,joke_deflect,rejected,-0.5401,-0.00000,-0.00000,-0.00000,0.00000,0.00000,-0.000000,0.000000,-0.000000,0.000000,0.000000
910,34,conference,mask_conference,carol,joke_deflect,tolerated,0.0156,0.00000,0.00000,0.00000,-0.00000,-0.00000,0.000000,0.000000,0.000000,0.000000,0.000000
911,34,conference,mask_conference,dave,drop_everything,rejected,-3.4118,0.00000,0.00000,0.00000,-0.00000,-0.00000,0.000000,0.000000,0.000000,0.000000,0.000000
912,34,conference,mask_conference,bob,pair_up,tolerated,1.0548,0.00000,0.00000,0.00000,-0.00000,-0.00000,0.000000,0.000000,0.000000,0.000000,0.000000
913,34,conference,mask_conference,carol,quick_tip,rejected,-2.1941,0.00000,0.00000,0.00000,0.00000,-0.00000,0.000000,0.000000,0.000000,0.000000,0.000000
914,34,conference,mask_conference,dave,pair_up,accepted,1.6602,0.00000,0.00000,0.00000,-0.00000,-0.00000,0.000000,0.000000,0.000000,-0.000000,0.000000
915,34,conference,mask_conference,bob,pair_up,tolerated,1.0548,0.00000,0.00000,0.00000,-0.00000,-0.00000,0.000000,0.000000,0.000000,0.000000,0.000000
916,34,conference,mask_conference,carol,quick_tip,rejected,-2.1941,0.00000,0.00000,0.00000,0.00000,-0.00000,0.000000,0.000000,0.000000,0.000000,0.000000
917,34,conference,mask_conference,dave,help_after_task,tolerated,-0.8398,0.00000,0.00000,0.00000,-0.00000,-0.00000,0.000000,0.000000,0.000000,-0.000000,0.000000
918,34,conference,mask_conference,bob,drop_everything,rejected,-1.1021,0.00000,0.00000,-0.00000,-0.00000,-0.00000,0.000000,0.000000,-0.000000,0.000000,0.000000
919,35,work,mask_work,carol,pair_up,rejected,-0.8537,0.00000,0.00000,-0.00000,-0.00000,-0.00000,0.000000,0.000000,0.000000,0.000000,0.000000
920,35,work,mask_work,dave,pair_up,rejected,-0.7774,-0.00000,0.00000,-0.00000,-0.00000,0.00000,-0.000000,0.000000,0.000000,0.000000,0.000000
921,35,work,mask_work,bob,pair_up,rejected,-0.5271,0.00000,0.00000,-0.00000,-0.00000,-0.00000,0.000000,0.000000,0.000000,0.000000,-0.000000
922,35,work,mask_work,carol,help_after_task,tolerated,1.6016,0.00000,0.00000,-0.00000,-0.00000,-0.00000,0.000000,0.000000,0.000000,0.000000,0.000000
923,35,work,mask_work,dave,teach,tolerated,1.5364,-0.00000,0.00000,-0.00000,-0.00000,0.00000,-0.000000,0.000000,0.000000,0.000000,0.000000
924,35,work,mask_work,bob,teach,tolerated,1.9789,0.00000,0.00000,-0.00000,-0.00000,-0.00000,0.000000,0.000000,0.000000,0.000000,-0.000000
925,35,work,mask_work,carol,drop_everything,rejected,-0.9346,0.00000,0.00000,-0.00000,-0.00000,-0.00000,0.000000,0.000000,0.000000,0.000000,0.000000
926,35,work,mask_work,dave,drop_everything,rejected,-0.8595,-0.00000,0.00000,-0.00000,-0.00000,0.00000,-0.000000,0.000000,0.000000,0.000000,0.000000
927,35,work,mask_work,bob,drop_everything,rejected,-0.5991,0.00000,0.00000,-0.00000,-0.00000,-0.00000,0.000000,0.000000,0.000000,0.000000,-0.000000
928,35,home,mask_home,carol,joke_deflect,rejected,-2.5005,-0.00000,-0.00000,0.00000,0.00000,0.00000,0.000000,0.000000,0.000000,0.000000,0.000000
929,35,home,mask_home,dave,pair_up,accepted,1.4426,0.00000,-0.00000,0.00000,-0.00000,-0.00000,0.000000,0.000000,0.000000,-0.000000,-0.000000
930,35,home,mask_home,bob,teach,rejected,-0.8969,-0.00000,-0.00000,0.00000,-0.00000,0.00000,-0.000000,0.000000,0.000000,0.000000,0.000000
931,35,home,mask_home,carol,joke_deflect,tolerated,-0.6091,-0.00000,-0.00000,0.00000,0.00000,0.00000,0.000000,0.000000,0.000000,0.000000,0.000000
932,35,home,mask_home,dave,pair_up,accepted,1.4426,0.00000,-0.00000,0.00000,-0.00000,-0.00000,0.000000,0.000000,0.000000,-0.000000,-0.000000
933,35,home,mask_home,bob,joke_deflect,rejected,-0.5401,-0.00000,-0.00000,-0.00000,0.00000,0.00000,-0.000000,0.000000,-0.000000,0.000000,0.000000
934,35,home,mask_home,carol,teach,rejected,-2.9406,-0.00000,-0.00000,0.00000,0.00000,0.00000,0.000000,0.000000,0.000000,0.000000,0.000000
935,35,home,mask_home,dave,drop_everything,tolerated,-1.4050,0.00000,-0.00000,0.00000,-0.00000,-0.00000,0.000000,0.000000,0.000000,-0.000000,-0.000000
936,35,home,mask_home,bob,pair_up,rejected,-0.6814,-0.00000,-0.00000,-0.00000,-0.00000,0.00000,-0.000000,0.000000,-0.000000,0.000000,0.000000
937,35,conference,mask_conference,carol,drop_everything,rejected,-2.4221,0.00000,0.00000,0.00000,0.00000,-0.00000,0.000000,0.000000,0.000000,0.000000,0.000000
938,35,conference,mask_conference,dave,pair_up,accepted,1.6602,0.00000,0.00000,0.00000,-0.00000,-0.00000,0.000000,0.000000,0.000000,-0.000000,0.000000
939,35,conference,mask_conference,bob,pair_up,tolerated,1.0548,0.00000,0.00000,0.00000,-0.00000,-0.00000,0.000000,0.000000,0.000000,0.000000,0.000000
940,35,conference,mask_conference,carol,joke_deflect,rejected,-1.8758,0.00000,0.00000,0.00000,0.00000,-0.00000,0.000000,0.000000,0.000000,0.000000,0.000000
941,35,conference,mask_conference,dave,drop_everything,rejected,-3.4118,0.00000,0.00000,0.00000,-0.00000,-0.00000,0.000000,0.000000,0.000000,-0.000000,0.000000
942,35,conference,mask_conference,bob,quick_tip,rejected,-0.8972,0.00000,0.00000,-0.00000,-0.00000,-0.00000,0.000000,0.000000,-0.000000,0.000000,0.000000
943,35,conference,mask_conference,carol,teach,accepted,2.6662,0.00000,0.00000,0.00000,0.00000,-0.00000,0.000000,0.000000,0.000000,0.000000,0.000000
944,35,conference,mask_conference,dave,pair_up,accepted,1.6602,0.00000,0.00000,0.00000,-0.00000,-0.00000,0.000000,0.000000,0.000000,-0.000000,0.000000
945,35,conference,mask_conference,bob,joke_deflect,tolerated,1.3354,0.00000,0.00000,0.00000,-0.00000,-0.00000,0.000000,0.000000,0.000000,0.000000,0.000000
946,36,work,mask_work,carol,quick_tip,rejected,-0.5929,0.00000,0.00000,-0.00000,-0.00000,-0.00000,0.000000,0.000000,0.000000,0.000000,0.000000
947,36,work,mask_work,dave,teach,tolerated,1.5364,-0.00000,0.00000,-0.00000,-0.00000,0.00000,-0.000000,0.000000,0.000000,0.000000,0.000000
948,36,work,mask_work,bob,joke_deflect,rejected,-0.3951,0.00000,0.00000,-0.00000,-0.00000,-0.00000,0.000000,0.000000,0.000000,0.000000,-0.000000
949,36,work,mask_work,carol,joke_deflect,rejected,-0.7231,0.00000,0.00000,-0.00000,-0.00000,-0.00000,0.000000,0.000000,0.000000,0.000000,0.000000
950,36,work,mask_work,dave,quick_tip,accepted,4.3594,-0.00000,0.00000,-0.00000,-0.00000,0.00000,-0.000000,0.000000,0.000000,0.000000,0.000000
951,36,work,mask_work,bob,drop_everything,rejected,-0.5991,0.00000,0.00000,-0.00000,-0.00000,-0.00000,0.000000,0.000000,0.000000,0.000000,-0.000000
952,36,work,mask_work,carol,quick_tip,rejected,-0.5929,0.00000,0.00000,-0.00000,-0.00000,-0.00000,0.000000,0.000000,0.000000,0.000000,0.000000
953,36,work,mask_work,dave,teach,rejected,-0.6176,-0.00000,0.00000,-0.00000,-0.00000,0.00000,-0.000000,0.000000,0.000000,0.000000,0.000000
954,36,work,mask_work,bob,pair_up,rejected,-0.5271,0.00000,0.00000,-0.00000,-0.00000,-0.00000,0.000000,0.000000,0.000000,0.000000,-0.000000
955,36,home,mask_home,carol,joke_deflect,tolerated,-0.6091,-0.00000,-0.00000,0.00000,0.00000,0.00000,0.000000,0.000000,0.000000,0.000000,0.000000
956,36,home,mask_home,dave,teach,tolerated,-1.2196,0.00000,-0.00000,0.00000,-0.00000,-0.00000,0.000000,0.000000,0.000000,-0.000000,-0.000000
957,36,home,mask_home,bob,pair_up,rejected,-0.6814,-0.00000,-0.00000,-0.00000,-0.00000,0.00000,-0.000000,0.000000,-0.000000,0.000000,0.000000
958,36,home,mask_home,carol,teach,rejected,-2.9498,-0.00000,-0.00000,0.00000,0.00000,0.00000,0.000000,0.000000,0.000000,0.000000,0.000000
959,36,home,mask_home,dave,joke_deflect,accepted,1.5547,0.00000,-0.00000,0.00000,-0.00000,-0.00000,0.000000,0.000000,0.000000,-0.000000,-0.000000
960,36,home,mask_home,bob,quick_tip,tolerated,1.6826,-0.00000,-0.00000,0.00000,-0.00000,0.00000,-0.000000,0.000000,0.000000,0.000000,0.000000
961,36,home,mask_home,carol,drop_everything,accepted,1.9722,-0.00000,-0.00000,0.00000,0.00000,0.00000,0.000000,0.000000,0.000000,0.000000,0.000000
962,36,home,mask_home,dave,joke_deflect,accepted,1.5547,0.00000,-0.00000,0.00000,-0.00000,-0.00000,0.000000,0.000000,0.000000,-0.000000,-0.000000
963,36,home,mask_home,bob,teach,rejected,-0.8789,-0.00000,-0.00000,0.00000,-0.00000,0.00000,-0.000000,0.000000,0.000000,0.000000,0.000000
964,36,conference,mask_conference,carol,drop_everything,rejected,-2.4118,0.00000,0.00000,0.00000,0.00000,-0.00000,0.000000,0.000000,0.000000,0.000000,0.000000
965,36,conference,mask_conference,dave,teach,tolerated,-0.9636,0.00000,0.00000,0.00000,-0.00000,-0.00000,0.000000,0.000000,0.000000,-0.000000,0.000000
966,36,conference,mask_conference,bob,teach,tolerated,1.4450,0.00000,0.00000,-0.00000,-0.00000,-0.00000,0.000000,0.000000,-0.000000,0.000000,0.000000
967,36,conference,mask_conference,carol,joke_deflect,rejected,-1.8758,0.00000,0.00000,0.00000,0.00000,-0.00000,0.000000,0.000000,0.000000,0.000000,0.000000
968,36,conference,mask_conference,dave,quick_tip,accepted,1.8085,0.00000,0.00000,0.00000,-0.00000,-0.00000,0.000000,0.000000,0.000000,-0.000000,0.000000
969,36,conference,mask_conference,bob,quick_tip,rejected,-0.9050,0.00000,0.00000,-0.00000,-0.00000,-0.00000,0.000000,0.000000,-0.000000,0.000000,0.000000
970,36,conference,mask_conference,carol,pair_up,accepted,2.6700,0.00000,0.00000,0.00000,0.00000,-0.00000,0.000000,0.000000,0.000000,0.000000,0.000000
971,36,conference,mask_conference,dave,drop_everything,rejected,-3.4195,0.00000,0.00000,0.00000,-0.00000,-0.00000,0.000000,0.000000,0.000000,-0.000000,0.000000
972,36,conference,mask_conference,bob,drop_everything,rejected,-1.1330,0.00000,0.00000,-0.00000,-0.00000,-0.00000,0.000000,0.000000,-0.000000,0.000000,0.000000
973,37,work,mask_work,carol,drop_everything,rejected,-0.9204,0.00000,0.00000,-0.00000,-0.00000,-0.00000,0.000000,0.000000,0.000000,0.000000,0.000000
974,37,work,mask_work,dave,teach,rejected,-0.6176,-0.00000,0.00000,-0.00000,-0.00000,0.00000,-0.000000,0.000000,0.000000,0.000000,0.000000
975,37,work,mask_work,bob,drop_everything,rejected,-0.5991,0.00000,0.00000,-0.00000,-0.00000,-0.00000,0.000000,0.000000,0.000000,0.000000,-0.000000
976,37,work,mask_work,carol,teach,accepted,4.1576,0.00000,0.00000,-0.00000,-0.00000,-0.00000,0.000000,0.000000,0.000000,0.000000,0.000000
977,37,work,mask_work,dave,drop_everything,rejected,-0.8529,-0.00000,0.00000,-0.00000,-0.00000,0.00000,-0.000000,0.000000,0.000000,0.000000,0.000000
978,37,work,mask_work,bob,joke_deflect,rejected,-0.3951,0.00000,0.00000,-0.00000,-0.00000,-0.00000,0.000000,0.000000,0.000000,0.000000,-0.000000
979,37,work,mask_work,carol,help_after_task,tolerated,1.6158,0.00000,0.00000,-0.00000,-0.00000,-0.00000,0.000000,0.000000,0.000000,0.000000,0.000000
980,37,work,mask_work,dave,pair_up,rejected,-0.7809,-0.00000,0.00000,-0.00000,-0.00000,0.00000,-0.000000,0.000000,0.000000,0.000000,0.000000
981,37,work,mask_work,bob,teach,tolerated,1.9789,0.00000,0.00000,-0.00000,-0.00000,-0.00000,0.000000,0.000000,0.000000,0.000000,-0.000000
982,37,home,mask_home,carol,pair_up,accepted,2.0442,-0.00000,-0.00000,0.00000,0.00000,0.00000,0.000000,0.000000,0.000000,0.000000,0.000000
983,37,home,mask_home,dave,quick_tip,accepted,1.5787,0.00000,-0.00000,0.00000,-0.00000,-0.00000,0.000000,0.000000,0.000000,-0.000000,-0.000000
984,37,home,mask_home,bob,pair_up,rejected,-0.6925,-0.00000,-0.00000,-0.00000,-0.00000,0.00000,-0.000000,0.000000,-0.000000,0.000000,0.000000
985,37,home,mask_home,carol,drop_everything,accepted,1.9722,-0.00000,-0.00000,0.00000,0.00000,0.00000,0.000000,0.000000,0.000000,0.000000,0.000000
986,37,home,mask_home,dave,drop_everything,rejected,-3.3336,0.00000,-0.00000,0.00000,-0.00000,-0.00000,0.000000,0.000000,0.000000,-0.000000,-0.000000
987,37,home,mask_home,bob,joke_deflect,rejected,-0.5206,-0.00000,-0.00000,-0.00000,0.00000,0.00000,-0.000000,0.000000,-0.000000,0.000000,0.000000
988,37,home,mask_home,carol,drop_everything,accepted,1.9722,-0.00000,-0.00000,0.00000,0.00000,0.00000,0.000000,0.000000,0.000000,0.000000,0.000000
989,37,home,mask_home,dave,joke_deflect,accepted,1.5684,0.00000,-0.00000,0.00000,-0.00000,-0.00000,0.000000,0.000000,0.000000,-0.000000,-0.000000
990,37,home,mask_home,bob,quick_tip,tolerated,1.6990,-0.00000,-0.00000,-0.00000,-0.00000,0.00000,-0.000000,0.000000,-0.000000,0.000000,0.000000
991,37,conference,mask_conference,carol,quick_tip,rejected,-2.1740,0.00000,0.00000,0.00000,0.00000,-0.00000,0.000000,0.000000,0.000000,0.000000,0.000000
992,37,conference,mask_conference,dave,quick_tip,accepted,1.8085,0.00000,0.00000,0.00000,-0.00000,-0.00000,0.000000,0.000000,0.000000,-0.000000,0.000000
993,37,conference,mask_conference,bob,quick_tip,rejected,-0.9050,0.00000,0.00000,-0.00000,-0.00000,-0.00000,0.000000,0.000000,-0.000000,0.000000,0.000000
994,37,conference,mask_conference,carol,quick_tip,rejected,-2.1740,0.00000,0.00000,0.00000,0.00000,-0.00000,0.000000,0.000000,0.000000,0.000000,0.000000
995,37,conference,mask_conference,dave,quick_tip,accepted,1.8085,0.00000,0.00000,0.00000,-0.00000,-0.00000,0.000000,0.000000,0.000000,-0.000000,0.000000
996,37,conference,mask_conference,bob,drop_everything,rejected,-1.1330,0.00000,0.00000,-0.00000,-0.00000,-0.00000,0.000000,0.000000,-0.000000,0.000000,0.000000
997,37,conference,mask_conference,carol,pair_up,accepted,2.6700,0.00000,0.00000,0.00000,0.00000,-0.00000,0.000000,0.000000,0.000000,0.000000,0.000000
998,37,conference,mask_conference,dave,pair_up,accepted,1.6525,0.00000,0.00000,0.00000,-0.00000,-0.00000,0.000000,0.000000,0.000000,-0.000000,0.000000
999,37,conference,mask_conference,bob,drop_everything,rejected,-1.1330,0.00000,0.00000,-0.00000,-0.00000,-0.00000,0.000000,0.000000,-0.000000,0.000000,0.000000
1000,38,work,mask_work,carol,drop_everything,rejected,-0.9264,0.00000,0.00000,-0.00000,-0.00000,-0.00000,0.000000,0.000000,0.000000,0.000000,0.000000
1001,38,work,mask_work,dave,pair_up,rejected,-0.7809,-0.00000,0.00000,-0.00000,-0.00000,0.00000,-0.000000,0.000000,0.000000,0.000000,0.000000
1002,38,work,mask_work,bob,pair_up,rejected,-0.5271,0.00000,0.00000,-0.00000,-0.00000,-0.00000,0.000000,0.000000,0.000000,0.000000,-0.000000
1003,38,work,mask_work,carol,drop_everything,rejected,-0.9264,0.00000,0.00000,-0.00000,-0.00000,-0.00000,0.000000,0.000000,0.000000,0.000000,0.000000
1004,38,work,mask_work,dave,pair_up,rejected,-0.7809,-0.00000,0.00000,-0.00000,-0.00000,0.00000,-0.000000,0.000000,0.000000,0.000000,0.000000
1005,38,work,mask_work,bob,pair_up,rejected,-0.5271,0.00000,0.00000,-0.00000,-0.00000,-0.00000,0.000000,0.000000,0.000000,0.000000,-0.000000
1006,38,work,mask_work,carol,drop_everything,rejected,-0.9264,0.00000,0.00000,-0.00000,-0.00000,-0.00000,0.000000,0.000000,0.000000,0.000000,0.000000
1007,38,work,mask_work,dave,quick_tip,accepted,4.3751,-0.00000,0.00000,-0.00000,-0.00000,0.00000,-0.000000,0.000000,0.000000,0.000000,0.000000
1008,38,work,mask_work,bob,joke_deflect,rejected,-0.3951,0.00000,0.00000,-0.00000,-0.00000,-0.00000,0.000000,0.000000,0.000000,0.000000,-0.000000
1009,38,home,mask_home,carol,drop_everything,accepted,1.9722,-0.00000,-0.00000,0.00000,0.00000,0.00000,0.000000,0.000000,0.000000,0.000000,0.000000
1010,38,home,mask_home,dave,teach,rejected,-3.3599,0.00000,-0.00000,0.00000,-0.00000,-0.00000,0.000000,0.000000,0.000000,-0.000000,-0.000000
1011,38,home,mask_home,bob,quick_tip,tolerated,1.6990,-0.00000,-0.00000,-0.00000,-0.00000,0.00000,-0.000000,0.000000,-0.000000,0.000000,0.000000
1012,38,home,mask_home,carol,drop_everything,accepted,1.9722,-0.00000,-0.00000,0.00000,0.00000,0.00000,0.000000,0.000000,0.000000,0.000000,0.000000
1013,38,home,mask_home,dave,pair_up,accepted,1.4454,0.00000,-0.00000,0.00000,-0.00000,-0.00000,0.000000,0.000000,0.000000,-0.000000,-0.000000
1014,38,home,mask_home,bob,drop_everything,rejected,-0.6972,0.00000,-0.00000,0.00000,-0.00000,-0.00000,0.000000,0.000000,0.000000,0.000000,0.000000
1015,38,home,mask_home,carol,teach,rejected,-2.9498,-0.00000,-0.00000,0.00000,0.00000,0.00000,-0.000000,0.000000,0.000000,0.000000,0.000000
1016,38,home,mask_home,dave,teach,rejected,-3.3599,0.00000,-0.00000,0.00000,-0.00000,-0.00000,0.000000,0.000000,0.000000,-0.000000,-0.000000
1017,38,home,mask_home,bob,drop_everything,tolerated,1.2241,-0.00000,-0.00000,-0.00000,0.00000,0.00000,-0.000000,0.000000,-0.000000,0.000000,0.000000
1018,38,conference,mask_conference,carol,pair_up,accepted,2.6700,0.00000,0.00000,0.00000,0.00000,-0.00000,0.000000,0.000000,0.000000,0.000000,0.000000
1019,38,conference,mask_conference,dave,drop_everything,rejected,-3.4195,0.00000,0.00000,0.00000,-0.00000,-0.00000,0.000000,0.000000,0.000000,-0.000000,0.000000
1020,38,conference,mask_conference,bob,drop_everything,rejected,-1.1330,0.00000,0.00000,-0.00000,-0.00000,-0.00000,0.000000,0.000000,-0.000000,0.000000,0.000000
1021,38,conference,mask_conference,carol,teach,accepted,2.6760,0.00000,0.00000,0.00000,0.00000,-0.00000,0.000000,0.000000,0.000000,0.000000,0.000000
1022,38,conference,mask_conference,dave,quick_tip,accepted,1.8085,0.00000,0.00000,0.00000,-0.00000,-0.00000,0.000000,0.000000,0.000000,-0.000000,0.000000
1023,38,conference,mask_conference,bob,joke_deflect,tolerated,1.3354,0.00000,0.00000,0.00000,-0.00000,-0.00000,0.000000,0.000000,0.000000,0.000000,0.000000
1024,38,conference,mask_conference,carol,drop_everything,rejected,-2.4020,0.00000,0.00000,0.00000,0.00000,-0.00000,0.000000,0.000000,0.000000,0.000000,0.000000
1025,38,conference,mask_conference,dave,teach,tolerated,-0.9636,0.00000,0.00000,0.00000,-0.00000,-0.00000,0.000000,0.000000,0.000000,-0.000000,0.000000
1026,38,conference,mask_conference,bob,teach,tolerated,1.4376,0.00000,0.00000,-0.00000,-0.00000,-0.00000,0.000000,0.000000,-0.000000,0.000000,0.000000
1027,39,work,mask_work,carol,joke_deflect,rejected,-0.7224,0.00000,0.00000,-0.00000,-0.00000,-0.00000,0.000000,0.000000,0.000000,0.000000,0.000000
1028,39,work,mask_work,dave,joke_deflect,rejected,-0.6489,-0.00000,0.00000,-0.00000,-0.00000,0.00000,-0.000000,0.000000,0.000000,0.000000,0.000000
1029,39,work,mask_work,bob,drop_everything,rejected,-0.5991,0.00000,0.00000,-0.00000,-0.00000,-0.00000,0.000000,0.000000,0.000000,0.000000,-0.000000
1030,39,work,mask_work,carol,drop_everything,rejected,-0.9264,0.00000,0.00000,-0.00000,-0.00000,-0.00000,0.000000,0.000000,0.000000,0.000000,0.000000
1031,39,work,mask_work,dave,joke_deflect,rejected,-0.6489,-0.00000,0.00000,-0.00000,-0.00000,0.00000,-0.000000,0.000000,0.000000,0.000000,0.000000
1032,39,work,mask_work,bob,quick_tip,tolerated,1.9519,-0.00000,0.00000,-0.00000,-0.00000,0.00000,0.000000,0.000000,0.000000,0.000000,0.000000
1033,39,work,mask_work,carol,drop_everything,rejected,-0.9264,0.00000,0.00000,-0.00000,-0.00000,-0.00000,0.000000,0.000000,0.000000,0.000000,-0.000000
1034,39,work,mask_work,dave,joke_deflect,rejected,-0.6489,-0.00000,0.00000,-0.00000,-0.00000,0.00000,-0.000000,0.000000,0.000000,0.000000,0.000000
1035,39,work,mask_work,bob,joke_deflect,rejected,-0.4204,0.00000,0.00000,-0.00000,-0.00000,-0.00000,0.000000,0.000000,0.000000,0.000000,-0.000000
1036,39,home,mask_home,carol,drop_everything,accepted,1.9722,-0.00000,-0.00000,0.00000,0.00000,0.00000,0.000000,0.000000,0.000000,0.000000,0.000000
1037,39,home,mask_home,dave,joke_deflect,accepted,1.5856,0.00000,-0.00000,0.00000,-0.00000,-0.00000,0.000000,0.000000,0.000000,-0.000000,-0.000000
1038,39,home,mask_home,bob,pair_up,rejected,-0.7033,-0.00000,-0.00000,-0.00000,-0.00000,0.00000,-0.000000,0.000000,-0.000000,0.000000,0.000000
1039,39,home,mask_home,carol,drop_everything,accepted,1.9722,-0.00000,-0.00000,0.00000,0.00000,0.00000,0.000000,0.000000,0.000000,0.000000,0.000000
1040,39,home,mask_home,dave,pair_up,accepted,1.4536,0.00000,-0.00000,0.00000,-0.00000,-0.00000,0.000000,0.000000,0.000000,-0.000000,-0.000000
1041,39,home,mask_home,bob,help_after_task,rejected,-0.8782,-0.00000,-0.00000,0.00000,-0.00000,0.00000,-0.000000,0.000000,0.000000,0.000000,0.000000
1042,39,home,mask_home,carol,pair_up,accepted,2.0442,-0.00000,-0.00000,0.00000,0.00000,0.00000,0.000000,0.000000,0.000000,0.000000,0.000000
1043,39,home,mask_home,dave,teach,tolerated,-1.2059,0.00000,-0.00000,0.00000,-0.00000,-0.00000,0.000000,0.000000,0.000000,-0.000000,-0.000000
1044,39,home,mask_home,bob,joke_deflect,rejected,-0.5303,-0.00000,-0.00000,-0.00000,0.00000,0.00000,-0.000000,0.000000,-0.000000,0.000000,0.000000
1045,39,conference,mask_conference,carol,drop_everything,rejected,-2.4020,0.00000,0.00000,0.00000,0.00000,-0.00000,0.000000,0.000000,0.000000,0.000000,0.000000
1046,39,conference,mask_conference,dave,drop_everything,rejected,-3.4263,0.00000,0.00000,0.00000,-0.00000,-0.00000,0.000000,0.000000,0.000000,-0.000000,0.000000
1047,39,conference,mask_conference,bob,pair_up,tolerated,1.0396,0.00000,0.00000,0.00000,-0.00000,-0.00000,0.000000,0.000000,0.000000,0.000000,0.000000
1048,39,conference,mask_conference,carol,quick_tip,rejected,-2.1740,0.00000,0.00000,0.00000,0.00000,-0.00000,0.000000,0.000000,0.000000,0.000000,0.000000
1049,39,conference,mask_conference,dave,teach,rejected,-3.1176,0.00000,-0.00000,0.00000,-0.00000,-0.00000,0.000000,-0.000000,0.000000,-0.000000,0.000000
1050,39,conference,mask_conference,bob,joke_deflect,rejected,-0.5767,0.00000,0.00000,-0.00000,0.00000,-0.00000,0.000000,0.000000,-0.000000,0.000000,0.000000
1051,39,conference,mask_conference,carol,drop_everything,rejected,-2.4020,0.00000,0.00000,0.00000,0.00000,-0.00000,0.000000,0.000000,0.000000,0.000000,0.000000
1052,39,conference,mask_conference,dave,quick_tip,accepted,1.8139,0.00000,0.00000,0.00000,-0.00000,-0.00000,0.000000,0.000000,0.000000,-0.000000,0.000000
1053,39,conference,mask_conference,bob,joke_deflect,rejected,-0.5767,0.00000,0.00000,-0.00000,0.00000,-0.00000,0.000000,0.000000,-0.000000,0.000000,0.000000
1054,40,work,mask_work,carol,drop_everything,rejected,-0.9264,0.00000,0.00000,-0.00000,-0.00000,-0.00000,0.000000,0.000000,0.000000,0.000000,0.000000
1055,40,work,mask_work,dave,pair_up,rejected,-0.7809,-0.00000,0.00000,-0.00000,-0.00000,0.00000,-0.000000,0.000000,0.000000,0.000000,0.000000
1056,40,work,mask_work,bob,pair_up,rejected,-0.5524,0.00000,0.00000,-0.00000,-0.00000,-0.00000,0.000000,0.000000,0.000000,0.000000,-0.000000
1057,40,work,mask_work,carol,quick_tip,tolerated,1.6357,0.00000,0.00000,-0.00000,-0.00000,0.00000,0.000000,0.000000,0.000000,0.000000,0.000000
1058,40,work,mask_work,dave,teach,tolerated,1.5364,-0.00000,0.00000,-0.00000,-0.00000,0.00000,-0.000000,0.000000,0.000000,0.000000,0.000000
1059,40,work,mask_work,bob,quick_tip,tolerated,1.9519,-0.00000,0.00000,-0.00000,-0.00000,0.00000,0.000000,0.000000,0.000000,0.000000,0.000000
1060,40,work,mask_work,carol,teach,accepted,4.1419,0.00000,0.00000,-0.00000,-0.00000,-0.00000,0.000000,0.000000,0.000000,0.000000,-0.000000
1061,40,work,mask_work,dave,teach,tolerated,1.5364,-0.00000,0.00000,-0.00000,-0.00000,0.00000,-0.000000,0.000000,0.000000,0.000000,0.000000
1062,40,work,mask_work,bob,drop_everything,rejected,-0.6433,0.00000,0.00000,-0.00000,-0.00000,0.00000,0.000000,0.000000,0.000000,0.000000,0.000000
1063,40,home,mask_home,carol,pair_up,accepted,2.0442,-0.00000,-0.00000,0.00000,0.00000,0.00000,0.000000,0.000000,0.000000,0.000000,0.000000
1064,40,home,mask_home,dave,joke_deflect,accepted,1.5787,0.00000,-0.00000,0.00000,-0.00000,-0.00000,0.000000,0.000000,0.000000,-0.000000,-0.000000
1065,40,home,mask_home,bob,pair_up,tolerated,1.1620,-0.00000,-0.00000,0.00000,0.00000,-0.00000,-0.000000,0.000000,0.000000,0.000000,0.000000
1066,40,home,mask_home,carol,quick_tip,rejected,-2.6405,-0.00000,-0.00000,0.00000,0.00000,0.00000,0.000000,0.000000,0.000000,0.000000,0.000000
1067,40,home,mask_home,dave,joke_deflect,accepted,1.5787,0.00000,-0.00000,0.00000,-0.00000,-0.00000,0.000000,0.000000,0.000000,-0.000000,-0.000000
1068,40,home,mask_home,bob,joke_deflect,tolerated,1.3409,0.00000,-0.00000,0.00000,-0.00000,-0.00000,0.000000,0.000000,0.000000,0.000000,0.000000
1069,40,home,mask_home,carol,drop_everything,accepted,1.9987,-0.00000,-0.00000,0.00000,0.00000,0.00000,-0.000000,0.000000,0.000000,0.000000,0.000000
1070,40,home,mask_home,dave,pair_up,accepted,1.4467,0.00000,-0.00000,0.00000,-0.00000,-0.00000,0.000000,0.000000,0.000000,-0.000000,-0.000000
1071,40,home,mask_home,bob,drop_everything,rejected,-0.7145,0.00000,-0.00000,0.00000,-0.00000,-0.00000,0.000000,0.000000,0.000000,0.000000,0.000000
1072,40,conference,mask_conference,carol,drop_everything,rejected,-2.4020,0.00000,0.00000,0.00000,0.00000,-0.00000,0.000000,0.000000,0.000000,0.000000,0.000000
1073,40,conference,mask_conference,dave,joke_deflect,accepted,1.7899,0.00000,0.00000,0.00000,-0.00000,-0.00000,0.000000,0.000000,0.000000,-0.000000,0.000000
1074,40,conference,mask_conference,bob,pair_up,rejected,-0.7966,0.00000,0.00000,-0.00000,-0.00000,-0.00000,0.000000,0.000000,-0.000000,0.000000,0.000000
1075,40,conference,mask_conference,carol,pair_up,accepted,2.6700,0.00000,0.00000,0.00000,0.00000,-0.00000,0.000000,0.000000,0.000000,0.000000,0.000000
1076,40,conference,mask_conference,dave,joke_deflect,accepted,1.7899,0.00000,0.00000,0.00000,-0.00000,-0.00000,0.000000,0.000000,0.000000,-0.000000,0.000000
1077,40,conference,mask_conference,bob,quick_tip,rejected,-0.8972,0.00000,0.00000,-0.00000,-0.00000,-0.00000,0.000000,0.000000,-0.000000,0.000000,0.000000
1078,40,conference,mask_conference,carol,teach,accepted,2.6760,0.00000,0.00000,0.00000,0.00000,-0.00000,0.000000,0.000000,0.000000,0.000000,0.000000
1079,40,conference,mask_conference,dave,pair_up,accepted,1.6579,0.00000,0.00000,0.00000,-0.00000,-0.00000,0.000000,0.000000,0.000000,-0.000000,0.000000
1080,40,conference,mask_conference,bob,drop_everything,rejected,-1.1252,0.00000,0.00000,-0.00000,-0.00000,-0.00000,0.000000,0.000000,-0.000000,0.000000,0.000000
1081,41,work,mask_work,carol,joke_deflect,rejected,-0.7321,0.00000,0.00000,-0.00000,-0.00000,-0.00000,0.000000,0.000000,0.000000,0.000000,-0.000000
1082,41,work,mask_work,dave,quick_tip,accepted,4.3594,-0.00000,0.00000,-0.00000,-0.00000,0.00000,-0.000000,0.000000,0.000000,0.000000,0.000000
1083,41,work,mask_work,bob,joke_deflect,rejected,-0.4393,0.00000,0.00000,-0.00000,-0.00000,0.00000,0.000000,0.000000,0.000000,0.000000,0.000000
1084,41,work,mask_work,carol,pair_up,rejected,-0.8641,0.00000,0.00000,-0.00000,-0.00000,-0.00000,0.000000,0.000000,0.000000,0.000000,-0.000000
1085,41,work,mask_work,dave,joke_deflect,rejected,-0.6646,-0.00000,0.00000,-0.00000,-0.00000,0.00000,-0.000000,0.000000,0.000000,0.000000,0.000000
1086,41,work,mask_work,bob,joke_deflect,rejected,-0.4393,0.00000,0.00000,-0.00000,-0.00000,0.00000,0.000000,0.000000,0.000000,0.000000,0.000000
1087,41,work,mask_work,carol,help_after_task,tolerated,1.6060,0.00000,0.00000,-0.00000,-0.00000,-0.00000,0.000000,0.000000,0.000000,0.000000,-0.000000
1088,41,work,mask_work,dave,joke_deflect,rejected,-0.6646,-0.00000,0.00000,-0.00000,-0.00000,0.00000,-0.000000,0.000000,0.000000,0.000000,0.000000
1089,41,work,mask_work,bob,joke_deflect,rejected,-0.4393,0.00000,0.00000,-0.00000,-0.00000,0.00000,0.000000,0.000000,0.000000,0.000000,0.000000
1090,41,home,mask_home,carol,drop_everything,accepted,1.9987,-0.00000,-0.00000,0.00000,0.00000,0.00000,-0.000000,0.000000,0.000000,0.000000,0.000000
1091,41,home,mask_home,dave,teach,rejected,-3.3599,0.00000,-0.00000,0.00000,-0.00000,-0.00000,0.000000,0.000000,0.000000,-0.000000,-0.000000
1092,41,home,mask_home,bob,joke_deflect,tolerated,1.3490,0.00000,-0.00000,0.00000,-0.00000,-0.00000,0.000000,0.000000,0.000000,0.000000,0.000000
1093,41,home,mask_home,carol,joke_deflect,tolerated,-0.5825,-0.00000,-0.00000,0.00000,0.00000,0.00000,-0.000000,0.000000,0.000000,0.000000,0.000000
1094,41,home,mask_home,dave,joke_deflect,accepted,1.5862,0.00000,-0.00000,0.00000,-0.00000,-0.00000,0.000000,0.000000,0.000000,-0.000000,-0.000000
1095,41,home,mask_home,bob,teach,rejected,-0.9011,-0.00000,-0.00000,0.00000,-0.00000,0.00000,-0.000000,0.000000,0.000000,0.000000,0.000000
1096,41,home,mask_home,carol,quick_tip,tolerated,-0.4147,-0.00000,-0.00000,0.00000,0.00000,0.00000,0.000000,0.000000,0.000000,0.000000,0.000000
1097,41,home,mask_home,dave,drop_everything,tolerated,-1.3946,0.00000,-0.00000,0.00000,-0.00000,-0.00000,0.000000,0.000000,0.000000,-0.000000,-0.000000
1098,41,home,mask_home,bob,joke_deflect,rejected,-0.5424,-0.00000,-0.00000,-0.00000,0.00000,0.00000,-0.000000,0.000000,-0.000000,0.000000,0.000000
1099,41,conference,mask_conference,carol,pair_up,accepted,2.6700,0.00000,0.00000,0.00000,0.00000,-0.00000,0.000000,0.000000,0.000000,0.000000,0.000000
1100,41,conference,mask_conference,dave,quick_tip,accepted,1.8139,0.00000,0.00000,0.00000,-0.00000,-0.00000,0.000000,0.000000,0.000000,-0.000000,0.000000
1101,41,conference,mask_conference,bob,pair_up,rejected,-0.7966,0.00000,0.00000,-0.00000,-0.00000,-0.00000,0.000000,0.000000,-0.000000,0.000000,0.000000
1102,41,conference,mask_conference,carol,quick_tip,rejected,-2.1740,0.00000,0.00000,0.00000,0.00000,-0.00000,0.000000,0.000000,0.000000,0.000000,0.000000
1103,41,conference,mask_conference,dave,pair_up,accepted,1.6579,0.00000,0.00000,0.00000,-0.00000,-0.00000,0.000000,0.000000,0.000000,-0.000000,0.000000
1104,41,conference,mask_conference,bob,teach,tolerated,1.4651,0.00000,0.00000,-0.00000,-0.00000,-0.00000,0.000000,0.000000,-0.000000,0.000000,0.000000
1105,41,conference,mask_conference,carol,joke_deflect,rejected,-1.8758,0.00000,0.00000,0.00000,0.00000,-0.00000,0.000000,0.000000,0.000000,0.000000,0.000000
1106,41,conference,mask_conference,dave,drop_everything,rejected,-3.4141,0.00000,0.00000,0.00000,-0.00000,-0.00000,0.000000,0.000000,0.000000,-0.000000,0.000000
1107,41,conference,mask_conference,bob,joke_deflect,rejected,-0.5509,0.00000,0.00000,-0.00000,0.00000,-0.00000,0.000000,0.000000,-0.000000,0.000000,0.000000
1108,42,work,mask_work,carol,joke_deflect,rejected,-0.7364,0.00000,0.00000,-0.00000,-0.00000,-0.00000,0.000000,0.000000,0.000000,0.000000,-0.000000
1109,42,work,mask_work,dave,pair_up,rejected,-0.7966,-0.00000,0.00000,-0.00000,-0.00000,0.00000,-0.000000,0.000000,0.000000,0.000000,0.000000
1110,42,work,mask_work,bob,teach,tolerated,1.9347,0.00000,0.00000,-0.00000,-0.00000,0.00000,0.000000,0.000000,0.000000,0.000000,0.000000
1111,42,work,mask_work,carol,quick_tip,rejected,-0.6031,0.00000,0.00000,-0.00000,-0.00000,-0.00000,0.000000,0.000000,0.000000,0.000000,-0.000000
1112,42,work,mask_work,dave,pair_up,rejected,-0.7966,-0.00000,0.00000,-0.00000,-0.00000,0.00000,-0.000000,0.000000,0.000000,0.000000,0.000000
1113,42,work,mask_work,bob,joke_deflect,rejected,-0.4393,0.00000,0.00000,-0.00000,-0.00000,0.00000,0.000000,0.000000,0.000000,0.000000,0.000000
1114,42,work,mask_work,carol,pair_up,rejected,-0.8623,0.00000,0.00000,-0.00000,-0.00000,-0.00000,0.000000,0.000000,0.000000,0.000000,-0.000000
1115,42,work,mask_work,dave,quick_tip,accepted,4.3594,-0.00000,0.00000,-0.00000,-0.00000,0.00000,-0.000000,0.000000,0.000000,0.000000,0.000000
1116,42,work,mask_work,bob,quick_tip,tolerated,1.9519,-0.00000,0.00000,-0.00000,-0.00000,0.00000,0.000000,0.000000,0.000000,0.000000,0.000000
1117,42,home,mask_home,carol,help_after_task,rejected,-2.9569,-0.00000,-0.00000,0.00000,0.00000,0.00000,0.000000,0.000000,0.000000,0.000000,0.000000
1118,42,home,mask_home,dave,drop_everything,rejected,-3.3158,0.00000,-0.00000,0.00000,-0.00000,-0.00000,0.000000,0.000000,0.000000,-0.000000,-0.000000
1119,42,home,mask_home,bob,teach,rejected,-0.8944,-0.00000,-0.00000,0.00000,-0.00000,0.00000,-0.000000,0.000000,0.000000,0.000000,0.000000
1120,42,home,mask_home,carol,joke_deflect,rejected,-2.4929,-0.00000,-0.00000,0.00000,0.00000,0.00000,0.000000,0.000000,0.000000,0.000000,0.000000
1121,42,home,mask_home,dave,pair_up,accepted,1.4552,0.00000,-0.00000,0.00000,-0.00000,-0.00000,0.000000,0.000000,0.000000,-0.000000,-0.000000
1122,42,home,mask_home,bob,joke_deflect,rejected,-0.5424,-0.00000,-0.00000,-0.00000,0.00000,0.00000,-0.000000,0.000000,-0.000000,0.000000,0.000000
1123,42,home,mask_home,carol,teach,rejected,-2.9411,-0.00000,-0.00000,0.00000,0.00000,0.00000,0.000000,0.000000,0.000000,0.000000,0.000000
1124,42,home,mask_home,dave,pair_up,accepted,1.4552,0.00000,-0.00000,0.00000,-0.00000,-0.00000,0.000000,0.000000,0.000000,-0.000000,-0.000000
1125,42,home,mask_home,bob,pair_up,rejected,-0.6989,-0.00000,-0.00000,-0.00000,-0.00000,0.00000,-0.000000,0.000000,-0.000000,0.000000,0.000000
1126,42,conference,mask_conference,carol,pair_up,accepted,2.6792,0.00000,0.00000,0.00000,0.00000,-0.00000,0.000000,0.000000,0.000000,0.000000,0.000000
1127,42,conference,mask_conference,dave,joke_deflect,accepted,1.7899,0.00000,0.00000,0.00000,-0.00000,-0.00000,0.000000,0.000000,0.000000,-0.000000,0.000000
1128,42,conference,mask_conference,bob,joke_deflect,rejected,-0.5509,0.00000,0.00000,-0.00000,0.00000,-0.00000,0.000000,0.000000,-0.000000,0.000000,0.000000
1129,42,conference,mask_conference,carol,pair_up,accepted,2.6792,0.00000,0.00000,0.00000,0.00000,-0.00000,0.000000,0.000000,0.000000,0.000000,0.000000
1130,42,conference,mask_conference,dave,quick_tip,accepted,1.8139,0.00000,0.00000,0.00000,-0.00000,-0.00000,0.000000,0.000000,0.000000,-0.000000,0.000000
1131,42,conference,mask_conference,bob,teach,tolerated,1.4850,0.00000,0.00000,-0.00000,-0.00000,-0.00000,0.000000,0.000000,-0.000000,0.000000,0.000000
1132,42,conference,mask_conference,carol,teach,accepted,2.6852,0.00000,0.00000,0.00000,0.00000,-0.00000,0.000000,0.000000,0.000000,0.000000,0.000000
1133,42,conference,mask_conference,dave,pair_up,accepted,1.6579,0.00000,0.00000,0.00000,-0.00000,-0.00000,0.000000,0.000000,0.000000,-0.000000,0.000000
1134,42,conference,mask_conference,bob,joke_deflect,rejected,-0.5509,0.00000,0.00000,-0.00000,0.00000,-0.00000,0.000000,0.000000,-0.000000,0.000000,0.000000
1135,43,work,mask_work,carol,joke_deflect,rejected,-0.7303,0.00000,0.00000,-0.00000,-0.00000,-0.00000,0.000000,0.000000,0.000000,0.000000,-0.000000
1136,43,work,mask_work,dave,quick_tip,accepted,4.3594,-0.00000,0.00000,-0.00000,-0.00000,0.00000,-0.000000,0.000000,0.000000,0.000000,0.000000
1137,43,work,mask_work,bob,teach,tolerated,1.9199,0.00000,0.00000,-0.00000,-0.00000,0.00000,0.000000,0.000000,0.000000,0.000000,0.000000
1138,43,work,mask_work,carol,drop_everything,rejected,-0.9343,0.00000,0.00000,-0.00000,-0.00000,-0.00000,0.000000,0.000000,0.000000,0.000000,-0.000000
1139,43,work,mask_work,dave,teach,tolerated,1.5364,-0.00000,0.00000,-0.00000,-0.00000,0.00000,-0.000000,0.000000,0.000000,0.000000,0.000000
1140,43,work,mask_work,bob,quick_tip,tolerated,1.9519,-0.00000,0.00000,-0.00000,-0.00000,0.00000,0.000000,0.000000,0.000000,0.000000,0.000000
1141,43,work,mask_work,carol,teach,accepted,4.1437,0.00000,0.00000,-0.00000,-0.00000,-0.00000,0.000000,0.000000,0.000000,0.000000,-0.000000
1142,43,work,mask_work,dave,pair_up,rejected,-0.8035,-0.00000,0.00000,-0.00000,-0.00000,0.00000,-0.000000,0.000000,0.000000,0.000000,0.000000
1143,43,work,mask_work,bob,pair_up,rejected,-0.5979,0.00000,0.00000,-0.00000,-0.00000,0.00000,0.000000,0.000000,0.000000,0.000000,0.000000
1144,43,home,mask_home,carol,quick_tip,rejected,-2.6394,-0.00000,-0.00000,0.00000,0.00000,0.00000,0.000000,0.000000,0.000000,0.000000,0.000000
1145,43,home,mask_home,dave,joke_deflect,accepted,1.5872,0.00000,-0.00000,0.00000,-0.00000,-0.00000,0.000000,0.000000,0.000000,-0.000000,-0.000000
1146,43,home,mask_home,bob,pair_up,tolerated,1.1597,-0.00000,-0.00000,0.00000,0.00000,-0.00000,-0.000000,0.000000,0.000000,0.000000,0.000000
1147,43,home,mask_home,carol,quick_tip,tolerated,-0.4049,-0.00000,-0.00000,0.00000,0.00000,0.00000,0.000000,0.000000,0.000000,0.000000,0.000000
1148,43,home,mask_home,dave,pair_up,accepted,1.4552,0.00000,-0.00000,0.00000,-0.00000,-0.00000,0.000000,0.000000,0.000000,-0.000000,-0.000000
1149,43,home,mask_home,bob,joke_deflect,rejected,-0.5524,-0.00000,-0.00000,-0.00000,0.00000,0.00000,-0.000000,0.000000,-0.000000,0.000000,0.000000
1150,43,home,mask_home,carol,joke_deflect,rejected,-2.4887,-0.00000,-0.00000,0.00000,0.00000,0.00000,0.000000,0.000000,0.000000,0.000000,0.000000
1151,43,home,mask_home,dave,joke_deflect,accepted,1.5872,0.00000,-0.00000,0.00000,-0.00000,-0.00000,0.000000,0.000000,0.000000,-0.000000,-0.000000
1152,43,home,mask_home,bob,joke_deflect,tolerated,1.3390,0.00000,-0.00000,0.00000,-0.00000,-0.00000,0.000000,0.000000,0.000000,0.000000,0.000000
1153,43,conference,mask_conference,carol,pair_up,accepted,2.6792,0.00000,0.00000,0.00000,0.00000,-0.00000,0.000000,0.000000,0.000000,0.000000,0.000000
1154,43,conference,mask_conference,dave,quick_tip,accepted,1.8139,0.00000,0.00000,0.00000,-0.00000,-0.00000,0.000000,0.000000,0.000000,-0.000000,0.000000
1155,43,conference,mask_conference,bob,pair_up,rejected,-0.7676,0.00000,0.00000,-0.00000,-0.00000,-0.00000,0.000000,0.000000,-0.000000,0.000000,0.000000
1156,43,conference,mask_conference,carol,joke_deflect,tolerated,0.0156,0.00000,0.00000,0.00000,-0.00000,-0.00000,0.000000,0.000000,0.000000,0.000000,0.000000
1157,43,conference,mask_conference,dave,drop_everything,rejected,-3.4141,0.00000,0.00000,0.00000,-0.00000,-0.00000,0.000000,0.000000,0.000000,0.000000,0.000000
1158,43,conference,mask_conference,bob,teach,tolerated,1.5052,0.00000,0.00000,-0.00000,-0.00000,-0.00000,0.000000,0.000000,-0.000000,0.000000,0.000000
1159,43,conference,mask_conference,carol,joke_deflect,rejected,-1.8758,0.00000,0.00000,0.00000,0.00000,-0.00000,0.000000,0.000000,0.000000,0.000000,0.000000
1160,43,conference,mask_conference,dave,drop_everything,rejected,-3.4141,0.00000,0.00000,0.00000,-0.00000,-0.00000,0.000000,0.000000,0.000000,-0.000000,0.000000
1161,43,conference,mask_conference,bob,pair_up,rejected,-0.7676,0.00000,0.00000,-0.00000,-0.00000,-0.00000,0.000000,0.000000,-0.000000,0.000000,0.000000
1162,44,work,mask_work,carol,pair_up,rejected,-0.8623,0.00000,0.00000,-0.00000,-0.00000,-0.00000,0.000000,0.000000,0.000000,0.000000,-0.000000
1163,44,work,mask_work,dave,joke_deflect,rejected,-0.6715,-0.00000,0.00000,-0.00000,-0.00000,0.00000,-0.000000,0.000000,0.000000,0.000000,0.000000
1164,44,work,mask_work,bob,teach,tolerated,1.9081,0.00000,0.00000,-0.00000,-0.00000,0.00000,0.000000,0.000000,0.000000,0.000000,0.000000
1165,44,work,mask_work,carol,pair_up,rejected,-0.8623,0.00000,0.00000,-0.00000,-0.00000,-0.00000,0.000000,0.000000,0.000000,0.000000,-0.000000
1166,44,work,mask_work,dave,drop_everything,rejected,-0.8755,-0.00000,0.00000,-0.00000,-0.00000,0.00000,-0.000000,0.000000,0.000000,0.000000,0.000000
1167,44,work,mask_work,bob,drop_everything,rejected,-0.6699,0.00000,0.00000,-0.00000,-0.00000,0.00000,0.000000,0.000000,0.000000,0.000000,0.000000
1168,44,work,mask_work,carol,help_after_task,tolerated,1.6121,0.00000,0.00000,-0.00000,-0.00000,-0.00000,0.000000,0.000000,0.000000,0.000000,-0.000000
1169,44,work,mask_work,dave,teach,rejected,-0.6176,-0.00000,0.00000,-0.00000,-0.00000,0.00000,-0.000000,0.000000,0.000000,0.000000,0.000000
1170,44,work,mask_work,bob,drop_everything,rejected,-0.6699,0.00000,0.00000,-0.00000,-0.00000,0.00000,0.000000,0.000000,0.000000,0.000000,0.000000
1171,44,home,mask_home,carol,drop_everything,accepted,1.9943,-0.00000,-0.00000,0.00000,0.00000,0.00000,-0.000000,0.000000,0.000000,0.000000,0.000000
1172,44,home,mask_home,dave,drop_everything,tolerated,-1.3946,0.00000,-0.00000,0.00000,-0.00000,-0.00000,0.000000,0.000000,0.000000,-0.000000,-0.000000
1173,44,home,mask_home,bob,pair_up,rejected,-0.7034,-0.00000,-0.00000,-0.00000,-0.00000,0.00000,-0.000000,0.000000,-0.000000,0.000000,0.000000
1174,44,home,mask_home,carol,drop_everything,accepted,1.9943,-0.00000,-0.00000,0.00000,0.00000,0.00000,0.000000,0.000000,0.000000,0.000000,0.000000
1175,44,home,mask_home,dave,pair_up,accepted,1.4445,0.00000,-0.00000,0.00000,-0.00000,-0.00000,0.000000,0.000000,0.000000,-0.000000,-0.000000
1176,44,home,mask_home,bob,pair_up,tolerated,1.1552,-0.00000,-0.00000,0.00000,0.00000,-0.00000,-0.000000,0.000000,0.000000,0.000000,0.000000
1177,44,home,mask_home,carol,joke_deflect,rejected,-2.4887,-0.00000,-0.00000,0.00000,0.00000,0.00000,0.000000,0.000000,0.000000,0.000000,0.000000
1178,44,home,mask_home,dave,drop_everything,tolerated,-1.3946,0.00000,-0.00000,0.00000,-0.00000,-0.00000,0.000000,0.000000,0.000000,-0.000000,-0.000000
1179,44,home,mask_home,bob,pair_up,rejected,-0.7034,-0.00000,-0.00000,-0.00000,-0.00000,0.00000,-0.000000,0.000000,-0.000000,0.000000,0.000000
1180,44,conference,mask_conference,carol,drop_everything,rejected,-2.3923,0.00000,0.00000,0.00000,0.00000,-0.00000,0.000000,0.000000,0.000000,0.000000,0.000000
1181,44,conference,mask_conference,dave,joke_deflect,accepted,1.7899,0.00000,0.00000,0.00000,-0.00000,-0.00000,0.000000,0.000000,0.000000,-0.000000,0.000000
1182,44,conference,mask_conference,bob,joke_deflect,rejected,-0.5297,0.00000,0.00000,-0.00000,0.00000,-0.00000,0.000000,0.000000,-0.000000,0.000000,0.000000
1183,44,conference,mask_conference,carol,drop_everything,rejected,-2.3923,0.00000,0.00000,0.00000,0.00000,-0.00000,0.000000,0.000000,0.000000,0.000000,0.000000
1184,44,conference,mask_conference,dave,pair_up,accepted,1.6579,0.00000,0.00000,0.00000,-0.00000,-0.00000,0.000000,0.000000,0.000000,-0.000000,0.000000
1185,44,conference,mask_conference,bob,drop_everything,rejected,-1.0540,0.00000,0.00000,-0.00000,-0.00000,-0.00000,0.000000,0.000000,-0.000000,0.000000,0.000000
1186,44,conference,mask_conference,carol,drop_everything,rejected,-2.3923,0.00000,0.00000,0.00000,0.00000,-0.00000,0.000000,0.000000,0.000000,0.000000,0.000000
1187,44,conference,mask_conference,dave,joke_deflect,accepted,1.7899,0.00000,0.00000,0.00000,-0.00000,-0.00000,0.000000,0.000000,0.000000,-0.000000,0.000000
1188,44,conference,mask_conference,bob,joke_deflect,tolerated,1.3617,0.00000,0.00000,0.00000,-0.00000,-0.00000,0.000000,0.000000,0.000000,0.000000,0.000000
1189,45,work,mask_work,carol,joke_deflect,rejected,-0.7335,0.00000,0.00000,-0.00000,-0.00000,-0.00000,0.000000,0.000000,0.000000,0.000000,-0.000000
1190,45,work,mask_work,dave,pair_up,rejected,-0.7966,-0.00000,0.00000,-0.00000,-0.00000,0.00000,-0.000000,0.000000,0.000000,0.000000,0.000000
1191,45,work,mask_work,bob,teach,tolerated,1.9081,0.00000,0.00000,-0.00000,-0.00000,0.00000,0.000000,0.000000,0.000000,0.000000,0.000000
1192,45,work,mask_work,carol,joke_deflect,rejected,-0.7335,0.00000,0.00000,-0.00000,-0.00000,-0.00000,0.000000,0.000000,0.000000,0.000000,-0.000000
1193,45,work,mask_work,dave,pair_up,rejected,-0.7966,-0.00000,0.00000,-0.00000,-0.00000,0.00000,-0.000000,0.000000,0.000000,0.000000,0.000000
1194,45,work,mask_work,bob,quick_tip,tolerated,1.9519,-0.00000,0.00000,-0.00000,-0.00000,0.00000,0.000000,0.000000,0.000000,0.000000,0.000000
1195,45,work,mask_work,carol,pair_up,rejected,-0.8655,0.00000,0.00000,-0.00000,-0.00000,-0.00000,0.000000,0.000000,0.000000,0.000000,-0.000000
1196,45,work,mask_work,dave,joke_deflect,rejected,-0.6646,-0.00000,0.00000,-0.00000,-0.00000,0.00000,-0.000000,0.000000,0.000000,0.000000,0.000000
1197,45,work,mask_work,bob,joke_deflect,rejected,-0.4756,-0.00000,0.00000,-0.00000,-0.00000,0.00000,0.000000,0.000000,0.000000,0.000000,0.000000
1198,45,home,mask_home,carol,drop_everything,accepted,2.0030,-0.00000,-0.00000,0.00000,0.00000,0.00000,0.000000,0.000000,0.000000,0.000000,0.000000
1199,45,home,mask_home,dave,drop_everything,tolerated,-1.3946,0.00000,-0.00000,0.00000,-0.00000,-0.00000,0.000000,0.000000,0.000000,-0.000000,-0.000000
1200,45,home,mask_home,bob,pair_up,rejected,-0.7034,-0.00000,-0.00000,-0.00000,-0.00000,0.00000,-0.000000,0.000000,-0.000000,0.000000,0.000000
1201,45,home,mask_home,carol,drop_everything,accepted,2.0030,-0.00000,-0.00000,0.00000,0.00000,0.00000,0.000000,0.000000,0.000000,0.000000,0.000000
1202,45,home,mask_home,dave,joke_deflect,accepted,1.5574,0.00000,-0.00000,0.00000,-0.00000,-0.00000,0.000000,0.000000,0.000000,-0.000000,-0.000000
1203,45,home,mask_home,bob,joke_deflect,tolerated,1.3452,0.00000,-0.00000,0.00000,-0.00000,-0.00000,0.000000,0.000000,0.000000,0.000000,0.000000
1204,45,home,mask_home,carol,teach,rejected,-2.9190,-0.00000,-0.00000,0.00000,0.00000,0.00000,-0.000000,0.000000,0.000000,0.000000,0.000000
1205,45,home,mask_home,dave,pair_up,accepted,1.4254,0.00000,-0.00000,0.00000,-0.00000,-0.00000,0.000000,0.000000,0.000000,-0.000000,-0.000000
1206,45,home,mask_home,bob,drop_everything,rejected,-0.7311,0.00000,-0.00000,0.00000,-0.00000,-0.00000,0.000000,0.000000,0.000000,0.000000,0.000000
1207,45,conference,mask_conference,carol,quick_tip,rejected,-2.1643,0.00000,0.00000,0.00000,0.00000,-0.00000,0.000000,0.000000,0.000000,0.000000,0.000000
1208,45,conference,mask_conference,dave,joke_deflect,accepted,1.7899,0.00000,0.00000,0.00000,-0.00000,-0.00000,0.000000,0.000000,0.000000,-0.000000,0.000000
1209,45,conference,mask_conference,bob,joke_deflect,tolerated,1.3617,0.00000,0.00000,0.00000,-0.00000,-0.00000,0.000000,0.000000,0.000000,0.000000,0.000000
1210,45,conference,mask_conference,carol,pair_up,accepted,2.6797,0.00000,0.00000,0.00000,0.00000,-0.00000,0.000000,0.000000,0.000000,0.000000,0.000000
1211,45,conference,mask_conference,dave,drop_everything,rejected,-3.4141,0.00000,0.00000,0.00000,-0.00000,-0.00000,0.000000,0.000000,0.000000,-0.000000,0.000000
1212,45,conference,mask_conference,bob,teach,tolerated,1.5096,0.00000,0.00000,-0.00000,-0.00000,-0.00000,0.000000,0.000000,-0.000000,0.000000,0.000000
1213,45,conference,mask_conference,carol,drop_everything,rejected,-2.3923,0.00000,0.00000,0.00000,0.00000,-0.00000,0.000000,0.000000,0.000000,0.000000,0.000000
1214,45,conference,mask_conference,dave,pair_up,accepted,1.6579,0.00000,0.00000,0.00000,-0.00000,-0.00000,0.000000,0.000000,0.000000,-0.000000,0.000000
1215,45,conference,mask_conference,bob,joke_deflect,tolerated,1.3617,0.00000,0.00000,0.00000,-0.00000,-0.00000,0.000000,0.000000,0.000000,0.000000,0.000000
1216,46,work,mask_work,carol,drop_everything,rejected,-0.9375,0.00000,0.00000,-0.00000,-0.00000,-0.00000,0.000000,0.000000,0.000000,0.000000,-0.000000
1217,46,work,mask_work,dave,drop_everything,rejected,-0.8686,-0.00000,0.00000,-0.00000,-0.00000,0.00000,-0.000000,0.000000,0.000000,0.000000,0.000000
1218,46,work,mask_work,bob,pair_up,rejected,-0.6076,-0.00000,0.00000,-0.00000,-0.00000,0.00000,0.000000,0.000000,0.000000,0.000000,0.000000
1219,46,work,mask_work,carol,drop_everything,rejected,-0.9375,0.00000,0.00000,-0.00000,-0.00000,-0.00000,0.000000,0.000000,0.000000,0.000000,-0.000000
1220,46,work,mask_work,dave,drop_everything,rejected,-0.8686,-0.00000,0.00000,-0.00000,-0.00000,0.00000,-0.000000,0.000000,0.000000,0.000000,0.000000
1221,46,work,mask_work,bob,quick_tip,rejected,-0.2826,0.00000,0.00000,-0.00000,-0.00000,-0.00000,0.000000,0.000000,0.000000,0.000000,-0.000000
1222,46,work,mask_work,carol,joke_deflect,rejected,-0.7335,0.00000,0.00000,-0.00000,-0.00000,-0.00000,0.000000,0.000000,0.000000,0.000000,0.000000
1223,46,work,mask_work,dave,teach,tolerated,1.5364,-0.00000,0.00000,-0.00000,-0.00000,0.00000,-0.000000,0.000000,0.000000,0.000000,0.000000
1224,46,work,mask_work,bob,joke_deflect,rejected,-0.4615,0.00000,0.00000,-0.00000,-0.00000,0.00000,0.000000,0.000000,0.000000,0.000000,0.000000
1225,46,home,mask_home,carol,drop_everything,accepted,2.0030,-0.00000,-0.00000,0.00000,0.00000,0.00000,-0.000000,0.000000,0.000000,0.000000,0.000000
1226,46,home,mask_home,dave,pair_up,accepted,1.4254,0.00000,-0.00000,0.00000,-0.00000,-0.00000,0.000000,0.000000,0.000000,-0.000000,-0.000000
1227,46,home,mask_home,bob,drop_everything,tolerated,1.1901,-0.00000,-0.00000,-0.00000,0.00000,0.00000,-0.000000,0.000000,-0.000000,0.000000,0.000000
1228,46,home,mask_home,carol,pair_up,accepted,2.0750,-0.00000,-0.00000,0.00000,0.00000,0.00000,0.000000,0.000000,0.000000,0.000000,0.000000
1229,46,home,mask_home,dave,pair_up,accepted,1.4254,0.00000,-0.00000,0.00000,-0.00000,-0.00000,0.000000,0.000000,0.000000,-0.000000,-0.000000
1230,46,home,mask_home,bob,joke_deflect,rejected,-0.5484,-0.00000,-0.00000,-0.00000,0.00000,0.00000,-0.000000,0.000000,-0.000000,0.000000,0.000000
1231,46,home,mask_home,carol,drop_everything,accepted,2.0030,-0.00000,-0.00000,0.00000,0.00000,0.00000,0.000000,0.000000,0.000000,0.000000,0.000000
1232,46,home,mask_home,dave,joke_deflect,accepted,1.5574,0.00000,-0.00000,0.00000,-0.00000,-0.00000,0.000000,0.000000,0.000000,-0.000000,-0.000000
1233,46,home,mask_home,bob,quick_tip,rejected,-0.5595,0.00000,-0.00000,0.00000,0.00000,-0.00000,0.000000,0.000000,0.000000,0.000000,0.000000
1234,46,conference,mask_conference,carol,drop_everything,rejected,-2.3923,0.00000,0.00000,0.00000,0.00000,-0.00000,0.000000,0.000000,0.000000,0.000000,0.000000
1235,46,conference,mask_conference,dave,pair_up,accepted,1.6579,0.00000,0.00000,0.00000,-0.00000,-0.00000,0.000000,0.000000,0.000000,-0.000000,0.000000
1236,46,conference,mask_conference,bob,quick_tip,rejected,-0.8471,0.00000,0.00000,-0.00000,-0.00000,-0.00000,0.000000,0.000000,-0.000000,0.000000,0.000000
1237,46,conference,mask_conference,carol,drop_everything,rejected,-2.3923,0.00000,0.00000,0.00000,0.00000,-0.00000,0.000000,0.000000,0.000000,0.000000,0.000000
1238,46,conference,mask_conference,dave,teach,rejected,-3.1176,0.00000,-0.00000,0.00000,-0.00000,-0.00000,0.000000,-0.000000,0.000000,-0.000000,0.000000
1239,46,conference,mask_conference,bob,joke_deflect,rejected,-0.5297,0.00000,0.00000,-0.00000,0.00000,-0.00000,0.000000,0.000000,-0.000000,0.000000,0.000000
1240,46,conference,mask_conference,carol,quick_tip,rejected,-2.1643,0.00000,0.00000,0.00000,0.00000,-0.00000,0.000000,0.000000,0.000000,0.000000,0.000000
1241,46,conference,mask_conference,dave,joke_deflect,accepted,1.8008,0.00000,0.00000,0.00000,-0.00000,-0.00000,0.000000,0.000000,0.000000,-0.000000,0.000000
1242,46,conference,mask_conference,bob,drop_everything,rejected,-1.0670,0.00000,0.00000,-0.00000,-0.00000,-0.00000,0.000000,0.000000,-0.000000,0.000000,0.000000
1243,47,work,mask_work,carol,drop_everything,rejected,-0.9375,0.00000,0.00000,-0.00000,-0.00000,-0.00000,0.000000,0.000000,0.000000,0.000000,-0.000000
1244,47,work,mask_work,dave,pair_up,rejected,-0.8030,-0.00000,0.00000,-0.00000,-0.00000,0.00000,-0.000000,0.000000,0.000000,0.000000,0.000000
1245,47,work,mask_work,bob,teach,tolerated,1.9125,0.00000,0.00000,-0.00000,-0.00000,0.00000,0.000000,0.000000,0.000000,0.000000,0.000000
1246,47,work,mask_work,carol,pair_up,rejected,-0.8655,0.00000,0.00000,-0.00000,-0.00000,-0.00000,0.000000,0.000000,0.000000,0.000000,-0.000000
1247,47,work,mask_work,dave,joke_deflect,rejected,-0.6710,-0.00000,0.00000,-0.00000,-0.00000,0.00000,-0.000000,0.000000,0.000000,0.000000,0.000000
1248,47,work,mask_work,bob,drop_everything,rejected,-0.6655,0.00000,0.00000,-0.00000,-0.00000,0.00000,0.000000,0.000000,0.000000,0.000000,0.000000
1249,47,work,mask_work,carol,drop_everything,rejected,-0.9375,0.00000,0.00000,-0.00000,-0.00000,-0.00000,0.000000,0.000000,0.000000,0.000000,-0.000000
1250,47,work,mask_work,dave,drop_everything,rejected,-0.8750,-0.00000,0.00000,-0.00000,-0.00000,0.00000,-0.000000,0.000000,0.000000,0.000000,0.000000
1251,47,work,mask_work,bob,drop_everything,rejected,-0.6655,0.00000,0.00000,-0.00000,-0.00000,0.00000,0.000000,0.000000,0.000000,0.000000,0.000000
1252,47,home,mask_home,carol,joke_deflect,rejected,-2.4887,-0.00000,-0.00000,0.00000,0.00000,0.00000,-0.000000,0.000000,0.000000,0.000000,0.000000
1253,47,home,mask_home,dave,joke_deflect,accepted,1.5574,0.00000,-0.00000,0.00000,-0.00000,-0.00000,0.000000,0.000000,0.000000,-0.000000,-0.000000
1254,47,home,mask_home,bob,joke_deflect,rejected,-0.5323,-0.00000,-0.00000,-0.00000,0.00000,0.00000,-0.000000,0.000000,-0.000000,0.000000,0.000000
1255,47,home,mask_home,carol,teach,rejected,-2.9108,-0.00000,-0.00000,0.00000,0.00000,0.00000,0.000000,0.000000,0.000000,0.000000,0.000000
1256,47,home,mask_home,dave,joke_deflect,accepted,1.5574,0.00000,-0.00000,0.00000,-0.00000,-0.00000,0.000000,0.000000,0.000000,-0.000000,-0.000000
1257,47,home,mask_home,bob,joke_deflect,rejected,-0.5323,-0.00000,-0.00000,-0.00000,0.00000,0.00000,-0.000000,0.000000,-0.000000,0.000000,0.000000
1258,47,home,mask_home,carol,pair_up,accepted,2.0832,-0.00000,-0.00000,0.00000,0.00000,0.00000,0.000000,0.000000,0.000000,0.000000,0.000000
1259,47,home,mask_home,dave,joke_deflect,accepted,1.5574,0.00000,-0.00000,0.00000,-0.00000,-0.00000,0.000000,0.000000,0.000000,-0.000000,-0.000000
1260,47,home,mask_home,bob,drop_everything,tolerated,1.2230,-0.00000,-0.00000,-0.00000,0.00000,0.00000,-0.000000,0.000000,-0.000000,0.000000,0.000000
1261,47,conference,mask_conference,carol,pair_up,accepted,2.6797,0.00000,0.00000,0.00000,0.00000,-0.00000,0.000000,0.000000,0.000000,0.000000,0.000000
1262,47,conference,mask_conference,dave,pair_up,accepted,1.6688,0.00000,0.00000,0.00000,-0.00000,-0.00000,0.000000,0.000000,0.000000,-0.000000,0.000000
1263,47,conference,mask_conference,bob,help_after_task,tolerated,1.5050,0.00000,0.00000,-0.00000,-0.00000,-0.00000,0.000000,0.000000,-0.000000,0.000000,0.000000
1264,47,conference,mask_conference,carol,drop_everything,rejected,-2.3923,0.00000,0.00000,0.00000,0.00000,-0.00000,0.000000,0.000000,0.000000,0.000000,0.000000
1265,47,conference,mask_conference,dave,drop_everything,rejected,-3.4032,0.00000,0.00000,0.00000,-0.00000,-0.00000,0.000000,0.000000,0.000000,-0.000000,0.000000
1266,47,conference,mask_conference,bob,pair_up,rejected,-0.7719,0.00000,0.00000,-0.00000,-0.00000,-0.00000,0.000000,0.000000,-0.000000,0.000000,0.000000
1267,47,conference,mask_conference,carol,quick_tip,rejected,-2.1643,0.00000,0.00000,0.00000,0.00000,-0.00000,0.000000,0.000000,0.000000,0.000000,0.000000
1268,47,conference,mask_conference,dave,drop_everything,rejected,-3.4032,0.00000,0.00000,0.00000,-0.00000,-0.00000,0.000000,0.000000,0.000000,-0.000000,0.000000
1269,47,conference,mask_conference,bob,pair_up,tolerated,1.0867,0.00000,0.00000,0.00000,-0.00000,-0.00000,0.000000,0.000000,0.000000,0.000000,0.000000
1270,48,work,mask_work,carol,drop_everything,rejected,-0.9375,0.00000,0.00000,-0.00000,-0.00000,-0.00000,0.000000,0.000000,0.000000,0.000000,-0.000000
1271,48,work,mask_work,dave,drop_everything,rejected,-0.8750,-0.00000,0.00000,-0.00000,-0.00000,0.00000,-0.000000,0.000000,0.000000,0.000000,0.000000
1272,48,work,mask_work,bob,drop_everything,rejected,-0.6655,0.00000,0.00000,-0.00000,-0.00000,0.00000,0.000000,0.000000,0.000000,0.000000,0.000000
1273,48,work,mask_work,carol,pair_up,rejected,-0.8655,0.00000,0.00000,-0.00000,-0.00000,-0.00000,0.000000,0.000000,0.000000,0.000000,-0.000000
1274,48,work,mask_work,dave,quick_tip,accepted,4.3530,-0.00000,0.00000,-0.00000,-0.00000,0.00000,-0.000000,0.000000,0.000000,0.000000,0.000000
1275,48,work,mask_work,bob,quick_tip,rejected,-0.2826,0.00000,0.00000,-0.00000,-0.00000,-0.00000,0.000000,0.000000,0.000000,0.000000,-0.000000
1276,48,work,mask_work,carol,pair_up,rejected,-0.8655,0.00000,0.00000,-0.00000,-0.00000,-0.00000,0.000000,0.000000,0.000000,0.000000,0.000000
1277,48,work,mask_work,dave,teach,tolerated,1.5364,-0.00000,0.00000,-0.00000,-0.00000,0.00000,-0.000000,0.000000,0.000000,0.000000,0.000000
1278,48,work,mask_work,bob,quick_tip,tolerated,1.9519,-0.00000,0.00000,-0.00000,-0.00000,0.00000,0.000000,0.000000,0.000000,0.000000,0.000000
1279,48,home,mask_home,carol,drop_everything,accepted,2.0112,-0.00000,-0.00000,0.00000,0.00000,0.00000,0.000000,0.000000,0.000000,0.000000,0.000000
1280,48,home,mask_home,dave,drop_everything,rejected,-3.3158,0.00000,-0.00000,0.00000,-0.00000,-0.00000,0.000000,0.000000,0.000000,-0.000000,-0.000000
1281,48,home,mask_home,bob,help_after_task,rejected,-0.8909,-0.00000,-0.00000,0.00000,-0.00000,0.00000,-0.000000,0.000000,0.000000,0.000000,0.000000
1282,48,home,mask_home,carol,pair_up,accepted,2.0832,-0.00000,-0.00000,0.00000,0.00000,0.00000,0.000000,0.000000,0.000000,0.000000,0.000000
1283,48,home,mask_home,dave,teach,rejected,-3.3772,0.00000,-0.00000,0.00000,-0.00000,-0.00000,0.000000,0.000000,0.000000,-0.000000,-0.000000
1284,48,home,mask_home,bob,pair_up,rejected,-0.6918,-0.00000,-0.00000,-0.00000,-0.00000,0.00000,-0.000000,0.000000,-0.000000,0.000000,0.000000
1285,48,home,mask_home,carol,pair_up,accepted,2.0832,-0.00000,-0.00000,0.00000,0.00000,0.00000,0.000000,0.000000,0.000000,0.000000,0.000000
1286,48,home,mask_home,dave,pair_up,accepted,1.4438,0.00000,-0.00000,0.00000,-0.00000,-0.00000,0.000000,0.000000,0.000000,-0.000000,-0.000000
1287,48,home,mask_home,bob,pair_up,tolerated,1.1668,-0.00000,-0.00000,0.00000,0.00000,-0.00000,-0.000000,0.000000,0.000000,0.000000,0.000000
1288,48,conference,mask_conference,carol,pair_up,accepted,2.6797,0.00000,0.00000,0.00000,0.00000,-0.00000,0.000000,0.000000,0.000000,0.000000,0.000000
1289,48,conference,mask_conference,dave,drop_everything,rejected,-3.4032,0.00000,0.00000,0.00000,-0.00000,-0.00000,0.000000,0.000000,0.000000,-0.000000,0.000000
1290,48,conference,mask_conference,bob,drop_everything,rejected,-1.0748,0.00000,0.00000,-0.00000,-0.00000,-0.00000,0.000000,0.000000,-0.000000,0.000000,0.000000
1291,48,conference,mask_conference,carol,drop_everything,rejected,-2.3923,0.00000,0.00000,0.00000,0.00000,-0.00000,0.000000,0.000000,0.000000,0.000000,0.000000
1292,48,conference,mask_conference,dave,pair_up,accepted,1.6688,0.00000,0.00000,0.00000,-0.00000,-0.00000,0.000000,0.000000,0.000000,-0.000000,0.000000
1293,48,conference,mask_conference,bob,pair_up,rejected,-0.7719,0.00000,0.00000,-0.00000,-0.00000,-0.00000,0.000000,0.000000,-0.000000,0.000000,0.000000
1294,48,conference,mask_conference,carol,quick_tip,rejected,-2.1643,0.00000,0.00000,0.00000,0.00000,-0.00000,0.000000,0.000000,0.000000,0.000000,0.000000
1295,48,conference,mask_conference,dave,joke_deflect,accepted,1.8008,0.00000,0.00000,0.00000,-0.00000,-0.00000,0.000000,0.000000,0.000000,-0.000000,0.000000
1296,48,conference,mask_conference,bob,joke_deflect,rejected,-0.5286,0.00000,0.00000,-0.00000,0.00000,-0.00000,0.000000,0.000000,-0.000000,0.000000,0.000000
1297,49,work,mask_work,carol,drop_everything,rejected,-0.9375,0.00000,0.00000,-0.00000,-0.00000,-0.00000,0.000000,0.000000,0.000000,0.000000,-0.000000
1298,49,work,mask_work,dave,joke_deflect,rejected,-0.6769,-0.00000,0.00000,-0.00000,-0.00000,0.00000,-0.000000,0.000000,0.000000,0.000000,0.000000
1299,49,work,mask_work,bob,drop_everything,rejected,-0.6623,0.00000,0.00000,-0.00000,-0.00000,0.00000,0.000000,0.000000,0.000000,0.000000,0.000000
1300,49,work,mask_work,carol,quick_tip,tolerated,1.6282,0.00000,0.00000,-0.00000,-0.00000,0.00000,0.000000,0.000000,0.000000,0.000000,0.000000
1301,49,work,mask_work,dave,teach,tolerated,1.5364,-0.00000,0.00000,-0.00000,-0.00000,0.00000,-0.000000,0.000000,0.000000,0.000000,0.000000
1302,49,work,mask_work,bob,joke_deflect,rejected,-0.4583,0.00000,0.00000,-0.00000,-0.00000,0.00000,0.000000,0.000000,0.000000,0.000000,0.000000
1303,49,work,mask_work,carol,joke_deflect,rejected,-0.7421,0.00000,0.00000,-0.00000,-0.00000,-0.00000,0.000000,0.000000,0.000000,0.000000,-0.000000
1304,49,work,mask_work,dave,pair_up,rejected,-0.8145,-0.00000,0.00000,-0.00000,-0.00000,0.00000,-0.000000,0.000000,0.000000,0.000000,0.000000
1305,49,work,mask_work,bob,joke_deflect,rejected,-0.4583,0.00000,0.00000,-0.00000,-0.00000,0.00000,0.000000,0.000000,0.000000,0.000000,0.000000
1306,49,home,mask_home,carol,drop_everything,accepted,2.0112,-0.00000,-0.00000,0.00000,0.00000,0.00000,0.000000,0.000000,0.000000,0.000000,0.000000
1307,49,home,mask_home,dave,quick_tip,accepted,1.5998,0.00000,-0.00000,0.00000,-0.00000,-0.00000,0.000000,0.000000,0.000000,-0.000000,-0.000000
1308,49,home,mask_home,bob,joke_deflect,rejected,-0.5494,-0.00000,-0.00000,-0.00000,0.00000,0.00000,-0.000000,0.000000,-0.000000,0.000000,0.000000
1309,49,home,mask_home,carol,help_after_task,rejected,-2.9168,-0.00000,-0.00000,0.00000,0.00000,0.00000,0.000000,0.000000,0.000000,0.000000,0.000000
1310,49,home,mask_home,dave,pair_up,accepted,1.4438,0.00000,-0.00000,0.00000,-0.00000,-0.00000,0.000000,0.000000,0.000000,-0.000000,-0.000000
1311,49,home,mask_home,bob,pair_up,tolerated,1.1718,-0.00000,-0.00000,0.00000,0.00000,-0.00000,-0.000000,0.000000,0.000000,0.000000,0.000000
1312,49,home,mask_home,carol,drop_everything,accepted,2.0112,-0.00000,-0.00000,0.00000,0.00000,0.00000,0.000000,0.000000,0.000000,0.000000,0.000000
1313,49,home,mask_home,dave,joke_deflect,accepted,1.5758,0.00000,-0.00000,0.00000,-0.00000,-0.00000,0.000000,0.000000,0.000000,-0.000000,-0.000000
1314,49,home,mask_home,bob,pair_up,tolerated,1.1718,-0.00000,-0.00000,0.00000,0.00000,-0.00000,-0.000000,0.000000,0.000000,0.000000,0.000000
1315,49,conference,mask_conference,carol,joke_deflect,rejected,-1.8758,0.00000,0.00000,0.00000,0.00000,-0.00000,0.000000,0.000000,0.000000,0.000000,0.000000
1316,49,conference,mask_conference,dave,pair_up,accepted,1.6688,0.00000,0.00000,0.00000,-0.00000,-0.00000,0.000000,0.000000,0.000000,-0.000000,0.000000
1317,49,conference,mask_conference,bob,pair_up,tolerated,1.0945,0.00000,0.00000,0.00000,-0.00000,-0.00000,0.000000,0.000000,0.000000,0.000000,0.000000
1318,49,conference,mask_conference,carol,teach,accepted,2.6939,0.00000,0.00000,0.00000,0.00000,-0.00000,0.000000,0.000000,0.000000,0.000000,0.000000
1319,49,conference,mask_conference,dave,joke_deflect,accepted,1.8008,0.00000,0.00000,0.00000,-0.00000,-0.00000,0.000000,0.000000,0.000000,-0.000000,0.000000
1320,49,conference,mask_conference,bob,joke_deflect,tolerated,1.3473,0.00000,0.00000,0.00000,-0.00000,-0.00000,0.000000,0.000000,0.000000,0.000000,0.000000
1321,49,conference,mask_conference,carol,teach,accepted,2.6939,0.00000,0.00000,0.00000,0.00000,-0.00000,0.000000,0.000000,0.000000,0.000000,0.000000
1322,49,conference,mask_conference,dave,quick_tip,accepted,1.8248,0.00000,0.00000,0.00000,-0.00000,-0.00000,0.000000,0.000000,0.000000,-0.000000,0.000000
1323,49,conference,mask_conference,bob,joke_deflect,tolerated,1.3473,0.00000,0.00000,0.00000,-0.00000,-0.00000,0.000000,0.000000,0.000000,0.000000,0.000000
1324,50,work,mask_work,carol,drop_everything,rejected,-0.9461,0.00000,0.00000,-0.00000,-0.00000,-0.00000,0.000000,0.000000,0.000000,0.000000,-0.000000
1325,50,work,mask_work,dave,teach,rejected,-0.6176,-0.00000,0.00000,-0.00000,-0.00000,0.00000,-0.000000,0.000000,0.000000,0.000000,0.000000
1326,50,work,mask_work,bob,drop_everything,rejected,-0.6623,0.00000,0.00000,-0.00000,-0.00000,0.00000,0.000000,0.000000,0.000000,0.000000,0.000000
1327,50,work,mask_work,carol,drop_everything,rejected,-0.9461,0.00000,0.00000,-0.00000,-0.00000,-0.00000,0.000000,0.000000,0.000000,0.000000,-0.000000
1328,50,work,mask_work,dave,teach,tolerated,1.5364,-0.00000,0.00000,-0.00000,-0.00000,0.00000,-0.000000,0.000000,0.000000,0.000000,0.000000
1329,50,work,mask_work,bob,teach,tolerated,1.9157,0.00000,0.00000,-0.00000,-0.00000,0.00000,0.000000,0.000000,0.000000,0.000000,0.000000
1330,50,work,mask_work,carol,drop_everything,rejected,-0.9461,0.00000,0.00000,-0.00000,-0.00000,-0.00000,0.000000,0.000000,0.000000,0.000000,-0.000000
1331,50,work,mask_work,dave,quick_tip,accepted,4.3427,-0.00000,0.00000,-0.00000,-0.00000,0.00000,-0.000000,0.000000,0.000000,0.000000,0.000000
1332,50,work,mask_work,bob,help_after_task,tolerated,1.9097,0.00000,0.00000,-0.00000,-0.00000,0.00000,0.000000,0.000000,0.000000,0.000000,0.000000
1333,50,home,mask_home,carol,quick_tip,tolerated,-0.3788,-0.00000,-0.00000,0.00000,0.00000,0.00000,0.000000,0.000000,0.000000,0.000000,0.000000
1334,50,home,mask_home,dave,joke_deflect,accepted,1.5758,0.00000,-0.00000,0.00000,-0.00000,-0.00000,0.000000,0.000000,0.000000,-0.000000,-0.000000
1335,50,home,mask_home,bob,teach,rejected,-0.9140,-0.00000,-0.00000,0.00000,-0.00000,0.00000,-0.000000,0.000000,0.000000,0.000000,0.000000
1336,50,home,mask_home,carol,joke_deflect,rejected,-2.5005,-0.00000,-0.00000,0.00000,0.00000,0.00000,0.000000,0.000000,0.000000,0.000000,0.000000
1337,50,home,mask_home,dave,teach,rejected,-3.3772,0.00000,-0.00000,0.00000,-0.00000,-0.00000,0.000000,0.000000,0.000000,-0.000000,-0.000000
1338,50,home,mask_home,bob,pair_up,rejected,-0.6867,-0.00000,-0.00000,-0.00000,-0.00000,0.00000,-0.000000,0.000000,-0.000000,0.000000,0.000000
1339,50,home,mask_home,carol,teach,rejected,-2.9148,-0.00000,-0.00000,0.00000,0.00000,0.00000,0.000000,0.000000,0.000000,0.000000,0.000000
1340,50,home,mask_home,dave,drop_everything,rejected,-3.3025,0.00000,-0.00000,0.00000,-0.00000,-0.00000,0.000000,0.000000,0.000000,-0.000000,-0.000000
1341,50,home,mask_home,bob,pair_up,rejected,-0.6867,-0.00000,-0.00000,-0.00000,-0.00000,0.00000,-0.000000,0.000000,-0.000000,0.000000,0.000000
1342,50,conference,mask_conference,carol,drop_everything,rejected,-2.3841,0.00000,0.00000,0.00000,0.00000,-0.00000,0.000000,0.000000,0.000000,0.000000,0.000000
1343,50,conference,mask_conference,dave,drop_everything,rejected,-3.4032,0.00000,0.00000,0.00000,-0.00000,-0.00000,0.000000,0.000000,0.000000,-0.000000,0.000000
1344,50,conference,mask_conference,bob,quick_tip,rejected,-0.8583,0.00000,0.00000,-0.00000,-0.00000,-0.00000,0.000000,0.000000,-0.000000,0.000000,0.000000
1345,50,conference,mask_conference,carol,joke_deflect,tolerated,0.0156,0.00000,0.00000,0.00000,-0.00000,-0.00000,0.000000,0.000000,0.000000,0.000000,0.000000
1346,50,conference,mask_conference,dave,drop_everything,rejected,-3.4032,0.00000,0.00000,0.00000,-0.00000,-0.00000,0.000000,0.000000,0.000000,0.000000,0.000000
1347,50,conference,mask_conference,bob,drop_everything,rejected,-1.0863,0.00000,0.00000,-0.00000,-0.00000,-0.00000,0.000000,0.000000,-0.000000,0.000000,0.000000
1348,50,conference,mask_conference,carol,quick_tip,rejected,-2.1639,0.00000,0.00000,0.00000,0.00000,-0.00000,0.000000,0.000000,0.000000,0.000000,0.000000
1349,50,conference,mask_conference,dave,quick_tip,accepted,1.8248,0.00000,0.00000,0.00000,-0.00000,-0.00000,0.000000,0.000000,0.000000,-0.000000,0.000000
1350,50,conference,mask_conference,bob,joke_deflect,tolerated,1.3473,0.00000,0.00000,0.00000,-0.00000,-0.00000,0.000000,0.000000,0.000000,0.000000,0.000000
1351,51,work,mask_work,carol,joke_deflect,rejected,-0.7421,0.00000,0.00000,-0.00000,-0.00000,-0.00000,0.000000,0.000000,0.000000,0.000000,-0.000000
1352,51,work,mask_work,dave,joke_deflect,rejected,-0.6813,-0.00000,0.00000,-0.00000,-0.00000,0.00000,-0.000000,0.000000,0.000000,0.000000,0.000000
1353,51,work,mask_work,bob,quick_tip,rejected,-0.2826,0.00000,0.00000,-0.00000,-0.00000,-0.00000,0.000000,0.000000,0.000000,0.000000,-0.000000
1354,51,work,mask_work,carol,drop_everything,rejected,-0.9461,0.00000,0.00000,-0.00000,-0.00000,-0.00000,0.000000,0.000000,0.000000,0.000000,0.000000
1355,51,work,mask_work,dave,pair_up,rejected,-0.8133,-0.00000,0.00000,-0.00000,-0.00000,0.00000,-0.000000,0.000000,0.000000,0.000000,0.000000
1356,51,work,mask_work,bob,joke_deflect,rejected,-0.4482,0.00000,0.00000,-0.00000,-0.00000,0.00000,0.000000,0.000000,0.000000,0.000000,0.000000
1357,51,work,mask_work,carol,drop_everything,rejected,-0.9461,0.00000,0.00000,-0.00000,-0.00000,-0.00000,0.000000,0.000000,0.000000,0.000000,-0.000000
1358,51,work,mask_work,dave,drop_everything,rejected,-0.8853,-0.00000,0.00000,-0.00000,-0.00000,0.00000,-0.000000,0.000000,0.000000,0.000000,0.000000
1359,51,work,mask_work,bob,joke_deflect,rejected,-0.4482,0.00000,0.00000,-0.00000,-0.00000,0.00000,0.000000,0.000000,0.000000,0.000000,0.000000
1360,51,home,mask_home,carol,quick_tip,rejected,-2.6055,-0.00000,-0.00000,0.00000,0.00000,0.00000,0.000000,0.000000,0.000000,0.000000,0.000000
1361,51,home,mask_home,dave,pair_up,accepted,1.4608,0.00000,-0.00000,0.00000,-0.00000,-0.00000,0.000000,0.000000,0.000000,-0.000000,-0.000000
1362,51,home,mask_home,bob,quick_tip,tolerated,1.6608,-0.00000,-0.00000,0.00000,-0.00000,0.00000,-0.000000,0.000000,0.000000,0.000000,0.000000
1363,51,home,mask_home,carol,pair_up,accepted,2.0937,-0.00000,-0.00000,0.00000,0.00000,0.00000,0.000000,0.000000,0.000000,0.000000,0.000000
1364,51,home,mask_home,dave,pair_up,accepted,1.4608,0.00000,-0.00000,0.00000,-0.00000,-0.00000,0.000000,0.000000,0.000000,-0.000000,-0.000000
1365,51,home,mask_home,bob,joke_deflect,tolerated,1.3222,0.00000,-0.00000,0.00000,-0.00000,-0.00000,0.000000,0.000000,0.000000,0.000000,0.000000
1366,51,home,mask_home,carol,pair_up,accepted,2.0937,-0.00000,-0.00000,0.00000,0.00000,0.00000,-0.000000,0.000000,0.000000,0.000000,0.000000
1367,51,home,mask_home,dave,joke_deflect,accepted,1.5928,0.00000,-0.00000,0.00000,-0.00000,-0.00000,0.000000,0.000000,0.000000,-0.000000,-0.000000
1368,51,home,mask_home,bob,drop_everything,rejected,-0.7299,0.00000,-0.00000,0.00000,-0.00000,-0.00000,0.000000,0.000000,0.000000,0.000000,0.000000
1369,51,conference,mask_conference,carol,drop_everything,rejected,-2.3919,0.00000,0.00000,0.00000,0.00000,-0.00000,0.000000,0.000000,0.000000,0.000000,0.000000
1370,51,conference,mask_conference,dave,pair_up,accepted,1.6688,0.00000,0.00000,0.00000,-0.00000,-0.00000,0.000000,0.000000,0.000000,-0.000000,0.000000
1371,51,conference,mask_conference,bob,joke_deflect,tolerated,1.3473,0.00000,0.00000,0.00000,-0.00000,-0.00000,0.000000,0.000000,0.000000,0.000000,0.000000
1372,51,conference,mask_conference,carol,joke_deflect,rejected,-1.8758,0.00000,0.00000,0.00000,0.00000,-0.00000,0.000000,0.000000,0.000000,0.000000,0.000000
1373,51,conference,mask_conference,dave,joke_deflect,accepted,1.8008,0.00000,0.00000,0.00000,-0.00000,-0.00000,0.000000,0.000000,0.000000,-0.000000,0.000000
1374,51,conference,mask_conference,bob,drop_everything,rejected,-1.0978,0.00000,0.00000,-0.00000,-0.00000,-0.00000,0.000000,0.000000,-0.000000,0.000000,0.000000
1375,51,conference,mask_conference,carol,joke_deflect,tolerated,0.0156,0.00000,0.00000,0.00000,-0.00000,-0.00000,0.000000,0.000000,0.000000,0.000000,0.000000
1376,51,conference,mask_conference,dave,joke_deflect,accepted,1.8008,0.00000,0.00000,0.00000,-0.00000,-0.00000,0.000000,0.000000,0.000000,0.000000,0.000000
1377,51,conference,mask_conference,bob,pair_up,tolerated,1.0704,0.00000,0.00000,0.00000,-0.00000,-0.00000,0.000000,0.000000,0.000000,0.000000,0.000000
1378,52,work,mask_work,carol,pair_up,rejected,-0.8741,0.00000,0.00000,-0.00000,-0.00000,-0.00000,0.000000,0.000000,0.000000,0.000000,-0.000000
1379,52,work,mask_work,dave,drop_everything,rejected,-0.8853,-0.00000,0.00000,-0.00000,-0.00000,0.00000,-0.000000,0.000000,0.000000,0.000000,0.000000
1380,52,work,mask_work,bob,drop_everything,rejected,-0.6522,0.00000,0.00000,-0.00000,-0.00000,0.00000,0.000000,0.000000,0.000000,0.000000,0.000000
1381,52,work,mask_work,carol,drop_everything,rejected,-0.9461,0.00000,0.00000,-0.00000,-0.00000,-0.00000,0.000000,0.000000,0.000000,0.000000,-0.000000
1382,52,work,mask_work,dave,joke_deflect,rejected,-0.6813,-0.00000,0.00000,-0.00000,-0.00000,0.00000,-0.000000,0.000000,0.000000,0.000000,0.000000
1383,52,work,mask_work,bob,teach,tolerated,1.9258,0.00000,0.00000,-0.00000,-0.00000,0.00000,0.000000,0.000000,0.000000,0.000000,0.000000
1384,52,work,mask_work,carol,pair_up,rejected,-0.8741,0.00000,0.00000,-0.00000,-0.00000,-0.00000,0.000000,0.000000,0.000000,0.000000,-0.000000
1385,52,work,mask_work,dave,joke_deflect,rejected,-0.6813,-0.00000,0.00000,-0.00000,-0.00000,0.00000,-0.000000,0.000000,0.000000,0.000000,0.000000
1386,52,work,mask_work,bob,pair_up,rejected,-0.5802,0.00000,0.00000,-0.00000,-0.00000,0.00000,0.000000,0.000000,0.000000,0.000000,0.000000
1387,52,home,mask_home,carol,drop_everything,accepted,2.0217,-0.00000,-0.00000,0.00000,0.00000,0.00000,-0.000000,0.000000,0.000000,0.000000,0.000000
1388,52,home,mask_home,dave,teach,rejected,-3.3666,0.00000,-0.00000,0.00000,-0.00000,-0.00000,0.000000,0.000000,0.000000,-0.000000,-0.000000
1389,52,home,mask_home,bob,drop_everything,rejected,-0.7299,0.00000,-0.00000,0.00000,-0.00000,-0.00000,0.000000,0.000000,0.000000,0.000000,0.000000
1390,52,home,mask_home,carol,pair_up,accepted,2.0937,-0.00000,-0.00000,0.00000,0.00000,0.00000,-0.000000,0.000000,0.000000,0.000000,0.000000
1391,52,home,mask_home,dave,drop_everything,rejected,-3.2966,0.00000,-0.00000,0.00000,-0.00000,-0.00000,0.000000,0.000000,0.000000,-0.000000,-0.000000
1392,52,home,mask_home,bob,teach,rejected,-0.9022,-0.00000,-0.00000,0.00000,-0.00000,0.00000,-0.000000,0.000000,0.000000,0.000000,0.000000
1393,52,home,mask_home,carol,quick_tip,tolerated,-0.3710,-0.00000,-0.00000,0.00000,0.00000,0.00000,0.000000,0.000000,0.000000,0.000000,0.000000
1394,52,home,mask_home,dave,pair_up,accepted,1.4767,0.00000,-0.00000,0.00000,-0.00000,-0.00000,0.000000,0.000000,0.000000,-0.000000,-0.000000
1395,52,home,mask_home,bob,pair_up,rejected,-0.6883,-0.00000,-0.00000,-0.00000,-0.00000,0.00000,-0.000000,0.000000,-0.000000,0.000000,0.000000
1396,52,conference,mask_conference,carol,drop_everything,rejected,-2.3915,0.00000,0.00000,0.00000,0.00000,-0.00000,0.000000,0.000000,0.000000,0.000000,0.000000
1397,52,conference,mask_conference,dave,joke_deflect,accepted,1.8008,0.00000,0.00000,0.00000,-0.00000,-0.00000,0.000000,0.000000,0.000000,-0.000000,0.000000
1398,52,conference,mask_conference,bob,pair_up,tolerated,1.0704,0.00000,0.00000,0.00000,-0.00000,-0.00000,0.000000,0.000000,0.000000,0.000000,0.000000
1399,52,conference,mask_conference,carol,joke_deflect,rejected,-1.8758,0.00000,0.00000,0.00000,0.00000,-0.00000,0.000000,0.000000,0.000000,0.000000,0.000000
1400,52,conference,mask_conference,dave,drop_everything,rejected,-3.4032,0.00000,0.00000,0.00000,-0.00000,-0.00000,0.000000,0.000000,0.000000,-0.000000,0.000000
1401,52,conference,mask_conference,bob,teach,tolerated,1.4524,0.00000,0.00000,-0.00000,-0.00000,-0.00000,0.000000,0.000000,-0.000000,0.000000,0.000000
1402,52,conference,mask_conference,carol,drop_everything,rejected,-2.3841,0.00000,0.00000,0.00000,0.00000,-0.00000,0.000000,0.000000,0.000000,0.000000,0.000000
1403,52,conference,mask_conference,dave,drop_everything,rejected,-3.4032,0.00000,0.00000,0.00000,-0.00000,-0.00000,0.000000,0.000000,0.000000,-0.000000,0.000000
1404,52,conference,mask_conference,bob,teach,tolerated,1.4524,0.00000,0.00000,-0.00000,-0.00000,-0.00000,0.000000,0.000000,-0.000000,0.000000,0.000000
1405,53,work,mask_work,carol,teach,accepted,4.1319,0.00000,0.00000,-0.00000,-0.00000,-0.00000,0.000000,0.000000,0.000000,0.000000,-0.000000
1406,53,work,mask_work,dave,joke_deflect,rejected,-0.6813,-0.00000,0.00000,-0.00000,-0.00000,0.00000,-0.000000,0.000000,0.000000,0.000000,0.000000
1407,53,work,mask_work,bob,joke_deflect,rejected,-0.4482,0.00000,0.00000,-0.00000,-0.00000,0.00000,0.000000,0.000000,0.000000,0.000000,0.000000
1408,53,work,mask_work,carol,pair_up,rejected,-0.8741,0.00000,0.00000,-0.00000,-0.00000,-0.00000,0.000000,0.000000,0.000000,0.000000,-0.000000
1409,53,work,mask_work,dave,joke_deflect,rejected,-0.6813,-0.00000,0.00000,-0.00000,-0.00000,0.00000,-0.000000,0.000000,0.000000,0.000000,0.000000
1410,53,work,mask_work,bob,joke_deflect,rejected,-0.4482,0.00000,0.00000,-0.00000,-0.00000,0.00000,0.000000,0.000000,0.000000,0.000000,0.000000
1411,53,work,mask_work,carol,joke_deflect,rejected,-0.7421,0.00000,0.00000,-0.00000,-0.00000,-0.00000,0.000000,0.000000,0.000000,0.000000,-0.000000
1412,53,work,mask_work,dave,help_after_task,rejected,-0.7537,-0.00000,0.00000,-0.00000,-0.00000,0.00000,-0.000000,0.000000,0.000000,0.000000,0.000000
1413,53,work,mask_work,bob,drop_everything,rejected,-0.6522,0.00000,0.00000,-0.00000,-0.00000,0.00000,0.000000,0.000000,0.000000,0.000000,0.000000
1414,53,home,mask_home,carol,joke_deflect,tolerated,-0.6047,-0.00000,-0.00000,0.00000,0.00000,0.00000,0.000000,0.000000,0.000000,0.000000,0.000000
1415,53,home,mask_home,dave,joke_deflect,accepted,1.6087,0.00000,-0.00000,0.00000,-0.00000,-0.00000,0.000000,0.000000,0.000000,-0.000000,-0.000000
1416,53,home,mask_home,bob,help_after_task,rejected,-0.9021,-0.00000,-0.00000,0.00000,-0.00000,0.00000,-0.000000,0.000000,0.000000,0.000000,0.000000
1417,53,home,mask_home,carol,pair_up,accepted,2.0754,-0.00000,-0.00000,0.00000,0.00000,0.00000,0.000000,0.000000,0.000000,0.000000,0.000000
1418,53,home,mask_home,dave,quick_tip,accepted,1.6327,0.00000,-0.00000,0.00000,-0.00000,-0.00000,0.000000,0.000000,0.000000,-0.000000,-0.000000
1419,53,home,mask_home,bob,joke_deflect,rejected,-0.5488,-0.00000,-0.00000,-0.00000,0.00000,0.00000,-0.000000,0.000000,-0.000000,0.000000,0.000000
1420,53,home,mask_home,carol,teach,rejected,-2.9186,-0.00000,-0.00000,0.00000,0.00000,0.00000,0.000000,0.000000,0.000000,0.000000,0.000000
1421,53,home,mask_home,dave,pair_up,accepted,1.4767,0.00000,-0.00000,0.00000,-0.00000,-0.00000,0.000000,0.000000,0.000000,-0.000000,-0.000000
1422,53,home,mask_home,bob,pair_up,rejected,-0.6833,-0.00000,-0.00000,-0.00000,-0.00000,0.00000,-0.000000,0.000000,-0.000000,0.000000,0.000000
1423,53,conference,mask_conference,carol,drop_everything,rejected,-2.3841,0.00000,0.00000,0.00000,0.00000,-0.00000,0.000000,0.000000,0.000000,0.000000,0.000000
1424,53,conference,mask_conference,dave,pair_up,accepted,1.6688,0.00000,0.00000,0.00000,-0.00000,-0.00000,0.000000,0.000000,0.000000,-0.000000,0.000000
1425,53,conference,mask_conference,bob,drop_everything,rejected,-1.1256,0.00000,0.00000,-0.00000,-0.00000,-0.00000,0.000000,0.000000,-0.000000,0.000000,0.000000
1426,53,conference,mask_conference,carol,joke_deflect,rejected,-1.8758,0.00000,0.00000,0.00000,0.00000,-0.00000,0.000000,0.000000,0.000000,0.000000,0.000000
1427,53,conference,mask_conference,dave,drop_everything,rejected,-3.4032,0.00000,0.00000,0.00000,-0.00000,-0.00000,0.000000,0.000000,0.000000,-0.000000,0.000000
1428,53,conference,mask_conference,bob,joke_deflect,rejected,-0.5720,0.00000,0.00000,-0.00000,0.00000,-0.00000,0.000000,0.000000,-0.000000,0.000000,0.000000
1429,53,conference,mask_conference,carol,joke_deflect,tolerated,0.0156,0.00000,0.00000,0.00000,-0.00000,-0.00000,0.000000,0.000000,0.000000,-0.000000,0.000000
1430,53,conference,mask_conference,dave,quick_tip,accepted,1.8248,0.00000,0.00000,0.00000,-0.00000,-0.00000,0.000000,0.000000,0.000000,0.000000,0.000000
1431,53,conference,mask_conference,bob,teach,tolerated,1.4597,0.00000,0.00000,-0.00000,-0.00000,-0.00000,0.000000,0.000000,-0.000000,0.000000,0.000000
1432,54,work,mask_work,carol,pair_up,rejected,-0.8741,0.00000,0.00000,-0.00000,-0.00000,-0.00000,0.000000,0.000000,0.000000,0.000000,-0.000000
1433,54,work,mask_work,dave,joke_deflect,rejected,-0.6217,-0.00000,0.00000,-0.00000,-0.00000,0.00000,-0.000000,0.000000,0.000000,0.000000,0.000000
1434,54,work,mask_work,bob,drop_everything,rejected,-0.6522,0.00000,0.00000,-0.00000,-0.00000,0.00000,0.000000,0.000000,0.000000,0.000000,0.000000
1435,54,work,mask_work,carol,pair_up,rejected,-0.8741,0.00000,0.00000,-0.00000,-0.00000,-0.00000,0.000000,0.000000,0.000000,0.000000,-0.000000
1436,54,work,mask_work,dave,joke_deflect,rejected,-0.6217,-0.00000,0.00000,-0.00000,-0.00000,0.00000,-0.000000,0.000000,0.000000,0.000000,0.000000
1437,54,work,mask_work,bob,pair_up,rejected,-0.5802,0.00000,0.00000,-0.00000,-0.00000,0.00000,0.000000,0.000000,0.000000,0.000000,0.000000
1438,54,work,mask_work,carol,drop_everything,rejected,-0.9461,0.00000,0.00000,-0.00000,-0.00000,-0.00000,0.000000,0.000000,0.000000,0.000000,-0.000000
1439,54,work,mask_work,dave,teach,rejected,-0.5579,-0.00000,0.00000,-0.00000,-0.00000,0.00000,-0.000000,0.000000,0.000000,0.000000,0.000000
1440,54,work,mask_work,bob,drop_everything,rejected,-0.6522,0.00000,0.00000,-0.00000,-0.00000,0.00000,0.000000,0.000000,0.000000,0.000000,0.000000
1441,54,home,mask_home,carol,teach,rejected,-2.9186,-0.00000,-0.00000,0.00000,0.00000,0.00000,0.000000,0.000000,0.000000,0.000000,0.000000
1442,54,home,mask_home,dave,drop_everything,rejected,-3.2966,0.00000,-0.00000,0.00000,-0.00000,-0.00000,0.000000,0.000000,0.000000,-0.000000,-0.000000
1443,54,home,mask_home,bob,pair_up,rejected,-0.6833,-0.00000,-0.00000,-0.00000,-0.00000,0.00000,-0.000000,0.000000,-0.000000,0.000000,0.000000
1444,54,home,mask_home,carol,drop_everything,accepted,2.0034,-0.00000,-0.00000,0.00000,0.00000,0.00000,0.000000,0.000000,0.000000,0.000000,0.000000
1445,54,home,mask_home,dave,drop_everything,rejected,-3.2966,0.00000,-0.00000,0.00000,-0.00000,-0.00000,0.000000,0.000000,0.000000,-0.000000,-0.000000
1446,54,home,mask_home,bob,pair_up,rejected,-0.6833,-0.00000,-0.00000,-0.00000,-0.00000,0.00000,-0.000000,0.000000,-0.000000,0.000000,0.000000
1447,54,home,mask_home,carol,drop_everything,accepted,2.0034,-0.00000,-0.00000,0.00000,0.00000,0.00000,0.000000,0.000000,0.000000,0.000000,0.000000
1448,54,home,mask_home,dave,joke_deflect,accepted,1.6268,0.00000,-0.00000,0.00000,-0.00000,-0.00000,0.000000,0.000000,0.000000,-0.000000,-0.000000
1449,54,home,mask_home,bob,drop_everything,tolerated,1.2188,-0.00000,-0.00000,-0.00000,0.00000,0.00000,-0.000000,0.000000,-0.000000,0.000000,0.000000
1450,54,conference,mask_conference,carol,drop_everything,rejected,-2.3841,0.00000,0.00000,0.00000,0.00000,-0.00000,0.000000,0.000000,0.000000,0.000000,0.000000
1451,54,conference,mask_conference,dave,joke_deflect,accepted,1.8008,0.00000,0.00000,0.00000,-0.00000,-0.00000,0.000000,0.000000,0.000000,-0.000000,0.000000
1452,54,conference,mask_conference,bob,pair_up,tolerated,1.0777,0.00000,0.00000,0.00000,-0.00000,-0.00000,0.000000,0.000000,0.000000,0.000000,0.000000
1453,54,conference,mask_conference,carol,drop_everything,rejected,-2.3841,0.00000,0.00000,0.00000,0.00000,-0.00000,0.000000,0.000000,0.000000,0.000000,0.000000
1454,54,conference,mask_conference,dave,quick_tip,accepted,1.8248,0.00000,0.00000,0.00000,-0.00000,-0.00000,0.000000,0.000000,0.000000,-0.000000,0.000000
1455,54,conference,mask_conference,bob,help_after_task,tolerated,1.4411,0.00000,0.00000,-0.00000,-0.00000,-0.00000,0.000000,0.000000,-0.000000,0.000000,0.000000
1456,54,conference,mask_conference,carol,joke_deflect,tolerated,0.0156,0.00000,0.00000,0.00000,-0.00000,-0.00000,0.000000,0.000000,0.000000,0.000000,0.000000
1457,54,conference,mask_conference,dave,joke_deflect,accepted,1.8008,0.00000,0.00000,0.00000,-0.00000,-0.00000,0.000000,0.000000,0.000000,0.000000,0.000000
1458,54,conference,mask_conference,bob,drop_everything,rejected,-1.1309,0.00000,0.00000,-0.00000,-0.00000,-0.00000,0.000000,0.000000,-0.000000,0.000000,0.000000
1459,55,work,mask_work,carol,pair_up,rejected,-0.8741,0.00000,0.00000,-0.00000,-0.00000,-0.00000,0.000000,0.000000,0.000000,0.000000,-0.000000
1460,55,work,mask_work,dave,joke_deflect,rejected,-0.6157,-0.00000,0.00000,-0.00000,-0.00000,0.00000,-0.000000,0.000000,0.000000,0.000000,0.000000
1461,55,work,mask_work,bob,drop_everything,rejected,-0.6522,0.00000,0.00000,-0.00000,-0.00000,0.00000,0.000000,0.000000,0.000000,0.000000,0.000000
1462,55,work,mask_work,carol,pair_up,rejected,-0.8741,0.00000,0.00000,-0.00000,-0.00000,-0.00000,0.000000,0.000000,0.000000,0.000000,-0.000000
1463,55,work,mask_work,dave,quick_tip,accepted,4.4083,-0.00000,0.00000,-0.00000,-0.00000,0.00000,-0.000000,0.000000,0.000000,0.000000,0.000000
1464,55,work,mask_work,bob,pair_up,rejected,-0.5802,0.00000,0.00000,-0.00000,-0.00000,0.00000,0.000000,0.000000,0.000000,0.000000,0.000000
1465,55,work,mask_work,carol,drop_everything,rejected,-0.9461,0.00000,0.00000,-0.00000,-0.00000,-0.00000,0.000000,0.000000,0.000000,0.000000,-0.000000
1466,55,work,mask_work,dave,drop_everything,rejected,-0.8197,-0.00000,0.00000,-0.00000,-0.00000,0.00000,-0.000000,0.000000,0.000000,0.000000,0.000000
1467,55,work,mask_work,bob,pair_up,rejected,-0.5802,0.00000,0.00000,-0.00000,-0.00000,0.00000,0.000000,0.000000,0.000000,0.000000,0.000000
1468,55,home,mask_home,carol,pair_up,accepted,2.0754,-0.00000,-0.00000,0.00000,0.00000,0.00000,0.000000,0.000000,0.000000,0.000000,0.000000
1469,55,home,mask_home,dave,drop_everything,tolerated,-1.3753,0.00000,-0.00000,0.00000,-0.00000,-0.00000,0.000000,0.000000,0.000000,-0.000000,-0.000000
1470,55,home,mask_home,bob,drop_everything,tolerated,1.2188,-0.00000,-0.00000,-0.00000,0.00000,0.00000,-0.000000,0.000000,-0.000000,0.000000,0.000000
1471,55,home,mask_home,carol,drop_everything,accepted,2.0034,-0.00000,-0.00000,0.00000,0.00000,0.00000,0.000000,0.000000,0.000000,0.000000,0.000000
1472,55,home,mask_home,dave,joke_deflect,accepted,1.6181,0.00000,-0.00000,0.00000,-0.00000,-0.00000,0.000000,0.000000,0.000000,-0.000000,-0.000000
1473,55,home,mask_home,bob,teach,rejected,-0.8915,-0.00000,-0.00000,0.00000,-0.00000,0.00000,-0.000000,0.000000,0.000000,0.000000,0.000000
1474,55,home,mask_home,carol,pair_up,accepted,2.0754,-0.00000,-0.00000,0.00000,0.00000,0.00000,0.000000,0.000000,0.000000,0.000000,0.000000
1475,55,home,mask_home,dave,quick_tip,accepted,1.6421,0.00000,-0.00000,0.00000,-0.00000,-0.00000,0.000000,0.000000,0.000000,-0.000000,-0.000000
1476,55,home,mask_home,bob,pair_up,rejected,-0.7002,-0.00000,-0.00000,-0.00000,-0.00000,0.00000,-0.000000,0.000000,-0.000000,0.000000,0.000000
1477,55,conference,mask_conference,carol,joke_deflect,tolerated,0.0156,0.00000,0.00000,0.00000,-0.00000,-0.00000,0.000000,0.000000,0.000000,0.000000,0.000000
1478,55,conference,mask_conference,dave,quick_tip,accepted,1.8248,0.00000,0.00000,0.00000,-0.00000,-0.00000,0.000000,0.000000,0.000000,0.000000,0.000000
1479,55,conference,mask_conference,bob,drop_everything,rejected,-1.1309,0.00000,0.00000,-0.00000,-0.00000,-0.00000,0.000000,0.000000,-0.000000,0.000000,0.000000
1480,55,conference,mask_conference,carol,joke_deflect,tolerated,0.0156,0.00000,0.00000,0.00000,-0.00000,-0.00000,0.000000,0.000000,0.000000,0.000000,0.000000
1481,55,conference,mask_conference,dave,pair_up,accepted,1.6688,0.00000,0.00000,0.00000,-0.00000,-0.00000,0.000000,0.000000,0.000000,0.000000,0.000000
1482,55,conference,mask_conference,bob,joke_deflect,tolerated,1.3069,0.00000,0.00000,0.00000,-0.00000,-0.00000,0.000000,0.000000,0.000000,0.000000,0.000000
1483,55,conference,mask_conference,carol,drop_everything,rejected,-2.4035,0.00000,0.00000,0.00000,0.00000,-0.00000,0.000000,0.000000,0.000000,0.000000,0.000000
1484,55,conference,mask_conference,dave,joke_deflect,accepted,1.8008,0.00000,0.00000,0.00000,-0.00000,-0.00000,0.000000,0.000000,0.000000,-0.000000,0.000000
1485,55,conference,mask_conference,bob,pair_up,rejected,-0.7864,0.00000,0.00000,-0.00000,-0.00000,-0.00000,0.000000,0.000000,-0.000000,0.000000,0.000000
1486,56,work,mask_work,carol,pair_up,rejected,-0.8741,0.00000,0.00000,-0.00000,-0.00000,-0.00000,0.000000,0.000000,0.000000,0.000000,-0.000000
1487,56,work,mask_work,dave,quick_tip,accepted,4.4083,-0.00000,0.00000,-0.00000,-0.00000,0.00000,-0.000000,0.000000,0.000000,0.000000,0.000000
1488,56,work,mask_work,bob,quick_tip,rejected,-0.2826,0.00000,0.00000,-0.00000,-0.00000,-0.00000,0.000000,0.000000,0.000000,0.000000,-0.000000
1489,56,work,mask_work,carol,joke_deflect,rejected,-0.7421,0.00000,0.00000,-0.00000,-0.00000,-0.00000,0.000000,0.000000,0.000000,0.000000,0.000000
1490,56,work,mask_work,dave,joke_deflect,rejected,-0.6157,-0.00000,0.00000,-0.00000,-0.00000,0.00000,-0.000000,0.000000,0.000000,0.000000,0.000000
1491,56,work,mask_work,bob,teach,tolerated,1.9347,0.00000,0.00000,-0.00000,-0.00000,0.00000,0.000000,0.000000,0.000000,0.000000,0.000000
1492,56,work,mask_work,carol,joke_deflect,rejected,-0.7421,0.00000,0.00000,-0.00000,-0.00000,-0.00000,0.000000,0.000000,0.000000,0.000000,-0.000000
1493,56,work,mask_work,dave,pair_up,rejected,-0.7477,-0.00000,0.00000,-0.00000,-0.00000,0.00000,-0.000000,0.000000,0.000000,0.000000,0.000000
1494,56,work,mask_work,bob,teach,tolerated,1.9347,0.00000,0.00000,-0.00000,-0.00000,0.00000,0.000000,0.000000,0.000000,0.000000,0.000000
1495,56,home,mask_home,carol,pair_up,accepted,2.0754,-0.00000,-0.00000,0.00000,0.00000,0.00000,0.000000,0.000000,0.000000,0.000000,0.000000
1496,56,home,mask_home,dave,joke_deflect,accepted,1.6181,0.00000,-0.00000,0.00000,-0.00000,-0.00000,0.000000,0.000000,0.000000,-0.000000,-0.000000
1497,56,home,mask_home,bob,drop_everything,rejected,-0.6975,0.00000,-0.00000,0.00000,-0.00000,-0.00000,0.000000,0.000000,0.000000,0.000000,0.000000
1498,56,home,mask_home,carol,teach,rejected,-2.9186,-0.00000,-0.00000,0.00000,0.00000,0.00000,-0.000000,0.000000,0.000000,0.000000,0.000000
1499,56,home,mask_home,dave,help_after_task,rejected,-3.5139,0.00000,-0.00000,0.00000,-0.00000,-0.00000,0.000000,0.000000,0.000000,-0.000000,-0.000000
1500,56,home,mask_home,bob,pair_up,rejected,-0.6935,-0.00000,-0.00000,-0.00000,-0.00000,0.00000,-0.000000,0.000000,-0.000000,0.000000,0.000000
1501,56,home,mask_home,carol,drop_everything,accepted,2.0034,-0.00000,-0.00000,0.00000,0.00000,0.00000,0.000000,0.000000,0.000000,0.000000,0.000000
1502,56,home,mask_home,dave,drop_everything,rejected,-3.2966,0.00000,-0.00000,0.00000,-0.00000,-0.00000,0.000000,0.000000,0.000000,-0.000000,-0.000000
1503,56,home,mask_home,bob,teach,rejected,-0.8752,-0.00000,-0.00000,0.00000,-0.00000,0.00000,-0.000000,0.000000,0.000000,0.000000,0.000000
1504,56,conference,mask_conference,carol,help_after_task,tolerated,0.1088,0.00000,0.00000,0.00000,0.00000,-0.00000,0.000000,0.000000,0.000000,0.000000,0.000000
1505,56,conference,mask_conference,dave,joke_deflect,accepted,1.8008,0.00000,0.00000,0.00000,-0.00000,-0.00000,0.000000,0.000000,0.000000,-0.000000,0.000000
1506,56,conference,mask_conference,bob,teach,tolerated,1.4507,0.00000,0.00000,-0.00000,-0.00000,-0.00000,0.000000,0.000000,-0.000000,0.000000,0.000000
1507,56,conference,mask_conference,carol,teach,accepted,2.6546,0.00000,0.00000,0.00000,0.00000,-0.00000,0.000000,0.000000,0.000000,0.000000,0.000000
1508,56,conference,mask_conference,dave,pair_up,accepted,1.6688,0.00000,0.00000,0.00000,-0.00000,-0.00000,0.000000,0.000000,0.000000,-0.000000,0.000000
1509,56,conference,mask_conference,bob,teach,tolerated,1.4507,0.00000,0.00000,-0.00000,-0.00000,-0.00000,0.000000,0.000000,-0.000000,0.000000,0.000000
1510,56,conference,mask_conference,carol,quick_tip,rejected,-2.1954,0.00000,0.00000,0.00000,0.00000,-0.00000,0.000000,0.000000,0.000000,0.000000,0.000000
1511,56,conference,mask_conference,dave,joke_deflect,accepted,1.8008,0.00000,0.00000,0.00000,-0.00000,-0.00000,0.000000,0.000000,0.000000,-0.000000,0.000000
1512,56,conference,mask_conference,bob,drop_everything,rejected,-1.1273,0.00000,0.00000,-0.00000,-0.00000,-0.00000,0.000000,0.000000,-0.000000,0.000000,0.000000
1513,57,work,mask_work,carol,teach,accepted,4.1319,0.00000,0.00000,-0.00000,-0.00000,-0.00000,0.000000,0.000000,0.000000,0.000000,-0.000000
1514,57,work,mask_work,dave,pair_up,rejected,-0.7477,-0.00000,0.00000,-0.00000,-0.00000,0.00000,-0.000000,0.000000,0.000000,0.000000,0.000000
1515,57,work,mask_work,bob,pair_up,rejected,-0.5713,0.00000,0.00000,-0.00000,-0.00000,0.00000,0.000000,0.000000,0.000000,0.000000,0.000000
1516,57,work,mask_work,carol,pair_up,rejected,-0.8741,0.00000,0.00000,-0.00000,-0.00000,-0.00000,0.000000,0.000000,0.000000,0.000000,-0.000000
1517,57,work,mask_work,dave,joke_deflect,rejected,-0.6157,-0.00000,0.00000,-0.00000,-0.00000,0.00000,-0.000000,0.000000,0.000000,0.000000,0.000000
1518,57,work,mask_work,bob,quick_tip,tolerated,1.9519,-0.00000,0.00000,-0.00000,-0.00000,0.00000,0.000000,0.000000,0.000000,0.000000,0.000000
1519,57,work,mask_work,carol,quick_tip,tolerated,1.6282,0.00000,0.00000,-0.00000,-0.00000,0.00000,0.000000,0.000000,0.000000,0.000000,0.000000
1520,57,work,mask_work,dave,joke_deflect,rejected,-0.6157,-0.00000,0.00000,-0.00000,-0.00000,0.00000,-0.000000,0.000000,0.000000,0.000000,0.000000
1521,57,work,mask_work,bob,drop_everything,rejected,-0.6512,0.00000,0.00000,-0.00000,-0.00000,0.00000,0.000000,0.000000,0.000000,0.000000,0.000000
1522,57,home,mask_home,carol,joke_deflect,rejected,-2.4961,-0.00000,-0.00000,0.00000,0.00000,0.00000,0.000000,0.000000,0.000000,0.000000,0.000000
1523,57,home,mask_home,dave,pair_up,accepted,1.4943,0.00000,-0.00000,0.00000,-0.00000,-0.00000,0.000000,0.000000,0.000000,-0.000000,-0.000000
1524,57,home,mask_home,bob,joke_deflect,rejected,-0.5329,-0.00000,-0.00000,-0.00000,0.00000,0.00000,-0.000000,0.000000,-0.000000,0.000000,0.000000
1525,57,home,mask_home,carol,joke_deflect,rejected,-2.4961,-0.00000,-0.00000,0.00000,0.00000,0.00000,0.000000,0.000000,0.000000,0.000000,0.000000
1526,57,home,mask_home,dave,drop_everything,rejected,-3.2966,0.00000,-0.00000,0.00000,-0.00000,-0.00000,0.000000,0.000000,0.000000,-0.000000,-0.000000
1527,57,home,mask_home,bob,quick_tip,rejected,-0.5367,0.00000,-0.00000,0.00000,0.00000,0.00000,0.000000,0.000000,0.000000,0.000000,0.000000
1528,57,home,mask_home,carol,quick_tip,tolerated,-0.3647,-0.00000,-0.00000,0.00000,0.00000,0.00000,-0.000000,0.000000,0.000000,0.000000,0.000000
1529,57,home,mask_home,dave,teach,rejected,-3.3312,0.00000,-0.00000,0.00000,-0.00000,-0.00000,0.000000,0.000000,0.000000,-0.000000,-0.000000
1530,57,home,mask_home,bob,teach,rejected,-0.8574,-0.00000,-0.00000,0.00000,-0.00000,0.00000,-0.000000,0.000000,0.000000,0.000000,0.000000
1531,57,conference,mask_conference,carol,joke_deflect,rejected,-1.8957,0.00000,0.00000,0.00000,0.00000,-0.00000,0.000000,0.000000,0.000000,0.000000,0.000000
1532,57,conference,mask_conference,dave,drop_everything,rejected,-3.4032,0.00000,0.00000,0.00000,-0.00000,-0.00000,0.000000,0.000000,0.000000,-0.000000,0.000000
1533,57,conference,mask_conference,bob,joke_deflect,tolerated,1.3158,0.00000,0.00000,0.00000,-0.00000,-0.00000,0.000000,0.000000,0.000000,0.000000,0.000000
1534,57,conference,mask_conference,carol,joke_deflect,tolerated,-0.0043,0.00000,0.00000,0.00000,-0.00000,-0.00000,0.000000,0.000000,0.000000,0.000000,0.000000
1535,57,conference,mask_conference,dave,pair_up,accepted,1.6688,0.00000,0.00000,0.00000,-0.00000,-0.00000,0.000000,0.000000,0.000000,0.000000,0.000000
1536,57,conference,mask_conference,bob,drop_everything,rejected,-1.1326,0.00000,0.00000,-0.00000,-0.00000,-0.00000,0.000000,0.000000,-0.000000,0.000000,0.000000
1537,57,conference,mask_conference,carol,drop_everything,rejected,-2.4226,0.00000,0.00000,0.00000,0.00000,-0.00000,0.000000,0.000000,0.000000,0.000000,0.000000
1538,57,conference,mask_conference,dave,joke_deflect,accepted,1.8008,0.00000,0.00000,0.00000,-0.00000,-0.00000,0.000000,0.000000,0.000000,-0.000000,0.000000
1539,57,conference,mask_conference,bob,joke_deflect,rejected,-0.5756,0.00000,0.00000,-0.00000,0.00000,-0.00000,0.000000,0.000000,-0.000000,0.000000,0.000000
1540,58,work,mask_work,carol,joke_deflect,rejected,-0.7498,0.00000,0.00000,-0.00000,-0.00000,-0.00000,0.000000,0.000000,0.000000,0.000000,-0.000000
1541,58,work,mask_work,dave,teach,tolerated,1.5960,-0.00000,0.00000,-0.00000,-0.00000,0.00000,-0.000000,0.000000,0.000000,0.000000,0.000000
1542,58,work,mask_work,bob,teach,tolerated,1.9268,0.00000,0.00000,-0.00000,-0.00000,0.00000,0.000000,0.000000,0.000000,0.000000,0.000000
1543,58,work,mask_work,carol,teach,accepted,4.1242,0.00000,0.00000,-0.00000,-0.00000,-0.00000,0.000000,0.000000,0.000000,0.000000,-0.000000
1544,58,work,mask_work,dave,quick_tip,accepted,4.4033,-0.00000,0.00000,-0.00000,-0.00000,0.00000,-0.000000,0.000000,0.000000,0.000000,0.000000
1545,58,work,mask_work,bob,pair_up,rejected,-0.5792,0.00000,0.00000,-0.00000,-0.00000,0.00000,0.000000,0.000000,0.000000,0.000000,0.000000
1546,58,work,mask_work,carol,joke_deflect,rejected,-0.7498,0.00000,0.00000,-0.00000,-0.00000,-0.00000,0.000000,0.000000,0.000000,0.000000,-0.000000
1547,58,work,mask_work,dave,drop_everything,rejected,-0.8247,-0.00000,0.00000,-0.00000,-0.00000,0.00000,-0.000000,0.000000,0.000000,0.000000,0.000000
1548,58,work,mask_work,bob,pair_up,rejected,-0.5792,0.00000,0.00000,-0.00000,-0.00000,0.00000,0.000000,0.000000,0.000000,0.000000,0.000000
1549,58,home,mask_home,carol,pair_up,accepted,2.0814,-0.00000,-0.00000,0.00000,0.00000,0.00000,0.000000,0.000000,0.000000,0.000000,0.000000
1550,58,home,mask_home,dave,joke_deflect,accepted,1.6397,0.00000,-0.00000,0.00000,-0.00000,-0.00000,0.000000,0.000000,0.000000,-0.000000,-0.000000
1551,58,home,mask_home,bob,drop_everything,rejected,-0.6750,0.00000,-0.00000,0.00000,-0.00000,-0.00000,0.000000,0.000000,0.000000,0.000000,0.000000
1552,58,home,mask_home,carol,pair_up,accepted,2.0814,-0.00000,-0.00000,0.00000,0.00000,0.00000,-0.000000,0.000000,0.000000,0.000000,0.000000
1553,58,home,mask_home,dave,pair_up,accepted,1.5077,0.00000,-0.00000,0.00000,-0.00000,-0.00000,0.000000,0.000000,0.000000,-0.000000,-0.000000
1554,58,home,mask_home,bob,teach,rejected,-0.8511,-0.00000,-0.00000,0.00000,-0.00000,0.00000,-0.000000,0.000000,0.000000,0.000000,0.000000
1555,58,home,mask_home,carol,pair_up,accepted,2.0814,-0.00000,-0.00000,0.00000,0.00000,0.00000,0.000000,0.000000,0.000000,0.000000,0.000000
1556,58,home,mask_home,dave,joke_deflect,accepted,1.6397,0.00000,-0.00000,0.00000,-0.00000,-0.00000,0.000000,0.000000,0.000000,-0.000000,-0.000000
1557,58,home,mask_home,bob,pair_up,tolerated,1.1893,0.00000,-0.00000,0.00000,0.00000,-0.00000,0.000000,0.000000,0.000000,0.000000,0.000000
1558,58,conference,mask_conference,carol,pair_up,accepted,2.6494,0.00000,0.00000,0.00000,0.00000,-0.00000,0.000000,0.000000,0.000000,0.000000,0.000000
1559,58,conference,mask_conference,dave,joke_deflect,accepted,1.8008,0.00000,0.00000,0.00000,-0.00000,-0.00000,0.000000,0.000000,0.000000,-0.000000,0.000000
1560,58,conference,mask_conference,bob,drop_everything,rejected,-1.1256,0.00000,0.00000,-0.00000,-0.00000,-0.00000,0.000000,0.000000,-0.000000,0.000000,0.000000
1561,58,conference,mask_conference,carol,drop_everything,rejected,-2.4226,0.00000,0.00000,0.00000,0.00000,-0.00000,0.000000,0.000000,0.000000,0.000000,0.000000
1562,58,conference,mask_conference,dave,drop_everything,rejected,-3.4032,0.00000,0.00000,0.00000,-0.00000,-0.00000,0.000000,0.000000,0.000000,-0.000000,0.000000
1563,58,conference,mask_conference,bob,pair_up,rejected,-0.7847,0.00000,0.00000,-0.00000,-0.00000,-0.00000,0.000000,0.000000,-0.000000,0.000000,0.000000
1564,58,conference,mask_conference,carol,pair_up,accepted,2.6494,0.00000,0.00000,0.00000,0.00000,-0.00000,0.000000,0.000000,0.000000,0.000000,0.000000
1565,58,conference,mask_conference,dave,teach,rejected,-3.1176,0.00000,-0.00000,0.00000,-0.00000,-0.00000,0.000000,-0.000000,0.000000,-0.000000,0.000000
1566,58,conference,mask_conference,bob,drop_everything,rejected,-1.1172,0.00000,0.00000,-0.00000,-0.00000,-0.00000,0.000000,0.000000,-0.000000,0.000000,0.000000
1567,59,work,mask_work,carol,joke_deflect,rejected,-0.7498,0.00000,0.00000,-0.00000,-0.00000,-0.00000,0.000000,0.000000,0.000000,0.000000,-0.000000
1568,59,work,mask_work,dave,pair_up,rejected,-0.7527,-0.00000,0.00000,-0.00000,-0.00000,0.00000,-0.000000,0.000000,0.000000,0.000000,0.000000
1569,59,work,mask_work,bob,drop_everything,rejected,-0.6512,0.00000,0.00000,-0.00000,-0.00000,0.00000,0.000000,0.000000,0.000000,0.000000,0.000000
1570,59,work,mask_work,carol,pair_up,rejected,-0.8818,0.00000,0.00000,-0.00000,-0.00000,-0.00000,0.000000,0.000000,0.000000,0.000000,-0.000000
1571,59,work,mask_work,dave,quick_tip,accepted,4.4033,-0.00000,0.00000,-0.00000,-0.00000,0.00000,-0.000000,0.000000,0.000000,0.000000,0.000000
1572,59,work,mask_work,bob,drop_everything,rejected,-0.6512,0.00000,0.00000,-0.00000,-0.00000,0.00000,0.000000,0.000000,0.000000,0.000000,0.000000
1573,59,work,mask_work,carol,drop_everything,rejected,-0.9538,0.00000,0.00000,-0.00000,-0.00000,-0.00000,0.000000,0.000000,0.000000,0.000000,-0.000000
1574,59,work,mask_work,dave,joke_deflect,rejected,-0.6207,-0.00000,0.00000,-0.00000,-0.00000,0.00000,-0.000000,0.000000,0.000000,0.000000,0.000000
1575,59,work,mask_work,bob,joke_deflect,rejected,-0.4472,0.00000,0.00000,-0.00000,-0.00000,0.00000,0.000000,0.000000,0.000000,0.000000,0.000000
1576,59,home,mask_home,carol,joke_deflect,rejected,-2.5046,-0.00000,-0.00000,0.00000,0.00000,0.00000,-0.000000,0.000000,0.000000,0.000000,0.000000
1577,59,home,mask_home,dave,teach,tolerated,-1.1773,0.00000,-0.00000,0.00000,-0.00000,-0.00000,0.000000,0.000000,0.000000,-0.000000,-0.000000
1578,59,home,mask_home,bob,drop_everything,rejected,-0.6858,0.00000,-0.00000,0.00000,-0.00000,-0.00000,0.000000,0.000000,0.000000,0.000000,0.000000
1579,59,home,mask_home,carol,drop_everything,accepted,2.0161,-0.00000,-0.00000,0.00000,0.00000,0.00000,-0.000000,0.000000,0.000000,0.000000,0.000000
1580,59,home,mask_home,dave,help_after_task,rejected,-3.4987,0.00000,-0.00000,0.00000,-0.00000,-0.00000,0.000000,0.000000,0.000000,-0.000000,-0.000000
1581,59,home,mask_home,bob,quick_tip,rejected,-0.5351,0.00000,-0.00000,0.00000,0.00000,-0.00000,0.000000,0.000000,0.000000,0.000000,0.000000
1582,59,home,mask_home,carol,pair_up,accepted,2.0881,-0.00000,-0.00000,0.00000,0.00000,0.00000,-0.000000,0.000000,0.000000,0.000000,0.000000
1583,59,home,mask_home,dave,drop_everything,rejected,-3.2974,0.00000,-0.00000,0.00000,-0.00000,-0.00000,0.000000,0.000000,0.000000,-0.000000,-0.000000
1584,59,home,mask_home,bob,joke_deflect,rejected,-0.5067,-0.00000,-0.00000,-0.00000,0.00000,0.00000,-0.000000,0.000000,-0.000000,0.000000,0.000000
1585,59,conference,mask_conference,carol,joke_deflect,tolerated,-0.0043,0.00000,0.00000,0.00000,-0.00000,-0.00000,0.000000,0.000000,0.000000,0.000000,0.000000
1586,59,conference,mask_conference,dave,teach,tolerated,-0.9636,0.00000,0.00000,0.00000,-0.00000,-0.00000,0.000000,0.000000,0.000000,0.000000,0.000000
1587,59,conference,mask_conference,bob,joke_deflect,rejected,-0.5672,0.00000,0.00000,-0.00000,0.00000,-0.00000,0.000000,0.000000,-0.000000,0.000000,0.000000
1588,59,conference,mask_conference,carol,pair_up,accepted,2.6437,0.00000,0.00000,0.00000,0.00000,-0.00000,0.000000,0.000000,0.000000,0.000000,0.000000
1589,59,conference,mask_conference,dave,teach,rejected,-3.1176,0.00000,-0.00000,0.00000,-0.00000,-0.00000,0.000000,-0.000000,0.000000,-0.000000,0.000000
1590,59,conference,mask_conference,bob,drop_everything,rejected,-1.1106,0.00000,0.00000,-0.00000,-0.00000,-0.00000,0.000000,0.000000,-0.000000,0.000000,0.000000
1591,59,conference,mask_conference,carol,drop_everything,rejected,-2.4283,0.00000,0.00000,0.00000,0.00000,-0.00000,0.000000,0.000000,0.000000,0.000000,0.000000
1592,59,conference,mask_conference,dave,joke_deflect,accepted,1.8128,0.00000,0.00000,0.00000,-0.00000,-0.00000,0.000000,0.000000,0.000000,-0.000000,0.000000
1593,59,conference,mask_conference,bob,quick_tip,rejected,-0.8826,0.00000,0.00000,-0.00000,-0.00000,-0.00000,0.000000,0.000000,-0.000000,0.000000,0.000000
1594,60,work,mask_work,carol,joke_deflect,rejected,-0.7498,0.00000,0.00000,-0.00000,-0.00000,-0.00000,0.000000,0.000000,0.000000,0.000000,-0.000000
1595,60,work,mask_work,dave,teach,rejected,-0.5579,-0.00000,0.00000,-0.00000,-0.00000,0.00000,-0.000000,0.000000,0.000000,0.000000,0.000000
1596,60,work,mask_work,bob,joke_deflect,rejected,-0.4472,0.00000,0.00000,-0.00000,-0.00000,0.00000,0.000000,0.000000,0.000000,0.000000,0.000000
1597,60,work,mask_work,carol,quick_tip,rejected,-0.6063,0.00000,0.00000,-0.00000,-0.00000,-0.00000,0.000000,0.000000,0.000000,0.000000,-0.000000
1598,60,work,mask_work,dave,drop_everything,rejected,-0.8191,-0.00000,0.00000,-0.00000,-0.00000,0.00000,-0.000000,0.000000,0.000000,0.000000,0.000000
1599,60,work,mask_work,bob,joke_deflect,rejected,-0.4472,0.00000,0.00000,-0.00000,-0.00000,0.00000,0.000000,0.000000,0.000000,0.000000,0.000000
1600,60,work,mask_work,carol,joke_deflect,rejected,-0.7441,0.00000,0.00000,-0.00000,-0.00000,-0.00000,0.000000,0.000000,0.000000,0.000000,-0.000000
1601,60,work,mask_work,dave,pair_up,rejected,-0.7471,-0.00000,0.00000,-0.00000,-0.00000,0.00000,-0.000000,0.000000,0.000000,0.000000,0.000000
1602,60,work,mask_work,bob,drop_everything,rejected,-0.6512,0.00000,0.00000,-0.00000,-0.00000,0.00000,0.000000,0.000000,0.000000,0.000000,0.000000
1603,60,home,mask_home,carol,pair_up,accepted,2.0881,-0.00000,-0.00000,0.00000,0.00000,0.00000,0.000000,0.000000,0.000000,0.000000,0.000000
1604,60,home,mask_home,dave,drop_everything,tolerated,-1.3761,0.00000,-0.00000,0.00000,-0.00000,-0.00000,0.000000,0.000000,0.000000,-0.000000,-0.000000
1605,60,home,mask_home,bob,joke_deflect,rejected,-0.5067,-0.00000,-0.00000,-0.00000,0.00000,0.00000,-0.000000,0.000000,-0.000000,0.000000,0.000000
1606,60,home,mask_home,carol,pair_up,accepted,2.0881,-0.00000,-0.00000,0.00000,0.00000,0.00000,0.000000,0.000000,0.000000,0.000000,0.000000
1607,60,home,mask_home,dave,teach,rejected,-3.3320,0.00000,-0.00000,0.00000,-0.00000,-0.00000,0.000000,0.000000,0.000000,-0.000000,-0.000000
1608,60,home,mask_home,bob,joke_deflect,tolerated,1.3847,0.00000,-0.00000,0.00000,-0.00000,-0.00000,0.000000,0.000000,0.000000,0.000000,0.000000
1609,60,home,mask_home,carol,joke_deflect,rejected,-2.5046,-0.00000,-0.00000,0.00000,0.00000,0.00000,-0.000000,0.000000,0.000000,0.000000,0.000000
1610,60,home,mask_home,dave,quick_tip,accepted,1.6617,0.00000,-0.00000,0.00000,-0.00000,-0.00000,0.000000,0.000000,0.000000,-0.000000,-0.000000
1611,60,home,mask_home,bob,drop_everything,rejected,-0.6738,0.00000,-0.00000,0.00000,-0.00000,-0.00000,0.000000,0.000000,0.000000,0.000000,0.000000
1612,60,conference,mask_conference,carol,joke_deflect,rejected,-1.8957,0.00000,0.00000,0.00000,0.00000,-0.00000,0.000000,0.000000,0.000000,0.000000,0.000000
1613,60,conference,mask_conference,dave,drop_everything,rejected,-3.3912,0.00000,0.00000,0.00000,-0.00000,-0.00000,0.000000,0.000000,0.000000,-0.000000,0.000000
1614,60,conference,mask_conference,bob,drop_everything,rejected,-1.1106,0.00000,0.00000,-0.00000,-0.00000,-0.00000,0.000000,0.000000,-0.000000,0.000000,0.000000
1615,60,conference,mask_conference,carol,teach,accepted,2.6561,0.00000,0.00000,0.00000,0.00000,-0.00000,0.000000,0.000000,0.000000,0.000000,0.000000
1616,60,conference,mask_conference,dave,pair_up,accepted,1.6808,0.00000,0.00000,0.00000,-0.00000,-0.00000,0.000000,0.000000,0.000000,-0.000000,0.000000
1617,60,conference,mask_conference,bob,pair_up,tolerated,1.0806,0.00000,0.00000,0.00000,-0.00000,-0.00000,0.000000,0.000000,0.000000,0.000000,0.000000
1618,60,conference,mask_conference,carol,drop_everything,rejected,-2.4219,0.00000,0.00000,0.00000,0.00000,-0.00000,0.000000,0.000000,0.000000,0.000000,0.000000
1619,60,conference,mask_conference,dave,pair_up,accepted,1.6808,0.00000,0.00000,0.00000,-0.00000,-0.00000,0.000000,0.000000,0.000000,-0.000000,0.000000
1620,60,conference,mask_conference,bob,joke_deflect,tolerated,1.3127,0.00000,0.00000,0.00000,-0.00000,-0.00000,0.000000,0.000000,0.000000,0.000000,0.000000
1621,61,work,mask_work,carol,joke_deflect,rejected,-0.7441,0.00000,0.00000,-0.00000,-0.00000,-0.00000,0.000000,0.000000,0.000000,0.000000,-0.000000
1622,61,work,mask_work,dave,pair_up,rejected,-0.7471,-0.00000,0.00000,-0.00000,-0.00000,0.00000,-0.000000,0.000000,0.000000,0.000000,0.000000
1623,61,work,mask_work,bob,quick_tip,tolerated,1.9519,-0.00000,0.00000,-0.00000,-0.00000,0.00000,0.000000,0.000000,0.000000,0.000000,0.000000
1624,61,work,mask_work,carol,pair_up,rejected,-0.8761,0.00000,0.00000,-0.00000,-0.00000,-0.00000,0.000000,0.000000,0.000000,0.000000,-0.000000
1625,61,work,mask_work,dave,pair_up,rejected,-0.7471,-0.00000,0.00000,-0.00000,-0.00000,0.00000,-0.000000,0.000000,0.000000,0.000000,0.000000
1626,61,work,mask_work,bob,pair_up,rejected,-0.5861,0.00000,0.00000,-0.00000,-0.00000,0.00000,0.000000,0.000000,0.000000,0.000000,0.000000
1627,61,work,mask_work,carol,quick_tip,tolerated,1.6282,0.00000,0.00000,-0.00000,-0.00000,0.00000,0.000000,0.000000,0.000000,0.000000,0.000000
1628,61,work,mask_work,dave,pair_up,rejected,-0.7471,-0.00000,0.00000,-0.00000,-0.00000,0.00000,-0.000000,0.000000,0.000000,0.000000,0.000000
1629,61,work,mask_work,bob,joke_deflect,rejected,-0.4541,0.00000,0.00000,-0.00000,-0.00000,0.00000,0.000000,0.000000,0.000000,0.000000,0.000000
1630,61,home,mask_home,carol,drop_everything,accepted,2.0225,-0.00000,-0.00000,0.00000,0.00000,0.00000,-0.000000,0.000000,0.000000,0.000000,0.000000
1631,61,home,mask_home,dave,pair_up,accepted,1.5057,0.00000,-0.00000,0.00000,-0.00000,-0.00000,0.000000,0.000000,0.000000,-0.000000,-0.000000
1632,61,home,mask_home,bob,drop_everything,rejected,-0.6738,0.00000,-0.00000,0.00000,-0.00000,-0.00000,0.000000,0.000000,0.000000,0.000000,0.000000
1633,61,home,mask_home,carol,drop_everything,accepted,2.0225,-0.00000,-0.00000,0.00000,0.00000,0.00000,-0.000000,0.000000,0.000000,0.000000,0.000000
1634,61,home,mask_home,dave,pair_up,accepted,1.5057,0.00000,-0.00000,0.00000,-0.00000,-0.00000,0.000000,0.000000,0.000000,-0.000000,-0.000000
1635,61,home,mask_home,bob,pair_up,tolerated,1.2185,0.00000,-0.00000,0.00000,0.00000,-0.00000,0.000000,0.000000,0.000000,0.000000,0.000000
1636,61,home,mask_home,carol,pair_up,accepted,2.0945,-0.00000,-0.00000,0.00000,0.00000,0.00000,-0.000000,0.000000,0.000000,0.000000,0.000000
1637,61,home,mask_home,dave,help_after_task,rejected,-3.4943,0.00000,-0.00000,0.00000,-0.00000,-0.00000,0.000000,0.000000,0.000000,-0.000000,-0.000000
1638,61,home,mask_home,bob,drop_everything,rejected,-0.6841,0.00000,-0.00000,0.00000,-0.00000,-0.00000,0.000000,0.000000,0.000000,0.000000,0.000000
1639,61,conference,mask_conference,carol,pair_up,accepted,2.6501,0.00000,0.00000,0.00000,0.00000,-0.00000,0.000000,0.000000,0.000000,0.000000,0.000000
1640,61,conference,mask_conference,dave,joke_deflect,accepted,1.8128,0.00000,0.00000,0.00000,-0.00000,-0.00000,0.000000,0.000000,0.000000,-0.000000,0.000000
1641,61,conference,mask_conference,bob,drop_everything,rejected,-1.1272,0.00000,0.00000,-0.00000,-0.00000,-0.00000,0.000000,0.000000,-0.000000,0.000000,0.000000
1642,61,conference,mask_conference,carol,joke_deflect,rejected,-1.8957,0.00000,0.00000,0.00000,0.00000,-0.00000,0.000000,0.000000,0.000000,0.000000,0.000000
1643,61,conference,mask_conference,dave,drop_everything,rejected,-3.3912,0.00000,0.00000,0.00000,-0.00000,-0.00000,0.000000,0.000000,0.000000,-0.000000,0.000000
1644,61,conference,mask_conference,bob,pair_up,tolerated,1.0755,0.00000,0.00000,0.00000,-0.00000,-0.00000,0.000000,0.000000,0.000000,0.000000,0.000000
1645,61,conference,mask_conference,carol,joke_deflect,rejected,-1.8957,0.00000,0.00000,0.00000,0.00000,-0.00000,0.000000,0.000000,0.000000,0.000000,0.000000
1646,61,conference,mask_conference,dave,drop_everything,rejected,-3.3912,0.00000,0.00000,0.00000,-0.00000,-0.00000,0.000000,0.000000,0.000000,-0.000000,0.000000
1647,61,conference,mask_conference,bob,joke_deflect,rejected,-0.5896,0.00000,0.00000,-0.00000,0.00000,-0.00000,0.000000,0.000000,-0.000000,0.000000,0.000000
1648,62,work,mask_work,carol,joke_deflect,rejected,-0.7510,0.00000,0.00000,-0.00000,-0.00000,-0.00000,0.000000,0.000000,0.000000,0.000000,-0.000000
1649,62,work,mask_work,dave,drop_everything,rejected,-0.8191,-0.00000,0.00000,-0.00000,-0.00000,0.00000,-0.000000,0.000000,0.000000,0.000000,0.000000
1650,62,work,mask_work,bob,quick_tip,rejected,-0.2826,0.00000,0.00000,-0.00000,-0.00000,-0.00000,0.000000,0.000000,0.000000,0.000000,-0.000000
1651,62,work,mask_work,carol,joke_deflect,rejected,-0.7510,0.00000,0.00000,-0.00000,-0.00000,-0.00000,0.000000,0.000000,0.000000,0.000000,0.000000
1652,62,work,mask_work,dave,joke_deflect,rejected,-0.6151,-0.00000,0.00000,-0.00000,-0.00000,0.00000,-0.000000,0.000000,0.000000,0.000000,0.000000
1653,62,work,mask_work,bob,pair_up,rejected,-0.5783,0.00000,0.00000,-0.00000,-0.00000,0.00000,0.000000,0.000000,0.000000,0.000000,0.000000
1654,62,work,mask_work,carol,joke_deflect,rejected,-0.7510,0.00000,0.00000,-0.00000,-0.00000,-0.00000,0.000000,0.000000,0.000000,0.000000,-0.000000
1655,62,work,mask_work,dave,teach,rejected,-0.5579,-0.00000,0.00000,-0.00000,-0.00000,0.00000,-0.000000,0.000000,0.000000,0.000000,0.000000
1656,62,work,mask_work,bob,drop_everything,rejected,-0.6503,0.00000,0.00000,-0.00000,-0.00000,0.00000,0.000000,0.000000,0.000000,0.000000,0.000000
1657,62,home,mask_home,carol,quick_tip,rejected,-2.5861,-0.00000,-0.00000,0.00000,0.00000,0.00000,-0.000000,0.000000,0.000000,0.000000,0.000000
1658,62,home,mask_home,dave,drop_everything,rejected,-3.2922,0.00000,-0.00000,0.00000,-0.00000,-0.00000,0.000000,0.000000,0.000000,-0.000000,-0.000000
1659,62,home,mask_home,bob,joke_deflect,tolerated,1.3909,0.00000,-0.00000,0.00000,-0.00000,-0.00000,0.000000,0.000000,0.000000,0.000000,0.000000
1660,62,home,mask_home,carol,teach,rejected,-2.8878,-0.00000,-0.00000,0.00000,0.00000,0.00000,-0.000000,0.000000,0.000000,0.000000,0.000000
1661,62,home,mask_home,dave,pair_up,accepted,1.5127,0.00000,-0.00000,0.00000,-0.00000,-0.00000,0.000000,0.000000,0.000000,-0.000000,-0.000000
1662,62,home,mask_home,bob,joke_deflect,rejected,-0.5005,-0.00000,-0.00000,-0.00000,0.00000,0.00000,-0.000000,0.000000,-0.000000,0.000000,0.000000
1663,62,home,mask_home,carol,drop_everything,accepted,2.0342,-0.00000,-0.00000,0.00000,0.00000,0.00000,0.000000,0.000000,0.000000,0.000000,0.000000
1664,62,home,mask_home,dave,drop_everything,tolerated,-1.3709,0.00000,-0.00000,0.00000,-0.00000,-0.00000,0.000000,0.000000,0.000000,-0.000000,-0.000000
1665,62,home,mask_home,bob,teach,rejected,-0.8413,-0.00000,-0.00000,0.00000,-0.00000,0.00000,-0.000000,0.000000,0.000000,0.000000,0.000000
1666,62,conference,mask_conference,carol,joke_deflect,tolerated,-0.0043,0.00000,0.00000,0.00000,-0.00000,-0.00000,0.000000,0.000000,0.000000,-0.000000,0.000000
1667,62,conference,mask_conference,dave,drop_everything,rejected,-3.3912,0.00000,0.00000,0.00000,-0.00000,-0.00000,0.000000,0.000000,0.000000,0.000000,0.000000
1668,62,conference,mask_conference,bob,pair_up,rejected,-0.7767,0.00000,0.00000,-0.00000,-0.00000,-0.00000,0.000000,0.000000,-0.000000,0.000000,0.000000
1669,62,conference,mask_conference,carol,teach,accepted,2.6627,0.00000,0.00000,0.00000,0.00000,-0.00000,0.000000,0.000000,0.000000,0.000000,0.000000
1670,62,conference,mask_conference,dave,pair_up,accepted,1.6808,0.00000,0.00000,0.00000,-0.00000,-0.00000,0.000000,0.000000,0.000000,-0.000000,0.000000
1671,62,conference,mask_conference,bob,joke_deflect,rejected,-0.5815,0.00000,0.00000,-0.00000,0.00000,-0.00000,0.000000,0.000000,-0.000000,0.000000,0.000000
1672,62,conference,mask_conference,carol,drop_everything,rejected,-2.4153,0.00000,0.00000,0.00000,0.00000,-0.00000,0.000000,0.000000,0.000000,0.000000,0.000000
1673,62,conference,mask_conference,dave,drop_everything,rejected,-3.3912,0.00000,0.00000,0.00000,-0.00000,-0.00000,0.000000,0.000000,0.000000,-0.000000,0.000000
1674,62,conference,mask_conference,bob,pair_up,tolerated,1.0880,0.00000,0.00000,0.00000,-0.00000,-0.00000,0.000000,0.000000,0.000000,0.000000,0.000000
1675,63,work,mask_work,carol,teach,accepted,4.1230,0.00000,0.00000,-0.00000,-0.00000,-0.00000,0.000000,0.000000,0.000000,0.000000,-0.000000
1676,63,work,mask_work,dave,teach,tolerated,1.5960,-0.00000,0.00000,-0.00000,-0.00000,0.00000,-0.000000,0.000000,0.000000,0.000000,0.000000
1677,63,work,mask_work,bob,joke_deflect,rejected,-0.4463,0.00000,0.00000,-0.00000,-0.00000,0.00000,0.000000,0.000000,0.000000,0.000000,0.000000
1678,63,work,mask_work,carol,joke_deflect,rejected,-0.7510,0.00000,0.00000,-0.00000,-0.00000,-0.00000,0.000000,0.000000,0.000000,0.000000,-0.000000
1679,63,work,mask_work,dave,pair_up,rejected,-0.7465,-0.00000,0.00000,-0.00000,-0.00000,0.00000,-0.000000,0.000000,0.000000,0.000000,0.000000
1680,63,work,mask_work,bob,pair_up,rejected,-0.5783,0.00000,0.00000,-0.00000,-0.00000,0.00000,0.000000,0.000000,0.000000,0.000000,0.000000
1681,63,work,mask_work,carol,drop_everything,rejected,-0.9550,0.00000,0.00000,-0.00000,-0.00000,-0.00000,0.000000,0.000000,0.000000,0.000000,-0.000000
1682,63,work,mask_work,dave,joke_deflect,rejected,-0.6145,-0.00000,0.00000,-0.00000,-0.00000,0.00000,-0.000000,0.000000,0.000000,0.000000,0.000000
1683,63,work,mask_work,bob,joke_deflect,rejected,-0.4463,0.00000,0.00000,-0.00000,-0.00000,0.00000,0.000000,0.000000,0.000000,0.000000,0.000000
1684,63,home,mask_home,carol,drop_everything,accepted,2.0342,-0.00000,-0.00000,0.00000,0.00000,0.00000,0.000000,0.000000,0.000000,0.000000,0.000000
1685,63,home,mask_home,dave,pair_up,accepted,1.5049,0.00000,-0.00000,0.00000,-0.00000,-0.00000,0.000000,0.000000,0.000000,-0.000000,-0.000000
1686,63,home,mask_home,bob,drop_everything,tolerated,1.2334,-0.00000,-0.00000,-0.00000,0.00000,0.00000,-0.000000,0.000000,-0.000000,0.000000,0.000000
1687,63,home,mask_home,carol,joke_deflect,rejected,-2.4929,-0.00000,-0.00000,0.00000,0.00000,0.00000,0.000000,0.000000,0.000000,0.000000,0.000000
1688,63,home,mask_home,dave,drop_everything,rejected,-3.2922,0.00000,-0.00000,0.00000,-0.00000,-0.00000,0.000000,0.000000,0.000000,-0.000000,-0.000000
1689,63,home,mask_home,bob,quick_tip,tolerated,1.6949,-0.00000,-0.00000,0.00000,-0.00000,0.00000,-0.000000,0.000000,0.000000,0.000000,0.000000
1690,63,home,mask_home,carol,teach,rejected,-2.8817,-0.00000,-0.00000,0.00000,0.00000,0.00000,0.000000,0.000000,0.000000,0.000000,0.000000
1691,63,home,mask_home,dave,teach,rejected,-3.3261,0.00000,-0.00000,0.00000,-0.00000,-0.00000,0.000000,0.000000,0.000000,-0.000000,-0.000000
1692,63,home,mask_home,bob,quick_tip,rejected,-0.5395,0.00000,-0.00000,0.00000,0.00000,-0.00000,0.000000,0.000000,0.000000,0.000000,0.000000
1693,63,conference,mask_conference,carol,pair_up,accepted,2.6567,0.00000,0.00000,0.00000,0.00000,-0.00000,0.000000,0.000000,0.000000,0.000000,0.000000
1694,63,conference,mask_conference,dave,drop_everything,rejected,-3.3912,0.00000,0.00000,0.00000,-0.00000,-0.00000,0.000000,0.000000,0.000000,-0.000000,0.000000
1695,63,conference,mask_conference,bob,drop_everything,rejected,-1.1276,0.00000,0.00000,-0.00000,-0.00000,-0.00000,0.000000,0.000000,-0.000000,0.000000,0.000000
1696,63,conference,mask_conference,carol,drop_everything,rejected,-2.4153,0.00000,0.00000,0.00000,0.00000,-0.00000,0.000000,0.000000,0.000000,0.000000,0.000000
1697,63,conference,mask_conference,dave,joke_deflect,accepted,1.8128,0.00000,0.00000,0.00000,-0.00000,-0.00000,0.000000,0.000000,0.000000,-0.000000,0.000000
1698,63,conference,mask_conference,bob,joke_deflect,rejected,-0.5917,0.00000,0.00000,-0.00000,0.00000,-0.00000,0.000000,0.000000,-0.000000,0.000000,0.000000
1699,63,conference,mask_conference,carol,pair_up,accepted,2.6567,0.00000,0.00000,0.00000,0.00000,-0.00000,0.000000,0.000000,0.000000,0.000000,0.000000
1700,63,conference,mask_conference,dave,drop_everything,rejected,-3.3912,0.00000,0.00000,0.00000,-0.00000,-0.00000,0.000000,0.000000,0.000000,-0.000000,0.000000
1701,63,conference,mask_conference,bob,pair_up,tolerated,1.0940,0.00000,0.00000,0.00000,-0.00000,-0.00000,0.000000,0.000000,0.000000,0.000000,0.000000
1702,64,work,mask_work,carol,drop_everything,rejected,-0.9550,0.00000,0.00000,-0.00000,-0.00000,-0.00000,0.000000,0.000000,0.000000,0.000000,-0.000000
1703,64,work,mask_work,dave,help_after_task,tolerated,1.6938,-0.00000,0.00000,-0.00000,-0.00000,0.00000,-0.000000,0.000000,0.000000,0.000000,0.000000
1704,64,work,mask_work,bob,joke_deflect,rejected,-0.4463,0.00000,0.00000,-0.00000,-0.00000,0.00000,0.000000,0.000000,0.000000,0.000000,0.000000
1705,64,work,mask_work,carol,joke_deflect,rejected,-0.7510,0.00000,0.00000,-0.00000,-0.00000,-0.00000,0.000000,0.000000,0.000000,0.000000,-0.000000
1706,64,work,mask_work,dave,joke_deflect,rejected,-0.6444,-0.00000,0.00000,-0.00000,-0.00000,0.00000,-0.000000,0.000000,0.000000,0.000000,0.000000
1707,64,work,mask_work,bob,joke_deflect,rejected,-0.4463,0.00000,0.00000,-0.00000,-0.00000,0.00000,0.000000,0.000000,0.000000,0.000000,0.000000
1708,64,work,mask_work,carol,drop_everything,rejected,-0.9550,0.00000,0.00000,-0.00000,-0.00000,-0.00000,0.000000,0.000000,0.000000,0.000000,-0.000000
1709,64,work,mask_work,dave,teach,tolerated,1.5662,-0.00000,0.00000,-0.00000,-0.00000,0.00000,-0.000000,0.000000,0.000000,0.000000,0.000000
1710,64,work,mask_work,bob,joke_deflect,rejected,-0.4463,0.00000,0.00000,-0.00000,-0.00000,0.00000,0.000000,0.000000,0.000000,0.000000,0.000000
1711,64,home,mask_home,carol,pair_up,accepted,2.1123,-0.00000,-0.00000,0.00000,0.00000,0.00000,-0.000000,0.000000,0.000000,0.000000,0.000000
1712,64,home,mask_home,dave,drop_everything,tolerated,-1.3661,0.00000,-0.00000,0.00000,-0.00000,-0.00000,0.000000,0.000000,0.000000,-0.000000,-0.000000
1713,64,home,mask_home,bob,drop_everything,rejected,-0.6847,0.00000,-0.00000,0.00000,-0.00000,-0.00000,0.000000,0.000000,0.000000,0.000000,0.000000
1714,64,home,mask_home,carol,pair_up,accepted,2.1123,-0.00000,-0.00000,0.00000,0.00000,0.00000,-0.000000,0.000000,0.000000,0.000000,0.000000
1715,64,home,mask_home,dave,pair_up,accepted,1.5091,0.00000,-0.00000,0.00000,-0.00000,-0.00000,0.000000,0.000000,0.000000,-0.000000,-0.000000
1716,64,home,mask_home,bob,teach,rejected,-0.8406,-0.00000,-0.00000,0.00000,-0.00000,0.00000,-0.000000,0.000000,0.000000,0.000000,0.000000
1717,64,home,mask_home,carol,teach,rejected,-2.8817,-0.00000,-0.00000,0.00000,0.00000,0.00000,0.000000,0.000000,0.000000,0.000000,0.000000
1718,64,home,mask_home,dave,pair_up,accepted,1.5091,0.00000,-0.00000,0.00000,-0.00000,-0.00000,0.000000,0.000000,0.000000,-0.000000,-0.000000
1719,64,home,mask_home,bob,joke_deflect,tolerated,1.3916,0.00000,-0.00000,0.00000,-0.00000,-0.00000,0.000000,0.000000,0.000000,0.000000,0.000000
1720,64,conference,mask_conference,carol,pair_up,accepted,2.6567,0.00000,0.00000,0.00000,0.00000,-0.00000,0.000000,0.000000,0.000000,0.000000,0.000000
1721,64,conference,mask_conference,dave,drop_everything,rejected,-3.3912,0.00000,0.00000,0.00000,-0.00000,-0.00000,0.000000,0.000000,0.000000,-0.000000,0.000000
1722,64,conference,mask_conference,bob,joke_deflect,tolerated,1.2901,0.00000,0.00000,0.00000,-0.00000,-0.00000,0.000000,0.000000,0.000000,0.000000,0.000000
1723,64,conference,mask_conference,carol,pair_up,accepted,2.6567,0.00000,0.00000,0.00000,0.00000,-0.00000,0.000000,0.000000,0.000000,0.000000,0.000000
1724,64,conference,mask_conference,dave,joke_deflect,accepted,1.8128,0.00000,0.00000,0.00000,-0.00000,-0.00000,0.000000,0.000000,0.000000,-0.000000,0.000000
1725,64,conference,mask_conference,bob,drop_everything,rejected,-1.1363,0.00000,0.00000,-0.00000,-0.00000,-0.00000,0.000000,0.000000,-0.000000,0.000000,0.000000
1726,64,conference,mask_conference,carol,joke_deflect,tolerated,-0.0043,0.00000,0.00000,0.00000,-0.00000,-0.00000,0.000000,0.000000,0.000000,0.000000,0.000000
1727,64,conference,mask_conference,dave,joke_deflect,accepted,1.8128,0.00000,0.00000,0.00000,-0.00000,-0.00000,0.000000,0.000000,0.000000,0.000000,0.000000
1728,64,conference,mask_conference,bob,quick_tip,rejected,-0.9083,0.00000,0.00000,-0.00000,-0.00000,-0.00000,0.000000,0.000000,-0.000000,0.000000,0.000000
1729,65,work,mask_work,carol,quick_tip,tolerated,1.6282,0.00000,0.00000,-0.00000,-0.00000,0.00000,0.000000,0.000000,0.000000,0.000000,0.000000
1730,65,work,mask_work,dave,pair_up,rejected,-0.7808,-0.00000,0.00000,-0.00000,-0.00000,0.00000,-0.000000,0.000000,0.000000,0.000000,0.000000
1731,65,work,mask_work,bob,teach,tolerated,1.9277,0.00000,0.00000,-0.00000,-0.00000,0.00000,0.000000,0.000000,0.000000,0.000000,0.000000
1732,65,work,mask_work,carol,pair_up,rejected,-0.8893,0.00000,0.00000,-0.00000,-0.00000,-0.00000,0.000000,0.000000,0.000000,0.000000,-0.000000
1733,65,work,mask_work,dave,teach,tolerated,1.5662,-0.00000,0.00000,-0.00000,-0.00000,0.00000,-0.000000,0.000000,0.000000,0.000000,0.000000
1734,65,work,mask_work,bob,pair_up,rejected,-0.5783,0.00000,0.00000,-0.00000,-0.00000,0.00000,0.000000,0.000000,0.000000,0.000000,0.000000
1735,65,work,mask_work,carol,teach,accepted,4.1167,0.00000,0.00000,-0.00000,-0.00000,-0.00000,0.000000,0.000000,0.000000,0.000000,-0.000000
1736,65,work,mask_work,dave,pair_up,rejected,-0.7850,-0.00000,0.00000,-0.00000,-0.00000,0.00000,-0.000000,0.000000,0.000000,0.000000,0.000000
1737,65,work,mask_work,bob,joke_deflect,rejected,-0.4463,0.00000,0.00000,-0.00000,-0.00000,0.00000,0.000000,0.000000,0.000000,0.000000,0.000000
1738,65,home,mask_home,carol,joke_deflect,tolerated,-0.6015,-0.00000,-0.00000,0.00000,0.00000,0.00000,-0.000000,0.000000,0.000000,0.000000,0.000000
1739,65,home,mask_home,dave,drop_everything,rejected,-3.2873,0.00000,-0.00000,0.00000,-0.00000,-0.00000,0.000000,0.000000,0.000000,-0.000000,-0.000000
1740,65,home,mask_home,bob,pair_up,rejected,-0.6454,-0.00000,-0.00000,-0.00000,-0.00000,0.00000,-0.000000,0.000000,-0.000000,0.000000,0.000000
1741,65,home,mask_home,carol,drop_everything,accepted,2.0326,-0.00000,-0.00000,0.00000,0.00000,0.00000,0.000000,0.000000,0.000000,0.000000,0.000000
1742,65,home,mask_home,dave,pair_up,accepted,1.5155,0.00000,-0.00000,0.00000,-0.00000,-0.00000,0.000000,0.000000,0.000000,-0.000000,-0.000000
1743,65,home,mask_home,bob,drop_everything,rejected,-0.6875,0.00000,-0.00000,0.00000,-0.00000,-0.00000,0.000000,0.000000,0.000000,0.000000,0.000000
1744,65,home,mask_home,carol,pair_up,accepted,2.1046,-0.00000,-0.00000,0.00000,0.00000,0.00000,-0.000000,0.000000,0.000000,0.000000,0.000000
1745,65,home,mask_home,dave,help_after_task,rejected,-3.4845,0.00000,-0.00000,0.00000,-0.00000,-0.00000,0.000000,0.000000,0.000000,-0.000000,-0.000000
1746,65,home,mask_home,bob,quick_tip,tolerated,1.7021,-0.00000,-0.00000,0.00000,-0.00000,0.00000,-0.000000,0.000000,0.000000,0.000000,0.000000
1747,65,conference,mask_conference,carol,joke_deflect,rejected,-1.8957,0.00000,0.00000,0.00000,0.00000,-0.00000,0.000000,0.000000,0.000000,0.000000,0.000000
1748,65,conference,mask_conference,dave,drop_everything,rejected,-3.3912,0.00000,0.00000,0.00000,-0.00000,-0.00000,0.000000,0.000000,0.000000,-0.000000,0.000000
1749,65,conference,mask_conference,bob,pair_up,tolerated,1.0890,0.00000,0.00000,0.00000,-0.00000,-0.00000,0.000000,0.000000,0.000000,0.000000,0.000000
1750,65,conference,mask_conference,carol,drop_everything,rejected,-2.4149,0.00000,0.00000,0.00000,0.00000,-0.00000,0.000000,0.000000,0.000000,0.000000,0.000000
1751,65,conference,mask_conference,dave,pair_up,accepted,1.6808,0.00000,0.00000,0.00000,-0.00000,-0.00000,0.000000,0.000000,0.000000,-0.000000,0.000000
1752,65,conference,mask_conference,bob,drop_everything,rejected,-1.1454,0.00000,0.00000,-0.00000,-0.00000,-0.00000,0.000000,0.000000,-0.000000,0.000000,0.000000
1753,65,conference,mask_conference,carol,joke_deflect,rejected,-1.8957,0.00000,0.00000,0.00000,0.00000,-0.00000,0.000000,0.000000,0.000000,0.000000,0.000000
1754,65,conference,mask_conference,dave,joke_deflect,accepted,1.8128,0.00000,0.00000,0.00000,-0.00000,-0.00000,0.000000,0.000000,0.000000,-0.000000,0.000000
1755,65,conference,mask_conference,bob,pair_up,rejected,-0.7696,0.00000,0.00000,-0.00000,-0.00000,-0.00000,0.000000,0.000000,-0.000000,0.000000,0.000000
1756,66,work,mask_work,carol,teach,accepted,4.1167,0.00000,0.00000,-0.00000,-0.00000,-0.00000,0.000000,0.000000,0.000000,0.000000,-0.000000
1757,66,work,mask_work,dave,joke_deflect,rejected,-0.6530,-0.00000,0.00000,-0.00000,-0.00000,0.00000,-0.000000,0.000000,0.000000,0.000000,0.000000
1758,66,work,mask_work,bob,drop_everything,rejected,-0.6503,0.00000,0.00000,-0.00000,-0.00000,0.00000,0.000000,0.000000,0.000000,0.000000,0.000000
1759,66,work,mask_work,carol,drop_everything,rejected,-0.9613,0.00000,0.00000,-0.00000,-0.00000,-0.00000,0.000000,0.000000,0.000000,0.000000,-0.000000
1760,66,work,mask_work,dave,joke_deflect,rejected,-0.6530,-0.00000,0.00000,-0.00000,-0.00000,0.00000,-0.000000,0.000000,0.000000,0.000000,0.000000
1761,66,work,mask_work,bob,quick_tip,rejected,-0.2826,0.00000,0.00000,-0.00000,-0.00000,-0.00000,0.000000,0.000000,0.000000,0.000000,-0.000000
1762,66,work,mask_work,carol,teach,accepted,4.1167,0.00000,0.00000,-0.00000,-0.00000,-0.00000,0.000000,0.000000,0.000000,0.000000,0.000000
1763,66,work,mask_work,dave,joke_deflect,rejected,-0.6530,-0.00000,0.00000,-0.00000,-0.00000,0.00000,-0.000000,0.000000,0.000000,0.000000,0.000000
1764,66,work,mask_work,bob,teach,tolerated,1.9347,0.00000,0.00000,-0.00000,-0.00000,0.00000,0.000000,0.000000,0.000000,0.000000,0.000000
1765,66,home,mask_home,carol,drop_everything,accepted,2.0326,-0.00000,-0.00000,0.00000,0.00000,0.00000,0.000000,0.000000,0.000000,0.000000,0.000000
1766,66,home,mask_home,dave,quick_tip,accepted,1.6715,0.00000,-0.00000,0.00000,-0.00000,-0.00000,0.000000,0.000000,0.000000,-0.000000,-0.000000
1767,66,home,mask_home,bob,teach,rejected,-0.8447,-0.00000,-0.00000,0.00000,-0.00000,0.00000,-0.000000,0.000000,0.000000,0.000000,0.000000
1768,66,home,mask_home,carol,quick_tip,tolerated,-0.3532,-0.00000,-0.00000,0.00000,0.00000,0.00000,0.000000,0.000000,0.000000,0.000000,0.000000
1769,66,home,mask_home,dave,drop_everything,tolerated,-1.3661,0.00000,-0.00000,0.00000,-0.00000,-0.00000,0.000000,0.000000,0.000000,-0.000000,-0.000000
1770,66,home,mask_home,bob,pair_up,rejected,-0.6466,-0.00000,-0.00000,-0.00000,-0.00000,0.00000,-0.000000,0.000000,-0.000000,0.000000,0.000000
1771,66,home,mask_home,carol,teach,rejected,-2.8970,-0.00000,-0.00000,0.00000,0.00000,0.00000,0.000000,0.000000,0.000000,0.000000,0.000000
1772,66,home,mask_home,dave,help_after_task,rejected,-3.4915,0.00000,-0.00000,0.00000,-0.00000,-0.00000,0.000000,0.000000,0.000000,-0.000000,-0.000000
1773,66,home,mask_home,bob,quick_tip,rejected,-0.5279,0.00000,-0.00000,0.00000,0.00000,-0.00000,0.000000,0.000000,0.000000,0.000000,0.000000
1774,66,conference,mask_conference,carol,joke_deflect,rejected,-1.8957,0.00000,0.00000,0.00000,0.00000,-0.00000,0.000000,0.000000,0.000000,0.000000,0.000000
1775,66,conference,mask_conference,dave,joke_deflect,accepted,1.8128,0.00000,0.00000,0.00000,-0.00000,-0.00000,0.000000,0.000000,0.000000,-0.000000,0.000000
1776,66,conference,mask_conference,bob,help_after_task,tolerated,1.4344,0.00000,0.00000,-0.00000,-0.00000,-0.00000,0.000000,0.000000,-0.000000,0.000000,0.000000
1777,66,conference,mask_conference,carol,pair_up,accepted,2.6680,0.00000,0.00000,0.00000,0.00000,-0.00000,0.000000,0.000000,0.000000,0.000000,0.000000
1778,66,conference,mask_conference,dave,pair_up,accepted,1.6808,0.00000,0.00000,0.00000,-0.00000,-0.00000,0.000000,0.000000,0.000000,-0.000000,0.000000
1779,66,conference,mask_conference,bob,teach,tolerated,1.4404,0.00000,0.00000,-0.00000,-0.00000,-0.00000,0.000000,0.000000,-0.000000,0.000000,0.000000
1780,66,conference,mask_conference,carol,drop_everything,rejected,-2.4040,0.00000,0.00000,0.00000,0.00000,-0.00000,0.000000,0.000000,0.000000,0.000000,0.000000
1781,66,conference,mask_conference,dave,joke_deflect,accepted,1.8128,0.00000,0.00000,0.00000,-0.00000,-0.00000,0.000000,0.000000,0.000000,-0.000000,0.000000
1782,66,conference,mask_conference,bob,quick_tip,rejected,-0.9096,0.00000,0.00000,-0.00000,-0.00000,-0.00000,0.000000,0.000000,-0.000000,0.000000,0.000000
1783,67,work,mask_work,carol,joke_deflect,rejected,-0.7573,0.00000,0.00000,-0.00000,-0.00000,-0.00000,0.000000,0.000000,0.000000,0.000000,-0.000000
1784,67,work,mask_work,dave,joke_deflect,rejected,-0.6530,-0.00000,0.00000,-0.00000,-0.00000,0.00000,-0.000000,0.000000,0.000000,0.000000,0.000000
1785,67,work,mask_work,bob,teach,tolerated,1.9347,0.00000,0.00000,-0.00000,-0.00000,0.00000,0.000000,0.000000,0.000000,0.000000,0.000000
1786,67,work,mask_work,carol,joke_deflect,rejected,-0.7573,0.00000,0.00000,-0.00000,-0.00000,-0.00000,0.000000,0.000000,0.000000,0.000000,-0.000000
1787,67,work,mask_work,dave,quick_tip,accepted,4.3710,-0.00000,0.00000,-0.00000,-0.00000,0.00000,-0.000000,0.000000,0.000000,0.000000,0.000000
1788,67,work,mask_work,bob,joke_deflect,rejected,-0.4393,0.00000,0.00000,-0.00000,-0.00000,0.00000,0.000000,0.000000,0.000000,0.000000,0.000000
1789,67,work,mask_work,carol,pair_up,rejected,-0.8893,0.00000,0.00000,-0.00000,-0.00000,-0.00000,0.000000,0.000000,0.000000,0.000000,-0.000000
1790,67,work,mask_work,dave,quick_tip,accepted,4.3710,-0.00000,0.00000,-0.00000,-0.00000,0.00000,-0.000000,0.000000,0.000000,0.000000,0.000000
1791,67,work,mask_work,bob,joke_deflect,rejected,-0.4393,0.00000,0.00000,-0.00000,-0.00000,0.00000,0.000000,0.000000,0.000000,0.000000,0.000000
1792,67,home,mask_home,carol,pair_up,accepted,2.0970,-0.00000,-0.00000,0.00000,0.00000,0.00000,-0.000000,0.000000,0.000000,0.000000,0.000000
1793,67,home,mask_home,dave,drop_everything,rejected,-3.2873,0.00000,-0.00000,0.00000,-0.00000,-0.00000,0.000000,0.000000,0.000000,-0.000000,-0.000000
1794,67,home,mask_home,bob,teach,rejected,-0.8316,-0.00000,-0.00000,0.00000,-0.00000,0.00000,-0.000000,0.000000,0.000000,0.000000,0.000000
1795,67,home,mask_home,carol,drop_everything,accepted,2.0250,-0.00000,-0.00000,0.00000,0.00000,0.00000,0.000000,0.000000,0.000000,0.000000,0.000000
1796,67,home,mask_home,dave,drop_everything,rejected,-3.2873,0.00000,-0.00000,0.00000,-0.00000,-0.00000,0.000000,0.000000,0.000000,-0.000000,-0.000000
1797,67,home,mask_home,bob,teach,rejected,-0.8316,-0.00000,-0.00000,0.00000,-0.00000,0.00000,-0.000000,0.000000,0.000000,0.000000,0.000000
1798,67,home,mask_home,carol,joke_deflect,rejected,-2.5005,-0.00000,-0.00000,0.00000,0.00000,0.00000,0.000000,0.000000,0.000000,0.000000,0.000000
1799,67,home,mask_home,dave,drop_everything,rejected,-3.2873,0.00000,-0.00000,0.00000,-0.00000,-0.00000,0.000000,0.000000,0.000000,-0.000000,-0.000000
1800,67,home,mask_home,bob,pair_up,tolerated,1.2205,0.00000,-0.00000,0.00000,0.00000,-0.00000,0.000000,0.000000,0.000000,0.000000,0.000000
1801,67,conference,mask_conference,carol,drop_everything,rejected,-2.4040,0.00000,0.00000,0.00000,0.00000,-0.00000,0.000000,0.000000,0.000000,0.000000,0.000000
1802,67,conference,mask_conference,dave,teach,rejected,-3.1176,0.00000,-0.00000,0.00000,-0.00000,-0.00000,0.000000,-0.000000,0.000000,-0.000000,0.000000
1803,67,conference,mask_conference,bob,pair_up,tolerated,1.0890,0.00000,0.00000,0.00000,-0.00000,-0.00000,0.000000,0.000000,0.000000,0.000000,0.000000
1804,67,conference,mask_conference,carol,quick_tip,rejected,-2.1760,0.00000,0.00000,0.00000,0.00000,-0.00000,0.000000,0.000000,0.000000,0.000000,0.000000
1805,67,conference,mask_conference,dave,drop_everything,rejected,-3.3830,0.00000,0.00000,0.00000,-0.00000,-0.00000,0.000000,0.000000,0.000000,-0.000000,0.000000
1806,67,conference,mask_conference,bob,teach,tolerated,1.4318,0.00000,0.00000,-0.00000,-0.00000,-0.00000,0.000000,0.000000,-0.000000,0.000000,0.000000
1807,67,conference,mask_conference,carol,teach,accepted,2.6740,0.00000,0.00000,0.00000,0.00000,-0.00000,0.000000,0.000000,0.000000,0.000000,0.000000
1808,67,conference,mask_conference,dave,joke_deflect,accepted,1.8210,0.00000,0.00000,0.00000,-0.00000,-0.00000,0.000000,0.000000,0.000000,-0.000000,0.000000
1809,67,conference,mask_conference,bob,drop_everything,rejected,-1.1462,0.00000,0.00000,-0.00000,-0.00000,-0.00000,0.000000,0.000000,-0.000000,0.000000,0.000000
1810,68,work,mask_work,carol,teach,accepted,4.1167,0.00000,0.00000,-0.00000,-0.00000,-0.00000,0.000000,0.000000,0.000000,0.000000,-0.000000
1811,68,work,mask_work,dave,drop_everything,rejected,-0.8570,-0.00000,0.00000,-0.00000,-0.00000,0.00000,-0.000000,0.000000,0.000000,0.000000,0.000000
1812,68,work,mask_work,bob,teach,tolerated,1.9347,0.00000,0.00000,-0.00000,-0.00000,0.00000,0.000000,0.000000,0.000000,0.000000,0.000000
1813,68,work,mask_work,carol,joke_deflect,rejected,-0.7573,0.00000,0.00000,-0.00000,-0.00000,-0.00000,0.000000,0.000000,0.000000,0.000000,-0.000000
1814,68,work,mask_work,dave,drop_everything,rejected,-0.8570,-0.00000,0.00000,-0.00000,-0.00000,0.00000,-0.000000,0.000000,0.000000,0.000000,0.000000
1815,68,work,mask_work,bob,teach,tolerated,1.9347,0.00000,0.00000,-0.00000,-0.00000,0.00000,0.000000,0.000000,0.000000,0.000000,0.000000
1816,68,work,mask_work,carol,drop_everything,rejected,-0.9613,0.00000,0.00000,-0.00000,-0.00000,-0.00000,0.000000,0.000000,0.000000,0.000000,-0.000000
1817,68,work,mask_work,dave,pair_up,rejected,-0.7850,-0.00000,0.00000,-0.00000,-0.00000,0.00000,-0.000000,0.000000,0.000000,0.000000,0.000000
1818,68,work,mask_work,bob,pair_up,rejected,-0.5713,0.00000,0.00000,-0.00000,-0.00000,0.00000,0.000000,0.000000,0.000000,0.000000,0.000000
1819,68,home,mask_home,carol,joke_deflect,tolerated,-0.6091,-0.00000,-0.00000,0.00000,0.00000,0.00000,-0.000000,0.000000,0.000000,0.000000,0.000000
1820,68,home,mask_home,dave,pair_up,accepted,1.5261,0.00000,-0.00000,0.00000,-0.00000,-0.00000,0.000000,0.000000,0.000000,-0.000000,-0.000000
1821,68,home,mask_home,bob,joke_deflect,tolerated,1.3986,0.00000,-0.00000,0.00000,-0.00000,-0.00000,0.000000,0.000000,0.000000,0.000000,0.000000
1822,68,home,mask_home,carol,teach,rejected,-2.8984,-0.00000,-0.00000,0.00000,0.00000,0.00000,-0.000000,0.000000,0.000000,0.000000,0.000000
1823,68,home,mask_home,dave,pair_up,accepted,1.5261,0.00000,-0.00000,0.00000,-0.00000,-0.00000,0.000000,0.000000,0.000000,-0.000000,-0.000000
1824,68,home,mask_home,bob,pair_up,tolerated,1.2133,0.00000,-0.00000,0.00000,0.00000,-0.00000,0.000000,0.000000,0.000000,0.000000,0.000000
1825,68,home,mask_home,carol,pair_up,accepted,2.0956,-0.00000,-0.00000,0.00000,0.00000,0.00000,-0.000000,0.000000,0.000000,0.000000,0.000000
1826,68,home,mask_home,dave,quick_tip,accepted,1.6821,0.00000,-0.00000,0.00000,-0.00000,-0.00000,0.000000,0.000000,0.000000,-0.000000,-0.000000
1827,68,home,mask_home,bob,joke_deflect,tolerated,1.3894,0.00000,-0.00000,0.00000,-0.00000,-0.00000,0.000000,0.000000,0.000000,0.000000,0.000000
1828,68,conference,mask_conference,carol,pair_up,accepted,2.6680,0.00000,0.00000,0.00000,0.00000,-0.00000,0.000000,0.000000,0.000000,0.000000,0.000000
1829,68,conference,mask_conference,dave,teach,tolerated,-0.9636,0.00000,0.00000,0.00000,-0.00000,-0.00000,0.000000,0.000000,0.000000,-0.000000,0.000000
1830,68,conference,mask_conference,bob,drop_everything,rejected,-1.1462,0.00000,0.00000,-0.00000,-0.00000,-0.00000,0.000000,0.000000,-0.000000,0.000000,0.000000
1831,68,conference,mask_conference,carol,quick_tip,rejected,-2.1760,0.00000,0.00000,0.00000,0.00000,-0.00000,0.000000,0.000000,0.000000,0.000000,0.000000
1832,68,conference,mask_conference,dave,joke_deflect,accepted,1.8146,0.00000,0.00000,0.00000,-0.00000,-0.00000,0.000000,0.000000,0.000000,-0.000000,0.000000
1833,68,conference,mask_conference,bob,teach,tolerated,1.4318,0.00000,0.00000,-0.00000,-0.00000,-0.00000,0.000000,0.000000,-0.000000,0.000000,0.000000
1834,68,conference,mask_conference,carol,teach,accepted,2.6740,0.00000,0.00000,0.00000,0.00000,-0.00000,0.000000,0.000000,0.000000,0.000000,0.000000
1835,68,conference,mask_conference,dave,drop_everything,rejected,-3.3894,0.00000,0.00000,0.00000,-0.00000,-0.00000,0.000000,0.000000,0.000000,-0.000000,0.000000
1836,68,conference,mask_conference,bob,drop_everything,rejected,-1.1462,0.00000,0.00000,-0.00000,-0.00000,-0.00000,0.000000,0.000000,-0.000000,0.000000,0.000000
1837,69,work,mask_work,carol,joke_deflect,rejected,-0.7573,0.00000,0.00000,-0.00000,-0.00000,-0.00000,0.000000,0.000000,0.000000,0.000000,-0.000000
1838,69,work,mask_work,dave,pair_up,rejected,-0.7850,-0.00000,0.00000,-0.00000,-0.00000,0.00000,-0.000000,0.000000,0.000000,0.000000,0.000000
1839,69,work,mask_work,bob,pair_up,rejected,-0.5713,0.00000,0.00000,-0.00000,-0.00000,0.00000,0.000000,0.000000,0.000000,0.000000,0.000000
1840,69,work,mask_work,carol,drop_everything,rejected,-0.9613,0.00000,0.00000,-0.00000,-0.00000,-0.00000,0.000000,0.000000,0.000000,0.000000,-0.000000
1841,69,work,mask_work,dave,joke_deflect,rejected,-0.6530,-0.00000,0.00000,-0.00000,-0.00000,0.00000,-0.000000,0.000000,0.000000,0.000000,0.000000
1842,69,work,mask_work,bob,teach,tolerated,1.9347,0.00000,0.00000,-0.00000,-0.00000,0.00000,0.000000,0.000000,0.000000,0.000000,0.000000
1843,69,work,mask_work,carol,pair_up,rejected,-0.8893,0.00000,0.00000,-0.00000,-0.00000,-0.00000,0.000000,0.000000,0.000000,0.000000,-0.000000
1844,69,work,mask_work,dave,teach,tolerated,1.5662,-0.00000,0.00000,-0.00000,-0.00000,0.00000,-0.000000,0.000000,0.000000,0.000000,0.000000
1845,69,work,mask_work,bob,drop_everything,rejected,-0.6433,0.00000,0.00000,-0.00000,-0.00000,0.00000,0.000000,0.000000,0.000000,0.000000,0.000000
1846,69,home,mask_home,carol,pair_up,accepted,2.0956,-0.00000,-0.00000,0.00000,0.00000,0.00000,-0.000000,0.000000,0.000000,0.000000,0.000000
1847,69,home,mask_home,dave,pair_up,accepted,1.5261,0.00000,-0.00000,0.00000,-0.00000,-0.00000,0.000000,0.000000,0.000000,-0.000000,-0.000000
1848,69,home,mask_home,bob,drop_everything,tolerated,1.2076,-0.00000,-0.00000,-0.00000,0.00000,0.00000,-0.000000,0.000000,-0.000000,0.000000,0.000000
1849,69,home,mask_home,carol,joke_deflect,rejected,-2.5005,-0.00000,-0.00000,0.00000,0.00000,0.00000,0.000000,0.000000,0.000000,0.000000,0.000000
1850,69,home,mask_home,dave,drop_everything,tolerated,-1.3661,0.00000,-0.00000,0.00000,-0.00000,-0.00000,0.000000,0.000000,0.000000,-0.000000,-0.000000
1851,69,home,mask_home,bob,pair_up,rejected,-0.6595,-0.00000,-0.00000,-0.00000,-0.00000,0.00000,-0.000000,0.000000,-0.000000,0.000000,0.000000
1852,69,home,mask_home,carol,quick_tip,tolerated,-0.3490,-0.00000,-0.00000,0.00000,0.00000,0.00000,0.000000,0.000000,0.000000,0.000000,0.000000
1853,69,home,mask_home,dave,drop_everything,rejected,-3.2873,0.00000,-0.00000,0.00000,-0.00000,-0.00000,0.000000,0.000000,0.000000,-0.000000,-0.000000
1854,69,home,mask_home,bob,drop_everything,rejected,-0.7091,0.00000,-0.00000,0.00000,-0.00000,-0.00000,0.000000,0.000000,0.000000,0.000000,0.000000
1855,69,conference,mask_conference,carol,drop_everything,rejected,-2.4040,0.00000,0.00000,0.00000,0.00000,-0.00000,0.000000,0.000000,0.000000,0.000000,0.000000
1856,69,conference,mask_conference,dave,drop_everything,rejected,-3.3894,0.00000,0.00000,0.00000,-0.00000,-0.00000,0.000000,0.000000,0.000000,-0.000000,0.000000
1857,69,conference,mask_conference,bob,drop_everything,rejected,-1.1462,0.00000,0.00000,-0.00000,-0.00000,-0.00000,0.000000,0.000000,-0.000000,0.000000,0.000000
1858,69,conference,mask_conference,carol,joke_deflect,rejected,-1.8957,0.00000,0.00000,0.00000,0.00000,-0.00000,0.000000,0.000000,0.000000,0.000000,0.000000
1859,69,conference,mask_conference,dave,drop_everything,rejected,-3.3894,0.00000,0.00000,0.00000,-0.00000,-0.00000,0.000000,0.000000,0.000000,-0.000000,0.000000
1860,69,conference,mask_conference,bob,pair_up,rejected,-0.7696,0.00000,0.00000,-0.00000,-0.00000,-0.00000,0.000000,0.000000,-0.000000,0.000000,0.000000
1861,69,conference,mask_conference,carol,teach,accepted,2.6792,0.00000,0.00000,0.00000,0.00000,-0.00000,0.000000,0.000000,0.000000,0.000000,0.000000
1862,69,conference,mask_conference,dave,drop_everything,rejected,-3.3894,0.00000,0.00000,0.00000,-0.00000,-0.00000,0.000000,0.000000,0.000000,-0.000000,0.000000
1863,69,conference,mask_conference,bob,joke_deflect,rejected,-0.6038,0.00000,0.00000,-0.00000,0.00000,-0.00000,0.000000,0.000000,-0.000000,0.000000,0.000000
1864,70,work,mask_work,carol,joke_deflect,rejected,-0.7573,0.00000,0.00000,-0.00000,-0.00000,-0.00000,0.000000,0.000000,0.000000,0.000000,-0.000000
1865,70,work,mask_work,dave,pair_up,rejected,-0.7889,-0.00000,0.00000,-0.00000,-0.00000,0.00000,-0.000000,0.000000,0.000000,0.000000,0.000000
1866,70,work,mask_work,bob,pair_up,rejected,-0.5713,0.00000,0.00000,-0.00000,-0.00000,0.00000,0.000000,0.000000,0.000000,0.000000,0.000000
1867,70,work,mask_work,carol,teach,accepted,4.1167,0.00000,0.00000,-0.00000,-0.00000,-0.00000,0.000000,0.000000,0.000000,0.000000,-0.000000
1868,70,work,mask_work,dave,help_after_task,tolerated,1.6812,-0.00000,0.00000,-0.00000,-0.00000,0.00000,-0.000000,0.000000,0.000000,0.000000,0.000000
1869,70,work,mask_work,bob,joke_deflect,rejected,-0.4393,0.00000,0.00000,-0.00000,-0.00000,0.00000,0.000000,0.000000,0.000000,0.000000,0.000000
1870,70,work,mask_work,carol,pair_up,rejected,-0.8893,0.00000,0.00000,-0.00000,-0.00000,-0.00000,0.000000,0.000000,0.000000,0.000000,-0.000000
1871,70,work,mask_work,dave,drop_everything,rejected,-0.8709,-0.00000,0.00000,-0.00000,-0.00000,0.00000,-0.000000,0.000000,0.000000,0.000000,0.000000
1872,70,work,mask_work,bob,drop_everything,rejected,-0.6433,0.00000,0.00000,-0.00000,-0.00000,0.00000,0.000000,0.000000,0.000000,0.000000,0.000000
1873,70,home,mask_home,carol,pair_up,accepted,2.0946,-0.00000,-0.00000,0.00000,0.00000,0.00000,-0.000000,0.000000,0.000000,0.000000,0.000000
1874,70,home,mask_home,dave,pair_up,accepted,1.5249,0.00000,-0.00000,0.00000,-0.00000,-0.00000,0.000000,0.000000,0.000000,-0.000000,-0.000000
1875,70,home,mask_home,bob,pair_up,rejected,-0.6548,-0.00000,-0.00000,-0.00000,-0.00000,0.00000,-0.000000,0.000000,-0.000000,0.000000,0.000000
1876,70,home,mask_home,carol,joke_deflect,tolerated,-0.6157,-0.00000,-0.00000,0.00000,0.00000,0.00000,0.000000,0.000000,0.000000,0.000000,0.000000
1877,70,home,mask_home,dave,drop_everything,tolerated,-1.3661,0.00000,-0.00000,0.00000,-0.00000,-0.00000,0.000000,0.000000,0.000000,-0.000000,-0.000000
1878,70,home,mask_home,bob,pair_up,tolerated,1.2038,0.00000,-0.00000,0.00000,0.00000,-0.00000,0.000000,0.000000,0.000000,0.000000,0.000000
1879,70,home,mask_home,carol,joke_deflect,tolerated,-0.6157,-0.00000,-0.00000,0.00000,0.00000,0.00000,-0.000000,0.000000,0.000000,0.000000,0.000000
1880,70,home,mask_home,dave,drop_everything,rejected,-3.2873,0.00000,-0.00000,0.00000,-0.00000,-0.00000,0.000000,0.000000,0.000000,-0.000000,-0.000000
1881,70,home,mask_home,bob,drop_everything,rejected,-0.7133,0.00000,-0.00000,0.00000,-0.00000,-0.00000,0.000000,0.000000,0.000000,0.000000,0.000000
1882,70,conference,mask_conference,carol,pair_up,accepted,2.6732,0.00000,0.00000,0.00000,0.00000,-0.00000,0.000000,0.000000,0.000000,0.000000,0.000000
1883,70,conference,mask_conference,dave,pair_up,accepted,1.6826,0.00000,0.00000,0.00000,-0.00000,-0.00000,0.000000,0.000000,0.000000,-0.000000,0.000000
1884,70,conference,mask_conference,bob,joke_deflect,rejected,-0.6038,0.00000,0.00000,-0.00000,0.00000,-0.00000,0.000000,0.000000,-0.000000,0.000000,0.000000
1885,70,conference,mask_conference,carol,joke_deflect,tolerated,-0.0043,0.00000,0.00000,0.00000,-0.00000,-0.00000,0.000000,0.000000,0.000000,-0.000000,0.000000
1886,70,conference,mask_conference,dave,pair_up,accepted,1.6826,0.00000,0.00000,0.00000,-0.00000,-0.00000,0.000000,0.000000,0.000000,0.000000,0.000000
1887,70,conference,mask_conference,bob,joke_deflect,rejected,-0.6038,0.00000,0.00000,-0.00000,0.00000,-0.00000,0.000000,0.000000,-0.000000,0.000000,0.000000
1888,70,conference,mask_conference,carol,pair_up,accepted,2.6680,0.00000,0.00000,0.00000,0.00000,-0.00000,0.000000,0.000000,0.000000,0.000000,0.000000
1889,70,conference,mask_conference,dave,pair_up,accepted,1.6826,0.00000,0.00000,0.00000,-0.00000,-0.00000,0.000000,0.000000,0.000000,-0.000000,0.000000
1890,70,conference,mask_conference,bob,drop_everything,rejected,-1.1223,0.00000,0.00000,-0.00000,-0.00000,-0.00000,0.000000,0.000000,-0.000000,0.000000,0.000000
1891,71,work,mask_work,carol,pair_up,rejected,-0.8893,0.00000,0.00000,-0.00000,-0.00000,-0.00000,0.000000,0.000000,0.000000,0.000000,-0.000000
1892,71,work,mask_work,dave,joke_deflect,rejected,-0.6669,-0.00000,0.00000,-0.00000,-0.00000,0.00000,-0.000000,0.000000,0.000000,0.000000,0.000000
1893,71,work,mask_work,bob,joke_deflect,rejected,-0.4393,0.00000,0.00000,-0.00000,-0.00000,0.00000,0.000000,0.000000,0.000000,0.000000,0.000000
1894,71,work,mask_work,carol,joke_deflect,rejected,-0.7573,0.00000,0.00000,-0.00000,-0.00000,-0.00000,0.000000,0.000000,0.000000,0.000000,-0.000000
1895,71,work,mask_work,dave,teach,rejected,-0.5977,-0.00000,0.00000,-0.00000,-0.00000,0.00000,-0.000000,0.000000,0.000000,0.000000,0.000000
1896,71,work,mask_work,bob,pair_up,rejected,-0.5713,0.00000,0.00000,-0.00000,-0.00000,0.00000,0.000000,0.000000,0.000000,0.000000,0.000000
1897,71,work,mask_work,carol,teach,accepted,4.1167,0.00000,0.00000,-0.00000,-0.00000,-0.00000,0.000000,0.000000,0.000000,0.000000,-0.000000
1898,71,work,mask_work,dave,quick_tip,accepted,4.3620,-0.00000,0.00000,-0.00000,-0.00000,0.00000,-0.000000,0.000000,0.000000,0.000000,0.000000
1899,71,work,mask_work,bob,pair_up,rejected,-0.5713,0.00000,0.00000,-0.00000,-0.00000,0.00000,0.000000,0.000000,0.000000,0.000000,0.000000
1900,71,home,mask_home,carol,quick_tip,tolerated,-0.3627,-0.00000,-0.00000,0.00000,0.00000,0.00000,-0.000000,0.000000,0.000000,0.000000,0.000000
1901,71,home,mask_home,dave,pair_up,accepted,1.5237,0.00000,-0.00000,0.00000,-0.00000,-0.00000,0.000000,0.000000,0.000000,-0.000000,-0.000000
1902,71,home,mask_home,bob,pair_up,tolerated,1.2084,0.00000,-0.00000,0.00000,0.00000,-0.00000,0.000000,0.000000,0.000000,0.000000,0.000000
1903,71,home,mask_home,carol,drop_everything,accepted,2.0030,-0.00000,-0.00000,0.00000,0.00000,0.00000,-0.000000,0.000000,0.000000,0.000000,0.000000
1904,71,home,mask_home,dave,pair_up,accepted,1.5237,0.00000,-0.00000,0.00000,-0.00000,-0.00000,0.000000,0.000000,0.000000,-0.000000,-0.000000
1905,71,home,mask_home,bob,teach,rejected,-0.8706,-0.00000,-0.00000,0.00000,-0.00000,-0.00000,-0.000000,0.000000,0.000000,0.000000,0.000000
1906,71,home,mask_home,carol,teach,rejected,-2.9190,-0.00000,-0.00000,0.00000,0.00000,0.00000,0.000000,0.000000,0.000000,0.000000,0.000000
1907,71,home,mask_home,dave,pair_up,accepted,1.5237,0.00000,-0.00000,0.00000,-0.00000,-0.00000,0.000000,0.000000,0.000000,-0.000000,-0.000000
1908,71,home,mask_home,bob,quick_tip,rejected,-0.5669,0.00000,-0.00000,0.00000,0.00000,-0.00000,0.000000,0.000000,0.000000,0.000000,0.000000
1909,71,conference,mask_conference,carol,drop_everything,rejected,-2.4040,0.00000,0.00000,0.00000,0.00000,-0.00000,0.000000,0.000000,0.000000,0.000000,0.000000
1910,71,conference,mask_conference,dave,teach,tolerated,-0.9636,0.00000,0.00000,0.00000,-0.00000,-0.00000,0.000000,0.000000,0.000000,-0.000000,0.000000
1911,71,conference,mask_conference,bob,drop_everything,rejected,-1.1223,0.00000,0.00000,-0.00000,-0.00000,-0.00000,0.000000,0.000000,-0.000000,0.000000,0.000000
1912,71,conference,mask_conference,carol,joke_deflect,tolerated,-0.0043,0.00000,0.00000,0.00000,-0.00000,-0.00000,0.000000,0.000000,0.000000,0.000000,0.000000
1913,71,conference,mask_conference,dave,joke_deflect,accepted,1.8088,0.00000,0.00000,0.00000,-0.00000,-0.00000,0.000000,0.000000,0.000000,0.000000,0.000000
1914,71,conference,mask_conference,bob,joke_deflect,rejected,-0.6038,0.00000,0.00000,-0.00000,0.00000,-0.00000,0.000000,0.000000,-0.000000,0.000000,0.000000
1915,71,conference,mask_conference,carol,drop_everything,rejected,-2.4090,0.00000,0.00000,0.00000,0.00000,-0.00000,0.000000,0.000000,0.000000,0.000000,0.000000
1916,71,conference,mask_conference,dave,drop_everything,rejected,-3.3952,0.00000,0.00000,0.00000,-0.00000,-0.00000,0.000000,0.000000,0.000000,-0.000000,0.000000
1917,71,conference,mask_conference,bob,drop_everything,rejected,-1.1171,0.00000,0.00000,-0.00000,-0.00000,-0.00000,0.000000,0.000000,-0.000000,0.000000,0.000000
1918,72,work,mask_work,carol,drop_everything,rejected,-0.9613,0.00000,0.00000,-0.00000,-0.00000,-0.00000,0.000000,0.000000,0.000000,0.000000,-0.000000
1919,72,work,mask_work,dave,pair_up,rejected,-0.7940,-0.00000,0.00000,-0.00000,-0.00000,0.00000,-0.000000,0.000000,0.000000,0.000000,0.000000
1920,72,work,mask_work,bob,drop_everything,rejected,-0.6433,0.00000,0.00000,-0.00000,-0.00000,0.00000,0.000000,0.000000,0.000000,0.000000,0.000000
1921,72,work,mask_work,carol,pair_up,rejected,-0.8893,0.00000,0.00000,-0.00000,-0.00000,-0.00000,0.000000,0.000000,0.000000,0.000000,-0.000000
1922,72,work,mask_work,dave,pair_up,rejected,-0.7940,-0.00000,0.00000,-0.00000,-0.00000,0.00000,-0.000000,0.000000,0.000000,0.000000,0.000000
1923,72,work,mask_work,bob,drop_everything,rejected,-0.6433,0.00000,0.00000,-0.00000,-0.00000,0.00000,0.000000,0.000000,0.000000,0.000000,0.000000
1924,72,work,mask_work,carol,pair_up,rejected,-0.8893,0.00000,0.00000,-0.00000,-0.00000,-0.00000,0.000000,0.000000,0.000000,0.000000,-0.000000
1925,72,work,mask_work,dave,pair_up,rejected,-0.7940,-0.00000,0.00000,-0.00000,-0.00000,0.00000,-0.000000,0.000000,0.000000,0.000000,0.000000
1926,72,work,mask_work,bob,teach,tolerated,1.9347,0.00000,0.00000,-0.00000,-0.00000,0.00000,0.000000,0.000000,0.000000,0.000000,0.000000
1927,72,home,mask_home,carol,teach,rejected,-2.9190,-0.00000,-0.00000,0.00000,0.00000,0.00000,-0.000000,0.000000,0.000000,0.000000,0.000000
1928,72,home,mask_home,dave,pair_up,accepted,1.5237,0.00000,-0.00000,0.00000,-0.00000,-0.00000,0.000000,0.000000,0.000000,-0.000000,-0.000000
1929,72,home,mask_home,bob,drop_everything,rejected,-0.7140,0.00000,-0.00000,0.00000,-0.00000,-0.00000,0.000000,0.000000,0.000000,0.000000,0.000000
1930,72,home,mask_home,carol,joke_deflect,tolerated,-0.6216,-0.00000,-0.00000,0.00000,0.00000,0.00000,-0.000000,0.000000,0.000000,0.000000,0.000000
1931,72,home,mask_home,dave,teach,tolerated,-1.1650,0.00000,-0.00000,0.00000,-0.00000,-0.00000,0.000000,0.000000,0.000000,-0.000000,-0.000000
1932,72,home,mask_home,bob,pair_up,tolerated,1.2204,0.00000,-0.00000,0.00000,0.00000,-0.00000,0.000000,0.000000,0.000000,0.000000,0.000000
1933,72,home,mask_home,carol,drop_everything,accepted,1.9966,-0.00000,-0.00000,0.00000,0.00000,0.00000,-0.000000,0.000000,0.000000,0.000000,0.000000
1934,72,home,mask_home,dave,joke_deflect,accepted,1.6498,0.00000,-0.00000,0.00000,-0.00000,-0.00000,0.000000,0.000000,0.000000,-0.000000,-0.000000
1935,72,home,mask_home,bob,pair_up,tolerated,1.2204,0.00000,-0.00000,0.00000,0.00000,-0.00000,0.000000,0.000000,0.000000,0.000000,0.000000
1936,72,conference,mask_conference,carol,joke_deflect,rejected,-1.8957,0.00000,0.00000,0.00000,0.00000,-0.00000,0.000000,0.000000,0.000000,0.000000,0.000000
1937,72,conference,mask_conference,dave,joke_deflect,accepted,1.8088,0.00000,0.00000,0.00000,-0.00000,-0.00000,0.000000,0.000000,0.000000,-0.000000,0.000000
1938,72,conference,mask_conference,bob,joke_deflect,rejected,-0.6038,0.00000,0.00000,-0.00000,0.00000,-0.00000,0.000000,0.000000,-0.000000,0.000000,0.000000
1939,72,conference,mask_conference,carol,quick_tip,rejected,-2.1760,0.00000,0.00000,0.00000,0.00000,-0.00000,0.000000,0.000000,0.000000,0.000000,0.000000
1940,72,conference,mask_conference,dave,help_after_task,rejected,-3.2635,0.00000,-0.00000,0.00000,-0.00000,-0.00000,0.000000,-0.000000,0.000000,-0.000000,0.000000
1941,72,conference,mask_conference,bob,teach,tolerated,1.4659,0.00000,0.00000,-0.00000,-0.00000,-0.00000,0.000000,0.000000,-0.000000,0.000000,0.000000
1942,72,conference,mask_conference,carol,drop_everything,rejected,-2.4040,0.00000,0.00000,0.00000,0.00000,-0.00000,0.000000,0.000000,0.000000,0.000000,0.000000
1943,72,conference,mask_conference,dave,pair_up,accepted,1.7066,0.00000,0.00000,0.00000,-0.00000,-0.00000,0.000000,0.000000,0.000000,-0.000000,0.000000
1944,72,conference,mask_conference,bob,joke_deflect,rejected,-0.6038,0.00000,0.00000,-0.00000,0.00000,-0.00000,0.000000,0.000000,-0.000000,0.000000,0.000000
1945,73,work,mask_work,carol,drop_everything,rejected,-0.9613,0.00000,0.00000,-0.00000,-0.00000,-0.00000,0.000000,0.000000,0.000000,0.000000,-0.000000
1946,73,work,mask_work,dave,pair_up,rejected,-0.7940,-0.00000,0.00000,-0.00000,-0.00000,0.00000,-0.000000,0.000000,0.000000,0.000000,0.000000
1947,73,work,mask_work,bob,pair_up,rejected,-0.5713,0.00000,0.00000,-0.00000,-0.00000,0.00000,0.000000,0.000000,0.000000,0.000000,0.000000
1948,73,work,mask_work,carol,teach,accepted,4.1167,0.00000,0.00000,-0.00000,-0.00000,-0.00000,0.000000,0.000000,0.000000,0.000000,-0.000000
1949,73,work,mask_work,dave,pair_up,rejected,-0.7940,-0.00000,0.00000,-0.00000,-0.00000,0.00000,-0.000000,0.000000,0.000000,0.000000,0.000000
1950,73,work,mask_work,bob,joke_deflect,rejected,-0.4393,0.00000,0.00000,-0.00000,-0.00000,0.00000,0.000000,0.000000,0.000000,0.000000,0.000000
1951,73,work,mask_work,carol,quick_tip,rejected,-0.6063,0.00000,0.00000,-0.00000,-0.00000,-0.00000,0.000000,0.000000,0.000000,0.000000,-0.000000
1952,73,work,mask_work,dave,teach,rejected,-0.5977,-0.00000,0.00000,-0.00000,-0.00000,0.00000,-0.000000,0.000000,0.000000,0.000000,0.000000
1953,73,work,mask_work,bob,joke_deflect,rejected,-0.4393,0.00000,0.00000,-0.00000,-0.00000,0.00000,0.000000,0.000000,0.000000,0.000000,0.000000
1954,73,home,mask_home,carol,quick_tip,tolerated,-0.3691,-0.00000,-0.00000,0.00000,0.00000,0.00000,-0.000000,0.000000,0.000000,0.000000,0.000000
1955,73,home,mask_home,dave,pair_up,accepted,1.5178,0.00000,-0.00000,0.00000,-0.00000,-0.00000,0.000000,0.000000,0.000000,-0.000000,-0.000000
1956,73,home,mask_home,bob,pair_up,rejected,-0.6382,-0.00000,-0.00000,-0.00000,-0.00000,0.00000,-0.000000,0.000000,-0.000000,0.000000,0.000000
1957,73,home,mask_home,carol,teach,rejected,-2.9306,-0.00000,-0.00000,0.00000,0.00000,0.00000,0.000000,0.000000,0.000000,0.000000,0.000000
1958,73,home,mask_home,dave,teach,rejected,-3.3189,0.00000,-0.00000,0.00000,-0.00000,-0.00000,0.000000,0.000000,0.000000,-0.000000,-0.000000
1959,73,home,mask_home,bob,pair_up,rejected,-0.6382,-0.00000,-0.00000,-0.00000,-0.00000,0.00000,-0.000000,0.000000,-0.000000,0.000000,0.000000
1960,73,home,mask_home,carol,teach,rejected,-2.9306,-0.00000,-0.00000,0.00000,0.00000,0.00000,0.000000,0.000000,0.000000,0.000000,0.000000
1961,73,home,mask_home,dave,quick_tip,accepted,1.6784,0.00000,-0.00000,0.00000,-0.00000,-0.00000,0.000000,0.000000,0.000000,-0.000000,-0.000000
1962,73,home,mask_home,bob,pair_up,rejected,-0.6382,-0.00000,-0.00000,-0.00000,-0.00000,0.00000,-0.000000,0.000000,-0.000000,0.000000,0.000000
1963,73,conference,mask_conference,carol,quick_tip,rejected,-2.1760,0.00000,0.00000,0.00000,0.00000,-0.00000,0.000000,0.000000,0.000000,0.000000,0.000000
1964,73,conference,mask_conference,dave,pair_up,accepted,1.7066,0.00000,0.00000,0.00000,-0.00000,-0.00000,0.000000,0.000000,0.000000,-0.000000,0.000000
1965,73,conference,mask_conference,bob,drop_everything,rejected,-1.1073,0.00000,0.00000,-0.00000,-0.00000,-0.00000,0.000000,0.000000,-0.000000,0.000000,0.000000
1966,73,conference,mask_conference,carol,teach,accepted,2.6740,0.00000,0.00000,0.00000,0.00000,-0.00000,0.000000,0.000000,0.000000,0.000000,0.000000
1967,73,conference,mask_conference,dave,pair_up,accepted,1.7066,0.00000,0.00000,0.00000,-0.00000,-0.00000,0.000000,0.000000,0.000000,-0.000000,0.000000
1968,73,conference,mask_conference,bob,joke_deflect,rejected,-0.6038,0.00000,0.00000,-0.00000,0.00000,-0.00000,0.000000,0.000000,-0.000000,0.000000,0.000000
1969,73,conference,mask_conference,carol,drop_everything,rejected,-2.4040,0.00000,0.00000,0.00000,0.00000,-0.00000,0.000000,0.000000,0.000000,0.000000,0.000000
1970,73,conference,mask_conference,dave,teach,tolerated,-0.9338,0.00000,0.00000,0.00000,-0.00000,-0.00000,0.000000,0.000000,0.000000,-0.000000,0.000000
1971,73,conference,mask_conference,bob,teach,tolerated,1.4754,0.00000,0.00000,-0.00000,-0.00000,-0.00000,0.000000,0.000000,-0.000000,0.000000,0.000000
1972,74,work,mask_work,carol,teach,accepted,4.1220,0.00000,0.00000,-0.00000,-0.00000,-0.00000,0.000000,0.000000,0.000000,0.000000,-0.000000
1973,74,work,mask_work,dave,teach,tolerated,1.5563,-0.00000,0.00000,-0.00000,-0.00000,0.00000,-0.000000,0.000000,0.000000,0.000000,0.000000
1974,74,work,mask_work,bob,pair_up,rejected,-0.5713,0.00000,0.00000,-0.00000,-0.00000,0.00000,0.000000,0.000000,0.000000,0.000000,0.000000
1975,74,work,mask_work,carol,joke_deflect,rejected,-0.7520,0.00000,0.00000,-0.00000,-0.00000,-0.00000,0.000000,0.000000,0.000000,0.000000,-0.000000
1976,74,work,mask_work,dave,pair_up,rejected,-0.7932,-0.00000,0.00000,-0.00000,-0.00000,0.00000,-0.000000,0.000000,0.000000,0.000000,0.000000
1977,74,work,mask_work,bob,pair_up,rejected,-0.5713,0.00000,0.00000,-0.00000,-0.00000,0.00000,0.000000,0.000000,0.000000,0.000000,0.000000
1978,74,work,mask_work,carol,drop_everything,rejected,-0.9560,0.00000,0.00000,-0.00000,-0.00000,-0.00000,0.000000,0.000000,0.000000,0.000000,-0.000000
1979,74,work,mask_work,dave,teach,rejected,-0.5977,-0.00000,0.00000,-0.00000,-0.00000,0.00000,-0.000000,0.000000,0.000000,0.000000,0.000000
1980,74,work,mask_work,bob,drop_everything,rejected,-0.6433,0.00000,0.00000,-0.00000,-0.00000,0.00000,0.000000,0.000000,0.000000,0.000000,0.000000
1981,74,home,mask_home,carol,joke_deflect,rejected,-2.5182,-0.00000,-0.00000,0.00000,0.00000,0.00000,0.000000,0.000000,0.000000,0.000000,0.000000
1982,74,home,mask_home,dave,pair_up,accepted,1.5224,0.00000,-0.00000,0.00000,-0.00000,-0.00000,0.000000,0.000000,0.000000,-0.000000,-0.000000
1983,74,home,mask_home,bob,teach,rejected,-0.8612,-0.00000,-0.00000,0.00000,-0.00000,-0.00000,-0.000000,0.000000,0.000000,0.000000,0.000000
1984,74,home,mask_home,carol,joke_deflect,tolerated,-0.6268,-0.00000,-0.00000,0.00000,0.00000,0.00000,0.000000,0.000000,0.000000,0.000000,0.000000
1985,74,home,mask_home,dave,drop_everything,rejected,-3.2886,0.00000,-0.00000,0.00000,-0.00000,-0.00000,0.000000,0.000000,0.000000,-0.000000,-0.000000
1986,74,home,mask_home,bob,drop_everything,rejected,-0.7166,0.00000,-0.00000,0.00000,-0.00000,-0.00000,0.000000,0.000000,0.000000,0.000000,0.000000
1987,74,home,mask_home,carol,pair_up,accepted,2.0627,-0.00000,-0.00000,0.00000,0.00000,0.00000,-0.000000,0.000000,0.000000,0.000000,0.000000
1988,74,home,mask_home,dave,teach,tolerated,-1.1599,0.00000,-0.00000,0.00000,-0.00000,-0.00000,0.000000,0.000000,0.000000,-0.000000,-0.000000
1989,74,home,mask_home,bob,joke_deflect,tolerated,1.3970,0.00000,-0.00000,0.00000,-0.00000,-0.00000,0.000000,0.000000,0.000000,0.000000,0.000000
1990,74,conference,mask_conference,carol,drop_everything,rejected,-2.4040,0.00000,0.00000,0.00000,0.00000,-0.00000,0.000000,0.000000,0.000000,0.000000,0.000000
1991,74,conference,mask_conference,dave,teach,rejected,-3.0877,0.00000,-0.00000,0.00000,-0.00000,-0.00000,0.000000,-0.000000,0.000000,-0.000000,0.000000
1992,74,conference,mask_conference,bob,pair_up,rejected,-0.7334,0.00000,0.00000,-0.00000,-0.00000,-0.00000,0.000000,0.000000,-0.000000,0.000000,0.000000
1993,74,conference,mask_conference,carol,joke_deflect,tolerated,-0.0043,0.00000,0.00000,0.00000,-0.00000,-0.00000,0.000000,0.000000,0.000000,0.000000,0.000000
1994,74,conference,mask_conference,dave,help_after_task,tolerated,-0.8213,0.00000,0.00000,0.00000,-0.00000,-0.00000,0.000000,0.000000,0.000000,0.000000,0.000000
1995,74,conference,mask_conference,bob,drop_everything,rejected,-1.0955,0.00000,0.00000,-0.00000,-0.00000,-0.00000,0.000000,0.000000,-0.000000,0.000000,0.000000
1996,74,conference,mask_conference,carol,joke_deflect,tolerated,-0.0043,0.00000,0.00000,0.00000,-0.00000,-0.00000,0.000000,0.000000,0.000000,0.000000,0.000000
1997,74,conference,mask_conference,dave,quick_tip,accepted,1.8546,0.00000,0.00000,0.00000,-0.00000,-0.00000,0.000000,0.000000,0.000000,0.000000,0.000000
1998,74,conference,mask_conference,bob,quick_tip,rejected,-0.8675,0.00000,0.00000,-0.00000,-0.00000,-0.00000,0.000000,0.000000,-0.000000,0.000000,0.000000
1999,75,work,mask_work,carol,pair_up,rejected,-0.8840,0.00000,0.00000,-0.00000,-0.00000,-0.00000,0.000000,0.000000,0.000000,0.000000,-0.000000
2000,75,work,mask_work,dave,drop_everything,rejected,-0.8608,-0.00000,0.00000,-0.00000,-0.00000,0.00000,-0.000000,0.000000,0.000000,0.000000,0.000000
2001,75,work,mask_work,bob,joke_deflect,rejected,-0.4393,0.00000,0.00000,-0.00000,-0.00000,0.00000,0.000000,0.000000,0.000000,0.000000,0.000000
2002,75,work,mask_work,carol,drop_everything,rejected,-0.9560,0.00000,0.00000,-0.00000,-0.00000,-0.00000,0.000000,0.000000,0.000000,0.000000,-0.000000
2003,75,work,mask_work,dave,drop_everything,rejected,-0.8608,-0.00000,0.00000,-0.00000,-0.00000,0.00000,-0.000000,0.000000,0.000000,0.000000,0.000000
2004,75,work,mask_work,bob,joke_deflect,rejected,-0.4393,0.00000,0.00000,-0.00000,-0.00000,0.00000,0.000000,0.000000,0.000000,0.000000,0.000000
2005,75,work,mask_work,carol,pair_up,rejected,-0.8840,0.00000,0.00000,-0.00000,-0.00000,-0.00000,0.000000,0.000000,0.000000,0.000000,-0.000000
2006,75,work,mask_work,dave,quick_tip,accepted,4.3672,-0.00000,0.00000,-0.00000,-0.00000,0.00000,-0.000000,0.000000,0.000000,0.000000,0.000000
2007,75,work,mask_work,bob,teach,tolerated,1.9347,0.00000,0.00000,-0.00000,-0.00000,0.00000,0.000000,0.000000,0.000000,0.000000,0.000000
2008,75,home,mask_home,carol,quick_tip,tolerated,-0.3698,-0.00000,-0.00000,0.00000,0.00000,0.00000,-0.000000,0.000000,0.000000,0.000000,0.000000
2009,75,home,mask_home,dave,quick_tip,accepted,1.6779,0.00000,-0.00000,0.00000,-0.00000,-0.00000,0.000000,0.000000,0.000000,-0.000000,-0.000000
2010,75,home,mask_home,bob,joke_deflect,rejected,-0.4944,-0.00000,-0.00000,0.00000,0.00000,0.00000,-0.000000,0.000000,0.000000,0.000000,0.000000
2011,75,home,mask_home,carol,drop_everything,accepted,1.9861,-0.00000,-0.00000,0.00000,0.00000,0.00000,0.000000,0.000000,0.000000,0.000000,0.000000
2012,75,home,mask_home,dave,drop_everything,rejected,-3.2941,0.00000,-0.00000,0.00000,-0.00000,-0.00000,0.000000,0.000000,0.000000,-0.000000,-0.000000
2013,75,home,mask_home,bob,help_after_task,rejected,-0.8655,-0.00000,-0.00000,0.00000,-0.00000,-0.00000,-0.000000,0.000000,0.000000,0.000000,0.000000
2014,75,home,mask_home,carol,drop_everything,accepted,1.9861,-0.00000,-0.00000,0.00000,0.00000,0.00000,0.000000,0.000000,0.000000,0.000000,0.000000
2015,75,home,mask_home,dave,pair_up,accepted,1.5268,0.00000,-0.00000,0.00000,-0.00000,-0.00000,0.000000,0.000000,0.000000,-0.000000,-0.000000
2016,75,home,mask_home,bob,pair_up,rejected,-0.6364,-0.00000,-0.00000,-0.00000,-0.00000,0.00000,-0.000000,0.000000,-0.000000,0.000000,0.000000
2017,75,conference,mask_conference,carol,pair_up,accepted,2.6585,0.00000,0.00000,0.00000,0.00000,-0.00000,0.000000,0.000000,0.000000,0.000000,0.000000
2018,75,conference,mask_conference,dave,teach,tolerated,-0.9437,0.00000,0.00000,0.00000,-0.00000,-0.00000,0.000000,0.000000,0.000000,-0.000000,0.000000
2019,75,conference,mask_conference,bob,teach,tolerated,1.4825,0.00000,0.00000,-0.00000,-0.00000,-0.00000,0.000000,0.000000,-0.000000,0.000000,0.000000
2020,75,conference,mask_conference,carol,pair_up,accepted,2.6585,0.00000,0.00000,0.00000,0.00000,-0.00000,0.000000,0.000000,0.000000,0.000000,0.000000
2021,75,conference,mask_conference,dave,joke_deflect,accepted,1.8255,0.00000,0.00000,0.00000,-0.00000,-0.00000,0.000000,0.000000,0.000000,-0.000000,0.000000
2022,75,conference,mask_conference,bob,pair_up,rejected,-0.7334,0.00000,0.00000,-0.00000,-0.00000,-0.00000,0.000000,0.000000,-0.000000,0.000000,0.000000
2023,75,conference,mask_conference,carol,quick_tip,rejected,-2.1855,0.00000,0.00000,0.00000,0.00000,-0.00000,0.000000,0.000000,0.000000,0.000000,0.000000
2024,75,conference,mask_conference,dave,pair_up,accepted,1.6935,0.00000,0.00000,0.00000,-0.00000,-0.00000,0.000000,0.000000,0.000000,-0.000000,0.000000
2025,75,conference,mask_conference,bob,teach,tolerated,1.4892,0.00000,0.00000,-0.00000,-0.00000,-0.00000,0.000000,0.000000,-0.000000,0.000000,0.000000
2026,76,work,mask_work,carol,joke_deflect,rejected,-0.7520,0.00000,0.00000,-0.00000,-0.00000,-0.00000,0.000000,0.000000,0.000000,0.000000,-0.000000
2027,76,work,mask_work,dave,pair_up,rejected,-0.7888,-0.00000,0.00000,-0.00000,-0.00000,0.00000,-0.000000,0.000000,0.000000,0.000000,0.000000
2028,76,work,mask_work,bob,quick_tip,rejected,-0.2826,0.00000,0.00000,-0.00000,-0.00000,-0.00000,0.000000,0.000000,0.000000,0.000000,-0.000000
2029,76,work,mask_work,carol,joke_deflect,rejected,-0.7520,0.00000,0.00000,-0.00000,-0.00000,-0.00000,0.000000,0.000000,0.000000,0.000000,0.000000
2030,76,work,mask_work,dave,pair_up,rejected,-0.7888,-0.00000,0.00000,-0.00000,-0.00000,0.00000,-0.000000,0.000000,0.000000,0.000000,0.000000
2031,76,work,mask_work,bob,help_after_task,tolerated,1.9350,0.00000,0.00000,-0.00000,-0.00000,-0.00000,0.000000,0.000000,0.000000,0.000000,-0.000000
2032,76,work,mask_work,carol,joke_deflect,rejected,-0.7520,0.00000,0.00000,-0.00000,-0.00000,-0.00000,0.000000,0.000000,0.000000,0.000000,0.000000
2033,76,work,mask_work,dave,teach,rejected,-0.5977,-0.00000,0.00000,-0.00000,-0.00000,0.00000,-0.000000,0.000000,0.000000,0.000000,0.000000
2034,76,work,mask_work,bob,joke_deflect,rejected,-0.4330,0.00000,0.00000,-0.00000,-0.00000,-0.00000,0.000000,0.000000,0.000000,0.000000,-0.000000
2035,76,home,mask_home,carol,joke_deflect,tolerated,-0.6315,-0.00000,-0.00000,0.00000,0.00000,0.00000,0.000000,0.000000,0.000000,0.000000,0.000000
2036,76,home,mask_home,dave,joke_deflect,accepted,1.6588,0.00000,-0.00000,0.00000,-0.00000,-0.00000,0.000000,0.000000,0.000000,-0.000000,-0.000000
2037,76,home,mask_home,bob,pair_up,tolerated,1.2222,0.00000,-0.00000,0.00000,0.00000,-0.00000,0.000000,0.000000,0.000000,0.000000,0.000000
2038,76,home,mask_home,carol,pair_up,accepted,2.0521,-0.00000,-0.00000,0.00000,0.00000,0.00000,-0.000000,0.000000,0.000000,0.000000,0.000000
2039,76,home,mask_home,dave,drop_everything,rejected,-3.2941,0.00000,-0.00000,0.00000,-0.00000,-0.00000,0.000000,0.000000,0.000000,-0.000000,-0.000000
2040,76,home,mask_home,bob,drop_everything,rejected,-0.7222,0.00000,-0.00000,0.00000,-0.00000,-0.00000,0.000000,0.000000,0.000000,0.000000,0.000000
2041,76,home,mask_home,carol,drop_everything,accepted,1.9801,-0.00000,-0.00000,0.00000,0.00000,0.00000,-0.000000,0.000000,0.000000,0.000000,0.000000
2042,76,home,mask_home,dave,quick_tip,accepted,1.6874,0.00000,-0.00000,0.00000,-0.00000,-0.00000,0.000000,0.000000,0.000000,-0.000000,-0.000000
2043,76,home,mask_home,bob,joke_deflect,rejected,-0.4935,-0.00000,-0.00000,0.00000,0.00000,0.00000,-0.000000,0.000000,0.000000,0.000000,0.000000
2044,76,conference,mask_conference,carol,drop_everything,rejected,-2.4135,0.00000,0.00000,0.00000,0.00000,-0.00000,0.000000,0.000000,0.000000,0.000000,0.000000
2045,76,conference,mask_conference,dave,joke_deflect,accepted,1.8255,0.00000,0.00000,0.00000,-0.00000,-0.00000,0.000000,0.000000,0.000000,-0.000000,0.000000
2046,76,conference,mask_conference,bob,quick_tip,rejected,-0.8608,0.00000,0.00000,-0.00000,-0.00000,-0.00000,0.000000,0.000000,-0.000000,0.000000,0.000000
2047,76,conference,mask_conference,carol,joke_deflect,rejected,-1.8957,0.00000,0.00000,0.00000,0.00000,-0.00000,0.000000,0.000000,0.000000,0.000000,0.000000
2048,76,conference,mask_conference,dave,pair_up,accepted,1.6935,0.00000,0.00000,0.00000,-0.00000,-0.00000,0.000000,0.000000,0.000000,-0.000000,0.000000
2049,76,conference,mask_conference,bob,quick_tip,rejected,-0.8608,0.00000,0.00000,-0.00000,-0.00000,-0.00000,0.000000,0.000000,-0.000000,0.000000,0.000000
2050,76,conference,mask_conference,carol,pair_up,accepted,2.6633,0.00000,0.00000,0.00000,0.00000,-0.00000,0.000000,0.000000,0.000000,0.000000,0.000000
2051,76,conference,mask_conference,dave,pair_up,accepted,1.6935,0.00000,0.00000,0.00000,-0.00000,-0.00000,0.000000,0.000000,0.000000,-0.000000,0.000000
2052,76,conference,mask_conference,bob,quick_tip,rejected,-0.8608,0.00000,0.00000,-0.00000,-0.00000,-0.00000,0.000000,0.000000,-0.000000,0.000000,0.000000
2053,77,work,mask_work,carol,quick_tip,tolerated,1.6282,0.00000,0.00000,-0.00000,-0.00000,0.00000,0.000000,0.000000,0.000000,0.000000,0.000000
2054,77,work,mask_work,dave,joke_deflect,rejected,-0.6526,-0.00000,0.00000,-0.00000,-0.00000,0.00000,-0.000000,0.000000,0.000000,0.000000,0.000000
2055,77,work,mask_work,bob,pair_up,rejected,-0.5650,0.00000,0.00000,-0.00000,-0.00000,-0.00000,0.000000,0.000000,0.000000,0.000000,-0.000000
2056,77,work,mask_work,carol,joke_deflect,rejected,-0.7577,0.00000,0.00000,-0.00000,-0.00000,-0.00000,0.000000,0.000000,0.000000,0.000000,0.000000
2057,77,work,mask_work,dave,joke_deflect,rejected,-0.6526,-0.00000,0.00000,-0.00000,-0.00000,0.00000,-0.000000,0.000000,0.000000,0.000000,0.000000
2058,77,work,mask_work,bob,quick_tip,tolerated,1.9519,-0.00000,0.00000,-0.00000,-0.00000,0.00000,0.000000,0.000000,0.000000,0.000000,0.000000
2059,77,work,mask_work,carol,drop_everything,rejected,-0.9617,0.00000,0.00000,-0.00000,-0.00000,-0.00000,0.000000,0.000000,0.000000,0.000000,-0.000000
2060,77,work,mask_work,dave,drop_everything,rejected,-0.8566,-0.00000,0.00000,-0.00000,-0.00000,0.00000,-0.000000,0.000000,0.000000,0.000000,0.000000
2061,77,work,mask_work,bob,drop_everything,rejected,-0.6433,0.00000,0.00000,-0.00000,-0.00000,0.00000,0.000000,0.000000,0.000000,0.000000,0.000000
2062,77,home,mask_home,carol,pair_up,accepted,2.0521,-0.00000,-0.00000,0.00000,0.00000,0.00000,0.000000,0.000000,0.000000,0.000000,0.000000
2063,77,home,mask_home,dave,quick_tip,accepted,1.6874,0.00000,-0.00000,0.00000,-0.00000,-0.00000,0.000000,0.000000,0.000000,-0.000000,-0.000000
2064,77,home,mask_home,bob,teach,rejected,-0.8544,-0.00000,-0.00000,0.00000,-0.00000,-0.00000,-0.000000,0.000000,0.000000,0.000000,0.000000
2065,77,home,mask_home,carol,teach,rejected,-2.9419,-0.00000,-0.00000,0.00000,0.00000,0.00000,0.000000,0.000000,0.000000,0.000000,0.000000
2066,77,home,mask_home,dave,pair_up,accepted,1.5314,0.00000,-0.00000,0.00000,-0.00000,-0.00000,0.000000,0.000000,0.000000,-0.000000,-0.000000
2067,77,home,mask_home,bob,quick_tip,rejected,-0.5583,0.00000,-0.00000,0.00000,-0.00000,-0.00000,0.000000,0.000000,0.000000,0.000000,0.000000
2068,77,home,mask_home,carol,joke_deflect,rejected,-2.5229,-0.00000,-0.00000,0.00000,0.00000,0.00000,-0.000000,0.000000,0.000000,0.000000,0.000000
2069,77,home,mask_home,dave,teach,tolerated,-1.1505,0.00000,-0.00000,0.00000,-0.00000,-0.00000,0.000000,0.000000,0.000000,-0.000000,-0.000000
2070,77,home,mask_home,bob,teach,rejected,-0.8474,-0.00000,-0.00000,0.00000,-0.00000,-0.00000,-0.000000,0.000000,0.000000,0.000000,0.000000
2071,77,conference,mask_conference,carol,joke_deflect,tolerated,-0.0043,0.00000,0.00000,0.00000,-0.00000,-0.00000,0.000000,0.000000,0.000000,0.000000,0.000000
2072,77,conference,mask_conference,dave,pair_up,accepted,1.6935,0.00000,0.00000,0.00000,-0.00000,-0.00000,0.000000,0.000000,0.000000,0.000000,0.000000
2073,77,conference,mask_conference,bob,joke_deflect,rejected,-0.5900,0.00000,0.00000,-0.00000,0.00000,-0.00000,0.000000,0.000000,-0.000000,0.000000,0.000000
2074,77,conference,mask_conference,carol,joke_deflect,rejected,-1.8957,0.00000,0.00000,0.00000,0.00000,-0.00000,0.000000,0.000000,0.000000,0.000000,0.000000
2075,77,conference,mask_conference,dave,joke_deflect,accepted,1.8255,0.00000,0.00000,0.00000,-0.00000,-0.00000,0.000000,0.000000,0.000000,-0.000000,0.000000
2076,77,conference,mask_conference,bob,quick_tip,rejected,-0.8563,0.00000,0.00000,-0.00000,-0.00000,-0.00000,0.000000,0.000000,-0.000000,0.000000,0.000000
2077,77,conference,mask_conference,carol,drop_everything,rejected,-2.4085,0.00000,0.00000,0.00000,0.00000,-0.00000,0.000000,0.000000,0.000000,0.000000,0.000000
2078,77,conference,mask_conference,dave,pair_up,accepted,1.6935,0.00000,0.00000,0.00000,-0.00000,-0.00000,0.000000,0.000000,0.000000,-0.000000,0.000000
2079,77,conference,mask_conference,bob,teach,tolerated,1.4937,0.00000,0.00000,-0.00000,-0.00000,-0.00000,0.000000,0.000000,-0.000000,0.000000,0.000000
2080,78,work,mask_work,carol,quick_tip,tolerated,1.6282,0.00000,0.00000,-0.00000,-0.00000,0.00000,0.000000,0.000000,0.000000,0.000000,0.000000
2081,78,work,mask_work,dave,joke_deflect,rejected,-0.6526,-0.00000,0.00000,-0.00000,-0.00000,0.00000,-0.000000,0.000000,0.000000,0.000000,0.000000
2082,78,work,mask_work,bob,quick_tip,rejected,-0.2826,0.00000,0.00000,-0.00000,-0.00000,-0.00000,0.000000,0.000000,0.000000,0.000000,-0.000000
2083,78,work,mask_work,carol,teach,accepted,4.1110,0.00000,0.00000,-0.00000,-0.00000,-0.00000,0.000000,0.000000,0.000000,0.000000,0.000000
2084,78,work,mask_work,dave,teach,tolerated,1.5563,-0.00000,0.00000,-0.00000,-0.00000,0.00000,-0.000000,0.000000,0.000000,0.000000,0.000000
2085,78,work,mask_work,bob,joke_deflect,rejected,-0.4336,0.00000,0.00000,-0.00000,-0.00000,-0.00000,0.000000,0.000000,0.000000,0.000000,-0.000000
2086,78,work,mask_work,carol,teach,accepted,4.1110,0.00000,0.00000,-0.00000,-0.00000,-0.00000,0.000000,0.000000,0.000000,0.000000,0.000000
2087,78,work,mask_work,dave,joke_deflect,rejected,-0.6562,-0.00000,0.00000,-0.00000,-0.00000,0.00000,-0.000000,0.000000,0.000000,0.000000,0.000000
2088,78,work,mask_work,bob,drop_everything,rejected,-0.6376,0.00000,0.00000,-0.00000,-0.00000,-0.00000,0.000000,0.000000,0.000000,0.000000,-0.000000
2089,78,home,mask_home,carol,pair_up,accepted,2.0574,-0.00000,-0.00000,0.00000,0.00000,0.00000,0.000000,0.000000,0.000000,0.000000,0.000000
2090,78,home,mask_home,dave,teach,rejected,-3.3044,0.00000,-0.00000,0.00000,-0.00000,-0.00000,0.000000,0.000000,0.000000,-0.000000,-0.000000
2091,78,home,mask_home,bob,joke_deflect,rejected,-0.4865,-0.00000,-0.00000,0.00000,0.00000,0.00000,-0.000000,0.000000,0.000000,0.000000,0.000000
2092,78,home,mask_home,carol,teach,rejected,-2.9366,-0.00000,-0.00000,0.00000,0.00000,0.00000,0.000000,0.000000,0.000000,0.000000,0.000000
2093,78,home,mask_home,dave,help_after_task,rejected,-3.4694,0.00000,-0.00000,0.00000,-0.00000,-0.00000,0.000000,0.000000,0.000000,-0.000000,-0.000000
2094,78,home,mask_home,bob,joke_deflect,tolerated,1.4049,0.00000,-0.00000,0.00000,-0.00000,-0.00000,0.000000,0.000000,0.000000,0.000000,0.000000
2095,78,home,mask_home,carol,joke_deflect,rejected,-2.5229,-0.00000,-0.00000,0.00000,0.00000,0.00000,-0.000000,0.000000,0.000000,0.000000,0.000000
2096,78,home,mask_home,dave,quick_tip,accepted,1.6866,0.00000,-0.00000,0.00000,-0.00000,-0.00000,0.000000,0.000000,0.000000,-0.000000,-0.000000
2097,78,home,mask_home,bob,drop_everything,tolerated,1.2078,-0.00000,-0.00000,0.00000,0.00000,0.00000,-0.000000,0.000000,0.000000,0.000000,0.000000
2098,78,conference,mask_conference,carol,drop_everything,rejected,-2.4085,0.00000,0.00000,0.00000,0.00000,-0.00000,0.000000,0.000000,0.000000,0.000000,0.000000
2099,78,conference,mask_conference,dave,pair_up,accepted,1.6935,0.00000,0.00000,0.00000,-0.00000,-0.00000,0.000000,0.000000,0.000000,-0.000000,0.000000
2100,78,conference,mask_conference,bob,teach,tolerated,1.4937,0.00000,0.00000,-0.00000,-0.00000,-0.00000,0.000000,0.000000,-0.000000,0.000000,0.000000
2101,78,conference,mask_conference,carol,drop_everything,rejected,-2.4085,0.00000,0.00000,0.00000,0.00000,-0.00000,0.000000,0.000000,0.000000,0.000000,0.000000
2102,78,conference,mask_conference,dave,quick_tip,accepted,1.8495,0.00000,0.00000,0.00000,-0.00000,-0.00000,0.000000,0.000000,0.000000,-0.000000,0.000000
2103,78,conference,mask_conference,bob,pair_up,rejected,-0.7288,0.00000,0.00000,-0.00000,-0.00000,-0.00000,0.000000,0.000000,-0.000000,0.000000,0.000000
2104,78,conference,mask_conference,carol,pair_up,accepted,2.6635,0.00000,0.00000,0.00000,0.00000,-0.00000,0.000000,0.000000,0.000000,0.000000,0.000000
2105,78,conference,mask_conference,dave,drop_everything,rejected,-3.3785,0.00000,0.00000,0.00000,-0.00000,-0.00000,0.000000,0.000000,0.000000,-0.000000,0.000000
2106,78,conference,mask_conference,bob,pair_up,tolerated,1.1297,0.00000,0.00000,0.00000,-0.00000,-0.00000,0.000000,0.000000,0.000000,0.000000,0.000000
2107,79,work,mask_work,carol,joke_deflect,rejected,-0.7630,0.00000,0.00000,-0.00000,-0.00000,-0.00000,0.000000,0.000000,0.000000,0.000000,0.000000
2108,79,work,mask_work,dave,pair_up,rejected,-0.7882,-0.00000,0.00000,-0.00000,-0.00000,0.00000,-0.000000,0.000000,0.000000,0.000000,0.000000
2109,79,work,mask_work,bob,teach,tolerated,1.9404,0.00000,0.00000,-0.00000,-0.00000,-0.00000,0.000000,0.000000,0.000000,0.000000,-0.000000
2110,79,work,mask_work,carol,joke_deflect,rejected,-0.7630,0.00000,0.00000,-0.00000,-0.00000,-0.00000,0.000000,0.000000,0.000000,0.000000,0.000000
2111,79,work,mask_work,dave,quick_tip,accepted,4.3678,-0.00000,0.00000,-0.00000,-0.00000,0.00000,-0.000000,0.000000,0.000000,0.000000,0.000000
2112,79,work,mask_work,bob,joke_deflect,rejected,-0.4336,0.00000,0.00000,-0.00000,-0.00000,-0.00000,0.000000,0.000000,0.000000,0.000000,-0.000000
2113,79,work,mask_work,carol,drop_everything,rejected,-0.9670,0.00000,0.00000,-0.00000,-0.00000,-0.00000,0.000000,0.000000,0.000000,0.000000,0.000000
2114,79,work,mask_work,dave,pair_up,rejected,-0.7882,-0.00000,0.00000,-0.00000,-0.00000,0.00000,-0.000000,0.000000,0.000000,0.000000,0.000000
2115,79,work,mask_work,bob,pair_up,rejected,-0.5656,0.00000,0.00000,-0.00000,-0.00000,-0.00000,0.000000,0.000000,0.000000,0.000000,-0.000000
2116,79,home,mask_home,carol,drop_everything,accepted,1.9906,-0.00000,-0.00000,0.00000,0.00000,0.00000,0.000000,0.000000,0.000000,0.000000,0.000000
2117,79,home,mask_home,dave,quick_tip,accepted,1.6866,0.00000,-0.00000,0.00000,-0.00000,-0.00000,0.000000,0.000000,0.000000,-0.000000,-0.000000
2118,79,home,mask_home,bob,pair_up,tolerated,1.2284,0.00000,-0.00000,0.00000,0.00000,-0.00000,0.000000,0.000000,0.000000,0.000000,0.000000
2119,79,home,mask_home,carol,drop_everything,accepted,1.9906,-0.00000,-0.00000,0.00000,0.00000,0.00000,-0.000000,0.000000,0.000000,0.000000,0.000000
2120,79,home,mask_home,dave,pair_up,accepted,1.5306,0.00000,-0.00000,0.00000,-0.00000,-0.00000,0.000000,0.000000,0.000000,-0.000000,-0.000000
2121,79,home,mask_home,bob,teach,rejected,-0.8633,-0.00000,-0.00000,0.00000,-0.00000,-0.00000,-0.000000,0.000000,0.000000,0.000000,0.000000
2122,79,home,mask_home,carol,pair_up,accepted,2.0626,-0.00000,-0.00000,0.00000,0.00000,0.00000,0.000000,0.000000,0.000000,0.000000,0.000000
2123,79,home,mask_home,dave,joke_deflect,accepted,1.6626,0.00000,-0.00000,0.00000,-0.00000,-0.00000,0.000000,0.000000,0.000000,-0.000000,-0.000000
2124,79,home,mask_home,bob,drop_everything,rejected,-0.7204,0.00000,-0.00000,0.00000,-0.00000,-0.00000,0.000000,0.000000,0.000000,0.000000,0.000000
2125,79,conference,mask_conference,carol,joke_deflect,tolerated,-0.0043,0.00000,0.00000,0.00000,-0.00000,-0.00000,0.000000,0.000000,0.000000,0.000000,0.000000
2126,79,conference,mask_conference,dave,drop_everything,rejected,-3.3785,0.00000,0.00000,0.00000,-0.00000,-0.00000,0.000000,0.000000,0.000000,0.000000,0.000000
2127,79,conference,mask_conference,bob,drop_everything,rejected,-1.0859,0.00000,0.00000,-0.00000,-0.00000,-0.00000,0.000000,0.000000,-0.000000,0.000000,0.000000
2128,79,conference,mask_conference,carol,joke_deflect,tolerated,-0.0043,0.00000,0.00000,0.00000,-0.00000,-0.00000,0.000000,0.000000,0.000000,0.000000,0.000000
2129,79,conference,mask_conference,dave,pair_up,accepted,1.6935,0.00000,0.00000,0.00000,-0.00000,-0.00000,0.000000,0.000000,0.000000,0.000000,0.000000
2130,79,conference,mask_conference,bob,joke_deflect,tolerated,1.2997,0.00000,0.00000,0.00000,-0.00000,-0.00000,0.000000,0.000000,0.000000,0.000000,0.000000
2131,79,conference,mask_conference,carol,drop_everything,rejected,-2.4172,0.00000,0.00000,0.00000,0.00000,-0.00000,0.000000,0.000000,0.000000,0.000000,0.000000
2132,79,conference,mask_conference,dave,joke_deflect,accepted,1.8255,0.00000,0.00000,0.00000,-0.00000,-0.00000,0.000000,0.000000,0.000000,-0.000000,0.000000
2133,79,conference,mask_conference,bob,teach,tolerated,1.4873,0.00000,0.00000,-0.00000,-0.00000,-0.00000,0.000000,0.000000,-0.000000,0.000000,0.000000
2134,80,work,mask_work,carol,joke_deflect,rejected,-0.7630,0.00000,0.00000,-0.00000,-0.00000,-0.00000,0.000000,0.000000,0.000000,0.000000,0.000000
2135,80,work,mask_work,dave,teach,tolerated,1.5563,-0.00000,0.00000,-0.00000,-0.00000,0.00000,-0.000000,0.000000,0.000000,0.000000,0.000000
2136,80,work,mask_work,bob,teach,tolerated,1.9404,0.00000,0.00000,-0.00000,-0.00000,-0.00000,0.000000,0.000000,0.000000,0.000000,-0.000000
2137,80,work,mask_work,carol,pair_up,rejected,-0.8950,0.00000,0.00000,-0.00000,-0.00000,-0.00000,0.000000,0.000000,0.000000,0.000000,0.000000
2138,80,work,mask_work,dave,pair_up,rejected,-0.7917,-0.00000,0.00000,-0.00000,-0.00000,0.00000,-0.000000,0.000000,0.000000,0.000000,0.000000
2139,80,work,mask_work,bob,joke_deflect,rejected,-0.4336,0.00000,0.00000,-0.00000,-0.00000,-0.00000,0.000000,0.000000,0.000000,0.000000,-0.000000
2140,80,work,mask_work,carol,quick_tip,rejected,-0.6063,0.00000,0.00000,-0.00000,-0.00000,-0.00000,0.000000,0.000000,0.000000,0.000000,0.000000
2141,80,work,mask_work,dave,pair_up,rejected,-0.7917,-0.00000,0.00000,-0.00000,-0.00000,0.00000,-0.000000,0.000000,0.000000,0.000000,0.000000
2142,80,work,mask_work,bob,joke_deflect,rejected,-0.4336,0.00000,0.00000,-0.00000,-0.00000,-0.00000,0.000000,0.000000,0.000000,0.000000,-0.000000
2143,80,home,mask_home,carol,pair_up,accepted,2.0626,-0.00000,-0.00000,0.00000,0.00000,0.00000,-0.000000,0.000000,0.000000,0.000000,0.000000
2144,80,home,mask_home,dave,drop_everything,tolerated,-1.3737,0.00000,-0.00000,0.00000,-0.00000,-0.00000,0.000000,0.000000,0.000000,-0.000000,-0.000000
2145,80,home,mask_home,bob,pair_up,tolerated,1.2324,0.00000,-0.00000,0.00000,0.00000,-0.00000,0.000000,0.000000,0.000000,0.000000,0.000000
2146,80,home,mask_home,carol,teach,rejected,-2.9314,-0.00000,-0.00000,0.00000,0.00000,0.00000,-0.000000,0.000000,0.000000,0.000000,0.000000
2147,80,home,mask_home,dave,drop_everything,rejected,-3.2949,0.00000,-0.00000,0.00000,-0.00000,-0.00000,0.000000,0.000000,0.000000,-0.000000,-0.000000
2148,80,home,mask_home,bob,joke_deflect,rejected,-0.5028,-0.00000,-0.00000,0.00000,0.00000,0.00000,-0.000000,0.000000,0.000000,0.000000,0.000000
2149,80,home,mask_home,carol,drop_everything,accepted,1.9906,-0.00000,-0.00000,0.00000,0.00000,0.00000,0.000000,0.000000,0.000000,0.000000,0.000000
2150,80,home,mask_home,dave,teach,tolerated,-1.1520,0.00000,-0.00000,0.00000,-0.00000,-0.00000,0.000000,0.000000,0.000000,-0.000000,-0.000000
2151,80,home,mask_home,bob,drop_everything,rejected,-0.7231,0.00000,-0.00000,0.00000,-0.00000,-0.00000,0.000000,0.000000,0.000000,0.000000,0.000000
2152,80,conference,mask_conference,carol,pair_up,accepted,2.6548,0.00000,0.00000,0.00000,0.00000,-0.00000,0.000000,0.000000,0.000000,0.000000,0.000000
2153,80,conference,mask_conference,dave,teach,tolerated,-0.9437,0.00000,0.00000,0.00000,-0.00000,-0.00000,0.000000,0.000000,0.000000,-0.000000,0.000000
2154,80,conference,mask_conference,bob,quick_tip,rejected,-0.8627,0.00000,0.00000,-0.00000,-0.00000,-0.00000,0.000000,0.000000,-0.000000,0.000000,0.000000
2155,80,conference,mask_conference,carol,joke_deflect,tolerated,-0.0043,0.00000,0.00000,0.00000,-0.00000,-0.00000,0.000000,0.000000,0.000000,0.000000,0.000000
2156,80,conference,mask_conference,dave,pair_up,accepted,1.6887,0.00000,0.00000,0.00000,-0.00000,-0.00000,0.000000,0.000000,0.000000,0.000000,0.000000
2157,80,conference,mask_conference,bob,joke_deflect,rejected,-0.5917,0.00000,0.00000,-0.00000,0.00000,-0.00000,0.000000,0.000000,-0.000000,0.000000,0.000000
2158,80,conference,mask_conference,carol,pair_up,accepted,2.6506,0.00000,0.00000,0.00000,0.00000,-0.00000,0.000000,0.000000,0.000000,0.000000,0.000000
2159,80,conference,mask_conference,dave,joke_deflect,accepted,1.8207,0.00000,0.00000,0.00000,-0.00000,-0.00000,0.000000,0.000000,0.000000,-0.000000,0.000000
2160,80,conference,mask_conference,bob,drop_everything,rejected,-1.0863,0.00000,0.00000,-0.00000,-0.00000,-0.00000,0.000000,0.000000,-0.000000,0.000000,0.000000
2161,81,work,mask_work,carol,pair_up,rejected,-0.8901,0.00000,0.00000,-0.00000,-0.00000,-0.00000,0.000000,0.000000,0.000000,0.000000,0.000000
2162,81,work,mask_work,dave,joke_deflect,rejected,-0.6597,-0.00000,0.00000,-0.00000,-0.00000,0.00000,-0.000000,0.000000,0.000000,0.000000,0.000000
2163,81,work,mask_work,bob,pair_up,rejected,-0.5656,0.00000,0.00000,-0.00000,-0.00000,-0.00000,0.000000,0.000000,0.000000,0.000000,-0.000000
2164,81,work,mask_work,carol,drop_everything,rejected,-0.9621,0.00000,0.00000,-0.00000,-0.00000,-0.00000,0.000000,0.000000,0.000000,0.000000,0.000000
2165,81,work,mask_work,dave,joke_deflect,rejected,-0.6597,-0.00000,0.00000,-0.00000,-0.00000,0.00000,-0.000000,0.000000,0.000000,0.000000,0.000000
2166,81,work,mask_work,bob,teach,tolerated,1.9404,0.00000,0.00000,-0.00000,-0.00000,-0.00000,0.000000,0.000000,0.000000,0.000000,-0.000000
2167,81,work,mask_work,carol,teach,accepted,4.1159,0.00000,0.00000,-0.00000,-0.00000,-0.00000,0.000000,0.000000,0.000000,0.000000,0.000000
2168,81,work,mask_work,dave,teach,tolerated,1.5563,-0.00000,0.00000,-0.00000,-0.00000,0.00000,-0.000000,0.000000,0.000000,0.000000,0.000000
2169,81,work,mask_work,bob,pair_up,rejected,-0.5656,0.00000,0.00000,-0.00000,-0.00000,-0.00000,0.000000,0.000000,0.000000,0.000000,-0.000000
2170,81,home,mask_home,carol,teach,rejected,-2.9314,-0.00000,-0.00000,0.00000,0.00000,0.00000,-0.000000,0.000000,0.000000,0.000000,0.000000
2171,81,home,mask_home,dave,joke_deflect,accepted,1.6561,0.00000,-0.00000,0.00000,-0.00000,-0.00000,0.000000,0.000000,0.000000,-0.000000,-0.000000
2172,81,home,mask_home,bob,teach,rejected,-0.8583,-0.00000,-0.00000,0.00000,-0.00000,-0.00000,-0.000000,0.000000,0.000000,0.000000,0.000000
2173,81,home,mask_home,carol,joke_deflect,tolerated,-0.6315,-0.00000,-0.00000,0.00000,0.00000,0.00000,0.000000,0.000000,0.000000,0.000000,0.000000
2174,81,home,mask_home,dave,drop_everything,rejected,-3.2998,0.00000,-0.00000,0.00000,-0.00000,-0.00000,0.000000,0.000000,0.000000,-0.000000,-0.000000
2175,81,home,mask_home,bob,pair_up,rejected,-0.6185,-0.00000,-0.00000,-0.00000,-0.00000,0.00000,-0.000000,0.000000,-0.000000,0.000000,0.000000
2176,81,home,mask_home,carol,pair_up,accepted,2.0569,-0.00000,-0.00000,0.00000,0.00000,0.00000,0.000000,0.000000,0.000000,0.000000,0.000000
2177,81,home,mask_home,dave,joke_deflect,accepted,1.6605,0.00000,-0.00000,0.00000,-0.00000,-0.00000,0.000000,0.000000,0.000000,-0.000000,-0.000000
2178,81,home,mask_home,bob,pair_up,tolerated,1.2401,0.00000,-0.00000,0.00000,0.00000,-0.00000,0.000000,0.000000,0.000000,0.000000,0.000000
2179,81,conference,mask_conference,carol,drop_everything,rejected,-2.4214,0.00000,0.00000,0.00000,0.00000,-0.00000,0.000000,0.000000,0.000000,0.000000,0.000000
2180,81,conference,mask_conference,dave,joke_deflect,accepted,1.8207,0.00000,0.00000,0.00000,-0.00000,-0.00000,0.000000,0.000000,0.000000,-0.000000,0.000000
2181,81,conference,mask_conference,bob,quick_tip,rejected,-0.8583,0.00000,0.00000,-0.00000,-0.00000,-0.00000,0.000000,0.000000,-0.000000,0.000000,0.000000
2182,81,conference,mask_conference,carol,teach,accepted,2.6566,0.00000,0.00000,0.00000,0.00000,-0.00000,0.000000,0.000000,0.000000,0.000000,0.000000
2183,81,conference,mask_conference,dave,joke_deflect,accepted,1.8207,0.00000,0.00000,0.00000,-0.00000,-0.00000,0.000000,0.000000,0.000000,-0.000000,0.000000
2184,81,conference,mask_conference,bob,teach,tolerated,1.4917,0.00000,0.00000,-0.00000,-0.00000,-0.00000,0.000000,0.000000,-0.000000,0.000000,0.000000
2185,81,conference,mask_conference,carol,quick_tip,rejected,-2.1934,0.00000,0.00000,0.00000,0.00000,-0.00000,0.000000,0.000000,0.000000,0.000000,0.000000
2186,81,conference,mask_conference,dave,drop_everything,rejected,-3.3833,0.00000,0.00000,0.00000,-0.00000,-0.00000,0.000000,0.000000,0.000000,-0.000000,0.000000
2187,81,conference,mask_conference,bob,drop_everything,rejected,-1.0863,0.00000,0.00000,-0.00000,-0.00000,-0.00000,0.000000,0.000000,-0.000000,0.000000,0.000000
2188,82,work,mask_work,carol,quick_tip,tolerated,1.6282,0.00000,0.00000,-0.00000,-0.00000,0.00000,0.000000,0.000000,0.000000,0.000000,0.000000
2189,82,work,mask_work,dave,teach,tolerated,1.5563,-0.00000,0.00000,-0.00000,-0.00000,0.00000,-0.000000,0.000000,0.000000,0.000000,0.000000
2190,82,work,mask_work,bob,joke_deflect,rejected,-0.4336,0.00000,0.00000,-0.00000,-0.00000,-0.00000,0.000000,0.000000,0.000000,0.000000,-0.000000
2191,82,work,mask_work,carol,quick_tip,tolerated,1.6282,0.00000,0.00000,-0.00000,-0.00000,0.00000,0.000000,0.000000,0.000000,0.000000,0.000000
2192,82,work,mask_work,dave,drop_everything,rejected,-0.8703,-0.00000,0.00000,-0.00000,-0.00000,0.00000,-0.000000,0.000000,0.000000,0.000000,0.000000
2193,82,work,mask_work,bob,help_after_task,tolerated,1.9344,0.00000,0.00000,-0.00000,-0.00000,-0.00000,0.000000,0.000000,0.000000,0.000000,-0.000000
2194,82,work,mask_work,carol,joke_deflect,rejected,-0.7676,0.00000,0.00000,-0.00000,-0.00000,-0.00000,0.000000,0.000000,0.000000,0.000000,0.000000
2195,82,work,mask_work,dave,teach,tolerated,1.5563,-0.00000,0.00000,-0.00000,-0.00000,0.00000,-0.000000,0.000000,0.000000,0.000000,0.000000
2196,82,work,mask_work,bob,drop_everything,rejected,-0.6376,0.00000,0.00000,-0.00000,-0.00000,-0.00000,0.000000,0.000000,0.000000,0.000000,-0.000000
2197,82,home,mask_home,carol,joke_deflect,tolerated,-0.6315,-0.00000,-0.00000,0.00000,0.00000,0.00000,-0.000000,0.000000,0.000000,0.000000,0.000000
2198,82,home,mask_home,dave,joke_deflect,accepted,1.6605,0.00000,-0.00000,0.00000,-0.00000,-0.00000,0.000000,0.000000,0.000000,-0.000000,-0.000000
2199,82,home,mask_home,bob,joke_deflect,tolerated,1.3900,0.00000,-0.00000,0.00000,-0.00000,-0.00000,0.000000,0.000000,0.000000,0.000000,0.000000
2200,82,home,mask_home,carol,drop_everything,accepted,1.9793,-0.00000,-0.00000,0.00000,0.00000,0.00000,-0.000000,0.000000,0.000000,0.000000,0.000000
2201,82,home,mask_home,dave,quick_tip,accepted,1.6845,0.00000,-0.00000,0.00000,-0.00000,-0.00000,0.000000,0.000000,0.000000,-0.000000,-0.000000
2202,82,home,mask_home,bob,joke_deflect,tolerated,1.3900,0.00000,-0.00000,0.00000,-0.00000,-0.00000,0.000000,0.000000,0.000000,0.000000,0.000000
2203,82,home,mask_home,carol,pair_up,accepted,2.0513,-0.00000,-0.00000,0.00000,0.00000,0.00000,-0.000000,0.000000,0.000000,0.000000,0.000000
2204,82,home,mask_home,dave,drop_everything,rejected,-3.2998,0.00000,-0.00000,0.00000,-0.00000,-0.00000,0.000000,0.000000,0.000000,-0.000000,-0.000000
2205,82,home,mask_home,bob,teach,rejected,-0.8729,-0.00000,-0.00000,0.00000,-0.00000,-0.00000,-0.000000,0.000000,0.000000,0.000000,0.000000
2206,82,conference,mask_conference,carol,joke_deflect,tolerated,-0.0043,0.00000,0.00000,0.00000,-0.00000,-0.00000,0.000000,0.000000,0.000000,0.000000,0.000000
2207,82,conference,mask_conference,dave,pair_up,accepted,1.6887,0.00000,0.00000,0.00000,-0.00000,-0.00000,0.000000,0.000000,0.000000,0.000000,0.000000
2208,82,conference,mask_conference,bob,pair_up,rejected,-0.7293,0.00000,0.00000,-0.00000,-0.00000,-0.00000,0.000000,0.000000,-0.000000,0.000000,0.000000
2209,82,conference,mask_conference,carol,joke_deflect,rejected,-1.8957,0.00000,0.00000,0.00000,0.00000,-0.00000,0.000000,0.000000,0.000000,0.000000,0.000000
2210,82,conference,mask_conference,dave,quick_tip,accepted,1.8447,0.00000,0.00000,0.00000,-0.00000,-0.00000,0.000000,0.000000,0.000000,-0.000000,0.000000
2211,82,conference,mask_conference,bob,joke_deflect,tolerated,1.3059,0.00000,0.00000,0.00000,-0.00000,-0.00000,0.000000,0.000000,0.000000,0.000000,0.000000
2212,82,conference,mask_conference,carol,pair_up,accepted,2.6511,0.00000,0.00000,0.00000,0.00000,-0.00000,0.000000,0.000000,0.000000,0.000000,0.000000
2213,82,conference,mask_conference,dave,drop_everything,rejected,-3.3833,0.00000,0.00000,0.00000,-0.00000,-0.00000,0.000000,0.000000,0.000000,-0.000000,0.000000
2214,82,conference,mask_conference,bob,drop_everything,rejected,-1.0848,0.00000,0.00000,-0.00000,-0.00000,-0.00000,0.000000,0.000000,-0.000000,0.000000,0.000000
2215,83,work,mask_work,carol,quick_tip,tolerated,1.6282,0.00000,0.00000,-0.00000,-0.00000,0.00000,0.000000,0.000000,0.000000,0.000000,0.000000
2216,83,work,mask_work,dave,quick_tip,accepted,4.3546,-0.00000,0.00000,-0.00000,-0.00000,0.00000,-0.000000,0.000000,0.000000,0.000000,0.000000
2217,83,work,mask_work,bob,teach,tolerated,1.9404,0.00000,0.00000,-0.00000,-0.00000,-0.00000,0.000000,0.000000,0.000000,0.000000,-0.000000
2218,83,work,mask_work,carol,joke_deflect,rejected,-0.7719,0.00000,0.00000,-0.00000,-0.00000,-0.00000,0.000000,0.000000,0.000000,0.000000,0.000000
2219,83,work,mask_work,dave,pair_up,rejected,-0.8014,-0.00000,0.00000,-0.00000,-0.00000,0.00000,-0.000000,0.000000,0.000000,0.000000,0.000000
2220,83,work,mask_work,bob,teach,tolerated,1.9404,0.00000,0.00000,-0.00000,-0.00000,-0.00000,0.000000,0.000000,0.000000,0.000000,-0.000000
2221,83,work,mask_work,carol,joke_deflect,rejected,-0.7719,0.00000,0.00000,-0.00000,-0.00000,-0.00000,0.000000,0.000000,0.000000,0.000000,0.000000
2222,83,work,mask_work,dave,teach,tolerated,1.5563,-0.00000,0.00000,-0.00000,-0.00000,0.00000,-0.000000,0.000000,0.000000,0.000000,0.000000
2223,83,work,mask_work,bob,teach,tolerated,1.9404,0.00000,0.00000,-0.00000,-0.00000,-0.00000,0.000000,0.000000,0.000000,0.000000,-0.000000
2224,83,home,mask_home,carol,joke_deflect,tolerated,-0.6315,-0.00000,-0.00000,0.00000,0.00000,0.00000,0.000000,0.000000,0.000000,0.000000,0.000000
2225,83,home,mask_home,dave,drop_everything,tolerated,-1.3786,0.00000,-0.00000,0.00000,-0.00000,-0.00000,0.000000,0.000000,0.000000,-0.000000,-0.000000
2226,83,home,mask_home,bob,joke_deflect,rejected,-0.5015,-0.00000,0.00000,0.00000,0.00000,0.00000,-0.000000,0.000000,0.000000,0.000000,0.000000
2227,83,home,mask_home,carol,teach,rejected,-2.9480,-0.00000,-0.00000,0.00000,0.00000,0.00000,0.000000,-0.000000,0.000000,0.000000,0.000000
2228,83,home,mask_home,dave,teach,rejected,-3.3031,0.00000,-0.00000,0.00000,-0.00000,-0.00000,0.000000,0.000000,0.000000,-0.000000,-0.000000
2229,83,home,mask_home,bob,joke_deflect,tolerated,1.3900,0.00000,-0.00000,0.00000,-0.00000,-0.00000,0.000000,0.000000,0.000000,0.000000,0.000000
2230,83,home,mask_home,carol,teach,rejected,-2.9480,-0.00000,-0.00000,0.00000,0.00000,0.00000,-0.000000,0.000000,0.000000,0.000000,0.000000
2231,83,home,mask_home,dave,teach,rejected,-3.3031,0.00000,-0.00000,0.00000,-0.00000,-0.00000,0.000000,0.000000,0.000000,-0.000000,-0.000000
2232,83,home,mask_home,bob,pair_up,rejected,-0.6324,-0.00000,-0.00000,-0.00000,-0.00000,0.00000,-0.000000,0.000000,-0.000000,0.000000,0.000000
2233,83,conference,mask_conference,carol,pair_up,accepted,2.6511,0.00000,0.00000,0.00000,0.00000,-0.00000,0.000000,0.000000,0.000000,0.000000,0.000000
2234,83,conference,mask_conference,dave,joke_deflect,accepted,1.8207,0.00000,0.00000,0.00000,-0.00000,-0.00000,0.000000,0.000000,0.000000,-0.000000,0.000000
2235,83,conference,mask_conference,bob,help_after_task,tolerated,1.4872,0.00000,0.00000,-0.00000,-0.00000,-0.00000,0.000000,0.000000,-0.000000,0.000000,0.000000
2236,83,conference,mask_conference,carol,help_after_task,rejected,-2.3290,0.00000,0.00000,0.00000,0.00000,-0.00000,0.000000,0.000000,0.000000,0.000000,0.000000
2237,83,conference,mask_conference,dave,pair_up,accepted,1.6887,0.00000,0.00000,0.00000,-0.00000,-0.00000,0.000000,0.000000,0.000000,-0.000000,0.000000
2238,83,conference,mask_conference,bob,teach,tolerated,1.4932,0.00000,0.00000,-0.00000,-0.00000,-0.00000,0.000000,0.000000,-0.000000,0.000000,0.000000
2239,83,conference,mask_conference,carol,pair_up,accepted,2.6561,0.00000,0.00000,0.00000,0.00000,-0.00000,0.000000,0.000000,0.000000,0.000000,0.000000
2240,83,conference,mask_conference,dave,drop_everything,rejected,-3.3833,0.00000,0.00000,0.00000,-0.00000,-0.00000,0.000000,0.000000,0.000000,-0.000000,0.000000
2241,83,conference,mask_conference,bob,drop_everything,rejected,-1.0848,0.00000,0.00000,-0.00000,-0.00000,-0.00000,0.000000,0.000000,-0.000000,0.000000,0.000000
2242,84,work,mask_work,carol,pair_up,rejected,-0.9039,0.00000,0.00000,-0.00000,-0.00000,-0.00000,0.000000,0.000000,0.000000,0.000000,0.000000
2243,84,work,mask_work,dave,pair_up,rejected,-0.8044,-0.00000,0.00000,-0.00000,-0.00000,0.00000,-0.000000,0.000000,0.000000,0.000000,0.000000
2244,84,work,mask_work,bob,drop_everything,rejected,-0.6376,0.00000,0.00000,-0.00000,-0.00000,-0.00000,0.000000,0.000000,0.000000,0.000000,-0.000000
2245,84,work,mask_work,carol,drop_everything,rejected,-0.9759,0.00000,0.00000,-0.00000,-0.00000,-0.00000,0.000000,0.000000,0.000000,0.000000,0.000000
2246,84,work,mask_work,dave,joke_deflect,rejected,-0.6724,-0.00000,0.00000,-0.00000,-0.00000,0.00000,-0.000000,0.000000,0.000000,0.000000,0.000000
2247,84,work,mask_work,bob,joke_deflect,rejected,-0.4336,0.00000,0.00000,-0.00000,-0.00000,-0.00000,0.000000,0.000000,0.000000,0.000000,-0.000000
2248,84,work,mask_work,carol,pair_up,rejected,-0.9039,0.00000,0.00000,-0.00000,-0.00000,-0.00000,0.000000,0.000000,0.000000,0.000000,0.000000
2249,84,work,mask_work,dave,drop_everything,rejected,-0.8764,-0.00000,0.00000,-0.00000,-0.00000,0.00000,-0.000000,0.000000,0.000000,0.000000,0.000000
2250,84,work,mask_work,bob,pair_up,rejected,-0.5656,0.00000,0.00000,-0.00000,-0.00000,-0.00000,0.000000,0.000000,0.000000,0.000000,-0.000000
2251,84,home,mask_home,carol,joke_deflect,tolerated,-0.6315,-0.00000,-0.00000,0.00000,0.00000,0.00000,0.000000,0.000000,0.000000,0.000000,0.000000
2252,84,home,mask_home,dave,quick_tip,accepted,1.6911,0.00000,-0.00000,0.00000,-0.00000,-0.00000,0.000000,0.000000,0.000000,-0.000000,-0.000000
2253,84,home,mask_home,bob,quick_tip,rejected,-0.5817,0.00000,-0.00000,0.00000,-0.00000,-0.00000,0.000000,0.000000,0.000000,0.000000,0.000000
2254,84,home,mask_home,carol,teach,rejected,-2.9532,-0.00000,-0.00000,0.00000,0.00000,0.00000,-0.000000,0.000000,0.000000,0.000000,0.000000
2255,84,home,mask_home,dave,teach,rejected,-3.3031,0.00000,-0.00000,0.00000,-0.00000,-0.00000,0.000000,0.000000,0.000000,-0.000000,-0.000000
2256,84,home,mask_home,bob,joke_deflect,rejected,-0.4912,-0.00000,-0.00000,0.00000,0.00000,0.00000,-0.000000,0.000000,0.000000,0.000000,0.000000
2257,84,home,mask_home,carol,pair_up,accepted,2.0408,-0.00000,-0.00000,0.00000,0.00000,0.00000,0.000000,0.000000,0.000000,0.000000,0.000000
2258,84,home,mask_home,dave,quick_tip,accepted,1.6949,0.00000,-0.00000,0.00000,-0.00000,-0.00000,0.000000,0.000000,0.000000,-0.000000,-0.000000
2259,84,home,mask_home,bob,drop_everything,tolerated,1.1958,-0.00000,-0.00000,0.00000,0.00000,0.00000,-0.000000,0.000000,0.000000,0.000000,0.000000
2260,84,conference,mask_conference,carol,drop_everything,rejected,-2.4159,0.00000,0.00000,0.00000,0.00000,-0.00000,0.000000,0.000000,0.000000,0.000000,0.000000
2261,84,conference,mask_conference,dave,drop_everything,rejected,-3.3833,0.00000,0.00000,0.00000,-0.00000,-0.00000,0.000000,0.000000,0.000000,-0.000000,0.000000
2262,84,conference,mask_conference,bob,pair_up,rejected,-0.7339,0.00000,0.00000,-0.00000,-0.00000,-0.00000,0.000000,0.000000,-0.000000,0.000000,0.000000
2263,84,conference,mask_conference,carol,drop_everything,rejected,-2.4159,0.00000,0.00000,0.00000,0.00000,-0.00000,0.000000,0.000000,0.000000,0.000000,0.000000
2264,84,conference,mask_conference,dave,teach,rejected,-3.0977,0.00000,-0.00000,0.00000,-0.00000,-0.00000,0.000000,-0.000000,0.000000,-0.000000,0.000000
2265,84,conference,mask_conference,bob,drop_everything,rejected,-1.0789,0.00000,0.00000,-0.00000,-0.00000,-0.00000,0.000000,0.000000,-0.000000,0.000000,0.000000
2266,84,conference,mask_conference,carol,pair_up,accepted,2.6561,0.00000,0.00000,0.00000,0.00000,-0.00000,0.000000,0.000000,0.000000,0.000000,0.000000
2267,84,conference,mask_conference,dave,teach,tolerated,-0.9437,0.00000,0.00000,0.00000,-0.00000,-0.00000,0.000000,0.000000,0.000000,-0.000000,0.000000
2268,84,conference,mask_conference,bob,pair_up,rejected,-0.7339,0.00000,0.00000,-0.00000,-0.00000,-0.00000,0.000000,0.000000,-0.000000,0.000000,0.000000
2269,85,work,mask_work,carol,teach,accepted,4.1021,0.00000,0.00000,-0.00000,-0.00000,-0.00000,0.000000,0.000000,0.000000,0.000000,0.000000
2270,85,work,mask_work,dave,pair_up,rejected,-0.8044,-0.00000,0.00000,-0.00000,-0.00000,0.00000,-0.000000,0.000000,0.000000,0.000000,0.000000
2271,85,work,mask_work,bob,pair_up,rejected,-0.5656,0.00000,0.00000,-0.00000,-0.00000,-0.00000,0.000000,0.000000,0.000000,0.000000,-0.000000
2272,85,work,mask_work,carol,pair_up,rejected,-0.9039,0.00000,0.00000,-0.00000,-0.00000,-0.00000,0.000000,0.000000,0.000000,0.000000,0.000000
2273,85,work,mask_work,dave,drop_everything,rejected,-0.8764,-0.00000,0.00000,-0.00000,-0.00000,0.00000,-0.000000,0.000000,0.000000,0.000000,0.000000
2274,85,work,mask_work,bob,pair_up,rejected,-0.5656,0.00000,0.00000,-0.00000,-0.00000,-0.00000,0.000000,0.000000,0.000000,0.000000,-0.000000
2275,85,work,mask_work,carol,teach,accepted,4.1021,0.00000,0.00000,-0.00000,-0.00000,-0.00000,0.000000,0.000000,0.000000,0.000000,0.000000
2276,85,work,mask_work,dave,pair_up,rejected,-0.8044,-0.00000,0.00000,-0.00000,-0.00000,0.00000,-0.000000,0.000000,0.000000,0.000000,0.000000
2277,85,work,mask_work,bob,pair_up,rejected,-0.5656,0.00000,0.00000,-0.00000,-0.00000,-0.00000,0.000000,0.000000,0.000000,0.000000,-0.000000
2278,85,home,mask_home,carol,drop_everything,accepted,1.9688,-0.00000,-0.00000,0.00000,0.00000,0.00000,0.000000,0.000000,0.000000,0.000000,0.000000
2279,85,home,mask_home,dave,pair_up,accepted,1.5389,0.00000,-0.00000,0.00000,-0.00000,-0.00000,0.000000,0.000000,0.000000,-0.000000,-0.000000
2280,85,home,mask_home,bob,drop_everything,tolerated,1.1958,-0.00000,-0.00000,0.00000,0.00000,0.00000,-0.000000,0.000000,0.000000,0.000000,0.000000
2281,85,home,mask_home,carol,joke_deflect,tolerated,-0.6315,-0.00000,-0.00000,0.00000,0.00000,0.00000,0.000000,0.000000,0.000000,0.000000,0.000000
2282,85,home,mask_home,dave,joke_deflect,accepted,1.6709,0.00000,-0.00000,0.00000,-0.00000,-0.00000,0.000000,0.000000,0.000000,-0.000000,-0.000000
2283,85,home,mask_home,bob,pair_up,tolerated,1.2239,0.00000,-0.00000,0.00000,0.00000,-0.00000,0.000000,0.000000,0.000000,0.000000,0.000000
2284,85,home,mask_home,carol,pair_up,accepted,2.0359,-0.00000,-0.00000,0.00000,0.00000,0.00000,-0.000000,0.000000,0.000000,0.000000,0.000000
2285,85,home,mask_home,dave,teach,rejected,-3.3031,0.00000,-0.00000,0.00000,-0.00000,-0.00000,0.000000,0.000000,0.000000,-0.000000,-0.000000
2286,85,home,mask_home,bob,teach,rejected,-0.8792,-0.00000,-0.00000,0.00000,-0.00000,-0.00000,-0.000000,0.000000,0.000000,0.000000,0.000000
2287,85,conference,mask_conference,carol,pair_up,accepted,2.6561,0.00000,0.00000,0.00000,0.00000,-0.00000,0.000000,0.000000,0.000000,0.000000,0.000000
2288,85,conference,mask_conference,dave,pair_up,accepted,1.6909,0.00000,0.00000,0.00000,-0.00000,-0.00000,0.000000,0.000000,0.000000,-0.000000,0.000000
2289,85,conference,mask_conference,bob,joke_deflect,rejected,-0.5738,0.00000,0.00000,-0.00000,0.00000,-0.00000,0.000000,0.000000,-0.000000,0.000000,0.000000
2290,85,conference,mask_conference,carol,drop_everything,rejected,-2.4159,0.00000,0.00000,0.00000,0.00000,-0.00000,0.000000,0.000000,0.000000,0.000000,0.000000
2291,85,conference,mask_conference,dave,joke_deflect,accepted,1.8229,0.00000,0.00000,0.00000,-0.00000,-0.00000,0.000000,0.000000,0.000000,-0.000000,0.000000
2292,85,conference,mask_conference,bob,teach,tolerated,1.5091,0.00000,0.00000,-0.00000,-0.00000,-0.00000,0.000000,0.000000,-0.000000,0.000000,0.000000
2293,85,conference,mask_conference,carol,teach,accepted,2.6621,0.00000,0.00000,0.00000,0.00000,-0.00000,0.000000,0.000000,0.000000,0.000000,0.000000
2294,85,conference,mask_conference,dave,pair_up,accepted,1.6909,0.00000,0.00000,0.00000,-0.00000,-0.00000,0.000000,0.000000,0.000000,-0.000000,0.000000
2295,85,conference,mask_conference,bob,teach,tolerated,1.5091,0.00000,0.00000,-0.00000,-0.00000,-0.00000,0.000000,0.000000,-0.000000,0.000000,0.000000
2296,86,work,mask_work,carol,drop_everything,rejected,-0.9759,0.00000,0.00000,-0.00000,-0.00000,-0.00000,0.000000,0.000000,0.000000,0.000000,0.000000
2297,86,work,mask_work,dave,pair_up,rejected,-0.8044,-0.00000,0.00000,-0.00000,-0.00000,0.00000,-0.000000,0.000000,0.000000,0.000000,0.000000
2298,86,work,mask_work,bob,drop_everything,rejected,-0.6376,0.00000,0.00000,-0.00000,-0.00000,-0.00000,0.000000,0.000000,0.000000,0.000000,-0.000000
2299,86,work,mask_work,carol,drop_everything,rejected,-0.9759,0.00000,0.00000,-0.00000,-0.00000,-0.00000,0.000000,0.000000,0.000000,0.000000,0.000000
2300,86,work,mask_work,dave,drop_everything,rejected,-0.8764,-0.00000,0.00000,-0.00000,-0.00000,0.00000,-0.000000,0.000000,0.000000,0.000000,0.000000
2301,86,work,mask_work,bob,teach,tolerated,1.9404,0.00000,0.00000,-0.00000,-0.00000,-0.00000,0.000000,0.000000,0.000000,0.000000,-0.000000
2302,86,work,mask_work,carol,teach,accepted,4.1021,0.00000,0.00000,-0.00000,-0.00000,-0.00000,0.000000,0.000000,0.000000,0.000000,0.000000
2303,86,work,mask_work,dave,pair_up,rejected,-0.8044,-0.00000,0.00000,-0.00000,-0.00000,0.00000,-0.000000,0.000000,0.000000,0.000000,0.000000
2304,86,work,mask_work,bob,teach,tolerated,1.9404,0.00000,0.00000,-0.00000,-0.00000,-0.00000,0.000000,0.000000,0.000000,0.000000,-0.000000
2305,86,home,mask_home,carol,joke_deflect,tolerated,-0.6315,-0.00000,-0.00000,0.00000,0.00000,0.00000,0.000000,0.000000,0.000000,0.000000,0.000000
2306,86,home,mask_home,dave,teach,rejected,-3.3031,0.00000,-0.00000,0.00000,-0.00000,-0.00000,0.000000,0.000000,0.000000,-0.000000,-0.000000
2307,86,home,mask_home,bob,drop_everything,rejected,-0.7316,0.00000,-0.00000,0.00000,-0.00000,-0.00000,0.000000,0.000000,0.000000,0.000000,0.000000
2308,86,home,mask_home,carol,drop_everything,accepted,1.9590,-0.00000,-0.00000,0.00000,0.00000,0.00000,-0.000000,0.000000,0.000000,0.000000,0.000000
2309,86,home,mask_home,dave,drop_everything,rejected,-3.2808,0.00000,-0.00000,0.00000,-0.00000,-0.00000,0.000000,0.000000,0.000000,-0.000000,-0.000000
2310,86,home,mask_home,bob,pair_up,tolerated,1.2277,0.00000,-0.00000,0.00000,0.00000,-0.00000,0.000000,0.000000,0.000000,0.000000,0.000000
2311,86,home,mask_home,carol,drop_everything,accepted,1.9590,-0.00000,-0.00000,0.00000,0.00000,0.00000,-0.000000,0.000000,0.000000,0.000000,0.000000
2312,86,home,mask_home,dave,teach,rejected,-3.2990,0.00000,-0.00000,0.00000,-0.00000,-0.00000,0.000000,0.000000,0.000000,-0.000000,-0.000000
2313,86,home,mask_home,bob,joke_deflect,tolerated,1.3794,0.00000,-0.00000,0.00000,-0.00000,-0.00000,0.000000,0.000000,0.000000,0.000000,0.000000
2314,86,conference,mask_conference,carol,drop_everything,rejected,-2.4159,0.00000,0.00000,0.00000,0.00000,-0.00000,0.000000,0.000000,0.000000,0.000000,0.000000
2315,86,conference,mask_conference,dave,joke_deflect,accepted,1.8229,0.00000,0.00000,0.00000,-0.00000,-0.00000,0.000000,0.000000,0.000000,-0.000000,0.000000
2316,86,conference,mask_conference,bob,pair_up,tolerated,1.1289,0.00000,0.00000,0.00000,-0.00000,-0.00000,0.000000,0.000000,0.000000,0.000000,0.000000
2317,86,conference,mask_conference,carol,joke_deflect,tolerated,0.0007,0.00000,0.00000,0.00000,-0.00000,-0.00000,0.000000,0.000000,0.000000,0.000000,0.000000
2318,86,conference,mask_conference,dave,drop_everything,rejected,-3.3811,0.00000,0.00000,0.00000,-0.00000,-0.00000,0.000000,0.000000,0.000000,0.000000,0.000000
2319,86,conference,mask_conference,bob,drop_everything,rejected,-1.0765,0.00000,0.00000,-0.00000,-0.00000,-0.00000,0.000000,0.000000,-0.000000,0.000000,0.000000
2320,86,conference,mask_conference,carol,joke_deflect,tolerated,0.0007,0.00000,0.00000,0.00000,-0.00000,-0.00000,0.000000,0.000000,0.000000,0.000000,0.000000
2321,86,conference,mask_conference,dave,teach,tolerated,-0.9437,0.00000,0.00000,0.00000,-0.00000,-0.00000,0.000000,0.000000,0.000000,0.000000,0.000000
2322,86,conference,mask_conference,bob,drop_everything,rejected,-1.0765,0.00000,0.00000,-0.00000,-0.00000,-0.00000,0.000000,0.000000,-0.000000,0.000000,0.000000
2323,87,work,mask_work,carol,quick_tip,tolerated,1.6282,0.00000,0.00000,-0.00000,-0.00000,0.00000,0.000000,0.000000,0.000000,0.000000,0.000000
2324,87,work,mask_work,dave,drop_everything,rejected,-0.8764,-0.00000,0.00000,-0.00000,-0.00000,0.00000,-0.000000,0.000000,0.000000,0.000000,0.000000
2325,87,work,mask_work,bob,joke_deflect,rejected,-0.4336,0.00000,0.00000,-0.00000,-0.00000,-0.00000,0.000000,0.000000,0.000000,0.000000,-0.000000
2326,87,work,mask_work,carol,quick_tip,rejected,-0.6063,0.00000,0.00000,-0.00000,-0.00000,-0.00000,0.000000,0.000000,0.000000,0.000000,0.000000
2327,87,work,mask_work,dave,joke_deflect,rejected,-0.6724,-0.00000,0.00000,-0.00000,-0.00000,0.00000,-0.000000,0.000000,0.000000,0.000000,0.000000
2328,87,work,mask_work,bob,drop_everything,rejected,-0.6376,0.00000,0.00000,-0.00000,-0.00000,-0.00000,0.000000,0.000000,0.000000,0.000000,-0.000000
2329,87,work,mask_work,carol,teach,accepted,4.1027,0.00000,0.00000,-0.00000,-0.00000,-0.00000,0.000000,0.000000,0.000000,0.000000,0.000000
2330,87,work,mask_work,dave,pair_up,rejected,-0.8044,-0.00000,0.00000,-0.00000,-0.00000,0.00000,-0.000000,0.000000,0.000000,0.000000,0.000000
2331,87,work,mask_work,bob,joke_deflect,rejected,-0.4336,0.00000,0.00000,-0.00000,-0.00000,-0.00000,0.000000,0.000000,0.000000,0.000000,-0.000000
2332,87,home,mask_home,carol,joke_deflect,rejected,-2.5229,-0.00000,-0.00000,0.00000,0.00000,0.00000,-0.000000,0.000000,0.000000,0.000000,0.000000
2333,87,home,mask_home,dave,drop_everything,rejected,-3.2775,0.00000,-0.00000,0.00000,-0.00000,-0.00000,0.000000,0.000000,0.000000,-0.000000,-0.000000
2334,87,home,mask_home,bob,pair_up,tolerated,1.2221,0.00000,-0.00000,0.00000,0.00000,-0.00000,0.000000,0.000000,0.000000,0.000000,0.000000
2335,87,home,mask_home,carol,teach,rejected,-2.9580,-0.00000,-0.00000,0.00000,0.00000,0.00000,-0.000000,0.000000,0.000000,0.000000,0.000000
2336,87,home,mask_home,dave,joke_deflect,accepted,1.6893,0.00000,-0.00000,0.00000,-0.00000,-0.00000,0.000000,0.000000,0.000000,-0.000000,-0.000000
2337,87,home,mask_home,bob,joke_deflect,rejected,-0.5179,-0.00000,0.00000,0.00000,0.00000,0.00000,-0.000000,0.000000,0.000000,0.000000,0.000000
2338,87,home,mask_home,carol,drop_everything,accepted,1.9640,-0.00000,-0.00000,0.00000,0.00000,0.00000,0.000000,-0.000000,0.000000,0.000000,0.000000
2339,87,home,mask_home,dave,joke_deflect,accepted,1.6893,0.00000,-0.00000,0.00000,-0.00000,-0.00000,0.000000,0.000000,0.000000,-0.000000,-0.000000
2340,87,home,mask_home,bob,joke_deflect,tolerated,1.3735,0.00000,-0.00000,0.00000,-0.00000,-0.00000,0.000000,0.000000,0.000000,0.000000,0.000000
2341,87,conference,mask_conference,carol,teach,accepted,2.6543,0.00000,0.00000,0.00000,0.00000,-0.00000,0.000000,0.000000,0.000000,0.000000,0.000000
2342,87,conference,mask_conference,dave,joke_deflect,accepted,1.8186,0.00000,0.00000,0.00000,-0.00000,-0.00000,0.000000,0.000000,0.000000,-0.000000,0.000000
2343,87,conference,mask_conference,bob,pair_up,rejected,-0.7297,0.00000,0.00000,-0.00000,-0.00000,-0.00000,0.000000,0.000000,-0.000000,0.000000,0.000000
2344,87,conference,mask_conference,carol,pair_up,accepted,2.6483,0.00000,0.00000,0.00000,0.00000,-0.00000,0.000000,0.000000,0.000000,0.000000,0.000000
2345,87,conference,mask_conference,dave,joke_deflect,accepted,1.8186,0.00000,0.00000,0.00000,-0.00000,-0.00000,0.000000,0.000000,0.000000,-0.000000,0.000000
2346,87,conference,mask_conference,bob,quick_tip,rejected,-0.8430,0.00000,0.00000,-0.00000,-0.00000,-0.00000,0.000000,0.000000,-0.000000,0.000000,0.000000
2347,87,conference,mask_conference,carol,drop_everything,rejected,-2.4237,0.00000,0.00000,0.00000,0.00000,-0.00000,0.000000,0.000000,0.000000,0.000000,0.000000
2348,87,conference,mask_conference,dave,pair_up,accepted,1.6866,0.00000,0.00000,0.00000,-0.00000,-0.00000,0.000000,0.000000,0.000000,-0.000000,0.000000
2349,87,conference,mask_conference,bob,drop_everything,rejected,-1.0710,0.00000,0.00000,-0.00000,-0.00000,-0.00000,0.000000,0.000000,-0.000000,0.000000,0.000000
2350,88,work,mask_work,carol,quick_tip,tolerated,1.6282,0.00000,0.00000,-0.00000,-0.00000,0.00000,0.000000,0.000000,0.000000,0.000000,0.000000
2351,88,work,mask_work,dave,pair_up,rejected,-0.8044,-0.00000,0.00000,-0.00000,-0.00000,0.00000,-0.000000,0.000000,0.000000,0.000000,0.000000
2352,88,work,mask_work,bob,pair_up,rejected,-0.5656,0.00000,0.00000,-0.00000,-0.00000,-0.00000,0.000000,0.000000,0.000000,0.000000,-0.000000
2353,88,work,mask_work,carol,teach,accepted,4.0989,0.00000,0.00000,-0.00000,-0.00000,-0.00000,0.000000,0.000000,0.000000,0.000000,0.000000
2354,88,work,mask_work,dave,pair_up,rejected,-0.8044,-0.00000,0.00000,-0.00000,-0.00000,0.00000,-0.000000,0.000000,0.000000,0.000000,0.000000
2355,88,work,mask_work,bob,drop_everything,rejected,-0.6376,0.00000,0.00000,-0.00000,-0.00000,-0.00000,0.000000,0.000000,0.000000,0.000000,-0.000000
2356,88,work,mask_work,carol,teach,accepted,4.0989,0.00000,0.00000,-0.00000,-0.00000,-0.00000,0.000000,0.000000,0.000000,0.000000,0.000000
2357,88,work,mask_work,dave,teach,rejected,-0.5977,-0.00000,0.00000,-0.00000,-0.00000,0.00000,-0.000000,0.000000,0.000000,0.000000,0.000000
2358,88,work,mask_work,bob,pair_up,rejected,-0.5656,0.00000,0.00000,-0.00000,-0.00000,-0.00000,0.000000,0.000000,0.000000,0.000000,-0.000000
2359,88,home,mask_home,carol,pair_up,accepted,2.0360,-0.00000,-0.00000,0.00000,0.00000,0.00000,-0.000000,0.000000,0.000000,0.000000,0.000000
2360,88,home,mask_home,dave,pair_up,accepted,1.5573,0.00000,-0.00000,0.00000,-0.00000,-0.00000,0.000000,0.000000,0.000000,-0.000000,-0.000000
2361,88,home,mask_home,bob,help_after_task,rejected,-0.9005,0.00000,-0.00000,0.00000,-0.00000,-0.00000,0.000000,0.000000,0.000000,0.000000,0.000000
2362,88,home,mask_home,carol,teach,rejected,-2.9580,-0.00000,-0.00000,0.00000,0.00000,0.00000,-0.000000,0.000000,0.000000,0.000000,0.000000
2363,88,home,mask_home,dave,joke_deflect,accepted,1.6893,0.00000,-0.00000,0.00000,-0.00000,-0.00000,0.000000,0.000000,0.000000,-0.000000,-0.000000
2364,88,home,mask_home,bob,pair_up,tolerated,1.2205,0.00000,-0.00000,0.00000,0.00000,-0.00000,0.000000,0.000000,0.000000,0.000000,0.000000
2365,88,home,mask_home,carol,drop_everything,accepted,1.9640,-0.00000,-0.00000,0.00000,0.00000,0.00000,-0.000000,0.000000,0.000000,0.000000,0.000000
2366,88,home,mask_home,dave,pair_up,accepted,1.5573,0.00000,-0.00000,0.00000,-0.00000,-0.00000,0.000000,0.000000,0.000000,-0.000000,-0.000000
2367,88,home,mask_home,bob,joke_deflect,rejected,-0.5235,-0.00000,0.00000,0.00000,0.00000,0.00000,-0.000000,0.000000,0.000000,0.000000,0.000000
2368,88,conference,mask_conference,carol,pair_up,accepted,2.6483,0.00000,0.00000,0.00000,0.00000,-0.00000,0.000000,0.000000,0.000000,0.000000,0.000000
2369,88,conference,mask_conference,dave,pair_up,accepted,1.6866,0.00000,0.00000,0.00000,-0.00000,-0.00000,0.000000,0.000000,0.000000,-0.000000,0.000000
2370,88,conference,mask_conference,bob,drop_everything,rejected,-1.0710,0.00000,0.00000,-0.00000,-0.00000,-0.00000,0.000000,0.000000,-0.000000,0.000000,0.000000
2371,88,conference,mask_conference,carol,joke_deflect,tolerated,0.0007,0.00000,0.00000,0.00000,-0.00000,-0.00000,0.000000,0.000000,0.000000,0.000000,0.000000
2372,88,conference,mask_conference,dave,joke_deflect,accepted,1.8186,0.00000,0.00000,0.00000,-0.00000,-0.00000,0.000000,0.000000,0.000000,0.000000,0.000000
2373,88,conference,mask_conference,bob,pair_up,rejected,-0.7297,0.00000,0.00000,-0.00000,-0.00000,-0.00000,0.000000,0.000000,-0.000000,0.000000,0.000000
2374,88,conference,mask_conference,carol,teach,accepted,2.6506,0.00000,0.00000,0.00000,0.00000,-0.00000,0.000000,0.000000,0.000000,0.000000,0.000000
2375,88,conference,mask_conference,dave,drop_everything,rejected,-3.3854,0.00000,0.00000,0.00000,-0.00000,-0.00000,0.000000,0.000000,0.000000,-0.000000,0.000000
2376,88,conference,mask_conference,bob,pair_up,tolerated,1.1289,0.00000,0.00000,0.00000,-0.00000,-0.00000,0.000000,0.000000,0.000000,0.000000,0.000000
2377,89,work,mask_work,carol,joke_deflect,rejected,-0.7751,0.00000,0.00000,-0.00000,-0.00000,-0.00000,0.000000,0.000000,0.000000,0.000000,0.000000
2378,89,work,mask_work,dave,drop_everything,rejected,-0.8724,-0.00000,0.00000,-0.00000,-0.00000,0.00000,-0.000000,0.000000,0.000000,0.000000,0.000000
2379,89,work,mask_work,bob,teach,tolerated,1.9404,0.00000,0.00000,-0.00000,-0.00000,-0.00000,0.000000,0.000000,0.000000,0.000000,-0.000000
2380,89,work,mask_work,carol,drop_everything,rejected,-0.9791,0.00000,0.00000,-0.00000,-0.00000,-0.00000,0.000000,0.000000,0.000000,0.000000,0.000000
2381,89,work,mask_work,dave,pair_up,rejected,-0.8004,-0.00000,0.00000,-0.00000,-0.00000,0.00000,-0.000000,0.000000,0.000000,0.000000,0.000000
2382,89,work,mask_work,bob,drop_everything,rejected,-0.6376,0.00000,0.00000,-0.00000,-0.00000,-0.00000,0.000000,0.000000,0.000000,0.000000,-0.000000
2383,89,work,mask_work,carol,joke_deflect,rejected,-0.7751,0.00000,0.00000,-0.00000,-0.00000,-0.00000,0.000000,0.000000,0.000000,0.000000,0.000000
2384,89,work,mask_work,dave,joke_deflect,rejected,-0.6684,-0.00000,0.00000,-0.00000,-0.00000,0.00000,-0.000000,0.000000,0.000000,0.000000,0.000000
2385,89,work,mask_work,bob,joke_deflect,rejected,-0.4336,0.00000,0.00000,-0.00000,-0.00000,-0.00000,0.000000,0.000000,0.000000,0.000000,-0.000000
2386,89,home,mask_home,carol,pair_up,accepted,2.0360,-0.00000,-0.00000,0.00000,0.00000,0.00000,0.000000,-0.000000,0.000000,0.000000,0.000000
2387,89,home,mask_home,dave,joke_deflect,accepted,1.6893,0.00000,-0.00000,0.00000,-0.00000,-0.00000,0.000000,0.000000,0.000000,-0.000000,-0.000000
2388,89,home,mask_home,bob,joke_deflect,rejected,-0.5235,-0.00000,0.00000,0.00000,0.00000,0.00000,-0.000000,0.000000,0.000000,0.000000,0.000000
2389,89,home,mask_home,carol,joke_deflect,tolerated,-0.6315,-0.00000,-0.00000,0.00000,0.00000,0.00000,0.000000,-0.000000,0.000000,0.000000,0.000000
2390,89,home,mask_home,dave,quick_tip,accepted,1.7133,0.00000,-0.00000,0.00000,-0.00000,-0.00000,0.000000,0.000000,0.000000,-0.000000,-0.000000
2391,89,home,mask_home,bob,drop_everything,tolerated,1.1721,-0.00000,-0.00000,0.00000,0.00000,0.00000,-0.000000,0.000000,0.000000,0.000000,0.000000
2392,89,home,mask_home,carol,joke_deflect,tolerated,-0.6315,-0.00000,-0.00000,0.00000,0.00000,0.00000,0.000000,0.000000,0.000000,0.000000,0.000000
2393,89,home,mask_home,dave,quick_tip,accepted,1.7133,0.00000,-0.00000,0.00000,-0.00000,-0.00000,0.000000,0.000000,0.000000,-0.000000,-0.000000
2394,89,home,mask_home,bob,teach,rejected,-0.8988,-0.00000,-0.00000,0.00000,-0.00000,-0.00000,-0.000000,0.000000,0.000000,0.000000,0.000000
2395,89,conference,mask_conference,carol,joke_deflect,tolerated,0.0007,0.00000,0.00000,0.00000,-0.00000,-0.00000,0.000000,0.000000,0.000000,0.000000,0.000000
2396,89,conference,mask_conference,dave,teach,rejected,-3.0977,0.00000,-0.00000,0.00000,-0.00000,-0.00000,0.000000,-0.000000,0.000000,0.000000,0.000000
2397,89,conference,mask_conference,bob,help_after_task,tolerated,1.4990,0.00000,0.00000,-0.00000,-0.00000,-0.00000,0.000000,0.000000,-0.000000,0.000000,0.000000
2398,89,conference,mask_conference,carol,pair_up,accepted,2.6410,0.00000,0.00000,0.00000,0.00000,-0.00000,0.000000,0.000000,0.000000,0.000000,0.000000
2399,89,conference,mask_conference,dave,teach,tolerated,-0.9437,0.00000,0.00000,0.00000,-0.00000,-0.00000,0.000000,0.000000,0.000000,-0.000000,0.000000
2400,89,conference,mask_conference,bob,quick_tip,rejected,-0.8450,0.00000,0.00000,-0.00000,-0.00000,-0.00000,0.000000,0.000000,-0.000000,0.000000,0.000000
2401,89,conference,mask_conference,carol,joke_deflect,tolerated,0.0007,0.00000,0.00000,0.00000,-0.00000,-0.00000,0.000000,0.000000,0.000000,0.000000,0.000000
2402,89,conference,mask_conference,dave,drop_everything,rejected,-3.3833,0.00000,0.00000,0.00000,-0.00000,-0.00000,0.000000,0.000000,0.000000,0.000000,0.000000
2403,89,conference,mask_conference,bob,drop_everything,rejected,-1.0730,0.00000,0.00000,-0.00000,-0.00000,-0.00000,0.000000,0.000000,-0.000000,0.000000,0.000000
2404,90,work,mask_work,carol,teach,accepted,4.0989,0.00000,0.00000,-0.00000,-0.00000,-0.00000,0.000000,0.000000,0.000000,0.000000,0.000000
2405,90,work,mask_work,dave,pair_up,rejected,-0.8004,-0.00000,0.00000,-0.00000,-0.00000,0.00000,-0.000000,0.000000,0.000000,0.000000,0.000000
2406,90,work,mask_work,bob,pair_up,rejected,-0.5656,0.00000,0.00000,-0.00000,-0.00000,-0.00000,0.000000,0.000000,0.000000,0.000000,-0.000000
2407,90,work,mask_work,carol,joke_deflect,rejected,-0.7751,0.00000,0.00000,-0.00000,-0.00000,-0.00000,0.000000,0.000000,0.000000,0.000000,0.000000
2408,90,work,mask_work,dave,drop_everything,rejected,-0.8724,-0.00000,0.00000,-0.00000,-0.00000,0.00000,-0.000000,0.000000,0.000000,0.000000,0.000000
2409,90,work,mask_work,bob,joke_deflect,rejected,-0.4336,0.00000,0.00000,-0.00000,-0.00000,-0.00000,0.000000,0.000000,0.000000,0.000000,-0.000000
2410,90,work,mask_work,carol,help_after_task,tolerated,1.5705,0.00000,0.00000,-0.00000,-0.00000,-0.00000,0.000000,0.000000,0.000000,0.000000,0.000000
2411,90,work,mask_work,dave,pair_up,rejected,-0.8004,-0.00000,0.00000,-0.00000,-0.00000,0.00000,-0.000000,0.000000,0.000000,0.000000,0.000000
2412,90,work,mask_work,bob,quick_tip,rejected,-0.2826,0.00000,0.00000,-0.00000,-0.00000,-0.00000,0.000000,0.000000,0.000000,0.000000,-0.000000
2413,90,home,mask_home,carol,joke_deflect,tolerated,-0.6315,-0.00000,-0.00000,0.00000,0.00000,0.00000,0.000000,0.000000,0.000000,0.000000,0.000000
2414,90,home,mask_home,dave,quick_tip,accepted,1.7133,0.00000,-0.00000,0.00000,-0.00000,-0.00000,0.000000,0.000000,0.000000,-0.000000,-0.000000
2415,90,home,mask_home,bob,quick_tip,rejected,-0.6161,0.00000,-0.00000,0.00000,0.00000,-0.00000,0.000000,0.000000,0.000000,0.000000,0.000000
2416,90,home,mask_home,carol,joke_deflect,rejected,-2.5229,-0.00000,-0.00000,0.00000,0.00000,0.00000,-0.000000,0.000000,0.000000,0.000000,0.000000
2417,90,home,mask_home,dave,pair_up,accepted,1.5573,0.00000,-0.00000,0.00000,-0.00000,-0.00000,0.000000,0.000000,0.000000,-0.000000,-0.000000
2418,90,home,mask_home,bob,quick_tip,rejected,-0.6161,0.00000,-0.00000,0.00000,0.00000,-0.00000,0.000000,0.000000,0.000000,0.000000,0.000000
2419,90,home,mask_home,carol,drop_everything,accepted,1.9552,-0.00000,-0.00000,0.00000,0.00000,0.00000,-0.000000,0.000000,0.000000,0.000000,0.000000
2420,90,home,mask_home,dave,joke_deflect,accepted,1.6893,0.00000,-0.00000,0.00000,-0.00000,-0.00000,0.000000,0.000000,0.000000,-0.000000,-0.000000
2421,90,home,mask_home,bob,pair_up,rejected,-0.6257,-0.00000,-0.00000,-0.00000,-0.00000,0.00000,-0.000000,0.000000,-0.000000,0.000000,0.000000
2422,90,conference,mask_conference,carol,drop_everything,rejected,-2.4346,0.00000,0.00000,0.00000,0.00000,-0.00000,0.000000,0.000000,0.000000,0.000000,0.000000
2423,90,conference,mask_conference,dave,teach,rejected,-3.0977,0.00000,-0.00000,0.00000,-0.00000,-0.00000,0.000000,-0.000000,0.000000,-0.000000,0.000000
2424,90,conference,mask_conference,bob,drop_everything,rejected,-1.0730,0.00000,0.00000,-0.00000,-0.00000,-0.00000,0.000000,0.000000,-0.000000,0.000000,0.000000
2425,90,conference,mask_conference,carol,joke_deflect,rejected,-1.8907,0.00000,0.00000,0.00000,0.00000,-0.00000,0.000000,0.000000,0.000000,0.000000,0.000000
2426,90,conference,mask_conference,dave,joke_deflect,accepted,1.8265,0.00000,0.00000,0.00000,-0.00000,-0.00000,0.000000,0.000000,0.000000,-0.000000,0.000000
2427,90,conference,mask_conference,bob,teach,tolerated,1.5050,0.00000,0.00000,-0.00000,-0.00000,-0.00000,0.000000,0.000000,-0.000000,0.000000,0.000000
2428,90,conference,mask_conference,carol,quick_tip,rejected,-2.2022,0.00000,0.00000,0.00000,0.00000,-0.00000,0.000000,0.000000,0.000000,0.000000,0.000000
2429,90,conference,mask_conference,dave,joke_deflect,accepted,1.8265,0.00000,0.00000,0.00000,-0.00000,-0.00000,0.000000,0.000000,0.000000,-0.000000,0.000000
2430,90,conference,mask_conference,bob,joke_deflect,tolerated,1.3135,0.00000,0.00000,0.00000,-0.00000,-0.00000,0.000000,0.000000,0.000000,0.000000,0.000000
2431,91,work,mask_work,carol,drop_everything,rejected,-0.9816,0.00000,0.00000,-0.00000,-0.00000,-0.00000,0.000000,0.000000,0.000000,0.000000,0.000000
2432,91,work,mask_work,dave,joke_deflect,rejected,-0.6684,-0.00000,0.00000,-0.00000,-0.00000,0.00000,-0.000000,0.000000,0.000000,0.000000,0.000000
2433,91,work,mask_work,bob,joke_deflect,rejected,-0.4283,0.00000,0.00000,-0.00000,-0.00000,-0.00000,0.000000,0.000000,0.000000,0.000000,-0.000000
2434,91,work,mask_work,carol,pair_up,rejected,-0.9096,0.00000,0.00000,-0.00000,-0.00000,-0.00000,0.000000,0.000000,0.000000,0.000000,0.000000
2435,91,work,mask_work,dave,pair_up,rejected,-0.8004,-0.00000,0.00000,-0.00000,-0.00000,0.00000,-0.000000,0.000000,0.000000,0.000000,0.000000
2436,91,work,mask_work,bob,drop_everything,rejected,-0.6323,0.00000,0.00000,-0.00000,-0.00000,-0.00000,0.000000,0.000000,0.000000,0.000000,-0.000000
2437,91,work,mask_work,carol,teach,accepted,4.0964,0.00000,0.00000,-0.00000,-0.00000,-0.00000,0.000000,0.000000,0.000000,0.000000,0.000000
2438,91,work,mask_work,dave,teach,tolerated,1.5563,-0.00000,0.00000,-0.00000,-0.00000,0.00000,-0.000000,0.000000,0.000000,0.000000,0.000000
2439,91,work,mask_work,bob,pair_up,rejected,-0.5603,0.00000,0.00000,-0.00000,-0.00000,-0.00000,0.000000,0.000000,0.000000,0.000000,-0.000000
2440,91,home,mask_home,carol,drop_everything,accepted,1.9552,-0.00000,-0.00000,0.00000,0.00000,0.00000,0.000000,0.000000,0.000000,0.000000,0.000000
2441,91,home,mask_home,dave,joke_deflect,accepted,1.6893,0.00000,-0.00000,0.00000,-0.00000,-0.00000,0.000000,0.000000,0.000000,-0.000000,-0.000000
2442,91,home,mask_home,bob,teach,rejected,-0.8838,-0.00000,-0.00000,0.00000,-0.00000,-0.00000,-0.000000,0.000000,0.000000,0.000000,0.000000
2443,91,home,mask_home,carol,pair_up,accepted,2.0272,-0.00000,-0.00000,0.00000,0.00000,0.00000,0.000000,0.000000,0.000000,0.000000,0.000000
2444,91,home,mask_home,dave,drop_everything,rejected,-3.2775,0.00000,-0.00000,0.00000,-0.00000,-0.00000,0.000000,0.000000,0.000000,-0.000000,-0.000000
2445,91,home,mask_home,bob,pair_up,rejected,-0.6257,-0.00000,-0.00000,-0.00000,-0.00000,0.00000,-0.000000,0.000000,-0.000000,0.000000,0.000000
2446,91,home,mask_home,carol,drop_everything,accepted,1.9552,-0.00000,-0.00000,0.00000,0.00000,0.00000,0.000000,0.000000,0.000000,0.000000,0.000000
2447,91,home,mask_home,dave,pair_up,accepted,1.5612,0.00000,-0.00000,0.00000,-0.00000,-0.00000,0.000000,0.000000,0.000000,-0.000000,-0.000000
2448,91,home,mask_home,bob,pair_up,tolerated,1.2329,0.00000,-0.00000,0.00000,0.00000,-0.00000,0.000000,0.000000,0.000000,0.000000,0.000000
2449,91,conference,mask_conference,carol,quick_tip,rejected,-2.2022,0.00000,0.00000,0.00000,0.00000,-0.00000,0.000000,0.000000,0.000000,0.000000,0.000000
2450,91,conference,mask_conference,dave,pair_up,accepted,1.6945,0.00000,0.00000,0.00000,-0.00000,-0.00000,0.000000,0.000000,0.000000,-0.000000,0.000000
2451,91,conference,mask_conference,bob,quick_tip,rejected,-0.8496,0.00000,0.00000,-0.00000,-0.00000,-0.00000,0.000000,0.000000,-0.000000,0.000000,0.000000
2452,91,conference,mask_conference,carol,drop_everything,rejected,-2.4302,0.00000,0.00000,0.00000,0.00000,-0.00000,0.000000,0.000000,0.000000,0.000000,0.000000
2453,91,conference,mask_conference,dave,quick_tip,accepted,1.8505,0.00000,0.00000,0.00000,-0.00000,-0.00000,0.000000,0.000000,0.000000,-0.000000,0.000000
2454,91,conference,mask_conference,bob,pair_up,tolerated,1.1244,0.00000,0.00000,0.00000,-0.00000,-0.00000,0.000000,0.000000,0.000000,0.000000,0.000000
2455,91,conference,mask_conference,carol,drop_everything,rejected,-2.4302,0.00000,0.00000,0.00000,0.00000,-0.00000,0.000000,0.000000,0.000000,0.000000,0.000000
2456,91,conference,mask_conference,dave,teach,rejected,-3.0977,0.00000,-0.00000,0.00000,-0.00000,-0.00000,0.000000,-0.000000,0.000000,-0.000000,0.000000
2457,91,conference,mask_conference,bob,pair_up,tolerated,1.1244,0.00000,0.00000,0.00000,-0.00000,-0.00000,0.000000,0.000000,0.000000,0.000000,0.000000
2458,92,work,mask_work,carol,joke_deflect,rejected,-0.7776,0.00000,0.00000,-0.00000,-0.00000,-0.00000,0.000000,0.000000,0.000000,0.000000,0.000000
2459,92,work,mask_work,dave,drop_everything,rejected,-0.8753,-0.00000,0.00000,-0.00000,-0.00000,0.00000,-0.000000,0.000000,0.000000,0.000000,0.000000
2460,92,work,mask_work,bob,drop_everything,rejected,-0.6323,0.00000,0.00000,-0.00000,-0.00000,-0.00000,0.000000,0.000000,0.000000,0.000000,-0.000000
2461,92,work,mask_work,carol,pair_up,rejected,-0.9096,0.00000,0.00000,-0.00000,-0.00000,-0.00000,0.000000,0.000000,0.000000,0.000000,0.000000
2462,92,work,mask_work,dave,joke_deflect,rejected,-0.6713,-0.00000,0.00000,-0.00000,-0.00000,0.00000,-0.000000,0.000000,0.000000,0.000000,0.000000
2463,92,work,mask_work,bob,quick_tip,tolerated,1.9519,-0.00000,0.00000,-0.00000,-0.00000,0.00000,0.000000,0.000000,0.000000,0.000000,0.000000
2464,92,work,mask_work,carol,pair_up,rejected,-0.9096,0.00000,0.00000,-0.00000,-0.00000,-0.00000,0.000000,0.000000,0.000000,0.000000,-0.000000
2465,92,work,mask_work,dave,joke_deflect,rejected,-0.6713,-0.00000,0.00000,-0.00000,-0.00000,0.00000,-0.000000,0.000000,0.000000,0.000000,0.000000
2466,92,work,mask_work,bob,quick_tip,tolerated,1.9519,-0.00000,0.00000,-0.00000,-0.00000,0.00000,0.000000,0.000000,0.000000,0.000000,0.000000
2467,92,home,mask_home,carol,joke_deflect,rejected,-2.5229,-0.00000,-0.00000,0.00000,0.00000,0.00000,-0.000000,0.000000,0.000000,0.000000,0.000000
2468,92,home,mask_home,dave,joke_deflect,accepted,1.6932,0.00000,-0.00000,0.00000,-0.00000,-0.00000,0.000000,0.000000,0.000000,-0.000000,-0.000000
2469,92,home,mask_home,bob,pair_up,rejected,-0.6257,-0.00000,-0.00000,-0.00000,-0.00000,0.00000,-0.000000,0.000000,-0.000000,0.000000,0.000000
2470,92,home,mask_home,carol,teach,rejected,-2.9621,-0.00000,-0.00000,0.00000,0.00000,0.00000,0.000000,0.000000,0.000000,0.000000,0.000000
2471,92,home,mask_home,dave,pair_up,accepted,1.5612,0.00000,-0.00000,0.00000,-0.00000,-0.00000,0.000000,0.000000,0.000000,-0.000000,-0.000000
2472,92,home,mask_home,bob,teach,rejected,-0.8817,-0.00000,-0.00000,0.00000,-0.00000,-0.00000,-0.000000,0.000000,0.000000,0.000000,0.000000
2473,92,home,mask_home,carol,teach,rejected,-2.9621,-0.00000,-0.00000,0.00000,0.00000,0.00000,0.000000,0.000000,0.000000,0.000000,0.000000
2474,92,home,mask_home,dave,quick_tip,accepted,1.7172,0.00000,-0.00000,0.00000,-0.00000,-0.00000,0.000000,0.000000,0.000000,-0.000000,-0.000000
2475,92,home,mask_home,bob,joke_deflect,rejected,-0.5122,-0.00000,-0.00000,0.00000,0.00000,0.00000,-0.000000,0.000000,0.000000,0.000000,0.000000
2476,92,conference,mask_conference,carol,pair_up,accepted,2.6418,0.00000,0.00000,0.00000,0.00000,-0.00000,0.000000,0.000000,0.000000,0.000000,0.000000
2477,92,conference,mask_conference,dave,teach,rejected,-3.0977,0.00000,-0.00000,0.00000,-0.00000,-0.00000,0.000000,-0.000000,0.000000,-0.000000,0.000000
2478,92,conference,mask_conference,bob,drop_everything,rejected,-1.0913,0.00000,0.00000,-0.00000,-0.00000,-0.00000,0.000000,0.000000,-0.000000,0.000000,0.000000
2479,92,conference,mask_conference,carol,pair_up,accepted,2.6418,0.00000,0.00000,0.00000,0.00000,-0.00000,0.000000,0.000000,0.000000,0.000000,0.000000
2480,92,conference,mask_conference,dave,drop_everything,rejected,-3.3669,0.00000,0.00000,0.00000,-0.00000,-0.00000,0.000000,0.000000,0.000000,-0.000000,0.000000
2481,92,conference,mask_conference,bob,quick_tip,rejected,-0.8633,0.00000,0.00000,-0.00000,-0.00000,-0.00000,0.000000,0.000000,-0.000000,0.000000,0.000000
2482,92,conference,mask_conference,carol,drop_everything,rejected,-2.4302,0.00000,0.00000,0.00000,0.00000,-0.00000,0.000000,0.000000,0.000000,0.000000,0.000000
2483,92,conference,mask_conference,dave,teach,tolerated,-0.9437,0.00000,0.00000,0.00000,-0.00000,-0.00000,0.000000,0.000000,0.000000,-0.000000,0.000000
2484,92,conference,mask_conference,bob,pair_up,tolerated,1.1244,0.00000,0.00000,0.00000,-0.00000,-0.00000,0.000000,0.000000,0.000000,0.000000,0.000000
2485,93,work,mask_work,carol,drop_everything,rejected,-0.9816,0.00000,0.00000,-0.00000,-0.00000,-0.00000,0.000000,0.000000,0.000000,0.000000,-0.000000
2486,93,work,mask_work,dave,joke_deflect,rejected,-0.6713,-0.00000,0.00000,-0.00000,-0.00000,0.00000,-0.000000,0.000000,0.000000,0.000000,0.000000
2487,93,work,mask_work,bob,drop_everything,rejected,-0.6433,0.00000,0.00000,-0.00000,-0.00000,0.00000,0.000000,0.000000,0.000000,0.000000,0.000000
2488,93,work,mask_work,carol,pair_up,rejected,-0.9096,0.00000,0.00000,-0.00000,-0.00000,-0.00000,0.000000,0.000000,0.000000,0.000000,-0.000000
2489,93,work,mask_work,dave,joke_deflect,rejected,-0.6713,-0.00000,0.00000,-0.00000,-0.00000,0.00000,-0.000000,0.000000,0.000000,0.000000,0.000000
2490,93,work,mask_work,bob,pair_up,rejected,-0.5713,0.00000,0.00000,-0.00000,-0.00000,0.00000,0.000000,0.000000,0.000000,0.000000,0.000000
2491,93,work,mask_work,carol,drop_everything,rejected,-0.9816,0.00000,0.00000,-0.00000,-0.00000,-0.00000,0.000000,0.000000,0.000000,0.000000,-0.000000
2492,93,work,mask_work,dave,help_after_task,tolerated,1.6768,-0.00000,0.00000,-0.00000,-0.00000,0.00000,-0.000000,0.000000,0.000000,0.000000,0.000000
2493,93,work,mask_work,bob,pair_up,rejected,-0.5713,0.00000,0.00000,-0.00000,-0.00000,0.00000,0.000000,0.000000,0.000000,0.000000,0.000000
2494,93,home,mask_home,carol,teach,rejected,-2.9621,-0.00000,-0.00000,0.00000,0.00000,0.00000,0.000000,0.000000,0.000000,0.000000,0.000000
2495,93,home,mask_home,dave,drop_everything,rejected,-3.2775,0.00000,-0.00000,0.00000,-0.00000,-0.00000,0.000000,0.000000,0.000000,-0.000000,-0.000000
2496,93,home,mask_home,bob,teach,rejected,-0.8783,-0.00000,-0.00000,0.00000,-0.00000,-0.00000,-0.000000,0.000000,0.000000,0.000000,0.000000
2497,93,home,mask_home,carol,pair_up,accepted,2.0319,-0.00000,-0.00000,0.00000,0.00000,0.00000,0.000000,0.000000,0.000000,0.000000,0.000000
2498,93,home,mask_home,dave,pair_up,accepted,1.5649,0.00000,-0.00000,0.00000,-0.00000,-0.00000,0.000000,0.000000,0.000000,-0.000000,-0.000000
2499,93,home,mask_home,bob,drop_everything,rejected,-0.7285,0.00000,-0.00000,0.00000,-0.00000,-0.00000,0.000000,0.000000,0.000000,0.000000,0.000000
2500,93,home,mask_home,carol,joke_deflect,rejected,-2.5229,-0.00000,-0.00000,0.00000,0.00000,0.00000,-0.000000,0.000000,0.000000,0.000000,0.000000
2501,93,home,mask_home,dave,quick_tip,accepted,1.7209,0.00000,-0.00000,0.00000,-0.00000,-0.00000,0.000000,0.000000,0.000000,-0.000000,-0.000000
2502,93,home,mask_home,bob,teach,rejected,-0.8746,-0.00000,-0.00000,0.00000,-0.00000,-0.00000,-0.000000,0.000000,0.000000,0.000000,0.000000
2503,93,conference,mask_conference,carol,joke_deflect,rejected,-1.8907,0.00000,0.00000,0.00000,0.00000,-0.00000,0.000000,0.000000,0.000000,0.000000,0.000000
2504,93,conference,mask_conference,dave,drop_everything,rejected,-3.3709,0.00000,0.00000,0.00000,-0.00000,-0.00000,0.000000,0.000000,0.000000,-0.000000,0.000000
2505,93,conference,mask_conference,bob,pair_up,tolerated,1.1244,0.00000,0.00000,0.00000,-0.00000,-0.00000,0.000000,0.000000,0.000000,0.000000,0.000000
2506,93,conference,mask_conference,carol,quick_tip,rejected,-2.1980,0.00000,0.00000,0.00000,0.00000,-0.00000,0.000000,0.000000,0.000000,0.000000,0.000000
2507,93,conference,mask_conference,dave,pair_up,accepted,1.7011,0.00000,0.00000,0.00000,-0.00000,-0.00000,0.000000,0.000000,0.000000,-0.000000,0.000000
2508,93,conference,mask_conference,bob,joke_deflect,tolerated,1.2870,0.00000,0.00000,0.00000,-0.00000,-0.00000,0.000000,0.000000,0.000000,0.000000,0.000000
2509,93,conference,mask_conference,carol,pair_up,accepted,2.6460,0.00000,0.00000,0.00000,0.00000,-0.00000,0.000000,0.000000,0.000000,0.000000,0.000000
2510,93,conference,mask_conference,dave,teach,rejected,-3.0977,0.00000,-0.00000,0.00000,-0.00000,-0.00000,0.000000,-0.000000,0.000000,-0.000000,0.000000
2511,93,conference,mask_conference,bob,pair_up,tolerated,1.1200,0.00000,0.00000,0.00000,-0.00000,-0.00000,0.000000,0.000000,0.000000,0.000000,0.000000
2512,94,work,mask_work,carol,drop_everything,rejected,-0.9816,0.00000,0.00000,-0.00000,-0.00000,-0.00000,0.000000,0.000000,0.000000,0.000000,-0.000000
2513,94,work,mask_work,dave,drop_everything,rejected,-0.8803,-0.00000,0.00000,-0.00000,-0.00000,0.00000,-0.000000,0.000000,0.000000,0.000000,0.000000
2514,94,work,mask_work,bob,teach,tolerated,1.9347,0.00000,0.00000,-0.00000,-0.00000,0.00000,0.000000,0.000000,0.000000,0.000000,0.000000
2515,94,work,mask_work,carol,drop_everything,rejected,-0.9816,0.00000,0.00000,-0.00000,-0.00000,-0.00000,0.000000,0.000000,0.000000,0.000000,-0.000000
2516,94,work,mask_work,dave,pair_up,rejected,-0.8083,-0.00000,0.00000,-0.00000,-0.00000,0.00000,-0.000000,0.000000,0.000000,0.000000,0.000000
2517,94,work,mask_work,bob,help_after_task,tolerated,1.9287,0.00000,0.00000,-0.00000,-0.00000,0.00000,0.000000,0.000000,0.000000,0.000000,0.000000
2518,94,work,mask_work,carol,joke_deflect,rejected,-0.7776,0.00000,0.00000,-0.00000,-0.00000,-0.00000,0.000000,0.000000,0.000000,0.000000,-0.000000
2519,94,work,mask_work,dave,joke_deflect,rejected,-0.6763,-0.00000,0.00000,-0.00000,-0.00000,0.00000,-0.000000,0.000000,0.000000,0.000000,0.000000
2520,94,work,mask_work,bob,pair_up,rejected,-0.5713,0.00000,0.00000,-0.00000,-0.00000,0.00000,0.000000,0.000000,0.000000,0.000000,0.000000
2521,94,home,mask_home,carol,drop_everything,accepted,1.9644,-0.00000,-0.00000,0.00000,0.00000,0.00000,0.000000,0.000000,0.000000,0.000000,0.000000
2522,94,home,mask_home,dave,pair_up,accepted,1.5649,0.00000,-0.00000,0.00000,-0.00000,-0.00000,0.000000,0.000000,0.000000,-0.000000,-0.000000
2523,94,home,mask_home,bob,joke_deflect,tolerated,1.3828,0.00000,-0.00000,0.00000,-0.00000,-0.00000,0.000000,0.000000,0.000000,0.000000,0.000000
2524,94,home,mask_home,carol,drop_everything,accepted,1.9644,-0.00000,-0.00000,0.00000,0.00000,0.00000,-0.000000,0.000000,0.000000,0.000000,0.000000
2525,94,home,mask_home,dave,pair_up,accepted,1.5649,0.00000,-0.00000,0.00000,-0.00000,-0.00000,0.000000,0.000000,0.000000,-0.000000,-0.000000
2526,94,home,mask_home,bob,joke_deflect,tolerated,1.3828,0.00000,-0.00000,0.00000,-0.00000,-0.00000,0.000000,0.000000,0.000000,0.000000,0.000000
2527,94,home,mask_home,carol,quick_tip,rejected,-2.6259,-0.00000,-0.00000,0.00000,0.00000,0.00000,-0.000000,0.000000,0.000000,0.000000,0.000000
2528,94,home,mask_home,dave,drop_everything,tolerated,-1.3562,0.00000,-0.00000,0.00000,-0.00000,-0.00000,0.000000,0.000000,0.000000,-0.000000,-0.000000
2529,94,home,mask_home,bob,joke_deflect,rejected,-0.5086,-0.00000,-0.00000,0.00000,0.00000,0.00000,-0.000000,0.000000,0.000000,0.000000,0.000000
2530,94,conference,mask_conference,carol,joke_deflect,tolerated,0.0007,0.00000,0.00000,0.00000,-0.00000,-0.00000,0.000000,0.000000,0.000000,0.000000,0.000000
2531,94,conference,mask_conference,dave,joke_deflect,accepted,1.8380,0.00000,0.00000,0.00000,-0.00000,-0.00000,0.000000,0.000000,0.000000,0.000000,0.000000
2532,94,conference,mask_conference,bob,pair_up,rejected,-0.7386,0.00000,0.00000,-0.00000,-0.00000,-0.00000,0.000000,0.000000,-0.000000,0.000000,0.000000
2533,94,conference,mask_conference,carol,pair_up,accepted,2.6426,0.00000,0.00000,0.00000,0.00000,-0.00000,0.000000,0.000000,0.000000,0.000000,0.000000
2534,94,conference,mask_conference,dave,joke_deflect,accepted,1.8380,0.00000,0.00000,0.00000,-0.00000,-0.00000,0.000000,0.000000,0.000000,-0.000000,0.000000
2535,94,conference,mask_conference,bob,drop_everything,rejected,-1.1092,0.00000,0.00000,-0.00000,-0.00000,-0.00000,0.000000,0.000000,-0.000000,0.000000,0.000000
2536,94,conference,mask_conference,carol,quick_tip,rejected,-2.2014,0.00000,0.00000,0.00000,0.00000,-0.00000,0.000000,0.000000,0.000000,0.000000,0.000000
2537,94,conference,mask_conference,dave,pair_up,accepted,1.7060,0.00000,0.00000,0.00000,-0.00000,-0.00000,0.000000,0.000000,0.000000,-0.000000,0.000000
2538,94,conference,mask_conference,bob,pair_up,tolerated,1.1200,0.00000,0.00000,0.00000,-0.00000,-0.00000,0.000000,0.000000,0.000000,0.000000,0.000000
2539,95,work,mask_work,carol,teach,accepted,4.0964,0.00000,0.00000,-0.00000,-0.00000,-0.00000,0.000000,0.000000,0.000000,0.000000,-0.000000
2540,95,work,mask_work,dave,joke_deflect,rejected,-0.6763,-0.00000,0.00000,-0.00000,-0.00000,0.00000,-0.000000,0.000000,0.000000,0.000000,0.000000
2541,95,work,mask_work,bob,joke_deflect,rejected,-0.4393,0.00000,0.00000,-0.00000,-0.00000,0.00000,0.000000,0.000000,0.000000,0.000000,0.000000
2542,95,work,mask_work,carol,drop_everything,rejected,-0.9816,0.00000,0.00000,-0.00000,-0.00000,-0.00000,0.000000,0.000000,0.000000,0.000000,-0.000000
2543,95,work,mask_work,dave,drop_everything,rejected,-0.8803,-0.00000,0.00000,-0.00000,-0.00000,0.00000,-0.000000,0.000000,0.000000,0.000000,0.000000
2544,95,work,mask_work,bob,teach,tolerated,1.9347,0.00000,0.00000,-0.00000,-0.00000,0.00000,0.000000,0.000000,0.000000,0.000000,0.000000
2545,95,work,mask_work,carol,pair_up,rejected,-0.9096,0.00000,0.00000,-0.00000,-0.00000,-0.00000,0.000000,0.000000,0.000000,0.000000,-0.000000
2546,95,work,mask_work,dave,pair_up,rejected,-0.8083,-0.00000,0.00000,-0.00000,-0.00000,0.00000,-0.000000,0.000000,0.000000,0.000000,0.000000
2547,95,work,mask_work,bob,joke_deflect,rejected,-0.4393,0.00000,0.00000,-0.00000,-0.00000,0.00000,0.000000,0.000000,0.000000,0.000000,0.000000
2548,95,home,mask_home,carol,teach,rejected,-2.9485,-0.00000,-0.00000,0.00000,0.00000,0.00000,0.000000,0.000000,0.000000,0.000000,0.000000
2549,95,home,mask_home,dave,help_after_task,rejected,-3.4406,0.00000,-0.00000,0.00000,-0.00000,-0.00000,0.000000,0.000000,0.000000,-0.000000,-0.000000
2550,95,home,mask_home,bob,help_after_task,rejected,-0.8873,0.00000,-0.00000,0.00000,-0.00000,-0.00000,0.000000,0.000000,0.000000,0.000000,0.000000
2551,95,home,mask_home,carol,quick_tip,rejected,-2.6259,-0.00000,-0.00000,0.00000,0.00000,0.00000,-0.000000,0.000000,0.000000,0.000000,0.000000
2552,95,home,mask_home,dave,pair_up,accepted,1.5594,0.00000,-0.00000,0.00000,-0.00000,-0.00000,0.000000,0.000000,0.000000,-0.000000,-0.000000
2553,95,home,mask_home,bob,pair_up,rejected,-0.6253,-0.00000,-0.00000,-0.00000,-0.00000,0.00000,-0.000000,0.000000,-0.000000,0.000000,0.000000
2554,95,home,mask_home,carol,teach,rejected,-2.9403,-0.00000,-0.00000,0.00000,0.00000,0.00000,0.000000,0.000000,0.000000,0.000000,0.000000
2555,95,home,mask_home,dave,pair_up,accepted,1.5594,0.00000,-0.00000,0.00000,-0.00000,-0.00000,0.000000,0.000000,0.000000,-0.000000,-0.000000
2556,95,home,mask_home,bob,drop_everything,tolerated,1.1896,-0.00000,-0.00000,0.00000,0.00000,0.00000,-0.000000,0.000000,0.000000,0.000000,0.000000
2557,95,conference,mask_conference,carol,pair_up,accepted,2.6426,0.00000,0.00000,0.00000,0.00000,-0.00000,0.000000,0.000000,0.000000,0.000000,0.000000
2558,95,conference,mask_conference,dave,drop_everything,rejected,-3.3660,0.00000,0.00000,0.00000,-0.00000,-0.00000,0.000000,0.000000,0.000000,-0.000000,0.000000
2559,95,conference,mask_conference,bob,pair_up,rejected,-0.7386,0.00000,0.00000,-0.00000,-0.00000,-0.00000,0.000000,0.000000,-0.000000,0.000000,0.000000
2560,95,conference,mask_conference,carol,teach,accepted,2.6486,0.00000,0.00000,0.00000,0.00000,-0.00000,0.000000,0.000000,0.000000,0.000000,0.000000
2561,95,conference,mask_conference,dave,pair_up,accepted,1.7060,0.00000,0.00000,0.00000,-0.00000,-0.00000,0.000000,0.000000,0.000000,-0.000000,0.000000
2562,95,conference,mask_conference,bob,teach,tolerated,1.4681,0.00000,0.00000,-0.00000,-0.00000,-0.00000,0.000000,0.000000,-0.000000,0.000000,0.000000
2563,95,conference,mask_conference,carol,joke_deflect,tolerated,0.0007,0.00000,0.00000,0.00000,-0.00000,-0.00000,0.000000,0.000000,0.000000,0.000000,0.000000
2564,95,conference,mask_conference,dave,teach,rejected,-3.0977,0.00000,-0.00000,0.00000,-0.00000,-0.00000,0.000000,-0.000000,0.000000,0.000000,0.000000
2565,95,conference,mask_conference,bob,help_after_task,tolerated,1.4621,0.00000,0.00000,-0.00000,-0.00000,-0.00000,0.000000,0.000000,-0.000000,0.000000,0.000000
2566,96,work,mask_work,carol,pair_up,rejected,-0.9096,0.00000,0.00000,-0.00000,-0.00000,-0.00000,0.000000,0.000000,0.000000,0.000000,-0.000000
2567,96,work,mask_work,dave,joke_deflect,rejected,-0.6763,-0.00000,0.00000,-0.00000,-0.00000,0.00000,-0.000000,0.000000,0.000000,0.000000,0.000000
2568,96,work,mask_work,bob,joke_deflect,rejected,-0.4393,0.00000,0.00000,-0.00000,-0.00000,0.00000,0.000000,0.000000,0.000000,0.000000,0.000000
2569,96,work,mask_work,carol,pair_up,rejected,-0.9096,0.00000,0.00000,-0.00000,-0.00000,-0.00000,0.000000,0.000000,0.000000,0.000000,-0.000000
2570,96,work,mask_work,dave,teach,tolerated,1.5513,-0.00000,0.00000,-0.00000,-0.00000,0.00000,-0.000000,0.000000,0.000000,0.000000,0.000000
2571,96,work,mask_work,bob,drop_everything,rejected,-0.6433,0.00000,0.00000,-0.00000,-0.00000,0.00000,0.000000,0.000000,0.000000,0.000000,0.000000
2572,96,work,mask_work,carol,teach,accepted,4.0964,0.00000,0.00000,-0.00000,-0.00000,-0.00000,0.000000,0.000000,0.000000,0.000000,-0.000000
2573,96,work,mask_work,dave,teach,tolerated,1.5513,-0.00000,0.00000,-0.00000,-0.00000,0.00000,-0.000000,0.000000,0.000000,0.000000,0.000000
2574,96,work,mask_work,bob,pair_up,rejected,-0.5713,0.00000,0.00000,-0.00000,-0.00000,0.00000,0.000000,0.000000,0.000000,0.000000,0.000000
2575,96,home,mask_home,carol,joke_deflect,rejected,-2.5056,-0.00000,-0.00000,0.00000,0.00000,0.00000,0.000000,0.000000,0.000000,0.000000,0.000000
2576,96,home,mask_home,dave,pair_up,accepted,1.5594,0.00000,-0.00000,0.00000,-0.00000,-0.00000,0.000000,0.000000,0.000000,-0.000000,-0.000000
2577,96,home,mask_home,bob,joke_deflect,tolerated,1.3808,0.00000,-0.00000,0.00000,-0.00000,-0.00000,0.000000,0.000000,0.000000,0.000000,0.000000
2578,96,home,mask_home,carol,drop_everything,accepted,1.9861,-0.00000,-0.00000,0.00000,0.00000,0.00000,-0.000000,0.000000,0.000000,0.000000,0.000000
2579,96,home,mask_home,dave,quick_tip,accepted,1.7154,0.00000,-0.00000,0.00000,-0.00000,-0.00000,0.000000,0.000000,0.000000,-0.000000,-0.000000
2580,96,home,mask_home,bob,quick_tip,tolerated,1.6181,-0.00000,-0.00000,0.00000,-0.00000,0.00000,-0.000000,0.000000,0.000000,0.000000,0.000000
2581,96,home,mask_home,carol,joke_deflect,tolerated,-0.6142,-0.00000,-0.00000,0.00000,0.00000,0.00000,0.000000,0.000000,0.000000,0.000000,0.000000
2582,96,home,mask_home,dave,teach,rejected,-3.2930,0.00000,-0.00000,0.00000,-0.00000,-0.00000,0.000000,0.000000,0.000000,-0.000000,-0.000000
2583,96,home,mask_home,bob,drop_everything,rejected,-0.7422,0.00000,-0.00000,0.00000,-0.00000,-0.00000,0.000000,0.000000,0.000000,0.000000,0.000000
2584,96,conference,mask_conference,carol,teach,accepted,2.6452,0.00000,0.00000,0.00000,0.00000,-0.00000,0.000000,0.000000,0.000000,0.000000,0.000000
2585,96,conference,mask_conference,dave,pair_up,accepted,1.7106,0.00000,0.00000,0.00000,-0.00000,-0.00000,0.000000,0.000000,0.000000,-0.000000,0.000000
2586,96,conference,mask_conference,bob,drop_everything,rejected,-1.1099,0.00000,0.00000,-0.00000,-0.00000,-0.00000,0.000000,0.000000,-0.000000,0.000000,0.000000
2587,96,conference,mask_conference,carol,drop_everything,rejected,-2.4328,0.00000,0.00000,0.00000,0.00000,-0.00000,0.000000,0.000000,0.000000,0.000000,0.000000
2588,96,conference,mask_conference,dave,pair_up,accepted,1.7106,0.00000,0.00000,0.00000,-0.00000,-0.00000,0.000000,0.000000,0.000000,-0.000000,0.000000
2589,96,conference,mask_conference,bob,drop_everything,rejected,-1.1099,0.00000,0.00000,-0.00000,-0.00000,-0.00000,0.000000,0.000000,-0.000000,0.000000,0.000000
2590,96,conference,mask_conference,carol,teach,accepted,2.6452,0.00000,0.00000,0.00000,0.00000,-0.00000,0.000000,0.000000,0.000000,0.000000,0.000000
2591,96,conference,mask_conference,dave,pair_up,accepted,1.7106,0.00000,0.00000,0.00000,-0.00000,-0.00000,0.000000,0.000000,0.000000,-0.000000,0.000000
2592,96,conference,mask_conference,bob,drop_everything,rejected,-1.1099,0.00000,0.00000,-0.00000,-0.00000,-0.00000,0.000000,0.000000,-0.000000,0.000000,0.000000
2593,97,work,mask_work,carol,teach,accepted,4.0964,0.00000,0.00000,-0.00000,-0.00000,-0.00000,0.000000,0.000000,0.000000,0.000000,-0.000000
2594,97,work,mask_work,dave,teach,tolerated,1.5513,-0.00000,0.00000,-0.00000,-0.00000,0.00000,-0.000000,0.000000,0.000000,0.000000,0.000000
2595,97,work,mask_work,bob,joke_deflect,rejected,-0.4393,0.00000,0.00000,-0.00000,-0.00000,0.00000,0.000000,0.000000,0.000000,0.000000,0.000000
2596,97,work,mask_work,carol,joke_deflect,rejected,-0.7776,0.00000,0.00000,-0.00000,-0.00000,-0.00000,0.000000,0.000000,0.000000,0.000000,-0.000000
2597,97,work,mask_work,dave,joke_deflect,rejected,-0.6843,-0.00000,0.00000,-0.00000,-0.00000,0.00000,-0.000000,0.000000,0.000000,0.000000,0.000000
2598,97,work,mask_work,bob,pair_up,rejected,-0.5713,0.00000,0.00000,-0.00000,-0.00000,0.00000,0.000000,0.000000,0.000000,0.000000,0.000000
2599,97,work,mask_work,carol,pair_up,rejected,-0.9096,0.00000,0.00000,-0.00000,-0.00000,-0.00000,0.000000,0.000000,0.000000,0.000000,-0.000000
2600,97,work,mask_work,dave,drop_everything,rejected,-0.8883,-0.00000,0.00000,-0.00000,-0.00000,0.00000,-0.000000,0.000000,0.000000,0.000000,0.000000
2601,97,work,mask_work,bob,pair_up,rejected,-0.5713,0.00000,0.00000,-0.00000,-0.00000,0.00000,0.000000,0.000000,0.000000,0.000000,0.000000
2602,97,home,mask_home,carol,drop_everything,accepted,1.9819,-0.00000,-0.00000,0.00000,0.00000,0.00000,-0.000000,0.000000,0.000000,0.000000,0.000000
2603,97,home,mask_home,dave,pair_up,accepted,1.5626,0.00000,-0.00000,0.00000,-0.00000,-0.00000,0.000000,0.000000,0.000000,-0.000000,-0.000000
2604,97,home,mask_home,bob,pair_up,rejected,-0.6379,-0.00000,-0.00000,-0.00000,-0.00000,0.00000,-0.000000,0.000000,-0.000000,0.000000,0.000000
2605,97,home,mask_home,carol,quick_tip,tolerated,-0.3913,-0.00000,-0.00000,0.00000,0.00000,0.00000,0.000000,0.000000,0.000000,0.000000,0.000000
2606,97,home,mask_home,dave,teach,tolerated,-1.1391,0.00000,0.00000,0.00000,-0.00000,-0.00000,0.000000,0.000000,0.000000,-0.000000,-0.000000
2607,97,home,mask_home,bob,drop_everything,rejected,-0.7387,0.00000,-0.00000,0.00000,-0.00000,-0.00000,0.000000,-0.000000,0.000000,0.000000,0.000000
2608,97,home,mask_home,carol,joke_deflect,rejected,-2.5102,-0.00000,-0.00000,0.00000,0.00000,0.00000,-0.000000,0.000000,0.000000,0.000000,0.000000
2609,97,home,mask_home,dave,joke_deflect,accepted,1.6901,0.00000,-0.00000,0.00000,-0.00000,-0.00000,0.000000,0.000000,0.000000,-0.000000,-0.000000
2610,97,home,mask_home,bob,quick_tip,rejected,-0.6058,0.00000,-0.00000,0.00000,-0.00000,-0.00000,0.000000,0.000000,0.000000,0.000000,0.000000
2611,97,conference,mask_conference,carol,help_after_task,tolerated,0.0944,0.00000,0.00000,0.00000,0.00000,-0.00000,0.000000,0.000000,0.000000,0.000000,0.000000
2612,97,conference,mask_conference,dave,help_after_task,rejected,-3.2496,0.00000,-0.00000,0.00000,-0.00000,-0.00000,0.000000,-0.000000,0.000000,-0.000000,0.000000
2613,97,conference,mask_conference,bob,joke_deflect,tolerated,1.2855,0.00000,0.00000,0.00000,-0.00000,-0.00000,0.000000,0.000000,0.000000,0.000000,0.000000
2614,97,conference,mask_conference,carol,joke_deflect,rejected,-1.8997,0.00000,0.00000,0.00000,0.00000,-0.00000,0.000000,0.000000,0.000000,0.000000,0.000000
2615,97,conference,mask_conference,dave,drop_everything,rejected,-3.3514,0.00000,-0.00000,0.00000,-0.00000,-0.00000,0.000000,-0.000000,0.000000,-0.000000,0.000000
2616,97,conference,mask_conference,bob,drop_everything,rejected,-1.1142,0.00000,0.00000,-0.00000,-0.00000,-0.00000,0.000000,0.000000,-0.000000,0.000000,0.000000
2617,97,conference,mask_conference,carol,teach,accepted,2.6403,0.00000,0.00000,0.00000,0.00000,-0.00000,0.000000,0.000000,0.000000,0.000000,0.000000
2618,97,conference,mask_conference,dave,pair_up,accepted,1.7206,0.00000,-0.00000,0.00000,-0.00000,-0.00000,0.000000,-0.000000,0.000000,-0.000000,0.000000
2619,97,conference,mask_conference,bob,help_after_task,tolerated,1.4578,0.00000,0.00000,-0.00000,-0.00000,-0.00000,0.000000,0.000000,-0.000000,0.000000,0.000000
2620,98,work,mask_work,carol,joke_deflect,rejected,-0.7776,0.00000,0.00000,-0.00000,-0.00000,-0.00000,0.000000,0.000000,0.000000,0.000000,-0.000000
2621,98,work,mask_work,dave,joke_deflect,rejected,-0.6843,-0.00000,0.00000,-0.00000,-0.00000,0.00000,-0.000000,0.000000,0.000000,0.000000,0.000000
2622,98,work,mask_work,bob,teach,tolerated,1.9347,0.00000,0.00000,-0.00000,-0.00000,0.00000,0.000000,0.000000,0.000000,0.000000,0.000000
2623,98,work,mask_work,carol,teach,accepted,4.0964,0.00000,0.00000,-0.00000,-0.00000,-0.00000,0.000000,0.000000,0.000000,0.000000,-0.000000
2624,98,work,mask_work,dave,drop_everything,rejected,-0.8883,-0.00000,0.00000,-0.00000,-0.00000,0.00000,-0.000000,0.000000,0.000000,0.000000,0.000000
2625,98,work,mask_work,bob,pair_up,rejected,-0.5713,0.00000,0.00000,-0.00000,-0.00000,0.00000,0.000000,0.000000,0.000000,0.000000,0.000000
2626,98,work,mask_work,carol,pair_up,rejected,-0.9096,0.00000,0.00000,-0.00000,-0.00000,-0.00000,0.000000,0.000000,0.000000,0.000000,-0.000000
2627,98,work,mask_work,dave,teach,tolerated,1.5513,-0.00000,0.00000,-0.00000,-0.00000,0.00000,-0.000000,0.000000,0.000000,0.000000,0.000000
2628,98,work,mask_work,bob,pair_up,rejected,-0.5713,0.00000,0.00000,-0.00000,-0.00000,0.00000,0.000000,0.000000,0.000000,0.000000,0.000000
2629,98,home,mask_home,carol,drop_everything,accepted,1.9815,-0.00000,-0.00000,0.00000,0.00000,0.00000,-0.000000,0.000000,0.000000,0.000000,0.000000
2630,98,home,mask_home,dave,drop_everything,tolerated,-1.3576,0.00000,-0.00000,0.00000,-0.00000,-0.00000,0.000000,0.000000,0.000000,-0.000000,-0.000000
2631,98,home,mask_home,bob,joke_deflect,rejected,-0.5008,-0.00000,-0.00000,0.00000,0.00000,0.00000,-0.000000,0.000000,0.000000,0.000000,0.000000
2632,98,home,mask_home,carol,drop_everything,accepted,1.9815,-0.00000,-0.00000,0.00000,0.00000,0.00000,0.000000,0.000000,0.000000,0.000000,0.000000
2633,98,home,mask_home,dave,drop_everything,tolerated,-1.3576,0.00000,-0.00000,0.00000,-0.00000,-0.00000,0.000000,0.000000,0.000000,-0.000000,-0.000000
2634,98,home,mask_home,bob,joke_deflect,rejected,-0.5008,-0.00000,-0.00000,0.00000,0.00000,0.00000,-0.000000,0.000000,0.000000,0.000000,0.000000
2635,98,home,mask_home,carol,pair_up,accepted,2.0535,-0.00000,-0.00000,0.00000,0.00000,0.00000,0.000000,0.000000,0.000000,0.000000,0.000000
2636,98,home,mask_home,dave,joke_deflect,accepted,1.6796,0.00000,-0.00000,0.00000,-0.00000,-0.00000,0.000000,0.000000,0.000000,-0.000000,-0.000000
2637,98,home,mask_home,bob,teach,rejected,-0.8718,0.00000,-0.00000,0.00000,-0.00000,-0.00000,0.000000,0.000000,0.000000,0.000000,0.000000
2638,98,conference,mask_conference,carol,joke_deflect,tolerated,-0.0083,0.00000,0.00000,0.00000,-0.00000,-0.00000,0.000000,0.000000,0.000000,0.000000,0.000000
2639,98,conference,mask_conference,dave,quick_tip,accepted,1.8766,0.00000,-0.00000,0.00000,-0.00000,-0.00000,0.000000,-0.000000,0.000000,0.000000,0.000000
2640,98,conference,mask_conference,bob,drop_everything,rejected,-1.1142,0.00000,0.00000,-0.00000,-0.00000,-0.00000,0.000000,0.000000,-0.000000,0.000000,0.000000
2641,98,conference,mask_conference,carol,joke_deflect,rejected,-1.8997,0.00000,0.00000,0.00000,0.00000,-0.00000,0.000000,0.000000,0.000000,0.000000,0.000000
2642,98,conference,mask_conference,dave,drop_everything,rejected,-3.3514,0.00000,-0.00000,0.00000,-0.00000,-0.00000,0.000000,-0.000000,0.000000,-0.000000,0.000000
2643,98,conference,mask_conference,bob,joke_deflect,rejected,-0.6059,0.00000,0.00000,-0.00000,0.00000,-0.00000,0.000000,0.000000,-0.000000,0.000000,0.000000
2644,98,conference,mask_conference,carol,pair_up,accepted,2.6351,0.00000,0.00000,0.00000,0.00000,-0.00000,0.000000,0.000000,0.000000,0.000000,0.000000
2645,98,conference,mask_conference,dave,pair_up,accepted,1.7206,0.00000,-0.00000,0.00000,-0.00000,-0.00000,0.000000,-0.000000,0.000000,-0.000000,0.000000
2646,98,conference,mask_conference,bob,pair_up,tolerated,1.1199,0.00000,0.00000,0.00000,-0.00000,-0.00000,0.000000,0.000000,0.000000,0.000000,0.000000
2647,99,work,mask_work,carol,drop_everything,rejected,-0.9816,0.00000,0.00000,-0.00000,-0.00000,-0.00000,0.000000,0.000000,0.000000,0.000000,-0.000000
2648,99,work,mask_work,dave,pair_up,rejected,-0.8187,-0.00000,0.00000,-0.00000,-0.00000,0.00000,-0.000000,0.000000,0.000000,0.000000,0.000000
2649,99,work,mask_work,bob,joke_deflect,rejected,-0.4393,0.00000,0.00000,-0.00000,-0.00000,0.00000,0.000000,0.000000,0.000000,0.000000,0.000000
2650,99,work,mask_work,carol,drop_everything,rejected,-0.9816,0.00000,0.00000,-0.00000,-0.00000,-0.00000,0.000000,0.000000,0.000000,0.000000,-0.000000
2651,99,work,mask_work,dave,pair_up,rejected,-0.8187,-0.00000,0.00000,-0.00000,-0.00000,0.00000,-0.000000,0.000000,0.000000,0.000000,0.000000
2652,99,work,mask_work,bob,pair_up,rejected,-0.5713,0.00000,0.00000,-0.00000,-0.00000,0.00000,0.000000,0.000000,0.000000,0.000000,0.000000
2653,99,work,mask_work,carol,drop_everything,rejected,-0.9816,0.00000,0.00000,-0.00000,-0.00000,-0.00000,0.000000,0.000000,0.000000,0.000000,-0.000000
2654,99,work,mask_work,dave,help_after_task,tolerated,1.6663,-0.00000,0.00000,-0.00000,-0.00000,0.00000,-0.000000,0.000000,0.000000,0.000000,0.000000
2655,99,work,mask_work,bob,pair_up,rejected,-0.5713,0.00000,0.00000,-0.00000,-0.00000,0.00000,0.000000,0.000000,0.000000,0.000000,0.000000
2656,99,home,mask_home,carol,pair_up,accepted,2.0535,-0.00000,-0.00000,0.00000,0.00000,0.00000,-0.000000,0.000000,0.000000,0.000000,0.000000
2657,99,home,mask_home,dave,joke_deflect,accepted,1.6796,0.00000,-0.00000,0.00000,-0.00000,-0.00000,0.000000,0.000000,0.000000,-0.000000,-0.000000
2658,99,home,mask_home,bob,pair_up,tolerated,1.2356,0.00000,-0.00000,0.00000,0.00000,-0.00000,0.000000,0.000000,0.000000,0.000000,0.000000
2659,99,home,mask_home,carol,drop_everything,accepted,1.9815,-0.00000,-0.00000,0.00000,0.00000,0.00000,-0.000000,0.000000,0.000000,0.000000,0.000000
2660,99,home,mask_home,dave,pair_up,accepted,1.5476,0.00000,-0.00000,0.00000,-0.00000,-0.00000,0.000000,0.000000,0.000000,-0.000000,-0.000000
2661,99,home,mask_home,bob,pair_up,rejected,-0.6230,-0.00000,-0.00000,-0.00000,-0.00000,0.00000,-0.000000,0.000000,-0.000000,0.000000,0.000000
2662,99,home,mask_home,carol,drop_everything,accepted,1.9815,-0.00000,-0.00000,0.00000,0.00000,0.00000,0.000000,0.000000,0.000000,0.000000,0.000000
2663,99,home,mask_home,dave,teach,tolerated,-1.1495,0.00000,-0.00000,0.00000,-0.00000,-0.00000,0.000000,0.000000,0.000000,-0.000000,-0.000000
2664,99,home,mask_home,bob,drop_everything,rejected,-0.7290,0.00000,-0.00000,0.00000,-0.00000,-0.00000,0.000000,0.000000,0.000000,0.000000,0.000000
2665,99,conference,mask_conference,carol,drop_everything,rejected,-2.4369,0.00000,0.00000,0.00000,0.00000,-0.00000,0.000000,0.000000,0.000000,0.000000,0.000000
2666,99,conference,mask_conference,dave,joke_deflect,accepted,1.8526,0.00000,-0.00000,0.00000,-0.00000,-0.00000,0.000000,-0.000000,0.000000,-0.000000,0.000000
2667,99,conference,mask_conference,bob,drop_everything,rejected,-1.1157,0.00000,0.00000,-0.00000,-0.00000,-0.00000,0.000000,0.000000,-0.000000,0.000000,0.000000
2668,99,conference,mask_conference,carol,quick_tip,rejected,-2.2089,0.00000,0.00000,0.00000,0.00000,-0.00000,0.000000,0.000000,0.000000,0.000000,0.000000
2669,99,conference,mask_conference,dave,joke_deflect,accepted,1.8526,0.00000,-0.00000,0.00000,-0.00000,-0.00000,0.000000,-0.000000,0.000000,-0.000000,0.000000
2670,99,conference,mask_conference,bob,joke_deflect,rejected,-0.6115,0.00000,0.00000,-0.00000,0.00000,-0.00000,0.000000,0.000000,-0.000000,0.000000,0.000000
2671,99,conference,mask_conference,carol,joke_deflect,rejected,-1.8997,0.00000,0.00000,0.00000,0.00000,-0.00000,0.000000,0.000000,0.000000,0.000000,0.000000
2672,99,conference,mask_conference,dave,teach,rejected,-3.0877,0.00000,-0.00000,0.00000,-0.00000,-0.00000,0.000000,-0.000000,0.000000,-0.000000,0.000000
2673,99,conference,mask_conference,bob,joke_deflect,rejected,-0.6115,0.00000,0.00000,-0.00000,0.00000,-0.00000,0.000000,0.000000,-0.000000,0.000000,0.000000
2674,100,work,mask_work,carol,drop_everything,rejected,-0.9816,0.00000,0.00000,-0.00000,-0.00000,-0.00000,0.000000,0.000000,0.000000,0.000000,-0.000000
2675,100,work,mask_work,dave,pair_up,rejected,-0.8217,-0.00000,0.00000,-0.00000,-0.00000,0.00000,-0.000000,0.000000,0.000000,0.000000,0.000000
2676,100,work,mask_work,bob,help_after_task,tolerated,1.9287,0.00000,0.00000,-0.00000,-0.00000,0.00000,0.000000,0.000000,0.000000,0.000000,0.000000
2677,100,work,mask_work,carol,teach,accepted,4.0964,0.00000,0.00000,-0.00000,-0.00000,-0.00000,0.000000,0.000000,0.000000,0.000000,-0.000000
2678,100,work,mask_work,dave,pair_up,rejected,-0.8217,-0.00000,0.00000,-0.00000,-0.00000,0.00000,-0.000000,0.000000,0.000000,0.000000,0.000000
2679,100,work,mask_work,bob,joke_deflect,rejected,-0.4393,0.00000,0.00000,-0.00000,-0.00000,0.00000,0.000000,0.000000,0.000000,0.000000,0.000000
2680,100,work,mask_work,carol,quick_tip,tolerated,1.6257,0.00000,0.00000,-0.00000,-0.00000,0.00000,0.000000,0.000000,0.000000,0.000000,0.000000
2681,100,work,mask_work,dave,quick_tip,accepted,4.3343,-0.00000,0.00000,-0.00000,-0.00000,0.00000,-0.000000,0.000000,0.000000,0.000000,0.000000
2682,100,work,mask_work,bob,quick_tip,tolerated,1.9519,-0.00000,0.00000,-0.00000,-0.00000,0.00000,0.000000,0.000000,0.000000,0.000000,0.000000
2683,100,home,mask_home,carol,drop_everything,accepted,1.9815,-0.00000,-0.00000,0.00000,0.00000,0.00000,-0.000000,0.000000,0.000000,0.000000,0.000000
2684,100,home,mask_home,dave,drop_everything,rejected,-3.2832,0.00000,-0.00000,0.00000,-0.00000,-0.00000,0.000000,0.000000,0.000000,-0.000000,-0.000000
2685,100,home,mask_home,bob,joke_deflect,rejected,-0.4992,-0.00000,-0.00000,0.00000,0.00000,0.00000,-0.000000,0.000000,0.000000,0.000000,0.000000
2686,100,home,mask_home,carol,joke_deflect,tolerated,-0.6188,-0.00000,-0.00000,0.00000,0.00000,0.00000,0.000000,0.000000,0.000000,0.000000,0.000000
2687,100,home,mask_home,dave,joke_deflect,accepted,1.6790,0.00000,-0.00000,0.00000,-0.00000,-0.00000,0.000000,0.000000,0.000000,-0.000000,-0.000000
2688,100,home,mask_home,bob,pair_up,tolerated,1.2421,0.00000,-0.00000,0.00000,0.00000,-0.00000,0.000000,0.000000,0.000000,0.000000,0.000000
2689,100,home,mask_home,carol,pair_up,accepted,2.0494,-0.00000,-0.00000,0.00000,0.00000,0.00000,-0.000000,0.000000,0.000000,0.000000,0.000000
2690,100,home,mask_home,dave,joke_deflect,accepted,1.6790,0.00000,-0.00000,0.00000,-0.00000,-0.00000,0.000000,0.000000,0.000000,-0.000000,-0.000000
2691,100,home,mask_home,bob,drop_everything,tolerated,1.1903,-0.00000,-0.00000,0.00000,0.00000,0.00000,-0.000000,0.000000,0.000000,0.000000,0.000000
2692,100,conference,mask_conference,carol,drop_everything,rejected,-2.4330,0.00000,0.00000,0.00000,0.00000,-0.00000,0.000000,0.000000,0.000000,0.000000,0.000000
2693,100,conference,mask_conference,dave,joke_deflect,accepted,1.8570,0.00000,-0.00000,0.00000,-0.00000,-0.00000,0.000000,-0.000000,0.000000,-0.000000,0.000000
2694,100,conference,mask_conference,bob,teach,tolerated,1.4704,0.00000,0.00000,-0.00000,-0.00000,-0.00000,0.000000,0.000000,-0.000000,0.000000,0.000000
2695,100,conference,mask_conference,carol,drop_everything,rejected,-2.4330,0.00000,0.00000,0.00000,0.00000,-0.00000,0.000000,0.000000,0.000000,0.000000,0.000000
2696,100,conference,mask_conference,dave,pair_up,accepted,1.7250,0.00000,-0.00000,0.00000,-0.00000,-0.00000,0.000000,-0.000000,0.000000,-0.000000,0.000000
2697,100,conference,mask_conference,bob,joke_deflect,rejected,-0.6115,0.00000,0.00000,-0.00000,0.00000,-0.00000,0.000000,0.000000,-0.000000,0.000000,0.000000
2698,100,conference,mask_conference,carol,quick_tip,rejected,-2.2050,0.00000,0.00000,0.00000,0.00000,-0.00000,0.000000,0.000000,0.000000,0.000000,0.000000
2699,100,conference,mask_conference,dave,drop_everything,rejected,-3.3470,0.00000,-0.00000,0.00000,-0.00000,-0.00000,0.000000,-0.000000,0.000000,-0.000000,0.000000
2700,100,conference,mask_conference,bob,drop_everything,rejected,-1.1038,0.00000,0.00000,-0.00000,-0.00000,-0.00000,0.000000,0.000000,-0.000000,0.000000,0.000000
2701,101,work,mask_work,carol,help_after_task,rejected,-0.8734,0.00000,0.00000,-0.00000,-0.00000,0.00000,0.000000,0.000000,0.000000,0.000000,0.000000
2702,101,work,mask_work,dave,drop_everything,rejected,-0.8937,-0.00000,0.00000,-0.00000,-0.00000,0.00000,-0.000000,0.000000,0.000000,0.000000,0.000000
2703,101,work,mask_work,bob,joke_deflect,rejected,-0.4443,0.00000,0.00000,-0.00000,-0.00000,0.00000,0.000000,0.000000,0.000000,0.000000,0.000000
2704,101,work,mask_work,carol,joke_deflect,rejected,-0.7772,0.00000,0.00000,-0.00000,-0.00000,-0.00000,0.000000,0.000000,0.000000,0.000000,-0.000000
2705,101,work,mask_work,dave,pair_up,rejected,-0.8217,-0.00000,0.00000,-0.00000,-0.00000,0.00000,-0.000000,0.000000,0.000000,0.000000,0.000000
2706,101,work,mask_work,bob,drop_everything,rejected,-0.6483,0.00000,0.00000,-0.00000,-0.00000,0.00000,0.000000,0.000000,0.000000,0.000000,0.000000
2707,101,work,mask_work,carol,pair_up,rejected,-0.9092,0.00000,0.00000,-0.00000,-0.00000,-0.00000,0.000000,0.000000,0.000000,0.000000,-0.000000
2708,101,work,mask_work,dave,drop_everything,rejected,-0.8937,-0.00000,0.00000,-0.00000,-0.00000,0.00000,-0.000000,0.000000,0.000000,0.000000,0.000000
2709,101,work,mask_work,bob,pair_up,rejected,-0.5763,0.00000,0.00000,-0.00000,-0.00000,0.00000,0.000000,0.000000,0.000000,0.000000,0.000000
2710,101,home,mask_home,carol,drop_everything,accepted,1.9774,-0.00000,-0.00000,0.00000,0.00000,0.00000,0.000000,0.000000,0.000000,0.000000,0.000000
2711,101,home,mask_home,dave,drop_everything,tolerated,-1.3619,0.00000,-0.00000,0.00000,-0.00000,-0.00000,0.000000,0.000000,0.000000,-0.000000,-0.000000
2712,101,home,mask_home,bob,pair_up,tolerated,1.2367,0.00000,-0.00000,0.00000,0.00000,-0.00000,0.000000,0.000000,0.000000,0.000000,0.000000
2713,101,home,mask_home,carol,drop_everything,accepted,1.9774,-0.00000,-0.00000,0.00000,0.00000,0.00000,-0.000000,0.000000,0.000000,0.000000,0.000000
2714,101,home,mask_home,dave,joke_deflect,accepted,1.6740,0.00000,-0.00000,0.00000,-0.00000,-0.00000,0.000000,0.000000,0.000000,-0.000000,-0.000000
2715,101,home,mask_home,bob,help_after_task,rejected,-0.8884,-0.00000,-0.00000,0.00000,-0.00000,-0.00000,-0.000000,0.000000,0.000000,0.000000,0.000000
2716,101,home,mask_home,carol,pair_up,accepted,2.0494,-0.00000,-0.00000,0.00000,0.00000,0.00000,0.000000,0.000000,0.000000,0.000000,0.000000
2717,101,home,mask_home,dave,joke_deflect,accepted,1.6740,0.00000,-0.00000,0.00000,-0.00000,-0.00000,0.000000,0.000000,0.000000,-0.000000,-0.000000
2718,101,home,mask_home,bob,quick_tip,tolerated,1.6246,-0.00000,-0.00000,0.00000,-0.00000,0.00000,-0.000000,0.000000,0.000000,0.000000,0.000000
2719,101,conference,mask_conference,carol,pair_up,accepted,2.6390,0.00000,0.00000,0.00000,0.00000,-0.00000,0.000000,0.000000,0.000000,0.000000,0.000000
2720,101,conference,mask_conference,dave,teach,rejected,-3.0877,0.00000,-0.00000,0.00000,-0.00000,-0.00000,0.000000,-0.000000,0.000000,-0.000000,0.000000
2721,101,conference,mask_conference,bob,pair_up,rejected,-0.7269,0.00000,0.00000,-0.00000,-0.00000,-0.00000,0.000000,0.000000,-0.000000,0.000000,0.000000
2722,101,conference,mask_conference,carol,quick_tip,rejected,-2.2050,0.00000,0.00000,0.00000,0.00000,-0.00000,0.000000,0.000000,0.000000,0.000000,0.000000
2723,101,conference,mask_conference,dave,joke_deflect,accepted,1.8612,0.00000,-0.00000,0.00000,-0.00000,-0.00000,0.000000,-0.000000,0.000000,-0.000000,0.000000
2724,101,conference,mask_conference,bob,pair_up,rejected,-0.7269,0.00000,0.00000,-0.00000,-0.00000,-0.00000,0.000000,0.000000,-0.000000,0.000000,0.000000
2725,101,conference,mask_conference,carol,drop_everything,rejected,-2.4330,0.00000,0.00000,0.00000,0.00000,-0.00000,0.000000,0.000000,0.000000,0.000000,0.000000
2726,101,conference,mask_conference,dave,joke_deflect,accepted,1.8612,0.00000,-0.00000,0.00000,-0.00000,-0.00000,0.000000,-0.000000,0.000000,-0.000000,0.000000
2727,101,conference,mask_conference,bob,drop_everything,rejected,-1.0941,0.00000,0.00000,-0.00000,-0.00000,-0.00000,0.000000,0.000000,-0.000000,0.000000,0.000000
2728,102,work,mask_work,carol,joke_deflect,rejected,-0.7772,0.00000,0.00000,-0.00000,-0.00000,-0.00000,0.000000,0.000000,0.000000,0.000000,-0.000000
2729,102,work,mask_work,dave,drop_everything,rejected,-0.8937,-0.00000,0.00000,-0.00000,-0.00000,0.00000,-0.000000,0.000000,0.000000,0.000000,0.000000
2730,102,work,mask_work,bob,drop_everything,rejected,-0.6483,0.00000,0.00000,-0.00000,-0.00000,0.00000,0.000000,0.000000,0.000000,0.000000,0.000000
2731,102,work,mask_work,carol,pair_up,rejected,-0.9092,0.00000,0.00000,-0.00000,-0.00000,-0.00000,0.000000,0.000000,0.000000,0.000000,-0.000000
2732,102,work,mask_work,dave,drop_everything,rejected,-0.8937,-0.00000,0.00000,-0.00000,-0.00000,0.00000,-0.000000,0.000000,0.000000,0.000000,0.000000
2733,102,work,mask_work,bob,joke_deflect,rejected,-0.4443,0.00000,0.00000,-0.00000,-0.00000,0.00000,0.000000,0.000000,0.000000,0.000000,0.000000
2734,102,work,mask_work,carol,pair_up,rejected,-0.9092,0.00000,0.00000,-0.00000,-0.00000,-0.00000,0.000000,0.000000,0.000000,0.000000,-0.000000
2735,102,work,mask_work,dave,joke_deflect,rejected,-0.6897,-0.00000,0.00000,-0.00000,-0.00000,0.00000,-0.000000,0.000000,0.000000,0.000000,0.000000
2736,102,work,mask_work,bob,quick_tip,tolerated,1.9519,-0.00000,0.00000,-0.00000,-0.00000,0.00000,0.000000,0.000000,0.000000,0.000000,0.000000
2737,102,home,mask_home,carol,joke_deflect,rejected,-2.5102,-0.00000,-0.00000,0.00000,0.00000,0.00000,0.000000,0.000000,0.000000,0.000000,0.000000
2738,102,home,mask_home,dave,teach,rejected,-3.3047,0.00000,-0.00000,0.00000,-0.00000,-0.00000,0.000000,0.000000,0.000000,-0.000000,-0.000000
2739,102,home,mask_home,bob,pair_up,rejected,-0.6272,-0.00000,-0.00000,-0.00000,-0.00000,0.00000,-0.000000,0.000000,-0.000000,0.000000,0.000000
2740,102,home,mask_home,carol,pair_up,accepted,2.0535,-0.00000,-0.00000,0.00000,0.00000,0.00000,0.000000,0.000000,0.000000,0.000000,0.000000
2741,102,home,mask_home,dave,pair_up,accepted,1.5451,0.00000,-0.00000,0.00000,-0.00000,-0.00000,0.000000,0.000000,0.000000,-0.000000,-0.000000
2742,102,home,mask_home,bob,joke_deflect,tolerated,1.3750,0.00000,-0.00000,0.00000,-0.00000,-0.00000,0.000000,0.000000,0.000000,0.000000,0.000000
2743,102,home,mask_home,carol,joke_deflect,rejected,-2.5102,-0.00000,-0.00000,0.00000,0.00000,0.00000,-0.000000,0.000000,0.000000,0.000000,0.000000
2744,102,home,mask_home,dave,joke_deflect,accepted,1.6771,0.00000,-0.00000,0.00000,-0.00000,-0.00000,0.000000,0.000000,0.000000,-0.000000,-0.000000
2745,102,home,mask_home,bob,drop_everything,rejected,-0.7424,0.00000,-0.00000,0.00000,-0.00000,-0.00000,0.000000,0.000000,0.000000,0.000000,0.000000
2746,102,conference,mask_conference,carol,drop_everything,rejected,-2.4330,0.00000,0.00000,0.00000,0.00000,-0.00000,0.000000,0.000000,0.000000,0.000000,0.000000
2747,102,conference,mask_conference,dave,teach,tolerated,-0.9338,0.00000,0.00000,0.00000,-0.00000,-0.00000,0.000000,0.000000,0.000000,-0.000000,0.000000
2748,102,conference,mask_conference,bob,joke_deflect,rejected,-0.6018,0.00000,0.00000,-0.00000,0.00000,-0.00000,0.000000,0.000000,-0.000000,0.000000,0.000000
2749,102,conference,mask_conference,carol,joke_deflect,rejected,-1.8997,0.00000,0.00000,0.00000,0.00000,-0.00000,0.000000,0.000000,0.000000,0.000000,0.000000
2750,102,conference,mask_conference,dave,pair_up,accepted,1.7254,0.00000,-0.00000,0.00000,-0.00000,-0.00000,0.000000,-0.000000,0.000000,-0.000000,0.000000
2751,102,conference,mask_conference,bob,joke_deflect,tolerated,1.2896,0.00000,0.00000,0.00000,-0.00000,-0.00000,0.000000,0.000000,0.000000,0.000000,0.000000
2752,102,conference,mask_conference,carol,joke_deflect,tolerated,-0.0083,0.00000,0.00000,0.00000,-0.00000,-0.00000,0.000000,0.000000,0.000000,0.000000,0.000000
2753,102,conference,mask_conference,dave,joke_deflect,accepted,1.8574,0.00000,-0.00000,0.00000,-0.00000,-0.00000,0.000000,-0.000000,0.000000,0.000000,0.000000
2754,102,conference,mask_conference,bob,help_after_task,tolerated,1.4775,0.00000,0.00000,-0.00000,-0.00000,-0.00000,0.000000,0.000000,-0.000000,0.000000,0.000000
2755,103,work,mask_work,carol,joke_deflect,rejected,-0.7772,0.00000,0.00000,-0.00000,-0.00000,-0.00000,0.000000,0.000000,0.000000,0.000000,-0.000000
2756,103,work,mask_work,dave,teach,tolerated,1.5483,-0.00000,0.00000,-0.00000,-0.00000,0.00000,-0.000000,0.000000,0.000000,0.000000,0.000000
2757,103,work,mask_work,bob,pair_up,rejected,-0.5808,0.00000,0.00000,-0.00000,-0.00000,0.00000,0.000000,0.000000,0.000000,0.000000,0.000000
2758,103,work,mask_work,carol,joke_deflect,rejected,-0.7772,0.00000,0.00000,-0.00000,-0.00000,-0.00000,0.000000,0.000000,0.000000,0.000000,-0.000000
2759,103,work,mask_work,dave,teach,rejected,-0.6056,-0.00000,0.00000,-0.00000,-0.00000,0.00000,-0.000000,0.000000,0.000000,0.000000,0.000000
2760,103,work,mask_work,bob,pair_up,rejected,-0.5808,0.00000,0.00000,-0.00000,-0.00000,0.00000,0.000000,0.000000,0.000000,0.000000,0.000000
2761,103,work,mask_work,carol,joke_deflect,rejected,-0.7772,0.00000,0.00000,-0.00000,-0.00000,-0.00000,0.000000,0.000000,0.000000,0.000000,-0.000000
2762,103,work,mask_work,dave,quick_tip,accepted,4.3355,-0.00000,0.00000,-0.00000,-0.00000,0.00000,-0.000000,0.000000,0.000000,0.000000,0.000000
2763,103,work,mask_work,bob,teach,tolerated,1.9252,0.00000,0.00000,-0.00000,-0.00000,0.00000,0.000000,0.000000,0.000000,0.000000,0.000000
2764,103,home,mask_home,carol,joke_deflect,tolerated,-0.6188,-0.00000,-0.00000,0.00000,0.00000,0.00000,-0.000000,0.000000,0.000000,0.000000,0.000000
2765,103,home,mask_home,dave,drop_everything,rejected,-3.2801,0.00000,-0.00000,0.00000,-0.00000,-0.00000,0.000000,0.000000,0.000000,-0.000000,-0.000000
2766,103,home,mask_home,bob,pair_up,tolerated,1.2301,0.00000,-0.00000,0.00000,0.00000,-0.00000,0.000000,0.000000,0.000000,0.000000,0.000000
2767,103,home,mask_home,carol,pair_up,accepted,2.0535,-0.00000,-0.00000,0.00000,0.00000,0.00000,-0.000000,0.000000,0.000000,0.000000,0.000000
2768,103,home,mask_home,dave,pair_up,accepted,1.5487,0.00000,-0.00000,0.00000,-0.00000,-0.00000,0.000000,0.000000,0.000000,-0.000000,-0.000000
2769,103,home,mask_home,bob,joke_deflect,rejected,-0.5179,-0.00000,0.00000,0.00000,0.00000,0.00000,-0.000000,0.000000,0.000000,0.000000,0.000000
2770,103,home,mask_home,carol,joke_deflect,tolerated,-0.6188,-0.00000,-0.00000,0.00000,0.00000,0.00000,0.000000,-0.000000,0.000000,0.000000,0.000000
2771,103,home,mask_home,dave,quick_tip,accepted,1.7047,0.00000,-0.00000,0.00000,-0.00000,-0.00000,0.000000,0.000000,0.000000,-0.000000,-0.000000
2772,103,home,mask_home,bob,pair_up,tolerated,1.2332,0.00000,-0.00000,0.00000,0.00000,-0.00000,0.000000,0.000000,0.000000,0.000000,0.000000
2773,103,conference,mask_conference,carol,joke_deflect,tolerated,-0.0083,0.00000,0.00000,0.00000,-0.00000,-0.00000,0.000000,0.000000,0.000000,0.000000,0.000000
2774,103,conference,mask_conference,dave,joke_deflect,accepted,1.8574,0.00000,-0.00000,0.00000,-0.00000,-0.00000,0.000000,-0.000000,0.000000,0.000000,0.000000
2775,103,conference,mask_conference,bob,quick_tip,rejected,-0.8665,0.00000,0.00000,-0.00000,-0.00000,-0.00000,0.000000,0.000000,-0.000000,0.000000,0.000000
2776,103,conference,mask_conference,carol,teach,accepted,2.6424,0.00000,0.00000,0.00000,0.00000,-0.00000,0.000000,0.000000,0.000000,0.000000,0.000000
2777,103,conference,mask_conference,dave,pair_up,accepted,1.7254,0.00000,-0.00000,0.00000,-0.00000,-0.00000,0.000000,-0.000000,0.000000,-0.000000,0.000000
2778,103,conference,mask_conference,bob,quick_tip,rejected,-0.8665,0.00000,0.00000,-0.00000,-0.00000,-0.00000,0.000000,0.000000,-0.000000,0.000000,0.000000
2779,103,conference,mask_conference,carol,pair_up,accepted,2.6364,0.00000,0.00000,0.00000,0.00000,-0.00000,0.000000,0.000000,0.000000,0.000000,0.000000
2780,103,conference,mask_conference,dave,joke_deflect,accepted,1.8574,0.00000,-0.00000,0.00000,-0.00000,-0.00000,0.000000,-0.000000,0.000000,-0.000000,0.000000
2781,103,conference,mask_conference,bob,drop_everything,rejected,-1.0945,0.00000,0.00000,-0.00000,-0.00000,-0.00000,0.000000,0.000000,-0.000000,0.000000,0.000000
2782,104,work,mask_work,carol,quick_tip,tolerated,1.6297,0.00000,0.00000,-0.00000,-0.00000,0.00000,0.000000,0.000000,0.000000,0.000000,0.000000
2783,104,work,mask_work,dave,joke_deflect,rejected,-0.6885,-0.00000,0.00000,-0.00000,-0.00000,0.00000,-0.000000,0.000000,0.000000,0.000000,0.000000
2784,104,work,mask_work,bob,joke_deflect,rejected,-0.4488,0.00000,0.00000,-0.00000,-0.00000,0.00000,0.000000,0.000000,0.000000,0.000000,0.000000
2785,104,work,mask_work,carol,pair_up,rejected,-0.9125,0.00000,0.00000,-0.00000,-0.00000,0.00000,0.000000,0.000000,0.000000,0.000000,0.000000
2786,104,work,mask_work,dave,pair_up,rejected,-0.8205,-0.00000,0.00000,-0.00000,-0.00000,0.00000,-0.000000,0.000000,0.000000,0.000000,0.000000
2787,104,work,mask_work,bob,drop_everything,rejected,-0.6528,0.00000,0.00000,-0.00000,-0.00000,0.00000,0.000000,0.000000,0.000000,0.000000,0.000000
2788,104,work,mask_work,carol,drop_everything,rejected,-0.9845,0.00000,0.00000,-0.00000,-0.00000,0.00000,0.000000,0.000000,0.000000,0.000000,0.000000
2789,104,work,mask_work,dave,quick_tip,accepted,4.3355,-0.00000,0.00000,-0.00000,-0.00000,0.00000,-0.000000,0.000000,0.000000,0.000000,0.000000
2790,104,work,mask_work,bob,pair_up,rejected,-0.5808,0.00000,0.00000,-0.00000,-0.00000,0.00000,0.000000,0.000000,0.000000,0.000000,0.000000
2791,104,home,mask_home,carol,joke_deflect,tolerated,-0.6188,-0.00000,-0.00000,0.00000,0.00000,0.00000,-0.000000,0.000000,0.000000,0.000000,0.000000
2792,104,home,mask_home,dave,joke_deflect,accepted,1.6807,0.00000,-0.00000,0.00000,-0.00000,-0.00000,0.000000,0.000000,0.000000,-0.000000,-0.000000
2793,104,home,mask_home,bob,quick_tip,rejected,-0.6142,0.00000,-0.00000,0.00000,0.00000,-0.00000,0.000000,0.000000,0.000000,0.000000,0.000000
2794,104,home,mask_home,carol,joke_deflect,tolerated,-0.6188,-0.00000,-0.00000,0.00000,0.00000,0.00000,-0.000000,0.000000,0.000000,0.000000,0.000000
2795,104,home,mask_home,dave,drop_everything,tolerated,-1.3588,0.00000,-0.00000,0.00000,-0.00000,-0.00000,0.000000,0.000000,0.000000,-0.000000,-0.000000
2796,104,home,mask_home,bob,pair_up,tolerated,1.2377,0.00000,-0.00000,0.00000,0.00000,-0.00000,0.000000,0.000000,0.000000,0.000000,0.000000
2797,104,home,mask_home,carol,pair_up,accepted,2.0420,-0.00000,-0.00000,0.00000,0.00000,0.00000,-0.000000,0.000000,0.000000,0.000000,0.000000
2798,104,home,mask_home,dave,teach,tolerated,-1.1520,0.00000,-0.00000,0.00000,-0.00000,-0.00000,0.000000,0.000000,0.000000,-0.000000,-0.000000
2799,104,home,mask_home,bob,drop_everything,rejected,-0.7487,0.00000,-0.00000,0.00000,-0.00000,-0.00000,0.000000,0.000000,0.000000,0.000000,0.000000
2800,104,conference,mask_conference,carol,drop_everything,rejected,-2.4356,0.00000,0.00000,0.00000,0.00000,-0.00000,0.000000,0.000000,0.000000,0.000000,0.000000
2801,104,conference,mask_conference,dave,pair_up,accepted,1.7254,0.00000,-0.00000,0.00000,-0.00000,-0.00000,0.000000,-0.000000,0.000000,-0.000000,0.000000
2802,104,conference,mask_conference,bob,pair_up,rejected,-0.7273,0.00000,0.00000,-0.00000,-0.00000,-0.00000,0.000000,0.000000,-0.000000,0.000000,0.000000
2803,104,conference,mask_conference,carol,joke_deflect,rejected,-1.8997,0.00000,0.00000,0.00000,0.00000,-0.00000,0.000000,0.000000,0.000000,0.000000,0.000000
2804,104,conference,mask_conference,dave,drop_everything,rejected,-3.3466,0.00000,-0.00000,0.00000,-0.00000,-0.00000,0.000000,-0.000000,0.000000,-0.000000,0.000000
2805,104,conference,mask_conference,bob,drop_everything,rejected,-1.0899,0.00000,0.00000,-0.00000,-0.00000,-0.00000,0.000000,0.000000,-0.000000,0.000000,0.000000
2806,104,conference,mask_conference,carol,teach,accepted,2.6461,0.00000,0.00000,0.00000,0.00000,-0.00000,0.000000,0.000000,0.000000,0.000000,0.000000
2807,104,conference,mask_conference,dave,pair_up,accepted,1.7254,0.00000,-0.00000,0.00000,-0.00000,-0.00000,0.000000,-0.000000,0.000000,-0.000000,0.000000
2808,104,conference,mask_conference,bob,teach,tolerated,1.4881,0.00000,0.00000,-0.00000,-0.00000,-0.00000,0.000000,0.000000,-0.000000,0.000000,0.000000
2809,105,work,mask_work,carol,drop_everything,rejected,-0.9845,0.00000,0.00000,-0.00000,-0.00000,0.00000,0.000000,0.000000,0.000000,0.000000,0.000000
2810,105,work,mask_work,dave,quick_tip,accepted,4.3355,-0.00000,0.00000,-0.00000,-0.00000,0.00000,-0.000000,0.000000,0.000000,0.000000,0.000000
2811,105,work,mask_work,bob,teach,tolerated,1.9252,0.00000,0.00000,-0.00000,-0.00000,0.00000,0.000000,0.000000,0.000000,0.000000,0.000000
2812,105,work,mask_work,carol,joke_deflect,rejected,-0.7805,0.00000,0.00000,-0.00000,-0.00000,0.00000,0.000000,0.000000,0.000000,0.000000,0.000000
2813,105,work,mask_work,dave,drop_everything,rejected,-0.8925,-0.00000,0.00000,-0.00000,-0.00000,0.00000,-0.000000,0.000000,0.000000,0.000000,0.000000
2814,105,work,mask_work,bob,quick_tip,rejected,-0.2826,0.00000,0.00000,-0.00000,-0.00000,-0.00000,0.000000,0.000000,0.000000,0.000000,-0.000000
2815,105,work,mask_work,carol,teach,accepted,4.0935,0.00000,0.00000,-0.00000,-0.00000,0.00000,0.000000,0.000000,0.000000,0.000000,0.000000
2816,105,work,mask_work,dave,pair_up,rejected,-0.8205,-0.00000,0.00000,-0.00000,-0.00000,0.00000,-0.000000,0.000000,0.000000,0.000000,0.000000
2817,105,work,mask_work,bob,pair_up,rejected,-0.5759,0.00000,0.00000,-0.00000,-0.00000,0.00000,0.000000,0.000000,0.000000,0.000000,0.000000
2818,105,home,mask_home,carol,teach,rejected,-2.9520,-0.00000,-0.00000,0.00000,0.00000,0.00000,-0.000000,0.000000,0.000000,0.000000,0.000000
2819,105,home,mask_home,dave,quick_tip,accepted,1.6958,0.00000,-0.00000,0.00000,-0.00000,-0.00000,0.000000,0.000000,0.000000,-0.000000,-0.000000
2820,105,home,mask_home,bob,drop_everything,rejected,-0.7487,0.00000,-0.00000,0.00000,-0.00000,-0.00000,0.000000,0.000000,0.000000,0.000000,0.000000
2821,105,home,mask_home,carol,pair_up,accepted,2.0420,-0.00000,-0.00000,0.00000,0.00000,0.00000,-0.000000,0.000000,0.000000,0.000000,0.000000
2822,105,home,mask_home,dave,joke_deflect,accepted,1.6718,0.00000,-0.00000,0.00000,-0.00000,-0.00000,0.000000,0.000000,0.000000,-0.000000,-0.000000
2823,105,home,mask_home,bob,joke_deflect,rejected,-0.5163,-0.00000,0.00000,0.00000,0.00000,0.00000,-0.000000,0.000000,0.000000,0.000000,0.000000
2824,105,home,mask_home,carol,drop_everything,accepted,1.9700,-0.00000,-0.00000,0.00000,0.00000,0.00000,0.000000,-0.000000,0.000000,0.000000,0.000000
2825,105,home,mask_home,dave,teach,tolerated,-1.1520,0.00000,-0.00000,0.00000,-0.00000,-0.00000,0.000000,0.000000,0.000000,-0.000000,-0.000000
2826,105,home,mask_home,bob,teach,rejected,-0.8827,0.00000,-0.00000,0.00000,-0.00000,-0.00000,0.000000,0.000000,0.000000,0.000000,0.000000
2827,105,conference,mask_conference,carol,joke_deflect,tolerated,-0.0083,0.00000,0.00000,0.00000,-0.00000,-0.00000,0.000000,0.000000,0.000000,0.000000,0.000000
2828,105,conference,mask_conference,dave,pair_up,accepted,1.7254,0.00000,-0.00000,0.00000,-0.00000,-0.00000,0.000000,-0.000000,0.000000,0.000000,0.000000
2829,105,conference,mask_conference,bob,drop_everything,rejected,-1.0899,0.00000,0.00000,-0.00000,-0.00000,-0.00000,0.000000,0.000000,-0.000000,0.000000,0.000000
2830,105,conference,mask_conference,carol,drop_everything,rejected,-2.4350,0.00000,0.00000,0.00000,0.00000,-0.00000,0.000000,0.000000,0.000000,0.000000,0.000000
2831,105,conference,mask_conference,dave,joke_deflect,accepted,1.8574,0.00000,-0.00000,0.00000,-0.00000,-0.00000,0.000000,-0.000000,0.000000,-0.000000,0.000000
2832,105,conference,mask_conference,bob,quick_tip,rejected,-0.8619,0.00000,0.00000,-0.00000,-0.00000,-0.00000,0.000000,0.000000,-0.000000,0.000000,0.000000
2833,105,conference,mask_conference,carol,drop_everything,rejected,-2.4350,0.00000,0.00000,0.00000,0.00000,-0.00000,0.000000,0.000000,0.000000,0.000000,0.000000
2834,105,conference,mask_conference,dave,joke_deflect,accepted,1.8574,0.00000,-0.00000,0.00000,-0.00000,-0.00000,0.000000,-0.000000,0.000000,-0.000000,0.000000
2835,105,conference,mask_conference,bob,pair_up,rejected,-0.7273,0.00000,0.00000,-0.00000,-0.00000,-0.00000,0.000000,0.000000,-0.000000,0.000000,0.000000
2836,106,work,mask_work,carol,drop_everything,rejected,-0.9845,0.00000,0.00000,-0.00000,-0.00000,0.00000,0.000000,0.000000,0.000000,0.000000,0.000000
2837,106,work,mask_work,dave,teach,tolerated,1.5483,-0.00000,0.00000,-0.00000,-0.00000,0.00000,-0.000000,0.000000,0.000000,0.000000,0.000000
2838,106,work,mask_work,bob,drop_everything,rejected,-0.6479,0.00000,0.00000,-0.00000,-0.00000,0.00000,0.000000,0.000000,0.000000,0.000000,0.000000
2839,106,work,mask_work,carol,pair_up,rejected,-0.9125,0.00000,0.00000,-0.00000,-0.00000,0.00000,0.000000,0.000000,0.000000,0.000000,0.000000
2840,106,work,mask_work,dave,drop_everything,rejected,-0.8948,-0.00000,0.00000,-0.00000,-0.00000,0.00000,-0.000000,0.000000,0.000000,0.000000,0.000000
2841,106,work,mask_work,bob,joke_deflect,rejected,-0.4439,0.00000,0.00000,-0.00000,-0.00000,0.00000,0.000000,0.000000,0.000000,0.000000,0.000000
2842,106,work,mask_work,carol,pair_up,rejected,-0.9125,0.00000,0.00000,-0.00000,-0.00000,0.00000,0.000000,0.000000,0.000000,0.000000,0.000000
2843,106,work,mask_work,dave,joke_deflect,rejected,-0.6908,-0.00000,0.00000,-0.00000,-0.00000,0.00000,-0.000000,0.000000,0.000000,0.000000,0.000000
2844,106,work,mask_work,bob,teach,tolerated,1.9301,0.00000,0.00000,-0.00000,-0.00000,0.00000,0.000000,0.000000,0.000000,0.000000,0.000000
2845,106,home,mask_home,carol,teach,rejected,-2.9520,-0.00000,-0.00000,0.00000,0.00000,0.00000,-0.000000,0.000000,0.000000,0.000000,0.000000
2846,106,home,mask_home,dave,drop_everything,rejected,-3.2882,0.00000,-0.00000,0.00000,-0.00000,-0.00000,0.000000,0.000000,0.000000,-0.000000,-0.000000
2847,106,home,mask_home,bob,pair_up,tolerated,1.2471,0.00000,-0.00000,0.00000,0.00000,-0.00000,0.000000,0.000000,0.000000,0.000000,0.000000
2848,106,home,mask_home,carol,drop_everything,accepted,1.9700,-0.00000,-0.00000,0.00000,0.00000,0.00000,-0.000000,0.000000,0.000000,0.000000,0.000000
2849,106,home,mask_home,dave,pair_up,accepted,1.5393,0.00000,-0.00000,0.00000,-0.00000,-0.00000,0.000000,0.000000,0.000000,-0.000000,-0.000000
2850,106,home,mask_home,bob,drop_everything,tolerated,1.1711,-0.00000,-0.00000,0.00000,0.00000,0.00000,-0.000000,0.000000,0.000000,0.000000,0.000000
2851,106,home,mask_home,carol,pair_up,accepted,2.0420,-0.00000,-0.00000,0.00000,0.00000,0.00000,0.000000,0.000000,0.000000,0.000000,0.000000
2852,106,home,mask_home,dave,teach,tolerated,-1.1485,0.00000,-0.00000,0.00000,-0.00000,-0.00000,0.000000,0.000000,0.000000,-0.000000,-0.000000
2853,106,home,mask_home,bob,joke_deflect,rejected,-0.5258,-0.00000,0.00000,0.00000,0.00000,0.00000,-0.000000,0.000000,0.000000,0.000000,0.000000
2854,106,conference,mask_conference,carol,drop_everything,rejected,-2.4350,0.00000,0.00000,0.00000,0.00000,-0.00000,0.000000,0.000000,0.000000,0.000000,0.000000
2855,106,conference,mask_conference,dave,pair_up,accepted,1.7254,0.00000,-0.00000,0.00000,-0.00000,-0.00000,0.000000,-0.000000,0.000000,-0.000000,0.000000
2856,106,conference,mask_conference,bob,joke_deflect,tolerated,1.2986,0.00000,0.00000,0.00000,-0.00000,-0.00000,0.000000,0.000000,0.000000,0.000000,0.000000
2857,106,conference,mask_conference,carol,help_after_task,rejected,-2.3391,0.00000,0.00000,0.00000,0.00000,-0.00000,0.000000,0.000000,0.000000,0.000000,0.000000
2858,106,conference,mask_conference,dave,drop_everything,rejected,-3.3466,0.00000,-0.00000,0.00000,-0.00000,-0.00000,0.000000,-0.000000,0.000000,-0.000000,0.000000
2859,106,conference,mask_conference,bob,quick_tip,rejected,-0.8615,0.00000,0.00000,-0.00000,-0.00000,-0.00000,0.000000,0.000000,-0.000000,0.000000,0.000000
2860,106,conference,mask_conference,carol,pair_up,accepted,2.6410,0.00000,0.00000,0.00000,0.00000,-0.00000,0.000000,0.000000,0.000000,0.000000,0.000000
2861,106,conference,mask_conference,dave,teach,rejected,-3.0877,0.00000,-0.00000,0.00000,-0.00000,-0.00000,0.000000,-0.000000,0.000000,-0.000000,0.000000
2862,106,conference,mask_conference,bob,drop_everything,rejected,-1.0895,0.00000,0.00000,-0.00000,-0.00000,-0.00000,0.000000,0.000000,-0.000000,0.000000,0.000000
2863,107,work,mask_work,carol,joke_deflect,rejected,-0.7805,0.00000,0.00000,-0.00000,-0.00000,0.00000,0.000000,0.000000,0.000000,0.000000,0.000000
2864,107,work,mask_work,dave,drop_everything,rejected,-0.8948,-0.00000,0.00000,-0.00000,-0.00000,0.00000,-0.000000,0.000000,0.000000,0.000000,0.000000
2865,107,work,mask_work,bob,help_after_task,tolerated,1.9241,0.00000,0.00000,-0.00000,-0.00000,0.00000,0.000000,0.000000,0.000000,0.000000,0.000000
2866,107,work,mask_work,carol,joke_deflect,rejected,-0.7805,0.00000,0.00000,-0.00000,-0.00000,0.00000,0.000000,0.000000,0.000000,0.000000,0.000000
2867,107,work,mask_work,dave,joke_deflect,rejected,-0.6908,-0.00000,0.00000,-0.00000,-0.00000,0.00000,-0.000000,0.000000,0.000000,0.000000,0.000000
2868,107,work,mask_work,bob,quick_tip,rejected,-0.2826,0.00000,0.00000,-0.00000,-0.00000,-0.00000,0.000000,0.000000,0.000000,0.000000,-0.000000
2869,107,work,mask_work,carol,teach,accepted,4.0935,0.00000,0.00000,-0.00000,-0.00000,0.00000,0.000000,0.000000,0.000000,0.000000,0.000000
2870,107,work,mask_work,dave,joke_deflect,rejected,-0.6908,-0.00000,0.00000,-0.00000,-0.00000,0.00000,-0.000000,0.000000,0.000000,0.000000,0.000000
2871,107,work,mask_work,bob,drop_everything,rejected,-0.6433,0.00000,0.00000,-0.00000,-0.00000,0.00000,0.000000,0.000000,0.000000,0.000000,0.000000
2872,107,home,mask_home,carol,joke_deflect,tolerated,-0.6188,-0.00000,-0.00000,0.00000,0.00000,0.00000,0.000000,-0.000000,0.000000,0.000000,0.000000
2873,107,home,mask_home,dave,drop_everything,tolerated,-1.3707,0.00000,-0.00000,0.00000,-0.00000,-0.00000,0.000000,0.000000,0.000000,-0.000000,-0.000000
2874,107,home,mask_home,bob,teach,rejected,-0.8893,0.00000,-0.00000,0.00000,-0.00000,-0.00000,0.000000,0.000000,0.000000,0.000000,0.000000
2875,107,home,mask_home,carol,teach,rejected,-2.9557,-0.00000,-0.00000,0.00000,0.00000,0.00000,-0.000000,0.000000,0.000000,0.000000,0.000000
2876,107,home,mask_home,dave,joke_deflect,accepted,1.6629,0.00000,-0.00000,0.00000,-0.00000,-0.00000,0.000000,0.000000,0.000000,-0.000000,-0.000000
2877,107,home,mask_home,bob,pair_up,rejected,-0.6137,-0.00000,-0.00000,-0.00000,-0.00000,0.00000,-0.000000,0.000000,-0.000000,0.000000,0.000000
2878,107,home,mask_home,carol,joke_deflect,tolerated,-0.6188,-0.00000,-0.00000,0.00000,0.00000,0.00000,0.000000,0.000000,0.000000,0.000000,0.000000
2879,107,home,mask_home,dave,pair_up,accepted,1.5309,0.00000,-0.00000,0.00000,-0.00000,-0.00000,0.000000,0.000000,0.000000,-0.000000,-0.000000
2880,107,home,mask_home,bob,teach,rejected,-0.8859,0.00000,-0.00000,0.00000,-0.00000,-0.00000,0.000000,0.000000,0.000000,0.000000,0.000000
2881,107,conference,mask_conference,carol,help_after_task,tolerated,0.1012,0.00000,0.00000,0.00000,0.00000,-0.00000,0.000000,0.000000,0.000000,0.000000,0.000000
2882,107,conference,mask_conference,dave,quick_tip,accepted,1.8854,0.00000,-0.00000,0.00000,-0.00000,-0.00000,0.000000,-0.000000,0.000000,-0.000000,0.000000
2883,107,conference,mask_conference,bob,pair_up,tolerated,1.1273,0.00000,0.00000,0.00000,-0.00000,-0.00000,0.000000,0.000000,0.000000,0.000000,0.000000
2884,107,conference,mask_conference,carol,pair_up,accepted,2.6353,0.00000,0.00000,0.00000,0.00000,-0.00000,0.000000,0.000000,0.000000,0.000000,0.000000
2885,107,conference,mask_conference,dave,joke_deflect,accepted,1.8614,0.00000,-0.00000,0.00000,-0.00000,-0.00000,0.000000,-0.000000,0.000000,-0.000000,0.000000
2886,107,conference,mask_conference,bob,pair_up,tolerated,1.1273,0.00000,0.00000,0.00000,-0.00000,-0.00000,0.000000,0.000000,0.000000,0.000000,0.000000
2887,107,conference,mask_conference,carol,quick_tip,rejected,-2.2087,0.00000,0.00000,0.00000,0.00000,-0.00000,0.000000,0.000000,0.000000,0.000000,0.000000
2888,107,conference,mask_conference,dave,teach,rejected,-3.0877,0.00000,-0.00000,0.00000,-0.00000,-0.00000,0.000000,-0.000000,0.000000,-0.000000,0.000000
2889,107,conference,mask_conference,bob,drop_everything,rejected,-1.1001,0.00000,0.00000,-0.00000,-0.00000,-0.00000,0.000000,0.000000,-0.000000,0.000000,0.000000
2890,108,work,mask_work,carol,teach,accepted,4.0935,0.00000,0.00000,-0.00000,-0.00000,0.00000,0.000000,0.000000,0.000000,0.000000,0.000000
2891,108,work,mask_work,dave,joke_deflect,rejected,-0.6908,-0.00000,0.00000,-0.00000,-0.00000,0.00000,-0.000000,0.000000,0.000000,0.000000,0.000000
2892,108,work,mask_work,bob,drop_everything,rejected,-0.6433,0.00000,0.00000,-0.00000,-0.00000,0.00000,0.000000,0.000000,0.000000,0.000000,0.000000
2893,108,work,mask_work,carol,joke_deflect,rejected,-0.7805,0.00000,0.00000,-0.00000,-0.00000,0.00000,0.000000,0.000000,0.000000,0.000000,0.000000
2894,108,work,mask_work,dave,joke_deflect,rejected,-0.6908,-0.00000,0.00000,-0.00000,-0.00000,0.00000,-0.000000,0.000000,0.000000,0.000000,0.000000
2895,108,work,mask_work,bob,pair_up,rejected,-0.5713,0.00000,0.00000,-0.00000,-0.00000,0.00000,0.000000,0.000000,0.000000,0.000000,0.000000
2896,108,work,mask_work,carol,teach,accepted,4.0935,0.00000,0.00000,-0.00000,-0.00000,0.00000,0.000000,0.000000,0.000000,0.000000,0.000000
2897,108,work,mask_work,dave,teach,tolerated,1.5483,-0.00000,0.00000,-0.00000,-0.00000,0.00000,-0.000000,0.000000,0.000000,0.000000,0.000000
2898,108,work,mask_work,bob,pair_up,rejected,-0.5713,0.00000,0.00000,-0.00000,-0.00000,0.00000,0.000000,0.000000,0.000000,0.000000,0.000000
2899,108,home,mask_home,carol,joke_deflect,tolerated,-0.6188,-0.00000,-0.00000,0.00000,0.00000,0.00000,-0.000000,0.000000,0.000000,0.000000,0.000000
2900,108,home,mask_home,dave,quick_tip,accepted,1.6869,0.00000,-0.00000,0.00000,-0.00000,-0.00000,0.000000,0.000000,0.000000,-0.000000,-0.000000
2901,108,home,mask_home,bob,joke_deflect,rejected,-0.5224,-0.00000,0.00000,0.00000,0.00000,0.00000,-0.000000,0.000000,0.000000,0.000000,0.000000
2902,108,home,mask_home,carol,pair_up,accepted,2.0313,-0.00000,-0.00000,0.00000,0.00000,0.00000,0.000000,-0.000000,0.000000,0.000000,0.000000
2903,108,home,mask_home,dave,teach,tolerated,-1.1531,0.00000,-0.00000,0.00000,-0.00000,-0.00000,0.000000,0.000000,0.000000,-0.000000,-0.000000
2904,108,home,mask_home,bob,drop_everything,rejected,-0.7410,0.00000,-0.00000,0.00000,-0.00000,-0.00000,0.000000,0.000000,0.000000,0.000000,0.000000
2905,108,home,mask_home,carol,drop_everything,accepted,1.9593,-0.00000,-0.00000,0.00000,0.00000,0.00000,-0.000000,0.000000,0.000000,0.000000,0.000000
2906,108,home,mask_home,dave,pair_up,accepted,1.5272,0.00000,-0.00000,0.00000,-0.00000,-0.00000,0.000000,0.000000,0.000000,-0.000000,-0.000000
2907,108,home,mask_home,bob,pair_up,rejected,-0.6078,-0.00000,-0.00000,-0.00000,-0.00000,0.00000,-0.000000,0.000000,-0.000000,0.000000,0.000000
2908,108,conference,mask_conference,carol,drop_everything,rejected,-2.4367,0.00000,0.00000,0.00000,0.00000,-0.00000,0.000000,0.000000,0.000000,0.000000,0.000000
2909,108,conference,mask_conference,dave,joke_deflect,accepted,1.8652,0.00000,-0.00000,0.00000,-0.00000,-0.00000,0.000000,-0.000000,0.000000,-0.000000,0.000000
2910,108,conference,mask_conference,bob,quick_tip,rejected,-0.8721,0.00000,0.00000,-0.00000,-0.00000,-0.00000,0.000000,0.000000,-0.000000,0.000000,0.000000
2911,108,conference,mask_conference,carol,teach,accepted,2.6413,0.00000,0.00000,0.00000,0.00000,-0.00000,0.000000,0.000000,0.000000,0.000000,0.000000
2912,108,conference,mask_conference,dave,teach,tolerated,-0.9338,0.00000,0.00000,0.00000,-0.00000,-0.00000,0.000000,0.000000,0.000000,-0.000000,0.000000
2913,108,conference,mask_conference,bob,teach,tolerated,1.4779,0.00000,0.00000,-0.00000,-0.00000,-0.00000,0.000000,0.000000,-0.000000,0.000000,0.000000
2914,108,conference,mask_conference,carol,drop_everything,rejected,-2.4367,0.00000,0.00000,0.00000,0.00000,-0.00000,0.000000,0.000000,0.000000,0.000000,0.000000
2915,108,conference,mask_conference,dave,pair_up,accepted,1.7296,0.00000,-0.00000,0.00000,-0.00000,-0.00000,0.000000,-0.000000,0.000000,-0.000000,0.000000
2916,108,conference,mask_conference,bob,quick_tip,rejected,-0.8721,0.00000,0.00000,-0.00000,-0.00000,-0.00000,0.000000,0.000000,-0.000000,0.000000,0.000000
2917,109,work,mask_work,carol,drop_everything,rejected,-0.9845,0.00000,0.00000,-0.00000,-0.00000,0.00000,0.000000,0.000000,0.000000,0.000000,0.000000
2918,109,work,mask_work,dave,drop_everything,rejected,-0.8970,-0.00000,0.00000,-0.00000,-0.00000,0.00000,-0.000000,0.000000,0.000000,0.000000,0.000000
2919,109,work,mask_work,bob,pair_up,rejected,-0.5713,0.00000,0.00000,-0.00000,-0.00000,0.00000,0.000000,0.000000,0.000000,0.000000,0.000000
2920,109,work,mask_work,carol,pair_up,rejected,-0.9125,0.00000,0.00000,-0.00000,-0.00000,0.00000,0.000000,0.000000,0.000000,0.000000,0.000000
2921,109,work,mask_work,dave,quick_tip,accepted,4.3310,-0.00000,0.00000,-0.00000,-0.00000,0.00000,-0.000000,0.000000,0.000000,0.000000,0.000000
2922,109,work,mask_work,bob,teach,tolerated,1.9347,0.00000,0.00000,-0.00000,-0.00000,0.00000,0.000000,0.000000,0.000000,0.000000,0.000000
2923,109,work,mask_work,carol,pair_up,rejected,-0.9125,0.00000,0.00000,-0.00000,-0.00000,0.00000,0.000000,0.000000,0.000000,0.000000,0.000000
2924,109,work,mask_work,dave,joke_deflect,rejected,-0.6930,-0.00000,0.00000,-0.00000,-0.00000,0.00000,-0.000000,0.000000,0.000000,0.000000,0.000000
2925,109,work,mask_work,bob,drop_everything,rejected,-0.6433,0.00000,0.00000,-0.00000,-0.00000,0.00000,0.000000,0.000000,0.000000,0.000000,0.000000
2926,109,home,mask_home,carol,joke_deflect,tolerated,-0.6188,-0.00000,-0.00000,0.00000,0.00000,0.00000,0.000000,0.000000,0.000000,0.000000,0.000000
2927,109,home,mask_home,dave,joke_deflect,accepted,1.6592,0.00000,-0.00000,0.00000,-0.00000,-0.00000,0.000000,0.000000,0.000000,-0.000000,-0.000000
2928,109,home,mask_home,bob,quick_tip,rejected,-0.6034,0.00000,-0.00000,0.00000,0.00000,-0.00000,0.000000,0.000000,0.000000,0.000000,0.000000
2929,109,home,mask_home,carol,drop_everything,accepted,1.9559,-0.00000,-0.00000,0.00000,0.00000,0.00000,-0.000000,0.000000,0.000000,0.000000,0.000000
2930,109,home,mask_home,dave,teach,rejected,-3.3071,0.00000,-0.00000,0.00000,-0.00000,-0.00000,0.000000,0.000000,0.000000,-0.000000,-0.000000
2931,109,home,mask_home,bob,drop_everything,rejected,-0.7334,0.00000,-0.00000,0.00000,-0.00000,-0.00000,0.000000,0.000000,0.000000,0.000000,0.000000
2932,109,home,mask_home,carol,joke_deflect,tolerated,-0.6188,-0.00000,-0.00000,0.00000,0.00000,0.00000,-0.000000,0.000000,0.000000,0.000000,0.000000
2933,109,home,mask_home,dave,joke_deflect,accepted,1.6622,0.00000,-0.00000,0.00000,-0.00000,-0.00000,0.000000,0.000000,0.000000,-0.000000,-0.000000
2934,109,home,mask_home,bob,pair_up,rejected,-0.6006,-0.00000,-0.00000,-0.00000,-0.00000,0.00000,-0.000000,0.000000,-0.000000,0.000000,0.000000
2935,109,conference,mask_conference,carol,pair_up,accepted,2.6353,0.00000,0.00000,0.00000,0.00000,-0.00000,0.000000,0.000000,0.000000,0.000000,0.000000
2936,109,conference,mask_conference,dave,drop_everything,rejected,-3.3424,0.00000,-0.00000,0.00000,-0.00000,-0.00000,0.000000,-0.000000,0.000000,-0.000000,0.000000
2937,109,conference,mask_conference,bob,drop_everything,rejected,-1.1001,0.00000,0.00000,-0.00000,-0.00000,-0.00000,0.000000,0.000000,-0.000000,0.000000,0.000000
2938,109,conference,mask_conference,carol,help_after_task,tolerated,0.1012,0.00000,0.00000,0.00000,0.00000,-0.00000,0.000000,0.000000,0.000000,0.000000,0.000000
2939,109,conference,mask_conference,dave,quick_tip,accepted,1.8856,0.00000,-0.00000,0.00000,-0.00000,-0.00000,0.000000,-0.000000,0.000000,-0.000000,0.000000
2940,109,conference,mask_conference,bob,drop_everything,rejected,-1.1001,0.00000,0.00000,-0.00000,-0.00000,-0.00000,0.000000,0.000000,-0.000000,0.000000,0.000000
2941,109,conference,mask_conference,carol,joke_deflect,tolerated,-0.0142,0.00000,0.00000,0.00000,-0.00000,-0.00000,0.000000,0.000000,0.000000,0.000000,0.000000
2942,109,conference,mask_conference,dave,pair_up,accepted,1.7296,0.00000,-0.00000,0.00000,-0.00000,-0.00000,0.000000,-0.000000,0.000000,0.000000,0.000000
2943,109,conference,mask_conference,bob,joke_deflect,rejected,-0.6034,0.00000,0.00000,-0.00000,0.00000,-0.00000,0.000000,0.000000,-0.000000,0.000000,0.000000
2944,110,work,mask_work,carol,teach,accepted,4.0935,0.00000,0.00000,-0.00000,-0.00000,0.00000,0.000000,0.000000,0.000000,0.000000,0.000000
2945,110,work,mask_work,dave,teach,tolerated,1.5483,-0.00000,0.00000,-0.00000,-0.00000,0.00000,-0.000000,0.000000,0.000000,0.000000,0.000000
2946,110,work,mask_work,bob,drop_everything,rejected,-0.6433,0.00000,0.00000,-0.00000,-0.00000,0.00000,0.000000,0.000000,0.000000,0.000000,0.000000
2947,110,work,mask_work,carol,drop_everything,rejected,-0.9845,0.00000,0.00000,-0.00000,-0.00000,0.00000,0.000000,0.000000,0.000000,0.000000,0.000000
2948,110,work,mask_work,dave,drop_everything,rejected,-0.8992,-0.00000,0.00000,-0.00000,-0.00000,0.00000,-0.000000,0.000000,0.000000,0.000000,0.000000
2949,110,work,mask_work,bob,joke_deflect,rejected,-0.4393,0.00000,0.00000,-0.00000,-0.00000,0.00000,0.000000,0.000000,0.000000,0.000000,0.000000
2950,110,work,mask_work,carol,pair_up,rejected,-0.9125,0.00000,0.00000,-0.00000,-0.00000,0.00000,0.000000,0.000000,0.000000,0.000000,0.000000
2951,110,work,mask_work,dave,teach,tolerated,1.5483,-0.00000,0.00000,-0.00000,-0.00000,0.00000,-0.000000,0.000000,0.000000,0.000000,0.000000
2952,110,work,mask_work,bob,teach,tolerated,1.9347,0.00000,0.00000,-0.00000,-0.00000,0.00000,0.000000,0.000000,0.000000,0.000000,0.000000
2953,110,home,mask_home,carol,quick_tip,rejected,-2.6505,-0.00000,-0.00000,0.00000,0.00000,0.00000,0.000000,0.000000,0.000000,0.000000,0.000000
2954,110,home,mask_home,dave,teach,rejected,-3.3071,0.00000,-0.00000,0.00000,-0.00000,-0.00000,0.000000,0.000000,0.000000,-0.000000,-0.000000
2955,110,home,mask_home,bob,teach,rejected,-0.8662,0.00000,-0.00000,0.00000,-0.00000,-0.00000,0.000000,0.000000,0.000000,0.000000,0.000000
2956,110,home,mask_home,carol,teach,rejected,-2.9621,-0.00000,-0.00000,0.00000,0.00000,0.00000,-0.000000,0.000000,0.000000,0.000000,0.000000
2957,110,home,mask_home,dave,drop_everything,tolerated,-1.3685,0.00000,-0.00000,0.00000,-0.00000,-0.00000,0.000000,0.000000,0.000000,-0.000000,-0.000000
2958,110,home,mask_home,bob,teach,rejected,-0.8662,0.00000,-0.00000,0.00000,-0.00000,-0.00000,0.000000,0.000000,0.000000,0.000000,0.000000
2959,110,home,mask_home,carol,joke_deflect,rejected,-2.5028,-0.00000,-0.00000,0.00000,0.00000,0.00000,-0.000000,0.000000,0.000000,0.000000,0.000000
2960,110,home,mask_home,dave,drop_everything,tolerated,-1.3685,0.00000,-0.00000,0.00000,-0.00000,-0.00000,0.000000,0.000000,0.000000,-0.000000,-0.000000
2961,110,home,mask_home,bob,joke_deflect,rejected,-0.5056,-0.00000,0.00000,0.00000,0.00000,0.00000,-0.000000,0.000000,0.000000,0.000000,0.000000
2962,110,conference,mask_conference,carol,drop_everything,rejected,-2.4440,0.00000,0.00000,0.00000,0.00000,-0.00000,0.000000,0.000000,0.000000,0.000000,0.000000
2963,110,conference,mask_conference,dave,joke_deflect,accepted,1.8616,0.00000,-0.00000,0.00000,-0.00000,-0.00000,0.000000,-0.000000,0.000000,-0.000000,0.000000
2964,110,conference,mask_conference,bob,teach,tolerated,1.4816,0.00000,0.00000,-0.00000,-0.00000,-0.00000,0.000000,0.000000,-0.000000,0.000000,0.000000
2965,110,conference,mask_conference,carol,pair_up,accepted,2.6280,0.00000,0.00000,0.00000,0.00000,-0.00000,0.000000,0.000000,0.000000,0.000000,0.000000
2966,110,conference,mask_conference,dave,teach,tolerated,-0.9338,0.00000,0.00000,0.00000,-0.00000,-0.00000,0.000000,0.000000,0.000000,-0.000000,0.000000
2967,110,conference,mask_conference,bob,joke_deflect,tolerated,1.2880,0.00000,0.00000,0.00000,-0.00000,-0.00000,0.000000,0.000000,0.000000,0.000000,0.000000
2968,110,conference,mask_conference,carol,joke_deflect,rejected,-1.9056,0.00000,0.00000,0.00000,0.00000,-0.00000,0.000000,0.000000,0.000000,0.000000,0.000000
2969,110,conference,mask_conference,dave,pair_up,accepted,1.7260,0.00000,-0.00000,0.00000,-0.00000,-0.00000,0.000000,-0.000000,0.000000,-0.000000,0.000000
2970,110,conference,mask_conference,bob,drop_everything,rejected,-1.1004,0.00000,0.00000,-0.00000,-0.00000,-0.00000,0.000000,0.000000,-0.000000,0.000000,0.000000
2971,111,work,mask_work,carol,drop_everything,rejected,-0.9845,0.00000,0.00000,-0.00000,-0.00000,0.00000,0.000000,0.000000,0.000000,0.000000,0.000000
2972,111,work,mask_work,dave,joke_deflect,rejected,-0.6973,-0.00000,0.00000,-0.00000,-0.00000,0.00000,-0.000000,0.000000,0.000000,0.000000,0.000000
2973,111,work,mask_work,bob,drop_everything,rejected,-0.6433,0.00000,0.00000,-0.00000,-0.00000,0.00000,0.000000,0.000000,0.000000,0.000000,0.000000
2974,111,work,mask_work,carol,pair_up,rejected,-0.9125,0.00000,0.00000,-0.00000,-0.00000,0.00000,0.000000,0.000000,0.000000,0.000000,0.000000
2975,111,work,mask_work,dave,pair_up,rejected,-0.8293,-0.00000,0.00000,-0.00000,-0.00000,0.00000,-0.000000,0.000000,0.000000,0.000000,0.000000
2976,111,work,mask_work,bob,teach,tolerated,1.9347,0.00000,0.00000,-0.00000,-0.00000,0.00000,0.000000,0.000000,0.000000,0.000000,0.000000
2977,111,work,mask_work,carol,joke_deflect,rejected,-0.7805,0.00000,0.00000,-0.00000,-0.00000,0.00000,0.000000,0.000000,0.000000,0.000000,0.000000
2978,111,work,mask_work,dave,teach,tolerated,1.5483,-0.00000,0.00000,-0.00000,-0.00000,0.00000,-0.000000,0.000000,0.000000,0.000000,0.000000
2979,111,work,mask_work,bob,quick_tip,tolerated,1.9519,-0.00000,0.00000,-0.00000,-0.00000,0.00000,0.000000,0.000000,0.000000,0.000000,0.000000
2980,111,home,mask_home,carol,pair_up,accepted,2.0358,-0.00000,-0.00000,0.00000,0.00000,0.00000,0.000000,-0.000000,0.000000,0.000000,0.000000
2981,111,home,mask_home,dave,pair_up,accepted,1.5242,0.00000,-0.00000,0.00000,-0.00000,-0.00000,0.000000,0.000000,0.000000,-0.000000,-0.000000
2982,111,home,mask_home,bob,quick_tip,rejected,-0.5944,0.00000,-0.00000,0.00000,0.00000,-0.00000,0.000000,0.000000,0.000000,0.000000,0.000000
2983,111,home,mask_home,carol,joke_deflect,tolerated,-0.6114,-0.00000,-0.00000,0.00000,0.00000,0.00000,-0.000000,0.000000,0.000000,0.000000,0.000000
2984,111,home,mask_home,dave,joke_deflect,accepted,1.6562,0.00000,-0.00000,0.00000,-0.00000,-0.00000,0.000000,0.000000,0.000000,-0.000000,-0.000000
2985,111,home,mask_home,bob,drop_everything,tolerated,1.1978,-0.00000,-0.00000,0.00000,0.00000,0.00000,-0.000000,0.000000,0.000000,0.000000,0.000000
2986,111,home,mask_home,carol,teach,rejected,-2.9614,-0.00000,-0.00000,0.00000,0.00000,0.00000,0.000000,0.000000,0.000000,0.000000,0.000000
2987,111,home,mask_home,dave,joke_deflect,accepted,1.6562,0.00000,-0.00000,0.00000,-0.00000,-0.00000,0.000000,0.000000,0.000000,-0.000000,-0.000000
2988,111,home,mask_home,bob,pair_up,rejected,-0.5988,-0.00000,-0.00000,-0.00000,-0.00000,0.00000,-0.000000,0.000000,-0.000000,0.000000,0.000000
2989,111,conference,mask_conference,carol,pair_up,accepted,2.6316,0.00000,0.00000,0.00000,0.00000,-0.00000,0.000000,0.000000,0.000000,0.000000,0.000000
2990,111,conference,mask_conference,dave,pair_up,accepted,1.7260,0.00000,-0.00000,0.00000,-0.00000,-0.00000,0.000000,-0.000000,0.000000,-0.000000,0.000000
2991,111,conference,mask_conference,bob,joke_deflect,rejected,-0.6034,0.00000,0.00000,-0.00000,0.00000,-0.00000,0.000000,0.000000,-0.000000,0.000000,0.000000
2992,111,conference,mask_conference,carol,quick_tip,rejected,-2.2124,0.00000,0.00000,0.00000,0.00000,-0.00000,0.000000,0.000000,0.000000,0.000000,0.000000
2993,111,conference,mask_conference,dave,joke_deflect,accepted,1.8580,0.00000,-0.00000,0.00000,-0.00000,-0.00000,0.000000,-0.000000,0.000000,-0.000000,0.000000
2994,111,conference,mask_conference,bob,drop_everything,rejected,-1.0968,0.00000,0.00000,-0.00000,-0.00000,-0.00000,0.000000,0.000000,-0.000000,0.000000,0.000000
2995,111,conference,mask_conference,carol,drop_everything,rejected,-2.4404,0.00000,0.00000,0.00000,0.00000,-0.00000,0.000000,0.000000,0.000000,0.000000,0.000000
2996,111,conference,mask_conference,dave,drop_everything,rejected,-3.3460,0.00000,-0.00000,0.00000,-0.00000,-0.00000,0.000000,-0.000000,0.000000,-0.000000,0.000000
2997,111,conference,mask_conference,bob,drop_everything,rejected,-1.0968,0.00000,0.00000,-0.00000,-0.00000,-0.00000,0.000000,0.000000,-0.000000,0.000000,0.000000
2998,112,work,mask_work,carol,joke_deflect,rejected,-0.7805,0.00000,0.00000,-0.00000,-0.00000,0.00000,0.000000,0.000000,0.000000,0.000000,0.000000
2999,112,work,mask_work,dave,joke_deflect,rejected,-0.6993,-0.00000,0.00000,-0.00000,-0.00000,0.00000,-0.000000,0.000000,0.000000,0.000000,0.000000
3000,112,work,mask_work,bob,teach,tolerated,1.9304,0.00000,0.00000,-0.00000,-0.00000,0.00000,0.000000,0.000000,0.000000,0.000000,0.000000
3001,112,work,mask_work,carol,drop_everything,rejected,-0.9845,0.00000,0.00000,-0.00000,-0.00000,0.00000,0.000000,0.000000,0.000000,0.000000,0.000000
3002,112,work,mask_work,dave,drop_everything,rejected,-0.9033,-0.00000,0.00000,-0.00000,-0.00000,0.00000,-0.000000,0.000000,0.000000,0.000000,0.000000
3003,112,work,mask_work,bob,drop_everything,rejected,-0.6476,0.00000,0.00000,-0.00000,-0.00000,0.00000,0.000000,0.000000,0.000000,0.000000,0.000000
3004,112,work,mask_work,carol,drop_everything,rejected,-0.9845,0.00000,0.00000,-0.00000,-0.00000,0.00000,0.000000,0.000000,0.000000,0.000000,0.000000
3005,112,work,mask_work,dave,joke_deflect,rejected,-0.6993,-0.00000,0.00000,-0.00000,-0.00000,0.00000,-0.000000,0.000000,0.000000,0.000000,0.000000
3006,112,work,mask_work,bob,joke_deflect,rejected,-0.4436,0.00000,0.00000,-0.00000,-0.00000,0.00000,0.000000,0.000000,0.000000,0.000000,0.000000
3007,112,home,mask_home,carol,joke_deflect,tolerated,-0.6114,-0.00000,-0.00000,0.00000,0.00000,0.00000,0.000000,0.000000,0.000000,0.000000,0.000000
3008,112,home,mask_home,dave,joke_deflect,accepted,1.6562,0.00000,-0.00000,0.00000,-0.00000,-0.00000,0.000000,0.000000,0.000000,-0.000000,-0.000000
3009,112,home,mask_home,bob,drop_everything,rejected,-0.7203,0.00000,-0.00000,0.00000,-0.00000,-0.00000,0.000000,0.000000,0.000000,0.000000,0.000000
3010,112,home,mask_home,carol,teach,rejected,-2.9646,-0.00000,-0.00000,0.00000,0.00000,0.00000,-0.000000,0.000000,0.000000,0.000000,0.000000
3011,112,home,mask_home,dave,drop_everything,rejected,-3.2897,0.00000,-0.00000,0.00000,-0.00000,-0.00000,0.000000,0.000000,0.000000,-0.000000,-0.000000
3012,112,home,mask_home,bob,pair_up,rejected,-0.5958,-0.00000,-0.00000,-0.00000,-0.00000,0.00000,-0.000000,0.000000,-0.000000,0.000000,0.000000
3013,112,home,mask_home,carol,pair_up,accepted,2.0294,-0.00000,-0.00000,0.00000,0.00000,0.00000,0.000000,0.000000,0.000000,0.000000,0.000000
3014,112,home,mask_home,dave,pair_up,accepted,1.5277,0.00000,-0.00000,0.00000,-0.00000,-0.00000,0.000000,0.000000,0.000000,-0.000000,-0.000000
3015,112,home,mask_home,bob,pair_up,rejected,-0.5958,-0.00000,-0.00000,-0.00000,-0.00000,0.00000,-0.000000,0.000000,-0.000000,0.000000,0.000000
3016,112,conference,mask_conference,carol,pair_up,accepted,2.6316,0.00000,0.00000,0.00000,0.00000,-0.00000,0.000000,0.000000,0.000000,0.000000,0.000000
3017,112,conference,mask_conference,dave,quick_tip,accepted,1.8820,0.00000,-0.00000,0.00000,-0.00000,-0.00000,0.000000,-0.000000,0.000000,-0.000000,0.000000
3018,112,conference,mask_conference,bob,pair_up,rejected,-0.7280,0.00000,0.00000,-0.00000,-0.00000,-0.00000,0.000000,0.000000,-0.000000,0.000000,0.000000
3019,112,conference,mask_conference,carol,drop_everything,rejected,-2.4404,0.00000,0.00000,0.00000,0.00000,-0.00000,0.000000,0.000000,0.000000,0.000000,0.000000
3020,112,conference,mask_conference,dave,joke_deflect,accepted,1.8580,0.00000,-0.00000,0.00000,-0.00000,-0.00000,0.000000,-0.000000,0.000000,-0.000000,0.000000
3021,112,conference,mask_conference,bob,pair_up,rejected,-0.7280,0.00000,0.00000,-0.00000,-0.00000,-0.00000,0.000000,0.000000,-0.000000,0.000000,0.000000
3022,112,conference,mask_conference,carol,quick_tip,rejected,-2.2124,0.00000,0.00000,0.00000,0.00000,-0.00000,0.000000,0.000000,0.000000,0.000000,0.000000
3023,112,conference,mask_conference,dave,drop_everything,rejected,-3.3460,0.00000,-0.00000,0.00000,-0.00000,-0.00000,0.000000,-0.000000,0.000000,-0.000000,0.000000
3024,112,conference,mask_conference,bob,drop_everything,rejected,-1.0882,0.00000,0.00000,-0.00000,-0.00000,-0.00000,0.000000,0.000000,-0.000000,0.000000,0.000000
3025,113,work,mask_work,carol,joke_deflect,rejected,-0.7805,0.00000,0.00000,-0.00000,-0.00000,0.00000,0.000000,0.000000,0.000000,0.000000,0.000000
3026,113,work,mask_work,dave,joke_deflect,rejected,-0.6993,-0.00000,0.00000,-0.00000,-0.00000,0.00000,-0.000000,0.000000,0.000000,0.000000,0.000000
3027,113,work,mask_work,bob,drop_everything,rejected,-0.6476,0.00000,0.00000,-0.00000,-0.00000,0.00000,0.000000,0.000000,0.000000,0.000000,0.000000
3028,113,work,mask_work,carol,joke_deflect,rejected,-0.7805,0.00000,0.00000,-0.00000,-0.00000,0.00000,0.000000,0.000000,0.000000,0.000000,0.000000
3029,113,work,mask_work,dave,pair_up,rejected,-0.8313,-0.00000,0.00000,-0.00000,-0.00000,0.00000,-0.000000,0.000000,0.000000,0.000000,0.000000
3030,113,work,mask_work,bob,pair_up,rejected,-0.5756,0.00000,0.00000,-0.00000,-0.00000,0.00000,0.000000,0.000000,0.000000,0.000000,0.000000
3031,113,work,mask_work,carol,pair_up,rejected,-0.9125,0.00000,0.00000,-0.00000,-0.00000,0.00000,0.000000,0.000000,0.000000,0.000000,0.000000
3032,113,work,mask_work,dave,joke_deflect,rejected,-0.6993,-0.00000,0.00000,-0.00000,-0.00000,0.00000,-0.000000,0.000000,0.000000,0.000000,0.000000
3033,113,work,mask_work,bob,joke_deflect,rejected,-0.4436,0.00000,0.00000,-0.00000,-0.00000,0.00000,0.000000,0.000000,0.000000,0.000000,0.000000
3034,113,home,mask_home,carol,pair_up,accepted,2.0294,-0.00000,-0.00000,0.00000,0.00000,0.00000,0.000000,0.000000,0.000000,0.000000,0.000000
3035,113,home,mask_home,dave,drop_everything,tolerated,-1.3685,0.00000,-0.00000,0.00000,-0.00000,-0.00000,0.000000,0.000000,0.000000,-0.000000,-0.000000
3036,113,home,mask_home,bob,pair_up,tolerated,1.2628,0.00000,-0.00000,0.00000,0.00000,-0.00000,0.000000,0.000000,0.000000,0.000000,0.000000
3037,113,home,mask_home,carol,teach,rejected,-2.9646,-0.00000,-0.00000,0.00000,0.00000,0.00000,-0.000000,0.000000,0.000000,0.000000,0.000000
3038,113,home,mask_home,dave,drop_everything,rejected,-3.2897,0.00000,-0.00000,0.00000,-0.00000,-0.00000,0.000000,0.000000,0.000000,-0.000000,-0.000000
3039,113,home,mask_home,bob,pair_up,tolerated,1.2628,0.00000,-0.00000,0.00000,0.00000,-0.00000,0.000000,0.000000,0.000000,0.000000,0.000000
3040,113,home,mask_home,carol,drop_everything,accepted,1.9574,-0.00000,-0.00000,0.00000,0.00000,0.00000,-0.000000,0.000000,0.000000,0.000000,0.000000
3041,113,home,mask_home,dave,drop_everything,tolerated,-1.3685,0.00000,-0.00000,0.00000,-0.00000,-0.00000,0.000000,0.000000,0.000000,-0.000000,-0.000000
3042,113,home,mask_home,bob,drop_everything,rejected,-0.7226,0.00000,-0.00000,0.00000,-0.00000,-0.00000,0.000000,0.000000,0.000000,0.000000,0.000000
3043,113,conference,mask_conference,carol,quick_tip,rejected,-2.2124,0.00000,0.00000,0.00000,0.00000,-0.00000,0.000000,0.000000,0.000000,0.000000,0.000000
3044,113,conference,mask_conference,dave,drop_everything,rejected,-3.3460,0.00000,-0.00000,0.00000,-0.00000,-0.00000,0.000000,-0.000000,0.000000,-0.000000,0.000000
3045,113,conference,mask_conference,bob,joke_deflect,tolerated,1.2966,0.00000,0.00000,0.00000,-0.00000,-0.00000,0.000000,0.000000,0.000000,0.000000,0.000000
3046,113,conference,mask_conference,carol,drop_everything,rejected,-2.4404,0.00000,0.00000,0.00000,0.00000,-0.00000,0.000000,0.000000,0.000000,0.000000,0.000000
3047,113,conference,mask_conference,dave,pair_up,accepted,1.7260,0.00000,-0.00000,0.00000,-0.00000,-0.00000,0.000000,-0.000000,0.000000,-0.000000,0.000000
3048,113,conference,mask_conference,bob,pair_up,rejected,-0.7319,0.00000,0.00000,-0.00000,-0.00000,-0.00000,0.000000,0.000000,-0.000000,0.000000,0.000000
3049,113,conference,mask_conference,carol,joke_deflect,tolerated,-0.0142,0.00000,0.00000,0.00000,-0.00000,-0.00000,0.000000,0.000000,0.000000,0.000000,0.000000
3050,113,conference,mask_conference,dave,joke_deflect,accepted,1.8580,0.00000,-0.00000,0.00000,-0.00000,-0.00000,0.000000,-0.000000,0.000000,0.000000,0.000000
3051,113,conference,mask_conference,bob,teach,tolerated,1.4901,0.00000,0.00000,-0.00000,-0.00000,-0.00000,0.000000,0.000000,-0.000000,0.000000,0.000000
3052,114,work,mask_work,carol,drop_everything,rejected,-0.9845,0.00000,0.00000,-0.00000,-0.00000,0.00000,0.000000,0.000000,0.000000,0.000000,0.000000
3053,114,work,mask_work,dave,drop_everything,rejected,-0.9033,-0.00000,0.00000,-0.00000,-0.00000,0.00000,-0.000000,0.000000,0.000000,0.000000,0.000000
3054,114,work,mask_work,bob,quick_tip,tolerated,1.9519,-0.00000,0.00000,-0.00000,-0.00000,0.00000,0.000000,0.000000,0.000000,0.000000,0.000000
3055,114,work,mask_work,carol,joke_deflect,rejected,-0.7805,0.00000,0.00000,-0.00000,-0.00000,0.00000,0.000000,0.000000,0.000000,0.000000,0.000000
3056,114,work,mask_work,dave,drop_everything,rejected,-0.9033,-0.00000,0.00000,-0.00000,-0.00000,0.00000,-0.000000,0.000000,0.000000,0.000000,0.000000
3057,114,work,mask_work,bob,drop_everything,rejected,-0.6516,0.00000,0.00000,-0.00000,-0.00000,0.00000,0.000000,0.000000,0.000000,0.000000,0.000000
3058,114,work,mask_work,carol,teach,accepted,4.0935,0.00000,0.00000,-0.00000,-0.00000,0.00000,0.000000,0.000000,0.000000,0.000000,0.000000
3059,114,work,mask_work,dave,drop_everything,rejected,-0.9033,-0.00000,0.00000,-0.00000,-0.00000,0.00000,-0.000000,0.000000,0.000000,0.000000,0.000000
3060,114,work,mask_work,bob,pair_up,rejected,-0.5796,0.00000,0.00000,-0.00000,-0.00000,0.00000,0.000000,0.000000,0.000000,0.000000,0.000000
3061,114,home,mask_home,carol,drop_everything,accepted,1.9574,-0.00000,-0.00000,0.00000,0.00000,0.00000,-0.000000,0.000000,0.000000,0.000000,0.000000
3062,114,home,mask_home,dave,teach,tolerated,-1.1637,0.00000,-0.00000,0.00000,-0.00000,-0.00000,0.000000,0.000000,0.000000,-0.000000,-0.000000
3063,114,home,mask_home,bob,drop_everything,rejected,-0.7226,0.00000,-0.00000,0.00000,-0.00000,-0.00000,0.000000,0.000000,0.000000,0.000000,0.000000
3064,114,home,mask_home,carol,joke_deflect,rejected,-2.5028,-0.00000,-0.00000,0.00000,0.00000,0.00000,-0.000000,0.000000,0.000000,0.000000,0.000000
3065,114,home,mask_home,dave,joke_deflect,accepted,1.6511,0.00000,-0.00000,0.00000,-0.00000,-0.00000,0.000000,0.000000,0.000000,-0.000000,-0.000000
3066,114,home,mask_home,bob,pair_up,rejected,-0.5902,-0.00000,-0.00000,-0.00000,-0.00000,0.00000,-0.000000,0.000000,-0.000000,0.000000,0.000000
3067,114,home,mask_home,carol,pair_up,accepted,2.0332,-0.00000,-0.00000,0.00000,0.00000,0.00000,0.000000,0.000000,0.000000,0.000000,0.000000
3068,114,home,mask_home,dave,joke_deflect,accepted,1.6511,0.00000,-0.00000,0.00000,-0.00000,-0.00000,0.000000,0.000000,0.000000,-0.000000,-0.000000
3069,114,home,mask_home,bob,teach,rejected,-0.8521,0.00000,-0.00000,0.00000,-0.00000,-0.00000,0.000000,0.000000,0.000000,0.000000,0.000000
3070,114,conference,mask_conference,carol,pair_up,accepted,2.6286,0.00000,0.00000,0.00000,0.00000,-0.00000,0.000000,0.000000,0.000000,0.000000,0.000000
3071,114,conference,mask_conference,dave,quick_tip,accepted,1.8820,0.00000,-0.00000,0.00000,-0.00000,-0.00000,0.000000,-0.000000,0.000000,-0.000000,0.000000
3072,114,conference,mask_conference,bob,pair_up,rejected,-0.7319,0.00000,0.00000,-0.00000,-0.00000,-0.00000,0.000000,0.000000,-0.000000,0.000000,0.000000
3073,114,conference,mask_conference,carol,quick_tip,rejected,-2.2154,0.00000,0.00000,0.00000,0.00000,-0.00000,0.000000,0.000000,0.000000,0.000000,0.000000
3074,114,conference,mask_conference,dave,joke_deflect,accepted,1.8580,0.00000,-0.00000,0.00000,-0.00000,-0.00000,0.000000,-0.000000,0.000000,-0.000000,0.000000
3075,114,conference,mask_conference,bob,joke_deflect,rejected,-0.5866,0.00000,0.00000,-0.00000,0.00000,-0.00000,0.000000,0.000000,-0.000000,0.000000,0.000000
3076,114,conference,mask_conference,carol,quick_tip,rejected,-2.2154,0.00000,0.00000,0.00000,0.00000,-0.00000,0.000000,0.000000,0.000000,0.000000,0.000000
3077,114,conference,mask_conference,dave,drop_everything,rejected,-3.3460,0.00000,-0.00000,0.00000,-0.00000,-0.00000,0.000000,-0.000000,0.000000,-0.000000,0.000000
3078,114,conference,mask_conference,bob,pair_up,rejected,-0.7284,0.00000,0.00000,-0.00000,-0.00000,-0.00000,0.000000,0.000000,-0.000000,0.000000,0.000000
3079,115,work,mask_work,carol,teach,accepted,4.0935,0.00000,0.00000,-0.00000,-0.00000,0.00000,0.000000,0.000000,0.000000,0.000000,0.000000
3080,115,work,mask_work,dave,joke_deflect,rejected,-0.6993,-0.00000,0.00000,-0.00000,-0.00000,0.00000,-0.000000,0.000000,0.000000,0.000000,0.000000
3081,115,work,mask_work,bob,teach,tolerated,1.9264,0.00000,0.00000,-0.00000,-0.00000,0.00000,0.000000,0.000000,0.000000,0.000000,0.000000
3082,115,work,mask_work,carol,pair_up,rejected,-0.9125,0.00000,0.00000,-0.00000,-0.00000,0.00000,0.000000,0.000000,0.000000,0.000000,0.000000
3083,115,work,mask_work,dave,joke_deflect,rejected,-0.6993,-0.00000,0.00000,-0.00000,-0.00000,0.00000,-0.000000,0.000000,0.000000,0.000000,0.000000
3084,115,work,mask_work,bob,teach,tolerated,1.9264,0.00000,0.00000,-0.00000,-0.00000,0.00000,0.000000,0.000000,0.000000,0.000000,0.000000
3085,115,work,mask_work,carol,drop_everything,rejected,-0.9845,0.00000,0.00000,-0.00000,-0.00000,0.00000,0.000000,0.000000,0.000000,0.000000,0.000000
3086,115,work,mask_work,dave,pair_up,rejected,-0.8313,-0.00000,0.00000,-0.00000,-0.00000,0.00000,-0.000000,0.000000,0.000000,0.000000,0.000000
3087,115,work,mask_work,bob,pair_up,rejected,-0.5796,0.00000,0.00000,-0.00000,-0.00000,0.00000,0.000000,0.000000,0.000000,0.000000,0.000000
3088,115,home,mask_home,carol,pair_up,accepted,2.0332,-0.00000,-0.00000,0.00000,0.00000,0.00000,-0.000000,0.000000,0.000000,0.000000,0.000000
3089,115,home,mask_home,dave,teach,rejected,-3.3176,0.00000,-0.00000,0.00000,-0.00000,-0.00000,0.000000,0.000000,0.000000,-0.000000,-0.000000
3090,115,home,mask_home,bob,quick_tip,tolerated,1.6475,-0.00000,-0.00000,0.00000,-0.00000,0.00000,-0.000000,0.000000,0.000000,0.000000,0.000000
3091,115,home,mask_home,carol,teach,rejected,-2.9608,-0.00000,-0.00000,0.00000,0.00000,0.00000,0.000000,0.000000,0.000000,0.000000,0.000000
3092,115,home,mask_home,dave,pair_up,accepted,1.5219,0.00000,-0.00000,0.00000,-0.00000,-0.00000,0.000000,0.000000,0.000000,-0.000000,-0.000000
3093,115,home,mask_home,bob,drop_everything,rejected,-0.7245,0.00000,-0.00000,0.00000,-0.00000,-0.00000,0.000000,0.000000,0.000000,0.000000,0.000000
3094,115,home,mask_home,carol,drop_everything,accepted,1.9612,-0.00000,-0.00000,0.00000,0.00000,0.00000,-0.000000,0.000000,0.000000,0.000000,0.000000
3095,115,home,mask_home,dave,joke_deflect,accepted,1.6539,0.00000,-0.00000,0.00000,-0.00000,-0.00000,0.000000,0.000000,0.000000,-0.000000,-0.000000
3096,115,home,mask_home,bob,pair_up,rejected,-0.5924,-0.00000,-0.00000,-0.00000,-0.00000,0.00000,-0.000000,0.000000,-0.000000,0.000000,0.000000
3097,115,conference,mask_conference,carol,drop_everything,rejected,-2.4434,0.00000,0.00000,0.00000,0.00000,-0.00000,0.000000,0.000000,0.000000,0.000000,0.000000
3098,115,conference,mask_conference,dave,joke_deflect,accepted,1.8580,0.00000,-0.00000,0.00000,-0.00000,-0.00000,0.000000,-0.000000,0.000000,-0.000000,0.000000
3099,115,conference,mask_conference,bob,drop_everything,rejected,-1.0766,0.00000,0.00000,-0.00000,-0.00000,-0.00000,0.000000,0.000000,-0.000000,0.000000,0.000000
3100,115,conference,mask_conference,carol,drop_everything,rejected,-2.4434,0.00000,0.00000,0.00000,0.00000,-0.00000,0.000000,0.000000,0.000000,0.000000,0.000000
3101,115,conference,mask_conference,dave,pair_up,accepted,1.7260,0.00000,-0.00000,0.00000,-0.00000,-0.00000,0.000000,-0.000000,0.000000,-0.000000,0.000000
3102,115,conference,mask_conference,bob,teach,tolerated,1.5014,0.00000,0.00000,-0.00000,-0.00000,-0.00000,0.000000,0.000000,-0.000000,0.000000,0.000000
3103,115,conference,mask_conference,carol,drop_everything,rejected,-2.4434,0.00000,0.00000,0.00000,0.00000,-0.00000,0.000000,0.000000,0.000000,0.000000,0.000000
3104,115,conference,mask_conference,dave,teach,tolerated,-0.9338,0.00000,0.00000,0.00000,-0.00000,-0.00000,0.000000,0.000000,0.000000,-0.000000,0.000000
3105,115,conference,mask_conference,bob,pair_up,rejected,-0.7284,0.00000,0.00000,-0.00000,-0.00000,-0.00000,0.000000,0.000000,-0.000000,0.000000,0.000000
3106,116,work,mask_work,carol,quick_tip,rejected,-0.6048,0.00000,0.00000,-0.00000,-0.00000,-0.00000,0.000000,0.000000,0.000000,0.000000,-0.000000
3107,116,work,mask_work,dave,teach,tolerated,1.5483,-0.00000,0.00000,-0.00000,-0.00000,0.00000,-0.000000,0.000000,0.000000,0.000000,0.000000
3108,116,work,mask_work,bob,pair_up,rejected,-0.5796,0.00000,0.00000,-0.00000,-0.00000,0.00000,0.000000,0.000000,0.000000,0.000000,0.000000
3109,116,work,mask_work,carol,drop_everything,rejected,-0.9803,0.00000,0.00000,-0.00000,-0.00000,-0.00000,0.000000,0.000000,0.000000,0.000000,-0.000000
3110,116,work,mask_work,dave,pair_up,rejected,-0.8333,-0.00000,0.00000,-0.00000,-0.00000,0.00000,-0.000000,0.000000,0.000000,0.000000,0.000000
3111,116,work,mask_work,bob,pair_up,rejected,-0.5796,0.00000,0.00000,-0.00000,-0.00000,0.00000,0.000000,0.000000,0.000000,0.000000,0.000000
3112,116,work,mask_work,carol,joke_deflect,rejected,-0.7763,0.00000,0.00000,-0.00000,-0.00000,-0.00000,0.000000,0.000000,0.000000,0.000000,-0.000000
3113,116,work,mask_work,dave,teach,tolerated,1.5483,-0.00000,0.00000,-0.00000,-0.00000,0.00000,-0.000000,0.000000,0.000000,0.000000,0.000000
3114,116,work,mask_work,bob,drop_everything,rejected,-0.6516,0.00000,0.00000,-0.00000,-0.00000,0.00000,0.000000,0.000000,0.000000,0.000000,0.000000
3115,116,home,mask_home,carol,pair_up,accepted,2.0332,-0.00000,-0.00000,0.00000,0.00000,0.00000,0.000000,0.000000,0.000000,0.000000,0.000000
3116,116,home,mask_home,dave,joke_deflect,accepted,1.6539,0.00000,-0.00000,0.00000,-0.00000,-0.00000,0.000000,0.000000,0.000000,-0.000000,-0.000000
3117,116,home,mask_home,bob,drop_everything,rejected,-0.7215,0.00000,-0.00000,0.00000,-0.00000,-0.00000,0.000000,0.000000,0.000000,0.000000,0.000000
3118,116,home,mask_home,carol,drop_everything,accepted,1.9612,-0.00000,-0.00000,0.00000,0.00000,0.00000,-0.000000,0.000000,0.000000,0.000000,0.000000
3119,116,home,mask_home,dave,quick_tip,accepted,1.6779,0.00000,-0.00000,0.00000,-0.00000,-0.00000,0.000000,0.000000,0.000000,-0.000000,-0.000000
3120,116,home,mask_home,bob,joke_deflect,rejected,-0.4908,-0.00000,0.00000,0.00000,0.00000,0.00000,-0.000000,0.000000,0.000000,0.000000,0.000000
3121,116,home,mask_home,carol,pair_up,accepted,2.0332,-0.00000,-0.00000,0.00000,0.00000,0.00000,0.000000,-0.000000,0.000000,0.000000,0.000000
3122,116,home,mask_home,dave,teach,tolerated,-1.1637,0.00000,-0.00000,0.00000,-0.00000,-0.00000,0.000000,0.000000,0.000000,-0.000000,-0.000000
3123,116,home,mask_home,bob,drop_everything,rejected,-0.7188,0.00000,-0.00000,0.00000,-0.00000,-0.00000,0.000000,0.000000,0.000000,0.000000,0.000000
3124,116,conference,mask_conference,carol,teach,accepted,2.6346,0.00000,0.00000,0.00000,0.00000,-0.00000,0.000000,0.000000,0.000000,0.000000,0.000000
3125,116,conference,mask_conference,dave,pair_up,accepted,1.7227,0.00000,-0.00000,0.00000,-0.00000,-0.00000,0.000000,-0.000000,0.000000,-0.000000,0.000000
3126,116,conference,mask_conference,bob,drop_everything,rejected,-1.0728,0.00000,0.00000,-0.00000,-0.00000,-0.00000,0.000000,0.000000,-0.000000,0.000000,0.000000
3127,116,conference,mask_conference,carol,drop_everything,rejected,-2.4434,0.00000,0.00000,0.00000,0.00000,-0.00000,0.000000,0.000000,0.000000,0.000000,0.000000
3128,116,conference,mask_conference,dave,joke_deflect,accepted,1.8547,0.00000,-0.00000,0.00000,-0.00000,-0.00000,0.000000,-0.000000,0.000000,-0.000000,0.000000
3129,116,conference,mask_conference,bob,pair_up,rejected,-0.7284,0.00000,0.00000,-0.00000,-0.00000,-0.00000,0.000000,0.000000,-0.000000,0.000000,0.000000
3130,116,conference,mask_conference,carol,quick_tip,rejected,-2.2154,0.00000,0.00000,0.00000,0.00000,-0.00000,0.000000,0.000000,0.000000,0.000000,0.000000
3131,116,conference,mask_conference,dave,drop_everything,rejected,-3.3493,0.00000,-0.00000,0.00000,-0.00000,-0.00000,0.000000,-0.000000,0.000000,-0.000000,0.000000
3132,116,conference,mask_conference,bob,pair_up,rejected,-0.7284,0.00000,0.00000,-0.00000,-0.00000,-0.00000,0.000000,0.000000,-0.000000,0.000000,0.000000
3133,117,work,mask_work,carol,joke_deflect,rejected,-0.7763,0.00000,0.00000,-0.00000,-0.00000,-0.00000,0.000000,0.000000,0.000000,0.000000,-0.000000
3134,117,work,mask_work,dave,quick_tip,accepted,4.3208,-0.00000,0.00000,-0.00000,-0.00000,0.00000,-0.000000,0.000000,0.000000,0.000000,0.000000
3135,117,work,mask_work,bob,joke_deflect,rejected,-0.4476,0.00000,0.00000,-0.00000,-0.00000,0.00000,0.000000,0.000000,0.000000,0.000000,0.000000
3136,117,work,mask_work,carol,joke_deflect,rejected,-0.7763,0.00000,0.00000,-0.00000,-0.00000,-0.00000,0.000000,0.000000,0.000000,0.000000,-0.000000
3137,117,work,mask_work,dave,drop_everything,rejected,-0.9072,-0.00000,0.00000,-0.00000,-0.00000,0.00000,-0.000000,0.000000,0.000000,0.000000,0.000000
3138,117,work,mask_work,bob,quick_tip,rejected,-0.2826,0.00000,0.00000,-0.00000,-0.00000,-0.00000,0.000000,0.000000,0.000000,0.000000,-0.000000
3139,117,work,mask_work,carol,drop_everything,rejected,-0.9803,0.00000,0.00000,-0.00000,-0.00000,-0.00000,0.000000,0.000000,0.000000,0.000000,0.000000
3140,117,work,mask_work,dave,joke_deflect,rejected,-0.7032,-0.00000,0.00000,-0.00000,-0.00000,0.00000,-0.000000,0.000000,0.000000,0.000000,0.000000
3141,117,work,mask_work,bob,help_after_task,tolerated,1.9246,0.00000,0.00000,-0.00000,-0.00000,0.00000,0.000000,0.000000,0.000000,0.000000,0.000000
3142,117,home,mask_home,carol,teach,rejected,-2.9608,-0.00000,-0.00000,0.00000,0.00000,0.00000,-0.000000,0.000000,0.000000,0.000000,0.000000
3143,117,home,mask_home,dave,pair_up,accepted,1.5186,0.00000,-0.00000,0.00000,-0.00000,-0.00000,0.000000,0.000000,0.000000,-0.000000,-0.000000
3144,117,home,mask_home,bob,joke_deflect,tolerated,1.4031,0.00000,-0.00000,0.00000,-0.00000,-0.00000,0.000000,0.000000,0.000000,0.000000,0.000000
3145,117,home,mask_home,carol,pair_up,accepted,2.0332,-0.00000,-0.00000,0.00000,0.00000,0.00000,-0.000000,0.000000,0.000000,0.000000,0.000000
3146,117,home,mask_home,dave,drop_everything,rejected,-3.2937,0.00000,-0.00000,0.00000,-0.00000,-0.00000,0.000000,0.000000,0.000000,-0.000000,-0.000000
3147,117,home,mask_home,bob,pair_up,tolerated,1.2697,0.00000,-0.00000,0.00000,0.00000,-0.00000,0.000000,0.000000,0.000000,0.000000,0.000000
3148,117,home,mask_home,carol,teach,rejected,-2.9608,-0.00000,-0.00000,0.00000,0.00000,0.00000,-0.000000,0.000000,0.000000,0.000000,0.000000
3149,117,home,mask_home,dave,drop_everything,rejected,-3.2937,0.00000,-0.00000,0.00000,-0.00000,-0.00000,0.000000,0.000000,0.000000,-0.000000,-0.000000
3150,117,home,mask_home,bob,drop_everything,tolerated,1.1940,-0.00000,-0.00000,0.00000,0.00000,0.00000,-0.000000,0.000000,0.000000,0.000000,0.000000
3151,117,conference,mask_conference,carol,joke_deflect,tolerated,-0.0142,0.00000,0.00000,0.00000,-0.00000,-0.00000,0.000000,0.000000,0.000000,0.000000,0.000000
3152,117,conference,mask_conference,dave,pair_up,accepted,1.7227,0.00000,-0.00000,0.00000,-0.00000,-0.00000,0.000000,-0.000000,0.000000,0.000000,0.000000
3153,117,conference,mask_conference,bob,joke_deflect,rejected,-0.5717,0.00000,0.00000,-0.00000,0.00000,-0.00000,0.000000,0.000000,-0.000000,0.000000,0.000000
3154,117,conference,mask_conference,carol,drop_everything,rejected,-2.4463,0.00000,0.00000,0.00000,0.00000,-0.00000,0.000000,0.000000,0.000000,0.000000,0.000000
3155,117,conference,mask_conference,dave,pair_up,accepted,1.7227,0.00000,-0.00000,0.00000,-0.00000,-0.00000,0.000000,-0.000000,0.000000,-0.000000,0.000000
3156,117,conference,mask_conference,bob,teach,tolerated,1.5159,0.00000,0.00000,-0.00000,-0.00000,-0.00000,0.000000,0.000000,-0.000000,0.000000,0.000000
3157,117,conference,mask_conference,carol,joke_deflect,rejected,-1.9056,0.00000,0.00000,0.00000,0.00000,-0.00000,0.000000,0.000000,0.000000,0.000000,0.000000
3158,117,conference,mask_conference,dave,joke_deflect,accepted,1.8547,0.00000,-0.00000,0.00000,-0.00000,-0.00000,0.000000,-0.000000,0.000000,-0.000000,0.000000
3159,117,conference,mask_conference,bob,joke_deflect,tolerated,1.3197,0.00000,0.00000,0.00000,-0.00000,-0.00000,0.000000,0.000000,0.000000,0.000000,0.000000
3160,118,work,mask_work,carol,drop_everything,rejected,-0.9803,0.00000,0.00000,-0.00000,-0.00000,-0.00000,0.000000,0.000000,0.000000,0.000000,-0.000000
3161,118,work,mask_work,dave,drop_everything,rejected,-0.9072,-0.00000,0.00000,-0.00000,-0.00000,0.00000,-0.000000,0.000000,0.000000,0.000000,0.000000
3162,118,work,mask_work,bob,joke_deflect,rejected,-0.4434,0.00000,0.00000,-0.00000,-0.00000,0.00000,0.000000,0.000000,0.000000,0.000000,0.000000
3163,118,work,mask_work,carol,quick_tip,tolerated,1.6297,0.00000,0.00000,-0.00000,-0.00000,0.00000,0.000000,0.000000,0.000000,0.000000,0.000000
3164,118,work,mask_work,dave,drop_everything,rejected,-0.9072,-0.00000,0.00000,-0.00000,-0.00000,0.00000,-0.000000,0.000000,0.000000,0.000000,0.000000
3165,118,work,mask_work,bob,drop_everything,rejected,-0.6474,0.00000,0.00000,-0.00000,-0.00000,0.00000,0.000000,0.000000,0.000000,0.000000,0.000000
3166,118,work,mask_work,carol,teach,accepted,4.0945,0.00000,0.00000,-0.00000,-0.00000,0.00000,0.000000,0.000000,0.000000,0.000000,0.000000
3167,118,work,mask_work,dave,pair_up,rejected,-0.8352,-0.00000,0.00000,-0.00000,-0.00000,0.00000,-0.000000,0.000000,0.000000,0.000000,0.000000
3168,118,work,mask_work,bob,quick_tip,rejected,-0.2826,0.00000,0.00000,-0.00000,-0.00000,-0.00000,0.000000,0.000000,0.000000,0.000000,-0.000000
3169,118,home,mask_home,carol,pair_up,accepted,2.0332,-0.00000,-0.00000,0.00000,0.00000,0.00000,0.000000,0.000000,0.000000,0.000000,0.000000
3170,118,home,mask_home,dave,pair_up,accepted,1.5250,0.00000,-0.00000,0.00000,-0.00000,-0.00000,0.000000,0.000000,0.000000,-0.000000,-0.000000
3171,118,home,mask_home,bob,joke_deflect,tolerated,1.3944,0.00000,-0.00000,0.00000,-0.00000,-0.00000,0.000000,0.000000,0.000000,0.000000,0.000000
3172,118,home,mask_home,carol,joke_deflect,tolerated,-0.6114,-0.00000,-0.00000,0.00000,0.00000,0.00000,-0.000000,0.000000,0.000000,0.000000,0.000000
3173,118,home,mask_home,dave,teach,tolerated,-1.1572,0.00000,-0.00000,0.00000,-0.00000,-0.00000,0.000000,0.000000,0.000000,-0.000000,-0.000000
3174,118,home,mask_home,bob,drop_everything,rejected,-0.7316,0.00000,-0.00000,0.00000,-0.00000,-0.00000,0.000000,0.000000,0.000000,0.000000,0.000000
3175,118,home,mask_home,carol,drop_everything,accepted,1.9581,-0.00000,-0.00000,0.00000,0.00000,0.00000,-0.000000,0.000000,0.000000,0.000000,0.000000
3176,118,home,mask_home,dave,drop_everything,rejected,-3.2970,0.00000,-0.00000,0.00000,-0.00000,-0.00000,0.000000,0.000000,0.000000,-0.000000,-0.000000
3177,118,home,mask_home,bob,joke_deflect,rejected,-0.4944,-0.00000,0.00000,0.00000,0.00000,0.00000,-0.000000,0.000000,0.000000,0.000000,0.000000
3178,118,conference,mask_conference,carol,drop_everything,rejected,-2.4428,0.00000,0.00000,0.00000,0.00000,-0.00000,0.000000,0.000000,0.000000,0.000000,0.000000
3179,118,conference,mask_conference,dave,pair_up,accepted,1.7227,0.00000,-0.00000,0.00000,-0.00000,-0.00000,0.000000,-0.000000,0.000000,-0.000000,0.000000
3180,118,conference,mask_conference,bob,quick_tip,rejected,-0.8378,0.00000,0.00000,-0.00000,-0.00000,-0.00000,0.000000,0.000000,-0.000000,0.000000,0.000000
3181,118,conference,mask_conference,carol,quick_tip,rejected,-2.2148,0.00000,0.00000,0.00000,0.00000,-0.00000,0.000000,0.000000,0.000000,0.000000,0.000000
3182,118,conference,mask_conference,dave,teach,rejected,-3.0877,0.00000,-0.00000,0.00000,-0.00000,-0.00000,0.000000,-0.000000,0.000000,-0.000000,0.000000
3183,118,conference,mask_conference,bob,drop_everything,rejected,-1.0658,0.00000,0.00000,-0.00000,-0.00000,-0.00000,0.000000,0.000000,-0.000000,0.000000,0.000000
3184,118,conference,mask_conference,carol,pair_up,accepted,2.6292,0.00000,0.00000,0.00000,0.00000,-0.00000,0.000000,0.000000,0.000000,0.000000,0.000000
3185,118,conference,mask_conference,dave,pair_up,accepted,1.7263,0.00000,-0.00000,0.00000,-0.00000,-0.00000,0.000000,-0.000000,0.000000,-0.000000,0.000000
3186,118,conference,mask_conference,bob,teach,tolerated,1.5122,0.00000,0.00000,-0.00000,-0.00000,-0.00000,0.000000,0.000000,-0.000000,0.000000,0.000000
3187,119,work,mask_work,carol,joke_deflect,rejected,-0.7795,0.00000,0.00000,-0.00000,-0.00000,0.00000,0.000000,0.000000,0.000000,0.000000,0.000000
3188,119,work,mask_work,dave,drop_everything,rejected,-0.9072,-0.00000,0.00000,-0.00000,-0.00000,0.00000,-0.000000,0.000000,0.000000,0.000000,0.000000
3189,119,work,mask_work,bob,joke_deflect,rejected,-0.4393,0.00000,0.00000,-0.00000,-0.00000,0.00000,0.000000,0.000000,0.000000,0.000000,0.000000
3190,119,work,mask_work,carol,pair_up,rejected,-0.9115,0.00000,0.00000,-0.00000,-0.00000,0.00000,0.000000,0.000000,0.000000,0.000000,0.000000
3191,119,work,mask_work,dave,quick_tip,accepted,4.3208,-0.00000,0.00000,-0.00000,-0.00000,0.00000,-0.000000,0.000000,0.000000,0.000000,0.000000
3192,119,work,mask_work,bob,pair_up,rejected,-0.5713,0.00000,0.00000,-0.00000,-0.00000,0.00000,0.000000,0.000000,0.000000,0.000000,0.000000
3193,119,work,mask_work,carol,drop_everything,rejected,-0.9835,0.00000,0.00000,-0.00000,-0.00000,0.00000,0.000000,0.000000,0.000000,0.000000,0.000000
3194,119,work,mask_work,dave,drop_everything,rejected,-0.9072,-0.00000,0.00000,-0.00000,-0.00000,0.00000,-0.000000,0.000000,0.000000,0.000000,0.000000
3195,119,work,mask_work,bob,teach,tolerated,1.9347,0.00000,0.00000,-0.00000,-0.00000,0.00000,0.000000,0.000000,0.000000,0.000000,0.000000
3196,119,home,mask_home,carol,pair_up,accepted,2.0301,-0.00000,-0.00000,0.00000,0.00000,0.00000,0.000000,-0.000000,0.000000,0.000000,0.000000
3197,119,home,mask_home,dave,pair_up,accepted,1.5249,0.00000,-0.00000,0.00000,-0.00000,-0.00000,0.000000,0.000000,0.000000,-0.000000,-0.000000
3198,119,home,mask_home,bob,drop_everything,tolerated,1.1924,-0.00000,-0.00000,0.00000,0.00000,0.00000,-0.000000,0.000000,0.000000,0.000000,0.000000
3199,119,home,mask_home,carol,pair_up,accepted,2.0301,-0.00000,-0.00000,0.00000,0.00000,0.00000,0.000000,0.000000,0.000000,0.000000,0.000000
3200,119,home,mask_home,dave,teach,rejected,-3.3080,0.00000,-0.00000,0.00000,-0.00000,-0.00000,0.000000,0.000000,0.000000,-0.000000,-0.000000
3201,119,home,mask_home,bob,drop_everything,rejected,-0.7289,0.00000,-0.00000,0.00000,-0.00000,-0.00000,0.000000,0.000000,0.000000,0.000000,0.000000
3202,119,home,mask_home,carol,pair_up,accepted,2.0301,-0.00000,-0.00000,0.00000,0.00000,0.00000,-0.000000,0.000000,0.000000,0.000000,0.000000
3203,119,home,mask_home,dave,drop_everything,rejected,-3.2943,0.00000,-0.00000,0.00000,-0.00000,-0.00000,0.000000,0.000000,0.000000,-0.000000,-0.000000
3204,119,home,mask_home,bob,pair_up,rejected,-0.5946,-0.00000,-0.00000,-0.00000,-0.00000,0.00000,-0.000000,0.000000,-0.000000,0.000000,0.000000
3205,119,conference,mask_conference,carol,joke_deflect,rejected,-1.9056,0.00000,0.00000,0.00000,0.00000,-0.00000,0.000000,0.000000,0.000000,0.000000,0.000000
3206,119,conference,mask_conference,dave,pair_up,accepted,1.7263,0.00000,-0.00000,0.00000,-0.00000,-0.00000,0.000000,-0.000000,0.000000,-0.000000,0.000000
3207,119,conference,mask_conference,bob,joke_deflect,tolerated,1.3197,0.00000,0.00000,0.00000,-0.00000,-0.00000,0.000000,0.000000,0.000000,0.000000,0.000000
3208,119,conference,mask_conference,carol,drop_everything,rejected,-2.4393,0.00000,0.00000,0.00000,0.00000,-0.00000,0.000000,0.000000,0.000000,0.000000,0.000000
3209,119,conference,mask_conference,dave,joke_deflect,accepted,1.8583,0.00000,-0.00000,0.00000,-0.00000,-0.00000,0.000000,-0.000000,0.000000,-0.000000,0.000000
3210,119,conference,mask_conference,bob,joke_deflect,tolerated,1.3197,0.00000,0.00000,0.00000,-0.00000,-0.00000,0.000000,0.000000,0.000000,0.000000,0.000000
3211,119,conference,mask_conference,carol,joke_deflect,rejected,-1.9056,0.00000,0.00000,0.00000,0.00000,-0.00000,0.000000,0.000000,0.000000,0.000000,0.000000
3212,119,conference,mask_conference,dave,pair_up,accepted,1.7263,0.00000,-0.00000,0.00000,-0.00000,-0.00000,0.000000,-0.000000,0.000000,-0.000000,0.000000
3213,119,conference,mask_conference,bob,quick_tip,rejected,-0.8451,0.00000,0.00000,-0.00000,-0.00000,-0.00000,0.000000,0.000000,-0.000000,0.000000,0.000000
3214,120,work,mask_work,carol,pair_up,rejected,-0.9115,0.00000,0.00000,-0.00000,-0.00000,0.00000,0.000000,0.000000,0.000000,0.000000,0.000000
3215,120,work,mask_work,dave,pair_up,rejected,-0.8352,-0.00000,0.00000,-0.00000,-0.00000,0.00000,-0.000000,0.000000,0.000000,0.000000,0.000000
3216,120,work,mask_work,bob,pair_up,rejected,-0.5713,0.00000,0.00000,-0.00000,-0.00000,0.00000,0.000000,0.000000,0.000000,0.000000,0.000000
3217,120,work,mask_work,carol,quick_tip,tolerated,1.6297,0.00000,0.00000,-0.00000,-0.00000,0.00000,0.000000,0.000000,0.000000,0.000000,0.000000
3218,120,work,mask_work,dave,drop_everything,rejected,-0.9072,-0.00000,0.00000,-0.00000,-0.00000,0.00000,-0.000000,0.000000,0.000000,0.000000,0.000000
3219,120,work,mask_work,bob,drop_everything,rejected,-0.6433,0.00000,0.00000,-0.00000,-0.00000,0.00000,0.000000,0.000000,0.000000,0.000000,0.000000
3220,120,work,mask_work,carol,joke_deflect,rejected,-0.7825,0.00000,0.00000,-0.00000,-0.00000,0.00000,0.000000,0.000000,0.000000,0.000000,0.000000
3221,120,work,mask_work,dave,pair_up,rejected,-0.8352,-0.00000,0.00000,-0.00000,-0.00000,0.00000,-0.000000,0.000000,0.000000,0.000000,0.000000
3222,120,work,mask_work,bob,pair_up,rejected,-0.5713,0.00000,0.00000,-0.00000,-0.00000,0.00000,0.000000,0.000000,0.000000,0.000000,0.000000
3223,120,home,mask_home,carol,pair_up,accepted,2.0301,-0.00000,-0.00000,0.00000,0.00000,0.00000,0.000000,0.000000,0.000000,0.000000,0.000000
3224,120,home,mask_home,dave,pair_up,accepted,1.5307,0.00000,-0.00000,0.00000,-0.00000,-0.00000,0.000000,0.000000,0.000000,-0.000000,-0.000000
3225,120,home,mask_home,bob,joke_deflect,tolerated,1.3978,0.00000,-0.00000,0.00000,-0.00000,-0.00000,0.000000,0.000000,0.000000,0.000000,0.000000
3226,120,home,mask_home,carol,joke_deflect,tolerated,-0.6114,-0.00000,-0.00000,0.00000,0.00000,0.00000,-0.000000,0.000000,0.000000,0.000000,0.000000
3227,120,home,mask_home,dave,quick_tip,accepted,1.6867,0.00000,-0.00000,0.00000,-0.00000,-0.00000,0.000000,0.000000,0.000000,-0.000000,-0.000000
3228,120,home,mask_home,bob,quick_tip,tolerated,1.6455,-0.00000,-0.00000,0.00000,-0.00000,-0.00000,-0.000000,0.000000,0.000000,0.000000,0.000000
3229,120,home,mask_home,carol,drop_everything,accepted,1.9551,-0.00000,-0.00000,0.00000,0.00000,0.00000,0.000000,0.000000,0.000000,0.000000,0.000000
3230,120,home,mask_home,dave,pair_up,accepted,1.5307,0.00000,-0.00000,0.00000,-0.00000,-0.00000,0.000000,0.000000,0.000000,-0.000000,-0.000000
3231,120,home,mask_home,bob,teach,rejected,-0.8635,0.00000,-0.00000,0.00000,-0.00000,-0.00000,0.000000,0.000000,0.000000,0.000000,0.000000
3232,120,conference,mask_conference,carol,drop_everything,rejected,-2.4359,0.00000,0.00000,0.00000,0.00000,-0.00000,0.000000,0.000000,0.000000,0.000000,0.000000
3233,120,conference,mask_conference,dave,joke_deflect,accepted,1.8583,0.00000,-0.00000,0.00000,-0.00000,-0.00000,0.000000,-0.000000,0.000000,-0.000000,0.000000
3234,120,conference,mask_conference,bob,quick_tip,rejected,-0.8451,0.00000,0.00000,-0.00000,-0.00000,-0.00000,0.000000,0.000000,-0.000000,0.000000,0.000000
3235,120,conference,mask_conference,carol,joke_deflect,tolerated,-0.0142,0.00000,0.00000,0.00000,-0.00000,-0.00000,0.000000,0.000000,0.000000,0.000000,0.000000
3236,120,conference,mask_conference,dave,pair_up,accepted,1.7263,0.00000,-0.00000,0.00000,-0.00000,-0.00000,0.000000,-0.000000,0.000000,0.000000,0.000000
3237,120,conference,mask_conference,bob,pair_up,rejected,-0.7360,0.00000,0.00000,-0.00000,-0.00000,-0.00000,0.000000,0.000000,-0.000000,0.000000,0.000000
3238,120,conference,mask_conference,carol,joke_deflect,tolerated,-0.0142,0.00000,0.00000,0.00000,-0.00000,-0.00000,0.000000,0.000000,0.000000,0.000000,0.000000
3239,120,conference,mask_conference,dave,joke_deflect,accepted,1.8583,0.00000,-0.00000,0.00000,-0.00000,-0.00000,0.000000,-0.000000,0.000000,0.000000,0.000000
3240,120,conference,mask_conference,bob,pair_up,rejected,-0.7360,0.00000,0.00000,-0.00000,-0.00000,-0.00000,0.000000,0.000000,-0.000000,0.000000,0.000000
