update,episode,circumstance,mask,partner,style,outcome,chosen_regret,o,c,e,a,n,step_o,step_c,step_e,step_a,step_n
1,1,work,mask_work,environment,network_actively,failed,-1.2101,-0.00046,0.00105,-0.00371,-0.00172,0.00026,-0.000465,0.001055,-0.003714,-0.001716,0.000263
2,1,work,mask_work,environment,network_actively,failed,-1.2162,-0.00093,0.00212,-0.00744,-0.00343,0.00052,-0.000460,0.001067,-0.003725,-0.001716,0.000254
3,1,work,mask_work,environment,network_actively,delayed,-0.6147,-0.00119,0.00259,-0.00929,-0.00428,0.00068,-0.000266,0.000470,-0.001854,-0.000849,0.000164
4,1,work,mask_work,environment,network_actively,failed,-1.2252,-0.00165,0.00368,-0.01303,-0.00600,0.00092,-0.000454,0.001085,-0.003741,-0.001717,0.000241
5,1,work,mask_work,environment,network_actively,failed,-1.2313,-0.00210,0.00477,-0.01678,-0.00772,0.00116,-0.000450,0.001097,-0.003751,-0.001717,0.000233
6,1,work,mask_work,environment,tidy_up,failed,-1.1890,-0.00209,0.00510,-0.01960,-0.00914,0.00157,0.000005,0.000326,-0.002817,-0.001426,0.000418
7,1,work,mask_work,environment,network_actively,delayed,-0.4359,-0.00193,0.00493,-0.02091,-0.00987,0.00193,0.000156,-0.000173,-0.001305,-0.000731,0.000360
8,1,work,mask_work,environment,rest_deeply,goal_achieved,3.5536,-0.00244,0.00455,-0.02489,-0.01138,0.00262,-0.000501,-0.000376,-0.003978,-0.001506,0.000683
9,1,work,mask_work,environment,network_actively,failed,-1.3750,-0.00300,0.00438,-0.02951,-0.01317,0.00332,-0.000563,-0.000171,-0.004627,-0.001795,0.000705
10,1,home,mask_home,environment,rest_deeply,delayed,-0.9742,0.00018,0.00015,0.00073,0.00012,-0.00005,0.000184,0.000153,0.000726,0.000117,-0.000048
11,1,home,mask_home,environment,network_actively,goal_achieved,1.3449,0.00076,-0.00089,0.00519,0.00197,-0.00028,0.000574,-0.001040,0.004462,0.001850,-0.000230
12,1,home,mask_home,environment,rest_deeply,goal_achieved,1.0168,0.00057,-0.00277,0.00754,0.00351,-0.00013,-0.000188,-0.001885,0.002348,0.001543,0.000146
13,1,home,mask_home,environment,network_actively,failed,-1.2720,-0.00003,-0.00189,0.00350,0.00174,0.00022,-0.000602,0.000882,-0.004040,-0.001765,0.000348
14,1,home,mask_home,environment,network_actively,goal_achieved,1.1109,0.00016,-0.00334,0.00689,0.00344,0.00017,0.000196,-0.001453,0.003396,0.001694,-0.000047
15,1,home,mask_home,environment,network_actively,delayed,-0.6783,-0.00024,-0.00304,0.00471,0.00254,0.00042,-0.000402,0.000301,-0.002185,-0.000901,0.000247
16,1,home,mask_home,environment,network_actively,delayed,-0.6801,-0.00064,-0.00274,0.00252,0.00164,0.00066,-0.000402,0.000302,-0.002189,-0.000901,0.000246
17,1,home,mask_home,environment,network_actively,failed,-1.2795,-0.00124,-0.00185,-0.00154,-0.00013,0.00100,-0.000602,0.000888,-0.004054,-0.001765,0.000342
18,1,home,mask_home,environment,deep_work,failed,-2.3246,-0.00189,-0.00280,-0.00151,0.00011,0.00164,-0.000651,-0.000953,0.000026,0.000241,0.000633
19,1,conference,mask_conference,environment,network_actively,goal_achieved,1.1944,0.00032,-0.00133,0.00376,0.00175,-0.00010,0.000317,-0.001331,0.003764,0.001749,-0.000099
20,1,conference,mask_conference,environment,network_actively,goal_achieved,1.1871,0.00064,-0.00264,0.00751,0.00349,-0.00021,0.000323,-0.001313,0.003749,0.001746,-0.000109
21,1,conference,mask_conference,environment,quick_scan,delayed,-2.3240,0.00113,-0.00362,0.01114,0.00546,-0.00070,0.000487,-0.000981,0.003624,0.001965,-0.000497
22,1,conference,mask_conference,environment,network_actively,delayed,-0.4667,0.00101,-0.00287,0.00920,0.00484,-0.00090,-0.000117,0.000756,-0.001936,-0.000625,-0.000192
23,1,conference,mask_conference,environment,network_actively,goal_achieved,1.3102,0.00150,-0.00385,0.01282,0.00680,-0.00140,0.000489,-0.000977,0.003621,0.001965,-0.000500
24,1,conference,mask_conference,environment,rest_deeply,goal_achieved,1.6338,0.00134,-0.00494,0.01365,0.00791,-0.00158,-0.000162,-0.001090,0.000823,0.001112,-0.000181
25,1,conference,mask_conference,environment,network_actively,delayed,-0.7625,0.00071,-0.00474,0.01031,0.00708,-0.00152,-0.000622,0.000196,-0.003336,-0.000830,0.000058
26,1,conference,mask_conference,environment,quick_scan,goal_achieved,1.5113,-0.00002,-0.00653,0.01062,0.00713,-0.00051,-0.000734,-0.001786,0.000309,0.000047,0.001006
27,1,conference,mask_conference,environment,take_notes,goal_achieved,1.3090,-0.00008,-0.00697,0.00975,0.00711,-0.00024,-0.000065,-0.000440,-0.000863,-0.000022,0.000277
28,2,work,mask_work,environment,network_actively,failed,-1.3832,-0.00356,0.00421,-0.03416,-0.01497,0.00402,-0.000564,-0.000176,-0.004643,-0.001795,0.000703
29,2,work,mask_work,environment,network_actively,delayed,-0.7639,-0.00395,0.00339,-0.03690,-0.01589,0.00467,-0.000386,-0.000820,-0.002747,-0.000926,0.000643
30,2,work,mask_work,environment,network_actively,failed,-1.3966,-0.00452,0.00320,-0.04157,-0.01769,0.00537,-0.000569,-0.000186,-0.004671,-0.001795,0.000703
31,2,work,mask_work,environment,network_actively,failed,-1.4048,-0.00509,0.00301,-0.04626,-0.01948,0.00607,-0.000570,-0.000191,-0.004687,-0.001795,0.000702
32,2,work,mask_work,environment,network_actively,failed,-1.4130,-0.00566,0.00281,-0.05096,-0.02128,0.00677,-0.000571,-0.000197,-0.004702,-0.001794,0.000701
33,2,work,mask_work,environment,take_notes,goal_achieved,3.1055,-0.00570,0.00338,-0.05624,-0.02328,0.00730,-0.000042,0.000572,-0.005283,-0.002006,0.000529
34,2,work,mask_work,environment,tidy_up,goal_achieved,2.7406,-0.00660,0.00529,-0.06264,-0.02551,0.00741,-0.000898,0.001908,-0.006397,-0.002229,0.000108
35,2,work,mask_work,environment,rest_deeply,goal_achieved,3.0635,-0.00706,0.00654,-0.06850,-0.02763,0.00772,-0.000460,0.001249,-0.005861,-0.002116,0.000312
36,2,work,mask_work,environment,rest_deeply,failed,-1.2702,-0.00634,0.00924,-0.07149,-0.02937,0.00738,0.000717,0.002701,-0.002984,-0.001744,-0.000336
37,2,home,mask_home,environment,rest_deeply,goal_achieved,2.7436,-0.00293,-0.00419,-0.00256,0.00019,0.00246,-0.001039,-0.001386,-0.001046,0.000083,0.000827
38,2,home,mask_home,environment,network_actively,failed,-1.1539,-0.00405,-0.00431,-0.00601,-0.00106,0.00332,-0.001115,-0.000122,-0.003457,-0.001259,0.000857
39,2,home,mask_home,environment,rest_deeply,goal_achieved,2.8926,-0.00514,-0.00557,-0.00753,-0.00119,0.00417,-0.001094,-0.001255,-0.001513,-0.000126,0.000853
40,2,home,mask_home,environment,network_actively,goal_achieved,1.2080,-0.00552,-0.00809,-0.00371,0.00098,0.00467,-0.000376,-0.002524,0.003817,0.002167,0.000501
41,2,home,mask_home,environment,network_actively,goal_achieved,1.1930,-0.00587,-0.01056,0.00006,0.00312,0.00515,-0.000355,-0.002472,0.003772,0.002147,0.000472
42,2,home,mask_home,environment,deep_work,goal_achieved,1.9293,-0.00591,-0.01024,-0.00176,0.00247,0.00496,-0.000040,0.000327,-0.001822,-0.000654,-0.000187
43,2,home,mask_home,environment,network_actively,goal_achieved,0.9839,-0.00589,-0.01184,0.00105,0.00407,0.00498,0.000022,-0.001610,0.002809,0.001598,0.000020
44,2,home,mask_home,environment,quick_scan,delayed,-1.3382,-0.00609,-0.01213,0.00041,0.00434,0.00482,-0.000198,-0.000286,-0.000641,0.000276,-0.000163
45,2,home,mask_home,environment,network_actively,failed,-1.2556,-0.00676,-0.01121,-0.00430,0.00273,0.00491,-0.000671,0.000920,-0.004708,-0.001613,0.000094
46,2,conference,mask_conference,environment,network_actively,goal_achieved,0.5649,0.00010,-0.00808,0.01111,0.00812,-0.00009,0.000183,-0.001118,0.001351,0.001012,0.000145
47,2,conference,mask_conference,environment,rest_deeply,failed,-3.0394,0.00109,-0.00752,0.01345,0.00869,-0.00034,0.000994,0.000568,0.002349,0.000570,-0.000250
48,2,conference,mask_conference,environment,network_actively,goal_achieved,0.8625,0.00178,-0.00806,0.01622,0.00991,-0.00045,0.000692,-0.000549,0.002762,0.001220,-0.000113
49,2,conference,mask_conference,environment,network_actively,goal_achieved,0.8589,0.00248,-0.00861,0.01897,0.01113,-0.00057,0.000692,-0.000543,0.002754,0.001218,-0.000119
50,2,conference,mask_conference,environment,network_actively,goal_achieved,0.8552,0.00317,-0.00914,0.02172,0.01234,-0.00070,0.000692,-0.000537,0.002745,0.001217,-0.000124
51,2,conference,mask_conference,environment,quick_scan,failed,-3.2430,0.00413,-0.00851,0.02298,0.01358,-0.00172,0.000958,0.000632,0.001267,0.001235,-0.001020
52,2,conference,mask_conference,environment,network_actively,goal_achieved,0.9661,0.00495,-0.00878,0.02563,0.01499,-0.00217,0.000827,-0.000268,0.002652,0.001413,-0.000451
53,2,conference,mask_conference,environment,quick_scan,goal_achieved,1.1570,0.00527,-0.00946,0.02742,0.01533,-0.00164,0.000317,-0.000684,0.001783,0.000341,0.000529
54,2,conference,mask_conference,environment,rest_deeply,goal_achieved,1.1232,0.00538,-0.01011,0.02762,0.01588,-0.00156,0.000111,-0.000646,0.000202,0.000546,0.000079
55,3,work,mask_work,environment,network_actively,goal_achieved,0.9095,-0.00579,0.00844,-0.06910,-0.02811,0.00737,0.000554,-0.000802,0.002389,0.001268,-0.000013
56,3,work,mask_work,environment,take_notes,delayed,-0.4016,-0.00656,0.00855,-0.07185,-0.02919,0.00769,-0.000769,0.000115,-0.002755,-0.001083,0.000315
57,3,work,mask_work,environment,network_actively,goal_achieved,1.1242,-0.00638,0.00703,-0.06867,-0.02759,0.00779,0.000173,-0.001520,0.003187,0.001597,0.000103
58,3,work,mask_work,environment,take_notes,goal_achieved,2.7753,-0.00636,0.00841,-0.07254,-0.02912,0.00786,0.000027,0.001380,-0.003870,-0.001527,0.000075
59,3,work,mask_work,environment,deep_work,goal_achieved,2.5251,-0.00610,0.01035,-0.07700,-0.03110,0.00747,0.000251,0.001934,-0.004466,-0.001982,-0.000395
60,3,work,mask_work,environment,tidy_up,delayed,-0.9787,-0.00561,0.01196,-0.08121,-0.03304,0.00717,0.000493,0.001615,-0.004209,-0.001938,-0.000302
61,3,work,mask_work,environment,network_actively,goal_achieved,0.8246,-0.00476,0.01158,-0.07933,-0.03223,0.00673,0.000852,-0.000379,0.001885,0.000813,-0.000433
62,3,work,mask_work,environment,quick_scan,delayed,-0.9495,-0.00424,0.01358,-0.08345,-0.03386,0.00604,0.000515,0.001994,-0.004127,-0.001635,-0.000698
63,3,work,mask_work,environment,take_notes,delayed,-0.8265,-0.00424,0.01461,-0.08652,-0.03506,0.00549,0.000004,0.001032,-0.003063,-0.001201,-0.000551
64,3,home,mask_home,environment,rest_deeply,goal_achieved,2.4398,-0.00720,-0.01162,-0.00587,0.00275,0.00488,-0.000445,-0.000405,-0.001566,0.000021,-0.000034
65,3,home,mask_home,environment,take_notes,failed,-2.4097,-0.00793,-0.01271,-0.00601,0.00323,0.00492,-0.000721,-0.001097,-0.000144,0.000484,0.000047
66,3,home,mask_home,environment,tidy_up,goal_achieved,2.4508,-0.00902,-0.01317,-0.00671,0.00360,0.00477,-0.001098,-0.000459,-0.000701,0.000363,-0.000157
67,3,home,mask_home,environment,network_actively,failed,-1.2330,-0.01055,-0.01252,-0.01113,0.00224,0.00483,-0.001529,0.000648,-0.004422,-0.001356,0.000068
68,3,home,mask_home,environment,network_actively,delayed,-0.6426,-0.01188,-0.01243,-0.01371,0.00174,0.00479,-0.001327,0.000094,-0.002576,-0.000498,-0.000044
69,3,home,mask_home,environment,quick_scan,failed,-2.1497,-0.01290,-0.01246,-0.01497,0.00213,0.00429,-0.001016,-0.000027,-0.001265,0.000381,-0.000499
70,3,home,mask_home,environment,tidy_up,goal_achieved,2.6562,-0.01399,-0.01264,-0.01619,0.00239,0.00398,-0.001098,-0.000182,-0.001213,0.000270,-0.000311
71,3,home,mask_home,environment,rest_deeply,goal_achieved,2.7001,-0.01526,-0.01301,-0.01786,0.00260,0.00375,-0.001265,-0.000365,-0.001670,0.000202,-0.000228
72,3,home,mask_home,environment,quick_scan,failed,-2.1741,-0.01632,-0.01306,-0.01922,0.00296,0.00327,-0.001058,-0.000058,-0.001362,0.000364,-0.000480
73,3,conference,mask_conference,environment,network_actively,goal_achieved,0.7817,0.00595,-0.01072,0.02985,0.01708,-0.00172,0.000568,-0.000615,0.002227,0.001202,-0.000158
74,3,conference,mask_conference,environment,network_actively,goal_achieved,0.7793,0.00652,-0.01133,0.03207,0.01828,-0.00188,0.000569,-0.000607,0.002220,0.001201,-0.000164
75,3,conference,mask_conference,environment,network_actively,goal_achieved,0.7768,0.00709,-0.01193,0.03428,0.01948,-0.00205,0.000570,-0.000599,0.002214,0.001200,-0.000170
76,3,conference,mask_conference,environment,network_actively,delayed,-0.9381,0.00701,-0.01095,0.03107,0.01811,-0.00182,-0.000083,0.000981,-0.003208,-0.001372,0.000235
77,3,conference,mask_conference,environment,network_actively,goal_achieved,0.7780,0.00758,-0.01155,0.03329,0.01931,-0.00198,0.000569,-0.000604,0.002217,0.001201,-0.000166
78,3,conference,mask_conference,environment,network_actively,goal_achieved,0.7756,0.00815,-0.01215,0.03550,0.02051,-0.00216,0.000570,-0.000596,0.002210,0.001199,-0.000172
79,3,conference,mask_conference,environment,network_actively,goal_achieved,0.7732,0.00872,-0.01274,0.03770,0.02171,-0.00233,0.000571,-0.000589,0.002204,0.001198,-0.000178
80,3,conference,mask_conference,environment,network_actively,goal_achieved,0.7708,0.00929,-0.01332,0.03990,0.02290,-0.00252,0.000572,-0.000581,0.002197,0.001197,-0.000184
81,3,conference,mask_conference,environment,rest_deeply,failed,-3.3751,0.01039,-0.01297,0.04306,0.02396,-0.00294,0.001105,0.000354,0.003159,0.001055,-0.000420
82,4,work,mask_work,environment,network_actively,delayed,-1.0095,-0.00384,0.01639,-0.09040,-0.03661,0.00481,0.000403,0.001775,-0.003882,-0.001545,-0.000671
83,4,work,mask_work,environment,tidy_up,failed,-2.1048,-0.00303,0.01760,-0.09384,-0.03808,0.00432,0.000811,0.001211,-0.003437,-0.001469,-0.000499
84,4,work,mask_work,environment,rest_deeply,delayed,-0.5647,-0.00200,0.01990,-0.09646,-0.03948,0.00339,0.001025,0.002308,-0.002624,-0.001406,-0.000927
85,4,work,mask_work,environment,network_actively,failed,-1.6037,-0.00148,0.02247,-0.10194,-0.04187,0.00266,0.000520,0.002566,-0.005486,-0.002391,-0.000726
86,4,work,mask_work,environment,rest_deeply,failed,-1.6310,-0.00013,0.02527,-0.10404,-0.04328,0.00153,0.001352,0.002799,-0.002092,-0.001410,-0.001127
87,4,work,mask_work,environment,take_notes,delayed,-0.6434,0.00027,0.02661,-0.10656,-0.04450,0.00083,0.000402,0.001339,-0.002523,-0.001220,-0.000705
88,4,work,mask_work,environment,rest_deeply,goal_achieved,2.7086,0.00034,0.02767,-0.11125,-0.04617,0.00043,0.000068,0.001057,-0.004693,-0.001672,-0.000400
89,4,work,mask_work,environment,quick_scan,delayed,-0.7521,0.00098,0.02948,-0.11471,-0.04772,-0.00031,0.000638,0.001814,-0.003454,-0.001542,-0.000737
90,4,work,mask_work,environment,network_actively,goal_achieved,1.1941,0.00200,0.02896,-0.11210,-0.04661,-0.00095,0.001022,-0.000523,0.002608,0.001103,-0.000638
91,4,home,mask_home,environment,quick_scan,goal_achieved,2.3033,-0.01798,-0.01436,-0.02012,0.00246,0.00427,-0.001669,-0.001294,-0.000896,-0.000505,0.000998
92,4,home,mask_home,environment,take_notes,failed,-2.5035,-0.01924,-0.01480,-0.02135,0.00254,0.00425,-0.001250,-0.000443,-0.001234,0.000088,-0.000018
93,4,home,mask_home,environment,deep_work,delayed,-1.2749,-0.02067,-0.01566,-0.02213,0.00290,0.00445,-0.001439,-0.000859,-0.000779,0.000355,0.000201
94,4,home,mask_home,environment,rest_deeply,delayed,-0.6279,-0.02130,-0.01546,-0.02131,0.00335,0.00416,-0.000624,0.000198,0.000815,0.000452,-0.000292
95,4,home,mask_home,environment,network_actively,failed,-1.2280,-0.02291,-0.01494,-0.02545,0.00205,0.00435,-0.001607,0.000519,-0.004137,-0.001302,0.000194
96,4,home,mask_home,environment,network_actively,failed,-1.2363,-0.02452,-0.01442,-0.02960,0.00075,0.00454,-0.001617,0.000522,-0.004151,-0.001302,0.000191
97,4,home,mask_home,environment,take_notes,failed,-2.2706,-0.02581,-0.01476,-0.03088,0.00076,0.00458,-0.001291,-0.000341,-0.001279,0.000011,0.000033
98,4,home,mask_home,environment,rest_deeply,goal_achieved,2.7617,-0.02735,-0.01537,-0.03283,0.00067,0.00473,-0.001534,-0.000614,-0.001948,-0.000086,0.000156
99,4,home,mask_home,environment,quick_scan,delayed,-0.8499,-0.02864,-0.01567,-0.03424,0.00072,0.00469,-0.001290,-0.000297,-0.001409,0.000049,-0.000042
100,4,conference,mask_conference,environment,network_actively,goal_achieved,0.8608,0.01113,-0.01337,0.04571,0.02523,-0.00321,0.000732,-0.000404,0.002649,0.001267,-0.000268
101,4,conference,mask_conference,environment,network_actively,goal_achieved,0.8576,0.01186,-0.01377,0.04835,0.02649,-0.00348,0.000732,-0.000398,0.002640,0.001266,-0.000274
102,4,conference,mask_conference,environment,quick_scan,failed,-3.3928,0.01288,-0.01320,0.04999,0.02795,-0.00460,0.001019,0.000568,0.001640,0.001459,-0.001124
103,4,conference,mask_conference,environment,tidy_up,failed,-3.6250,0.01393,-0.01381,0.05232,0.02907,-0.00481,0.001051,-0.000613,0.002328,0.001116,-0.000201
104,4,conference,mask_conference,environment,take_notes,goal_achieved,1.3360,0.01498,-0.01442,0.05464,0.03018,-0.00501,0.001048,-0.000605,0.002321,0.001116,-0.000206
105,4,conference,mask_conference,environment,network_actively,goal_achieved,1.0690,0.01612,-0.01524,0.05775,0.03168,-0.00529,0.001146,-0.000822,0.003111,0.001499,-0.000282
106,4,conference,mask_conference,environment,network_actively,delayed,-0.5978,0.01659,-0.01457,0.05555,0.03062,-0.00511,0.000468,0.000670,-0.002197,-0.001058,0.000186
107,4,conference,mask_conference,environment,quick_scan,delayed,-2.0724,0.01775,-0.01485,0.05762,0.03187,-0.00563,0.001160,-0.000284,0.002074,0.001242,-0.000526
108,4,conference,mask_conference,environment,rest_deeply,goal_achieved,1.3198,0.01833,-0.01582,0.05838,0.03272,-0.00568,0.000579,-0.000970,0.000757,0.000855,-0.000043
109,5,work,mask_work,environment,deep_work,goal_achieved,2.6170,0.00267,0.03065,-0.11522,-0.04801,-0.00168,0.000666,0.001694,-0.003124,-0.001402,-0.000736
110,5,work,mask_work,environment,rest_deeply,delayed,-0.6385,0.00370,0.03284,-0.11757,-0.04934,-0.00264,0.001035,0.002191,-0.002349,-0.001327,-0.000957
111,5,work,mask_work,environment,rest_deeply,failed,-1.7232,0.00505,0.03547,-0.11927,-0.05061,-0.00379,0.001354,0.002625,-0.001696,-0.001268,-0.001150
112,5,work,mask_work,environment,deep_work,delayed,-0.5844,0.00502,0.03560,-0.12023,-0.05081,-0.00366,-0.000030,0.000130,-0.000962,-0.000204,0.000126
113,5,work,mask_work,environment,take_notes,delayed,-0.5962,0.00522,0.03629,-0.12180,-0.05153,-0.00409,0.000194,0.000696,-0.001566,-0.000721,-0.000428
114,5,work,mask_work,environment,rest_deeply,goal_achieved,2.7741,0.00500,0.03655,-0.12541,-0.05265,-0.00417,-0.000214,0.000255,-0.003612,-0.001112,-0.000075
115,5,work,mask_work,environment,deep_work,goal_achieved,2.6469,0.00570,0.03825,-0.12834,-0.05403,-0.00494,0.000697,0.001703,-0.002937,-0.001382,-0.000774
116,5,work,mask_work,environment,deep_work,delayed,-0.5974,0.00553,0.03816,-0.12935,-0.05420,-0.00475,-0.000167,-0.000088,-0.001009,-0.000171,0.000194
117,5,work,mask_work,environment,rest_deeply,failed,-1.5074,0.00652,0.04002,-0.13021,-0.05497,-0.00552,0.000983,0.001860,-0.000857,-0.000771,-0.000774
118,5,home,mask_home,environment,network_actively,delayed,-0.6530,-0.03008,-0.01573,-0.03663,0.00027,0.00478,-0.001442,-0.000057,-0.002397,-0.000450,0.000085
119,5,home,mask_home,environment,tidy_up,goal_achieved,2.7644,-0.03142,-0.01607,-0.03809,0.00025,0.00481,-0.001337,-0.000340,-0.001461,-0.000024,0.000036
120,5,home,mask_home,environment,tidy_up,goal_achieved,2.7620,-0.03276,-0.01641,-0.03956,0.00022,0.00485,-0.001340,-0.000339,-0.001469,-0.000025,0.000036
121,5,home,mask_home,environment,deep_work,goal_achieved,2.3640,-0.03366,-0.01576,-0.04212,-0.00044,0.00437,-0.000900,0.000645,-0.002557,-0.000662,-0.000480
122,5,home,mask_home,environment,tidy_up,goal_achieved,2.6966,-0.03490,-0.01586,-0.04387,-0.00063,0.00428,-0.001241,-0.000094,-0.001749,-0.000186,-0.000092
123,5,home,mask_home,environment,rest_deeply,goal_achieved,2.7066,-0.03636,-0.01620,-0.04622,-0.00090,0.00430,-0.001461,-0.000344,-0.002345,-0.000271,0.000020
124,5,home,mask_home,environment,take_notes,failed,-2.3599,-0.03763,-0.01632,-0.04804,-0.00110,0.00422,-0.001275,-0.000122,-0.001829,-0.000197,-0.000079
125,5,home,mask_home,environment,take_notes,delayed,-1.2330,-0.03869,-0.01601,-0.05036,-0.00149,0.00406,-0.001056,0.000309,-0.002313,-0.000396,-0.000156
126,5,home,mask_home,environment,network_actively,failed,-1.4054,-0.04026,-0.01519,-0.05514,-0.00301,0.00410,-0.001576,0.000824,-0.004786,-0.001517,0.000041
127,5,conference,mask_conference,environment,network_actively,delayed,-0.6344,0.01873,-0.01520,0.05590,0.03165,-0.00550,0.000399,0.000626,-0.002487,-0.001068,0.000172
128,5,conference,mask_conference,environment,network_actively,goal_achieved,1.0303,0.01980,-0.01606,0.05871,0.03314,-0.00580,0.001070,-0.000865,0.002816,0.001491,-0.000296
129,5,conference,mask_conference,environment,tidy_up,delayed,-2.3766,0.02056,-0.01632,0.06015,0.03404,-0.00610,0.000763,-0.000255,0.001439,0.000898,-0.000299
130,5,conference,mask_conference,environment,network_actively,goal_achieved,0.9865,0.02155,-0.01702,0.06282,0.03550,-0.00645,0.000984,-0.000703,0.002670,0.001461,-0.000355
131,5,conference,mask_conference,environment,network_actively,goal_achieved,0.9831,0.02253,-0.01771,0.06548,0.03696,-0.00682,0.000983,-0.000692,0.002661,0.001461,-0.000363
132,5,conference,mask_conference,environment,quick_scan,delayed,-2.1513,0.02350,-0.01790,0.06707,0.03811,-0.00737,0.000970,-0.000184,0.001591,0.001148,-0.000552
133,5,conference,mask_conference,environment,network_actively,delayed,-0.6509,0.02382,-0.01710,0.06446,0.03704,-0.00728,0.000323,0.000798,-0.002609,-0.001068,0.000088
134,5,conference,mask_conference,environment,take_notes,goal_achieved,1.4144,0.02467,-0.01743,0.06594,0.03796,-0.00758,0.000849,-0.000334,0.001478,0.000918,-0.000294
135,5,conference,mask_conference,environment,network_actively,delayed,-0.6538,0.02500,-0.01663,0.06332,0.03689,-0.00749,0.000328,0.000806,-0.002618,-0.001071,0.000086
136,6,work,mask_work,environment,rest_deeply,delayed,-0.4349,0.00719,0.04145,-0.13173,-0.05581,-0.00611,0.000673,0.001430,-0.001520,-0.000842,-0.000584
137,6,work,mask_work,environment,network_actively,delayed,-0.6372,0.00763,0.04266,-0.13395,-0.05680,-0.00656,0.000437,0.001207,-0.002218,-0.000988,-0.000452
138,6,work,mask_work,environment,network_actively,delayed,-0.6407,0.00807,0.04387,-0.13617,-0.05779,-0.00701,0.000441,0.001210,-0.002220,-0.000991,-0.000454
139,6,work,mask_work,environment,deep_work,goal_achieved,2.6732,0.00888,0.04573,-0.13898,-0.05920,-0.00786,0.000812,0.001865,-0.002810,-0.001408,-0.000846
140,6,work,mask_work,environment,network_actively,failed,-1.4118,0.00929,0.04789,-0.14333,-0.06115,-0.00845,0.000413,0.002158,-0.004352,-0.001947,-0.000594
141,6,work,mask_work,environment,quick_scan,goal_achieved,2.9270,0.00952,0.04852,-0.14519,-0.06249,-0.00828,0.000230,0.000627,-0.001860,-0.001343,0.000170
142,6,work,mask_work,environment,deep_work,goal_achieved,2.6081,0.01026,0.05022,-0.14799,-0.06406,-0.00891,0.000732,0.001705,-0.002797,-0.001573,-0.000632
143,6,work,mask_work,environment,take_notes,delayed,-0.6884,0.01043,0.05088,-0.14965,-0.06503,-0.00920,0.000174,0.000657,-0.001666,-0.000970,-0.000287
144,6,work,mask_work,environment,rest_deeply,delayed,-0.5386,0.01110,0.05232,-0.15135,-0.06617,-0.00969,0.000669,0.001443,-0.001694,-0.001137,-0.000491
145,6,home,mask_home,environment,quick_scan,goal_achieved,2.4799,-0.04193,-0.01601,-0.05689,-0.00388,0.00500,-0.001663,-0.000822,-0.001742,-0.000870,0.000895
146,6,home,mask_home,environment,quick_scan,delayed,-0.9062,-0.04317,-0.01594,-0.05903,-0.00415,0.00484,-0.001247,0.000068,-0.002144,-0.000275,-0.000153
147,6,home,mask_home,environment,take_notes,failed,-2.3666,-0.04455,-0.01613,-0.06101,-0.00450,0.00491,-0.001377,-0.000189,-0.001979,-0.000350,0.000062
148,6,home,mask_home,environment,network_actively,goal_achieved,1.0608,-0.04532,-0.01775,-0.05813,-0.00268,0.00474,-0.000765,-0.001618,0.002878,0.001819,-0.000167
149,6,home,mask_home,environment,tidy_up,goal_achieved,2.5582,-0.04662,-0.01794,-0.05993,-0.00295,0.00478,-0.001303,-0.000194,-0.001798,-0.000265,0.000037
150,6,home,mask_home,environment,network_actively,failed,-1.4692,-0.04828,-0.01725,-0.06470,-0.00454,0.00495,-0.001661,0.000696,-0.004770,-0.001587,0.000174
151,6,home,mask_home,environment,network_actively,delayed,-0.8449,-0.04973,-0.01713,-0.06757,-0.00527,0.00504,-0.001444,0.000123,-0.002871,-0.000736,0.000085
152,6,home,mask_home,environment,take_notes,delayed,-1.2750,-0.05088,-0.01690,-0.06998,-0.00579,0.00502,-0.001159,0.000223,-0.002411,-0.000518,-0.000017
153,6,home,mask_home,environment,deep_work,delayed,-1.1753,-0.05247,-0.01754,-0.07146,-0.00581,0.00534,-0.001581,-0.000636,-0.001485,-0.000024,0.000327
154,6,conference,mask_conference,environment,take_notes,goal_achieved,1.4732,0.02583,-0.01692,0.06466,0.03774,-0.00777,0.000831,-0.000296,0.001333,0.000846,-0.000277
155,6,conference,mask_conference,environment,quick_scan,delayed,-2.0304,0.02676,-0.01703,0.06594,0.03873,-0.00828,0.000931,-0.000105,0.001286,0.000998,-0.000516
156,6,conference,mask_conference,environment,network_actively,goal_achieved,1.0056,0.02777,-0.01766,0.06858,0.04024,-0.00871,0.001007,-0.000636,0.002641,0.001505,-0.000431
157,6,conference,mask_conference,environment,rest_deeply,goal_achieved,1.4276,0.02825,-0.01830,0.06887,0.04096,-0.00887,0.000484,-0.000638,0.000288,0.000719,-0.000155
158,6,conference,mask_conference,environment,network_actively,goal_achieved,0.9660,0.02920,-0.01898,0.07132,0.04243,-0.00928,0.000945,-0.000683,0.002451,0.001477,-0.000414
159,6,conference,mask_conference,environment,rest_deeply,failed,-3.0550,0.03059,-0.01872,0.07433,0.04360,-0.00986,0.001390,0.000265,0.003013,0.001162,-0.000575
160,6,conference,mask_conference,environment,network_actively,goal_achieved,1.0114,0.03162,-0.01930,0.07703,0.04511,-0.01032,0.001029,-0.000582,0.002692,0.001517,-0.000465
161,6,conference,mask_conference,environment,rest_deeply,failed,-3.0786,0.03300,-0.01905,0.08006,0.04630,-0.01090,0.001385,0.000254,0.003030,0.001182,-0.000583
162,6,conference,mask_conference,environment,quick_scan,goal_achieved,1.2545,0.03349,-0.02006,0.08192,0.04658,-0.01024,0.000485,-0.001013,0.001861,0.000282,0.000667
163,7,work,mask_work,environment,tidy_up,failed,-1.8952,0.01192,0.05302,-0.15314,-0.06730,-0.00992,0.000826,0.000695,-0.001790,-0.001127,-0.000230
164,7,work,mask_work,environment,take_notes,delayed,-0.6509,0.01220,0.05363,-0.15471,-0.06826,-0.01021,0.000275,0.000608,-0.001570,-0.000962,-0.000286
165,7,work,mask_work,environment,deep_work,goal_achieved,2.6781,0.01298,0.05518,-0.15728,-0.06977,-0.01083,0.000777,0.001547,-0.002574,-0.001517,-0.000630
166,7,work,mask_work,environment,network_actively,delayed,-0.7417,0.01352,0.05630,-0.15945,-0.07101,-0.01122,0.000545,0.001121,-0.002168,-0.001234,-0.000382
167,7,work,mask_work,environment,network_actively,goal_achieved,1.4953,0.01431,0.05489,-0.15564,-0.06967,-0.01133,0.000791,-0.001404,0.003809,0.001336,-0.000110
168,7,work,mask_work,environment,network_actively,goal_achieved,1.4894,0.01510,0.05349,-0.15183,-0.06833,-0.01144,0.000789,-0.001402,0.003813,0.001342,-0.000112
169,7,work,mask_work,environment,network_actively,goal_achieved,1.4835,0.01589,0.05209,-0.14801,-0.06698,-0.01155,0.000786,-0.001400,0.003817,0.001348,-0.000115
170,7,work,mask_work,environment,network_actively,goal_achieved,1.4776,0.01667,0.05069,-0.14419,-0.06563,-0.01167,0.000784,-0.001397,0.003820,0.001354,-0.000117
171,7,work,mask_work,environment,tidy_up,delayed,-1.0017,0.01724,0.05138,-0.14536,-0.06643,-0.01199,0.000567,0.000689,-0.001165,-0.000799,-0.000324
172,7,home,mask_home,environment,network_actively,failed,-1.4823,-0.05417,-0.01689,-0.07621,-0.00735,0.00556,-0.001709,0.000645,-0.004746,-0.001538,0.000213
173,7,home,mask_home,environment,take_notes,failed,-2.3438,-0.05565,-0.01718,-0.07818,-0.00766,0.00568,-0.001474,-0.000286,-0.001968,-0.000308,0.000125
174,7,home,mask_home,environment,take_notes,goal_achieved,2.1602,-0.05620,-0.01572,-0.08204,-0.00876,0.00550,-0.000554,0.001456,-0.003863,-0.001099,-0.000183
175,7,home,mask_home,environment,rest_deeply,goal_achieved,2.6209,-0.05774,-0.01597,-0.08487,-0.00927,0.00568,-0.001540,-0.000250,-0.002831,-0.000513,0.000186
176,7,home,mask_home,environment,deep_work,goal_achieved,2.2069,-0.05868,-0.01510,-0.08818,-0.01030,0.00530,-0.000941,0.000872,-0.003309,-0.001025,-0.000388
177,7,home,mask_home,environment,network_actively,delayed,-0.9649,-0.06007,-0.01475,-0.09143,-0.01116,0.00533,-0.001383,0.000351,-0.003246,-0.000863,0.000032
178,7,home,mask_home,environment,rest_deeply,goal_achieved,2.5799,-0.06157,-0.01485,-0.09446,-0.01178,0.00544,-0.001498,-0.000101,-0.003038,-0.000622,0.000111
179,7,home,mask_home,environment,rest_deeply,delayed,-0.5943,-0.06212,-0.01378,-0.09505,-0.01207,0.00503,-0.000559,0.001067,-0.000585,-0.000288,-0.000408
180,7,home,mask_home,environment,network_actively,goal_achieved,1.0249,-0.06282,-0.01520,-0.09237,-0.01038,0.00486,-0.000693,-0.001411,0.002680,0.001693,-0.000174
181,7,conference,mask_conference,environment,quick_scan,goal_achieved,1.2495,0.03397,-0.02106,0.08377,0.04685,-0.00957,0.000479,-0.001004,0.001849,0.000276,0.000665
182,7,conference,mask_conference,environment,network_actively,goal_achieved,0.9574,0.03496,-0.02170,0.08664,0.04826,-0.00989,0.000994,-0.000640,0.002874,0.001407,-0.000313
183,7,conference,mask_conference,environment,network_actively,goal_achieved,0.9532,0.03595,-0.02233,0.08950,0.04967,-0.01021,0.000992,-0.000629,0.002862,0.001406,-0.000321
184,7,conference,mask_conference,environment,network_actively,delayed,-0.6466,0.03626,-0.02160,0.08723,0.04853,-0.00997,0.000304,0.000728,-0.002271,-0.001135,0.000239
185,7,conference,mask_conference,environment,rest_deeply,delayed,-2.0312,0.03730,-0.02170,0.08954,0.04944,-0.01025,0.001047,-0.000096,0.002309,0.000912,-0.000286
186,7,conference,mask_conference,environment,network_actively,goal_achieved,0.9634,0.03832,-0.02230,0.09246,0.05086,-0.01059,0.001012,-0.000599,0.002923,0.001416,-0.000336
187,7,conference,mask_conference,environment,rest_deeply,failed,-3.1743,0.03958,-0.02219,0.09544,0.05189,-0.01098,0.001259,0.000109,0.002981,0.001033,-0.000390
188,7,conference,mask_conference,environment,quick_scan,goal_achieved,1.2717,0.04009,-0.02310,0.09741,0.05217,-0.01035,0.000516,-0.000909,0.001970,0.000276,0.000631
189,7,conference,mask_conference,environment,network_actively,goal_achieved,0.9455,0.04110,-0.02369,0.10043,0.05355,-0.01064,0.001010,-0.000590,0.003019,0.001379,-0.000296
190,8,work,mask_work,environment,deep_work,delayed,-0.7395,0.01711,0.05066,-0.14501,-0.06625,-0.01155,-0.000128,-0.000723,0.000350,0.000173,0.000444
191,8,work,mask_work,environment,network_actively,failed,-1.4216,0.01747,0.05245,-0.14900,-0.06824,-0.01191,0.000363,0.001785,-0.003991,-0.001986,-0.000363
192,8,work,mask_work,environment,take_notes,delayed,-0.8273,0.01774,0.05264,-0.14968,-0.06880,-0.01212,0.000263,0.000191,-0.000685,-0.000561,-0.000204
193,8,work,mask_work,environment,network_actively,failed,-1.4149,0.01809,0.05439,-0.15363,-0.07077,-0.01249,0.000350,0.001756,-0.003949,-0.001968,-0.000371
194,8,work,mask_work,environment,deep_work,goal_achieved,2.5131,0.01887,0.05562,-0.15548,-0.07198,-0.01309,0.000786,0.001229,-0.001853,-0.001209,-0.000603
195,8,work,mask_work,environment,network_actively,goal_achieved,1.5339,0.01958,0.05408,-0.15153,-0.07055,-0.01314,0.000709,-0.001544,0.003955,0.001426,-0.000053
196,8,work,mask_work,environment,network_actively,failed,-1.4392,0.01997,0.05591,-0.15555,-0.07257,-0.01356,0.000390,0.001832,-0.004021,-0.002014,-0.000415
197,8,work,mask_work,environment,network_actively,goal_achieved,1.5342,0.02068,0.05436,-0.15160,-0.07114,-0.01361,0.000707,-0.001545,0.003953,0.001425,-0.000053
198,8,work,mask_work,environment,network_actively,delayed,-0.6984,0.02115,0.05535,-0.15363,-0.07229,-0.01394,0.000471,0.000991,-0.002028,-0.001154,-0.000327
199,8,home,mask_home,environment,network_actively,failed,-1.5996,-0.06439,-0.01418,-0.09744,-0.01207,0.00493,-0.001570,0.001013,-0.005073,-0.001694,0.000068
200,8,home,mask_home,environment,rest_deeply,goal_achieved,2.5375,-0.06589,-0.01432,-0.10039,-0.01265,0.00504,-0.001502,-0.000137,-0.002951,-0.000577,0.000110
201,8,home,mask_home,environment,network_actively,goal_achieved,1.0145,-0.06661,-0.01576,-0.09777,-0.01097,0.00488,-0.000719,-0.001437,0.002626,0.001682,-0.000158
202,8,home,mask_home,environment,network_actively,failed,-1.6235,-0.06821,-0.01477,-0.10291,-0.01266,0.00495,-0.001601,0.000991,-0.005139,-0.001699,0.000076
203,8,home,mask_home,environment,tidy_up,goal_achieved,2.4938,-0.06949,-0.01466,-0.10521,-0.01313,0.00494,-0.001284,0.000108,-0.002309,-0.000464,-0.000013
204,8,home,mask_home,environment,network_actively,delayed,-0.9768,-0.07089,-0.01427,-0.10842,-0.01398,0.00495,-0.001392,0.000389,-0.003210,-0.000853,0.000013
205,8,home,mask_home,environment,network_actively,goal_achieved,1.0172,-0.07162,-0.01572,-0.10580,-0.01230,0.00481,-0.000736,-0.001450,0.002623,0.001677,-0.000145
206,8,home,mask_home,environment,take_notes,delayed,-1.3835,-0.07282,-0.01551,-0.10814,-0.01277,0.00477,-0.001194,0.000211,-0.002335,-0.000470,-0.000042
207,8,home,mask_home,environment,take_notes,failed,-2.5090,-0.07425,-0.01574,-0.11001,-0.01304,0.00480,-0.001439,-0.000231,-0.001869,-0.000271,0.000034
208,8,conference,mask_conference,environment,network_actively,goal_achieved,0.9407,0.04211,-0.02427,0.10344,0.05492,-0.01095,0.001008,-0.000580,0.003005,0.001377,-0.000303
209,8,conference,mask_conference,environment,network_actively,delayed,-0.6281,0.04242,-0.02356,0.10140,0.05377,-0.01064,0.000309,0.000709,-0.002041,-0.001153,0.000302
210,8,conference,mask_conference,environment,take_notes,goal_achieved,1.4073,0.04326,-0.02383,0.10320,0.05455,-0.01081,0.000841,-0.000271,0.001803,0.000777,-0.000161
211,8,conference,mask_conference,environment,rest_deeply,delayed,-2.0776,0.04425,-0.02396,0.10545,0.05540,-0.01103,0.000986,-0.000129,0.002249,0.000849,-0.000227
212,8,conference,mask_conference,environment,rest_deeply,goal_achieved,1.2989,0.04460,-0.02467,0.10576,0.05593,-0.01100,0.000358,-0.000713,0.000311,0.000535,0.000038
213,8,conference,mask_conference,environment,quick_scan,goal_achieved,1.2540,0.04506,-0.02557,0.10755,0.05615,-0.01035,0.000460,-0.000897,0.001787,0.000218,0.000641
214,8,conference,mask_conference,environment,network_actively,delayed,-0.6672,0.04531,-0.02494,0.10543,0.05494,-0.00997,0.000242,0.000627,-0.002115,-0.001212,0.000385
215,8,conference,mask_conference,environment,network_actively,delayed,-0.6697,0.04555,-0.02431,0.10331,0.05372,-0.00959,0.000248,0.000635,-0.002124,-0.001214,0.000381
216,8,conference,mask_conference,environment,quick_scan,failed,-3.0170,0.04675,-0.02381,0.10471,0.05504,-0.01068,0.001197,0.000499,0.001403,0.001311,-0.001089
217,9,work,mask_work,environment,tidy_up,goal_achieved,2.4094,0.02078,0.05699,-0.15543,-0.07313,-0.01453,-0.000367,0.001632,-0.001805,-0.000837,-0.000591
218,9,work,mask_work,environment,network_actively,delayed,-0.7563,0.02114,0.05814,-0.15757,-0.07430,-0.01491,0.000354,0.001152,-0.002143,-0.001173,-0.000379
219,9,work,mask_work,environment,network_actively,goal_achieved,1.4849,0.02172,0.05674,-0.15374,-0.07290,-0.01500,0.000579,-0.001400,0.003838,0.001404,-0.000093
220,9,work,mask_work,environment,network_actively,delayed,-0.7555,0.02207,0.05789,-0.15588,-0.07407,-0.01538,0.000353,0.001152,-0.002144,-0.001173,-0.000378
221,9,work,mask_work,environment,take_notes,failed,-2.0145,0.02195,0.05770,-0.15599,-0.07437,-0.01561,-0.000121,-0.000189,-0.000108,-0.000302,-0.000233
222,9,work,mask_work,environment,take_notes,failed,-2.0146,0.02183,0.05751,-0.15610,-0.07468,-0.01585,-0.000121,-0.000189,-0.000108,-0.000302,-0.000233
223,9,work,mask_work,environment,network_actively,delayed,-0.7010,0.02209,0.05851,-0.15807,-0.07578,-0.01621,0.000263,0.000996,-0.001972,-0.001101,-0.000365
224,9,work,mask_work,environment,network_actively,goal_achieved,1.5436,0.02257,0.05695,-0.15406,-0.07430,-0.01628,0.000483,-0.001563,0.004008,0.001476,-0.000074
225,9,work,mask_work,environment,take_notes,delayed,-0.9792,0.02276,0.05724,-0.15464,-0.07480,-0.01657,0.000192,0.000296,-0.000578,-0.000500,-0.000285
226,9,home,mask_home,environment,network_actively,delayed,-0.9823,-0.07567,-0.01536,-0.11322,-0.01389,0.00482,-0.001410,0.000376,-0.003214,-0.000848,0.000016
227,9,home,mask_home,environment,network_actively,failed,-1.6564,-0.07731,-0.01438,-0.11839,-0.01558,0.00488,-0.001640,0.000986,-0.005165,-0.001689,0.000067
228,9,home,mask_home,environment,tidy_up,goal_achieved,2.4737,-0.07863,-0.01429,-0.12070,-0.01604,0.00488,-0.001324,0.000086,-0.002311,-0.000453,-0.000009
229,9,home,mask_home,environment,network_actively,failed,-1.6736,-0.08028,-0.01330,-0.12587,-0.01772,0.00493,-0.001653,0.000992,-0.005176,-0.001685,0.000059
230,9,home,mask_home,environment,network_actively,delayed,-1.0066,-0.08172,-0.01293,-0.12910,-0.01856,0.00495,-0.001442,0.000372,-0.003227,-0.000843,0.000012
231,9,home,mask_home,environment,tidy_up,goal_achieved,2.4953,-0.08308,-0.01281,-0.13153,-0.01906,0.00494,-0.001359,0.000116,-0.002435,-0.000501,-0.000004
232,9,home,mask_home,environment,network_actively,failed,-1.6986,-0.08475,-0.01181,-0.13672,-0.02074,0.00499,-0.001671,0.000998,-0.005191,-0.001679,0.000049
233,9,home,mask_home,environment,take_notes,goal_achieved,2.0253,-0.08529,-0.01016,-0.14082,-0.02196,0.00474,-0.000540,0.001652,-0.004100,-0.001213,-0.000252
234,9,home,mask_home,environment,quick_scan,failed,-2.2507,-0.08644,-0.00949,-0.14371,-0.02231,0.00426,-0.001149,0.000674,-0.002884,-0.000354,-0.000482
235,9,conference,mask_conference,environment,quick_scan,delayed,-1.9286,0.04776,-0.02365,0.10616,0.05605,-0.01132,0.001006,0.000160,0.001450,0.001014,-0.000648
236,9,conference,mask_conference,environment,network_actively,goal_achieved,0.9327,0.04875,-0.02421,0.10904,0.05744,-0.01167,0.000988,-0.000556,0.002883,0.001393,-0.000346
237,9,conference,mask_conference,environment,network_actively,goal_achieved,0.9284,0.04973,-0.02475,0.11191,0.05883,-0.01202,0.000986,-0.000546,0.002870,0.001391,-0.000353
238,9,conference,mask_conference,environment,rest_deeply,goal_achieved,1.3697,0.05009,-0.02537,0.11209,0.05934,-0.01203,0.000360,-0.000619,0.000175,0.000504,-0.000008
239,9,conference,mask_conference,environment,network_actively,delayed,-0.6454,0.05035,-0.02468,0.10985,0.05818,-0.01175,0.000260,0.000692,-0.002238,-0.001154,0.000282
240,9,conference,mask_conference,environment,network_actively,goal_achieved,0.9063,0.05130,-0.02525,0.11261,0.05956,-0.01209,0.000949,-0.000573,0.002758,0.001373,-0.000341
241,9,conference,mask_conference,environment,network_actively,goal_achieved,0.9023,0.05225,-0.02581,0.11535,0.06093,-0.01244,0.000947,-0.000563,0.002745,0.001372,-0.000348
242,9,conference,mask_conference,environment,tidy_up,failed,-3.4938,0.05308,-0.02616,0.11688,0.06165,-0.01258,0.000829,-0.000343,0.001525,0.000723,-0.000145
243,9,conference,mask_conference,environment,network_actively,goal_achieved,0.9063,0.05404,-0.02674,0.11964,0.06303,-0.01293,0.000966,-0.000587,0.002764,0.001378,-0.000346
244,10,work,mask_work,environment,deep_work,goal_achieved,2.4127,0.02335,0.05829,-0.15603,-0.07578,-0.01719,0.000584,0.001052,-0.001389,-0.000983,-0.000622
245,10,work,mask_work,environment,deep_work,goal_achieved,2.4109,0.02394,0.05935,-0.15742,-0.07677,-0.01782,0.000588,0.001057,-0.001393,-0.000986,-0.000626
246,10,work,mask_work,environment,rest_deeply,delayed,-0.7793,0.02450,0.06024,-0.15790,-0.07739,-0.01832,0.000562,0.000886,-0.000476,-0.000621,-0.000501
247,10,work,mask_work,environment,take_notes,failed,-2.0610,0.02445,0.06013,-0.15798,-0.07772,-0.01862,-0.000050,-0.000105,-0.000083,-0.000326,-0.000301
248,10,work,mask_work,environment,take_notes,failed,-2.0611,0.02440,0.06003,-0.15806,-0.07804,-0.01892,-0.000049,-0.000105,-0.000084,-0.000326,-0.000301
249,10,work,mask_work,environment,network_actively,delayed,-0.6842,0.02467,0.06104,-0.15999,-0.07916,-0.01935,0.000267,0.001013,-0.001926,-0.001117,-0.000427
250,10,work,mask_work,environment,network_actively,goal_achieved,1.5706,0.02514,0.05947,-0.15594,-0.07770,-0.01947,0.000474,-0.001567,0.004053,0.001458,-0.000121
251,10,work,mask_work,environment,network_actively,failed,-1.4322,0.02534,0.06134,-0.15986,-0.07968,-0.01999,0.000196,0.001871,-0.003921,-0.001977,-0.000526
252,10,work,mask_work,environment,network_actively,failed,-1.4393,0.02554,0.06323,-0.16378,-0.08166,-0.02053,0.000204,0.001882,-0.003924,-0.001978,-0.000537
253,10,home,mask_home,environment,tidy_up,goal_achieved,2.4826,-0.08775,-0.00918,-0.14639,-0.02287,0.00418,-0.001308,0.000312,-0.002678,-0.000558,-0.000079
254,10,home,mask_home,environment,network_actively,delayed,-1.0576,-0.08914,-0.00863,-0.14978,-0.02373,0.00411,-0.001391,0.000545,-0.003394,-0.000861,-0.000070
255,10,home,mask_home,environment,take_notes,failed,-2.4307,-0.09070,-0.00873,-0.15205,-0.02411,0.00410,-0.001559,-0.000103,-0.002270,-0.000378,-0.000010
256,10,home,mask_home,environment,network_actively,delayed,-1.0576,-0.09212,-0.00822,-0.15542,-0.02495,0.00404,-0.001420,0.000510,-0.003366,-0.000845,-0.000064
257,10,home,mask_home,environment,tidy_up,delayed,-0.8879,-0.09268,-0.00918,-0.15721,-0.02533,0.00435,-0.000560,-0.000958,-0.001788,-0.000378,0.000318
258,10,home,mask_home,environment,tidy_up,delayed,-0.8898,-0.09324,-0.01014,-0.15900,-0.02571,0.00467,-0.000563,-0.000961,-0.001793,-0.000378,0.000319
259,10,home,mask_home,environment,network_actively,goal_achieved,1.1055,-0.09391,-0.01179,-0.15632,-0.02403,0.00462,-0.000669,-0.001652,0.002679,0.001681,-0.000051
260,10,home,mask_home,environment,network_actively,delayed,-1.0018,-0.09521,-0.01150,-0.15955,-0.02484,0.00463,-0.001295,0.000295,-0.003231,-0.000816,0.000005
261,10,home,mask_home,environment,deep_work,failed,-2.3420,-0.09700,-0.01263,-0.16080,-0.02457,0.00524,-0.001789,-0.001132,-0.001247,0.000277,0.000617
262,10,conference,mask_conference,environment,network_actively,goal_achieved,0.9021,0.05500,-0.02732,0.12240,0.06441,-0.01328,0.000963,-0.000576,0.002751,0.001376,-0.000353
263,10,conference,mask_conference,environment,network_actively,delayed,-0.6281,0.05527,-0.02668,0.12022,0.06326,-0.01298,0.000266,0.000639,-0.002179,-0.001142,0.000303
264,10,conference,mask_conference,environment,quick_scan,delayed,-1.9574,0.05626,-0.02656,0.12159,0.06429,-0.01363,0.000985,0.000119,0.001371,0.001023,-0.000655
265,10,conference,mask_conference,environment,quick_scan,delayed,-1.9580,0.05724,-0.02644,0.12296,0.06531,-0.01429,0.000984,0.000119,0.001369,0.001023,-0.000655
266,10,conference,mask_conference,environment,network_actively,delayed,-0.6082,0.05754,-0.02575,0.12076,0.06421,-0.01405,0.000299,0.000695,-0.002193,-0.001104,0.000239
267,10,conference,mask_conference,environment,network_actively,delayed,-0.6111,0.05784,-0.02504,0.11856,0.06310,-0.01381,0.000306,0.000704,-0.002204,-0.001107,0.000236
268,10,conference,mask_conference,environment,tidy_up,delayed,-2.2131,0.05854,-0.02505,0.11967,0.06372,-0.01407,0.000693,-0.000010,0.001111,0.000625,-0.000261
269,10,conference,mask_conference,environment,quick_scan,delayed,-1.9036,0.05948,-0.02486,0.12085,0.06466,-0.01471,0.000943,0.000188,0.001186,0.000936,-0.000639
270,10,conference,mask_conference,environment,network_actively,goal_achieved,0.9243,0.06045,-0.02535,0.12356,0.06609,-0.01515,0.000971,-0.000490,0.002709,0.001427,-0.000436
271,11,work,mask_work,environment,quick_scan,failed,-1.9806,0.02602,0.06417,-0.16485,-0.08214,-0.02131,0.000482,0.000941,-0.001065,-0.000485,-0.000775
272,11,work,mask_work,environment,network_actively,goal_achieved,1.6105,0.02653,0.06269,-0.16086,-0.08066,-0.02152,0.000513,-0.001475,0.003981,0.001486,-0.000214
273,11,work,mask_work,environment,network_actively,failed,-1.4120,0.02679,0.06469,-0.16485,-0.08260,-0.02217,0.000253,0.001993,-0.003989,-0.001940,-0.000644
274,11,work,mask_work,environment,take_notes,delayed,-0.9687,0.02710,0.06524,-0.16561,-0.08315,-0.02264,0.000314,0.000551,-0.000758,-0.000552,-0.000472
275,11,work,mask_work,environment,rest_deeply,goal_achieved,2.5273,0.02670,0.06473,-0.16785,-0.08384,-0.02262,-0.000406,-0.000507,-0.002239,-0.000691,0.000019
276,11,work,mask_work,environment,network_actively,failed,-1.4521,0.02690,0.06665,-0.17194,-0.08579,-0.02324,0.000206,0.001919,-0.004086,-0.001948,-0.000621
277,11,work,mask_work,environment,network_actively,delayed,-0.6968,0.02717,0.06770,-0.17403,-0.08688,-0.02375,0.000272,0.001053,-0.002096,-0.001095,-0.000515
278,11,work,mask_work,environment,network_actively,failed,-1.4653,0.02739,0.06963,-0.17812,-0.08883,-0.02439,0.000216,0.001932,-0.004084,-0.001950,-0.000633
279,11,work,mask_work,environment,take_notes,goal_achieved,2.1872,0.02862,0.07178,-0.18085,-0.09021,-0.02499,0.001230,0.002142,-0.002736,-0.001373,-0.000606
280,11,home,mask_home,environment,network_actively,failed,-1.6686,-0.09860,-0.01187,-0.16584,-0.02610,0.00536,-0.001599,0.000765,-0.005038,-0.001538,0.000117
281,11,home,mask_home,environment,network_actively,failed,-1.6792,-0.10020,-0.01110,-0.17087,-0.02764,0.00547,-0.001606,0.000763,-0.005038,-0.001534,0.000115
282,11,home,mask_home,environment,deep_work,delayed,-1.1936,-0.10179,-0.01171,-0.17277,-0.02774,0.00584,-0.001584,-0.000610,-0.001900,-0.000098,0.000363
283,11,home,mask_home,environment,take_notes,goal_achieved,2.1205,-0.10233,-0.01044,-0.17659,-0.02876,0.00574,-0.000540,0.001270,-0.003814,-0.001025,-0.000102
284,11,home,mask_home,environment,deep_work,delayed,-1.2299,-0.10386,-0.01096,-0.17859,-0.02890,0.00609,-0.001538,-0.000519,-0.002002,-0.000139,0.000353
285,11,home,mask_home,environment,network_actively,delayed,-0.9914,-0.10528,-0.01087,-0.18165,-0.02957,0.00623,-0.001414,0.000092,-0.003063,-0.000671,0.000146
286,11,home,mask_home,environment,tidy_up,goal_achieved,2.5046,-0.10677,-0.01078,-0.18423,-0.03000,0.00631,-0.001488,0.000088,-0.002573,-0.000431,0.000079
287,11,home,mask_home,environment,network_actively,failed,-1.7243,-0.10841,-0.01003,-0.18927,-0.03150,0.00646,-0.001644,0.000754,-0.005047,-0.001494,0.000152
288,11,home,mask_home,environment,tidy_up,delayed,-0.8432,-0.10909,-0.01121,-0.19102,-0.03177,0.00695,-0.000680,-0.001185,-0.001743,-0.000279,0.000482
289,11,conference,mask_conference,environment,take_notes,goal_achieved,1.5247,0.06122,-0.02547,0.12481,0.06677,-0.01540,0.000772,-0.000113,0.001243,0.000682,-0.000255
290,11,conference,mask_conference,environment,network_actively,delayed,-0.6117,0.06152,-0.02470,0.12256,0.06567,-0.01521,0.000295,0.000769,-0.002245,-0.001101,0.000197
291,11,conference,mask_conference,environment,network_actively,goal_achieved,0.9224,0.06249,-0.02519,0.12526,0.06709,-0.01564,0.000968,-0.000489,0.002702,0.001426,-0.000437
292,11,conference,mask_conference,environment,quick_scan,failed,-2.9878,0.06362,-0.02465,0.12639,0.06833,-0.01673,0.001136,0.000538,0.001129,0.001238,-0.001090
293,11,conference,mask_conference,environment,network_actively,goal_achieved,0.9363,0.06461,-0.02510,0.12908,0.06979,-0.01722,0.000987,-0.000450,0.002688,0.001458,-0.000486
294,11,conference,mask_conference,environment,network_actively,goal_achieved,0.9329,0.06559,-0.02554,0.13176,0.07125,-0.01771,0.000985,-0.000442,0.002678,0.001457,-0.000493
295,11,conference,mask_conference,environment,deep_work,goal_achieved,1.2730,0.06663,-0.02501,0.13227,0.07157,-0.01834,0.001035,0.000536,0.000513,0.000329,-0.000624
296,11,conference,mask_conference,environment,network_actively,delayed,-0.7304,0.06719,-0.02358,0.12930,0.07011,-0.01850,0.000565,0.001423,-0.002977,-0.001466,-0.000167
297,11,conference,mask_conference,environment,rest_deeply,failed,-3.1736,0.06862,-0.02266,0.13093,0.07059,-0.01928,0.001428,0.000920,0.001637,0.000479,-0.000779
298,12,work,mask_work,environment,deep_work,goal_achieved,2.4410,0.02924,0.07299,-0.18259,-0.09128,-0.02574,0.000622,0.001216,-0.001734,-0.001071,-0.000749
299,12,work,mask_work,environment,take_notes,delayed,-0.9824,0.02953,0.07359,-0.18366,-0.09195,-0.02622,0.000287,0.000593,-0.001070,-0.000674,-0.000481
300,12,work,mask_work,environment,network_actively,failed,-1.5344,0.02983,0.07567,-0.18786,-0.09397,-0.02690,0.000304,0.002080,-0.004206,-0.002019,-0.000681
301,12,work,mask_work,environment,tidy_up,goal_achieved,2.4097,0.02939,0.07735,-0.18978,-0.09481,-0.02766,-0.000440,0.001680,-0.001919,-0.000845,-0.000755
302,12,work,mask_work,environment,network_actively,delayed,-0.8097,0.02965,0.07866,-0.19208,-0.09600,-0.02825,0.000260,0.001312,-0.002301,-0.001182,-0.000595
303,12,work,mask_work,environment,rest_deeply,goal_achieved,2.4760,0.02922,0.07845,-0.19472,-0.09686,-0.02830,-0.000435,-0.000207,-0.002634,-0.000867,-0.000052
304,12,work,mask_work,environment,network_actively,delayed,-0.8408,0.02943,0.07969,-0.19710,-0.09805,-0.02887,0.000215,0.001239,-0.002380,-0.001188,-0.000565
305,12,work,mask_work,environment,take_notes,goal_achieved,2.0957,0.03056,0.08195,-0.20011,-0.09951,-0.02950,0.001130,0.002258,-0.003010,-0.001463,-0.000628
306,12,work,mask_work,environment,take_notes,goal_achieved,2.0890,0.03170,0.08420,-0.20311,-0.10098,-0.03012,0.001136,0.002256,-0.003005,-0.001464,-0.000627
307,12,home,mask_home,environment,tidy_up,goal_achieved,2.5102,-0.11060,-0.01112,-0.19365,-0.03223,0.00703,-0.001512,0.000095,-0.002639,-0.000453,0.000085
308,12,home,mask_home,environment,take_notes,failed,-2.2984,-0.11224,-0.01178,-0.19562,-0.03243,0.00728,-0.001639,-0.000659,-0.001970,-0.000199,0.000244
309,12,home,mask_home,environment,rest_deeply,goal_achieved,2.5786,-0.11387,-0.01234,-0.19865,-0.03290,0.00761,-0.001627,-0.000557,-0.003026,-0.000472,0.000330
310,12,home,mask_home,environment,tidy_up,failed,-1.9703,-0.11432,-0.01403,-0.20013,-0.03311,0.00825,-0.000448,-0.001699,-0.001476,-0.000212,0.000641
311,12,home,mask_home,environment,network_actively,failed,-1.7099,-0.11593,-0.01352,-0.20510,-0.03456,0.00847,-0.001610,0.000513,-0.004969,-0.001453,0.000223
312,12,home,mask_home,environment,deep_work,failed,-2.2938,-0.11775,-0.01476,-0.20667,-0.03438,0.00919,-0.001823,-0.001240,-0.001569,0.000181,0.000715
313,12,home,mask_home,environment,network_actively,failed,-1.6981,-0.11942,-0.01435,-0.21155,-0.03577,0.00946,-0.001668,0.000408,-0.004884,-0.001388,0.000275
314,12,home,mask_home,environment,tidy_up,goal_achieved,2.5379,-0.12106,-0.01440,-0.21424,-0.03620,0.00963,-0.001646,-0.000049,-0.002693,-0.000425,0.000165
315,12,home,mask_home,environment,take_notes,failed,-2.2555,-0.12277,-0.01525,-0.21626,-0.03637,0.00997,-0.001708,-0.000848,-0.002019,-0.000179,0.000342
316,12,conference,mask_conference,environment,take_notes,goal_achieved,1.4326,0.06969,-0.02208,0.13144,0.07088,-0.01991,0.001067,0.000587,0.000512,0.000294,-0.000627
317,12,conference,mask_conference,environment,quick_scan,goal_achieved,1.2305,0.07032,-0.02224,0.13203,0.07050,-0.01955,0.000630,-0.000169,0.000590,-0.000383,0.000360
318,12,conference,mask_conference,environment,network_actively,delayed,-0.7451,0.07091,-0.02079,0.12910,0.06899,-0.01970,0.000595,0.001456,-0.002937,-0.001512,-0.000146
319,12,conference,mask_conference,environment,network_actively,goal_achieved,0.7869,0.07216,-0.02063,0.13110,0.07000,-0.02045,0.001245,0.000154,0.002006,0.001018,-0.000759
320,12,conference,mask_conference,environment,network_actively,goal_achieved,0.7852,0.07340,-0.02048,0.13310,0.07102,-0.02121,0.001242,0.000154,0.002001,0.001018,-0.000759
321,12,conference,mask_conference,environment,network_actively,goal_achieved,0.7835,0.07464,-0.02033,0.13510,0.07204,-0.02197,0.001240,0.000154,0.001995,0.001018,-0.000760
322,12,conference,mask_conference,environment,tidy_up,delayed,-2.3457,0.07562,-0.01965,0.13549,0.07227,-0.02259,0.000981,0.000673,0.000387,0.000228,-0.000619
323,12,conference,mask_conference,environment,quick_scan,delayed,-2.0512,0.07684,-0.01877,0.13592,0.07278,-0.02358,0.001215,0.000885,0.000438,0.000514,-0.000984
324,12,conference,mask_conference,environment,network_actively,goal_achieved,0.7815,0.07807,-0.01858,0.13788,0.07380,-0.02436,0.001235,0.000188,0.001955,0.001019,-0.000783
325,13,work,mask_work,environment,network_actively,failed,-1.7096,0.03197,0.08650,-0.20760,-0.10307,-0.03085,0.000273,0.002297,-0.004489,-0.002097,-0.000721
326,13,work,mask_work,environment,network_actively,failed,-1.7204,0.03225,0.08880,-0.21208,-0.10517,-0.03157,0.000278,0.002300,-0.004479,-0.002095,-0.000726
327,13,work,mask_work,environment,deep_work,goal_achieved,2.3258,0.03284,0.09030,-0.21432,-0.10644,-0.03237,0.000590,0.001505,-0.002242,-0.001267,-0.000799
328,13,work,mask_work,environment,network_actively,goal_achieved,1.4829,0.03331,0.08901,-0.21104,-0.10523,-0.03256,0.000466,-0.001291,0.003283,0.001205,-0.000187
329,13,work,mask_work,environment,tidy_up,failed,-2.1512,0.03426,0.08944,-0.21234,-0.10612,-0.03294,0.000950,0.000430,-0.001298,-0.000886,-0.000381
330,13,work,mask_work,environment,network_actively,goal_achieved,1.5075,0.03479,0.08809,-0.20901,-0.10491,-0.03311,0.000531,-0.001356,0.003330,0.001212,-0.000170
331,13,work,mask_work,environment,deep_work,goal_achieved,2.3103,0.03545,0.08944,-0.21102,-0.10609,-0.03387,0.000659,0.001352,-0.002011,-0.001183,-0.000767
332,13,work,mask_work,environment,network_actively,failed,-1.7268,0.03583,0.09174,-0.21551,-0.10823,-0.03462,0.000386,0.002306,-0.004490,-0.002137,-0.000751
333,13,work,mask_work,environment,rest_deeply,delayed,-0.8393,0.03658,0.09321,-0.21665,-0.10913,-0.03538,0.000753,0.001466,-0.001145,-0.000903,-0.000757
334,13,home,mask_home,environment,network_actively,failed,-1.7147,-0.12449,-0.01487,-0.22113,-0.03774,0.01024,-0.001715,0.000384,-0.004873,-0.001369,0.000277
335,13,home,mask_home,environment,network_actively,failed,-1.7239,-0.12621,-0.01449,-0.22600,-0.03911,0.01052,-0.001722,0.000376,-0.004869,-0.001363,0.000277
336,13,home,mask_home,environment,deep_work,failed,-2.2672,-0.12813,-0.01574,-0.22773,-0.03897,0.01126,-0.001920,-0.001246,-0.001729,0.000141,0.000738
337,13,home,mask_home,environment,network_actively,failed,-1.7162,-0.12990,-0.01545,-0.23253,-0.04027,0.01158,-0.001773,0.000285,-0.004799,-0.001308,0.000322
338,13,home,mask_home,environment,rest_deeply,goal_achieved,2.6738,-0.13169,-0.01629,-0.23562,-0.04071,0.01207,-0.001788,-0.000835,-0.003092,-0.000436,0.000489
339,13,home,mask_home,environment,network_actively,failed,-1.7416,-0.13349,-0.01604,-0.24046,-0.04201,0.01241,-0.001802,0.000245,-0.004836,-0.001303,0.000337
340,13,home,mask_home,environment,tidy_up,delayed,-0.7588,-0.13442,-0.01754,-0.24244,-0.04229,0.01306,-0.000925,-0.001496,-0.001981,-0.000273,0.000655
341,13,home,mask_home,environment,quick_scan,failed,-2.0737,-0.13584,-0.01780,-0.24524,-0.04253,0.01311,-0.001426,-0.000258,-0.002801,-0.000239,0.000043
342,13,home,mask_home,environment,deep_work,delayed,-1.1389,-0.13750,-0.01857,-0.24762,-0.04274,0.01357,-0.001660,-0.000774,-0.002384,-0.000213,0.000464
343,13,conference,mask_conference,environment,tidy_up,failed,-3.5416,0.07920,-0.01814,0.13850,0.07410,-0.02492,0.001133,0.000446,0.000623,0.000298,-0.000564
344,13,conference,mask_conference,environment,rest_deeply,failed,-3.2277,0.08062,-0.01724,0.14007,0.07454,-0.02568,0.001414,0.000895,0.001563,0.000440,-0.000752
345,13,conference,mask_conference,environment,network_actively,goal_achieved,0.7966,0.08189,-0.01706,0.14210,0.07557,-0.02646,0.001268,0.000184,0.002031,0.001031,-0.000784
346,13,conference,mask_conference,environment,network_actively,goal_achieved,0.7948,0.08315,-0.01687,0.14412,0.07660,-0.02724,0.001265,0.000184,0.002024,0.001031,-0.000784
347,13,conference,mask_conference,environment,tidy_up,delayed,-2.3655,0.08417,-0.01618,0.14461,0.07688,-0.02790,0.001023,0.000697,0.000486,0.000275,-0.000657
348,13,conference,mask_conference,environment,deep_work,delayed,-2.2673,0.08485,-0.01658,0.14639,0.07782,-0.02801,0.000678,-0.000406,0.001785,0.000947,-0.000106
349,13,conference,mask_conference,environment,tidy_up,delayed,-2.2533,0.08567,-0.01638,0.14747,0.07842,-0.02841,0.000819,0.000200,0.001080,0.000599,-0.000401
350,13,conference,mask_conference,environment,network_actively,goal_achieved,0.8958,0.08671,-0.01667,0.15005,0.07977,-0.02895,0.001040,-0.000284,0.002577,0.001348,-0.000538
351,13,conference,mask_conference,environment,network_actively,goal_achieved,0.8930,0.08775,-0.01695,0.15262,0.08112,-0.02949,0.001038,-0.000280,0.002568,0.001348,-0.000542
352,14,work,mask_work,environment,quick_scan,delayed,-0.9899,0.03708,0.09429,-0.21831,-0.11003,-0.03600,0.000496,0.001075,-0.001652,-0.000901,-0.000623
353,14,work,mask_work,environment,deep_work,delayed,-0.7363,0.03668,0.09370,-0.21823,-0.10979,-0.03566,-0.000399,-0.000586,0.000078,0.000244,0.000348
354,14,work,mask_work,environment,deep_work,delayed,-0.7365,0.03628,0.09312,-0.21815,-0.10954,-0.03531,-0.000399,-0.000586,0.000077,0.000244,0.000348
355,14,work,mask_work,environment,tidy_up,failed,-2.0977,0.03718,0.09342,-0.21922,-0.11030,-0.03563,0.000902,0.000302,-0.001072,-0.000758,-0.000318
356,14,work,mask_work,environment,rest_deeply,failed,-1.8316,0.03822,0.09519,-0.21962,-0.11105,-0.03650,0.001040,0.001770,-0.000400,-0.000746,-0.000878
357,14,work,mask_work,environment,deep_work,goal_achieved,2.3611,0.03901,0.09662,-0.22157,-0.11225,-0.03732,0.000786,0.001429,-0.001945,-0.001207,-0.000816
358,14,work,mask_work,environment,network_actively,failed,-1.6474,0.03944,0.09883,-0.22575,-0.11426,-0.03803,0.000433,0.002211,-0.004183,-0.002011,-0.000712
359,14,work,mask_work,environment,rest_deeply,failed,-1.8403,0.04051,0.10067,-0.22625,-0.11507,-0.03894,0.001063,0.001839,-0.000503,-0.000804,-0.000906
360,14,work,mask_work,environment,rest_deeply,delayed,-0.7626,0.04124,0.10197,-0.22727,-0.11589,-0.03961,0.000736,0.001305,-0.001017,-0.000820,-0.000677
361,14,home,mask_home,environment,network_actively,failed,-1.7298,-0.13929,-0.01840,-0.25244,-0.04399,0.01391,-0.001784,0.000173,-0.004810,-0.001256,0.000337
362,14,home,mask_home,environment,network_actively,failed,-1.7388,-0.14108,-0.01823,-0.25724,-0.04524,0.01425,-0.001792,0.000163,-0.004805,-0.001250,0.000340
363,14,home,mask_home,environment,rest_deeply,goal_achieved,2.7073,-0.14289,-0.01914,-0.26045,-0.04568,0.01476,-0.001814,-0.000906,-0.003211,-0.000440,0.000512
364,14,home,mask_home,environment,network_actively,goal_achieved,1.3012,-0.14388,-0.02161,-0.25747,-0.04376,0.01516,-0.000990,-0.002472,0.002982,0.001926,0.000405
365,14,home,mask_home,environment,tidy_up,goal_achieved,2.5473,-0.14572,-0.02182,-0.26035,-0.04415,0.01540,-0.001836,-0.000205,-0.002879,-0.000396,0.000241
366,14,home,mask_home,environment,network_actively,delayed,-1.0073,-0.14734,-0.02232,-0.26326,-0.04462,0.01576,-0.001624,-0.000502,-0.002917,-0.000461,0.000360
367,14,home,mask_home,environment,deep_work,delayed,-1.1854,-0.14906,-0.02314,-0.26571,-0.04482,0.01625,-0.001717,-0.000818,-0.002442,-0.000209,0.000483
368,14,home,mask_home,environment,network_actively,failed,-1.7782,-0.15092,-0.02303,-0.27057,-0.04606,0.01661,-0.001855,0.000108,-0.004860,-0.001238,0.000365
369,14,home,mask_home,environment,deep_work,failed,-2.2877,-0.15294,-0.02439,-0.27255,-0.04594,0.01739,-0.002019,-0.001358,-0.001985,0.000123,0.000780
370,14,conference,mask_conference,environment,network_actively,goal_achieved,0.8902,0.08878,-0.01722,0.15518,0.08247,-0.03003,0.001035,-0.000275,0.002559,0.001347,-0.000546
371,14,conference,mask_conference,environment,take_notes,goal_achieved,1.4496,0.08965,-0.01712,0.15639,0.08312,-0.03042,0.000869,0.000099,0.001213,0.000652,-0.000387
372,14,conference,mask_conference,environment,network_actively,goal_achieved,0.8861,0.09069,-0.01739,0.15893,0.08447,-0.03097,0.001031,-0.000269,0.002546,0.001347,-0.000551
373,14,conference,mask_conference,environment,tidy_up,failed,-3.4886,0.09164,-0.01744,0.16030,0.08516,-0.03131,0.000951,-0.000048,0.001367,0.000695,-0.000344
374,14,conference,mask_conference,environment,network_actively,delayed,-0.6180,0.09207,-0.01638,0.15797,0.08396,-0.03126,0.000437,0.001064,-0.002328,-0.001195,0.000057
375,14,conference,mask_conference,environment,network_actively,goal_achieved,0.8889,0.09311,-0.01666,0.16053,0.08531,-0.03180,0.001037,-0.000289,0.002555,0.001350,-0.000542
376,14,conference,mask_conference,environment,rest_deeply,failed,-3.1894,0.09429,-0.01629,0.16266,0.08611,-0.03231,0.001175,0.000370,0.002131,0.000798,-0.000509
377,14,conference,mask_conference,environment,take_notes,delayed,-1.9738,0.09463,-0.01740,0.16542,0.08735,-0.03246,0.000340,-0.001104,0.002756,0.001237,-0.000151
378,14,conference,mask_conference,environment,take_notes,goal_achieved,1.4636,0.09551,-0.01728,0.16666,0.08801,-0.03285,0.000884,0.000113,0.001249,0.000658,-0.000395
379,15,work,mask_work,environment,take_notes,failed,-1.9570,0.04123,0.10214,-0.22775,-0.11635,-0.04010,-0.000010,0.000163,-0.000481,-0.000460,-0.000483
380,15,work,mask_work,environment,tidy_up,failed,-2.0476,0.04222,0.10259,-0.22875,-0.11715,-0.04050,0.000993,0.000459,-0.000997,-0.000797,-0.000401
381,15,work,mask_work,environment,deep_work,goal_achieved,2.4151,0.04308,0.10404,-0.23060,-0.11837,-0.04134,0.000860,0.001445,-0.001855,-0.001220,-0.000843
382,15,work,mask_work,environment,network_actively,delayed,-0.7978,0.04364,0.10536,-0.23274,-0.11956,-0.04195,0.000556,0.001319,-0.002134,-0.001192,-0.000604
383,15,work,mask_work,environment,network_actively,failed,-1.6307,0.04417,0.10760,-0.23678,-0.12157,-0.04271,0.000531,0.002243,-0.004045,-0.002009,-0.000760
384,15,work,mask_work,environment,deep_work,goal_achieved,2.4180,0.04504,0.10908,-0.23870,-0.12282,-0.04356,0.000870,0.001476,-0.001914,-0.001255,-0.000853
385,15,work,mask_work,environment,deep_work,goal_achieved,2.4149,0.04591,0.11055,-0.24061,-0.12408,-0.04441,0.000873,0.001477,-0.001913,-0.001257,-0.000855
386,15,work,mask_work,environment,network_actively,delayed,-0.8303,0.04651,0.11193,-0.24279,-0.12531,-0.04505,0.000595,0.001372,-0.002176,-0.001233,-0.000639
387,15,work,mask_work,environment,deep_work,goal_achieved,2.4117,0.04739,0.11341,-0.24471,-0.12658,-0.04591,0.000878,0.001484,-0.001923,-0.001267,-0.000859
388,15,home,mask_home,environment,network_actively,delayed,-1.0062,-0.15462,-0.02499,-0.27542,-0.04635,0.01780,-0.001681,-0.000599,-0.002865,-0.000412,0.000409
389,15,home,mask_home,environment,network_actively,failed,-1.7832,-0.15652,-0.02496,-0.28023,-0.04755,0.01820,-0.001900,0.000030,-0.004815,-0.001196,0.000401
390,15,home,mask_home,environment,network_actively,goal_achieved,1.3122,-0.15757,-0.02748,-0.27726,-0.04561,0.01865,-0.001056,-0.002524,0.002973,0.001942,0.000452
391,15,home,mask_home,environment,rest_deeply,goal_achieved,2.6479,-0.15946,-0.02852,-0.28037,-0.04596,0.01922,-0.001886,-0.001043,-0.003114,-0.000355,0.000564
392,15,home,mask_home,environment,network_actively,delayed,-1.0291,-0.16116,-0.02916,-0.28330,-0.04638,0.01964,-0.001705,-0.000633,-0.002922,-0.000418,0.000423
393,15,home,mask_home,environment,network_actively,failed,-1.8094,-0.16309,-0.02917,-0.28816,-0.04758,0.02006,-0.001929,-0.000014,-0.004869,-0.001198,0.000419
394,15,home,mask_home,environment,network_actively,failed,-1.8186,-0.16503,-0.02920,-0.29303,-0.04877,0.02048,-0.001937,-0.000026,-0.004862,-0.001191,0.000423
395,15,home,mask_home,environment,quick_scan,failed,-2.1431,-0.16665,-0.02968,-0.29593,-0.04898,0.02066,-0.001616,-0.000484,-0.002901,-0.000211,0.000176
396,15,home,mask_home,environment,network_actively,goal_achieved,1.3114,-0.16772,-0.03221,-0.29305,-0.04705,0.02111,-0.001075,-0.002526,0.002878,0.001930,0.000448
397,15,conference,mask_conference,environment,network_actively,delayed,-0.5738,0.09591,-0.01633,0.16455,0.08688,-0.03278,0.000397,0.000959,-0.002116,-0.001128,0.000076
398,15,conference,mask_conference,environment,network_actively,goal_achieved,0.9233,0.09690,-0.01671,0.16729,0.08830,-0.03331,0.000993,-0.000384,0.002738,0.001416,-0.000534
399,15,conference,mask_conference,environment,network_actively,delayed,-0.5752,0.09730,-0.01574,0.16516,0.08717,-0.03324,0.000400,0.000965,-0.002123,-0.001130,0.000073
400,15,conference,mask_conference,environment,network_actively,goal_achieved,0.9230,0.09829,-0.01613,0.16790,0.08858,-0.03377,0.000991,-0.000388,0.002736,0.001415,-0.000531
401,15,conference,mask_conference,environment,network_actively,goal_achieved,0.9197,0.09928,-0.01651,0.17063,0.09000,-0.03431,0.000988,-0.000382,0.002725,0.001415,-0.000536
402,15,conference,mask_conference,environment,network_actively,goal_achieved,0.9164,0.10027,-0.01689,0.17334,0.09141,-0.03485,0.000986,-0.000375,0.002715,0.001414,-0.000541
403,15,conference,mask_conference,environment,network_actively,goal_achieved,0.9131,0.10125,-0.01726,0.17604,0.09282,-0.03539,0.000984,-0.000369,0.002704,0.001414,-0.000545
404,15,conference,mask_conference,environment,take_notes,goal_achieved,1.4585,0.10212,-0.01714,0.17726,0.09348,-0.03579,0.000872,0.000121,0.001217,0.000654,-0.000400
405,15,conference,mask_conference,environment,network_actively,delayed,-0.5730,0.10252,-0.01617,0.17514,0.09235,-0.03571,0.000395,0.000966,-0.002123,-0.001132,0.000077
406,16,work,mask_work,environment,rest_deeply,failed,-1.8503,0.04854,0.11533,-0.24537,-0.12750,-0.04688,0.001154,0.001924,-0.000660,-0.000925,-0.000973
407,16,work,mask_work,environment,tidy_up,delayed,-0.9662,0.04929,0.11632,-0.24672,-0.12843,-0.04747,0.000748,0.000984,-0.001350,-0.000932,-0.000587
408,16,work,mask_work,environment,tidy_up,failed,-2.0702,0.05040,0.11698,-0.24787,-0.12937,-0.04797,0.001111,0.000659,-0.001152,-0.000931,-0.000499
409,16,work,mask_work,environment,network_actively,goal_achieved,1.7192,0.05115,0.11559,-0.24435,-0.12821,-0.04815,0.000746,-0.001384,0.003525,0.001159,-0.000179
410,16,work,mask_work,environment,deep_work,goal_achieved,2.4178,0.05210,0.11704,-0.24613,-0.12944,-0.04901,0.000954,0.001452,-0.001780,-0.001237,-0.000864
411,16,work,mask_work,environment,network_actively,failed,-1.6728,0.05278,0.11940,-0.25016,-0.13152,-0.04985,0.000680,0.002356,-0.004037,-0.002074,-0.000842
412,16,work,mask_work,environment,network_actively,failed,-1.6817,0.05347,0.12176,-0.25419,-0.13359,-0.05070,0.000685,0.002356,-0.004025,-0.002072,-0.000845
413,16,work,mask_work,environment,network_actively,failed,-1.6905,0.05416,0.12411,-0.25820,-0.13566,-0.05155,0.000691,0.002356,-0.004012,-0.002070,-0.000848
414,16,work,mask_work,environment,deep_work,goal_achieved,2.4284,0.05513,0.12563,-0.26010,-0.13696,-0.05243,0.000971,0.001515,-0.001900,-0.001304,-0.000883
415,16,home,mask_home,environment,network_actively,delayed,-1.0403,-0.16944,-0.03284,-0.29601,-0.04745,0.02151,-0.001716,-0.000635,-0.002960,-0.000404,0.000408
416,16,home,mask_home,environment,tidy_up,goal_achieved,2.4991,-0.17138,-0.03318,-0.29891,-0.04778,0.02180,-0.001939,-0.000341,-0.002902,-0.000329,0.000290
417,16,home,mask_home,environment,network_actively,goal_achieved,1.2971,-0.17245,-0.03566,-0.29608,-0.04587,0.02223,-0.001075,-0.002481,0.002833,0.001915,0.000430
418,16,home,mask_home,environment,rest_deeply,goal_achieved,2.5885,-0.17436,-0.03674,-0.29919,-0.04618,0.02278,-0.001909,-0.001073,-0.003112,-0.000312,0.000550
419,16,home,mask_home,environment,deep_work,failed,-2.3954,-0.17642,-0.03817,-0.30123,-0.04601,0.02356,-0.002066,-0.001436,-0.002039,0.000166,0.000778
420,16,home,mask_home,environment,network_actively,delayed,-1.0602,-0.17820,-0.03886,-0.30423,-0.04640,0.02400,-0.001774,-0.000689,-0.003004,-0.000388,0.000439
421,16,home,mask_home,environment,network_actively,delayed,-1.0649,-0.17998,-0.03956,-0.30724,-0.04679,0.02444,-0.001779,-0.000696,-0.003006,-0.000387,0.000442
422,16,home,mask_home,environment,network_actively,failed,-1.8559,-0.18199,-0.03966,-0.31218,-0.04794,0.02489,-0.002013,-0.000101,-0.004941,-0.001154,0.000443
423,16,home,mask_home,environment,rest_deeply,goal_achieved,2.5849,-0.18396,-0.04081,-0.31532,-0.04824,0.02548,-0.001968,-0.001149,-0.003142,-0.000297,0.000595
424,16,conference,mask_conference,environment,network_actively,delayed,-0.5765,0.10292,-0.01519,0.17300,0.09121,-0.03564,0.000403,0.000979,-0.002136,-0.001137,0.000072
425,16,conference,mask_conference,environment,network_actively,delayed,-0.5800,0.10333,-0.01420,0.17085,0.09007,-0.03558,0.000411,0.000991,-0.002150,-0.001142,0.000067
426,16,conference,mask_conference,environment,take_notes,goal_achieved,1.5221,0.10419,-0.01405,0.17194,0.09065,-0.03595,0.000864,0.000150,0.001085,0.000578,-0.000372
427,16,conference,mask_conference,environment,network_actively,goal_achieved,0.9112,0.10518,-0.01443,0.17462,0.09205,-0.03648,0.000989,-0.000373,0.002687,0.001403,-0.000532
428,16,conference,mask_conference,environment,network_actively,goal_achieved,0.9081,0.10617,-0.01479,0.17730,0.09345,-0.03702,0.000986,-0.000367,0.002676,0.001403,-0.000536
429,16,conference,mask_conference,environment,network_actively,goal_achieved,0.9049,0.10715,-0.01515,0.17997,0.09485,-0.03756,0.000984,-0.000361,0.002666,0.001403,-0.000541
430,16,conference,mask_conference,environment,network_actively,goal_achieved,0.9018,0.10813,-0.01551,0.18262,0.09626,-0.03810,0.000981,-0.000355,0.002655,0.001402,-0.000546
431,16,conference,mask_conference,environment,network_actively,goal_achieved,0.8987,0.10911,-0.01586,0.18527,0.09766,-0.03865,0.000979,-0.000350,0.002645,0.001402,-0.000550
432,16,conference,mask_conference,environment,network_actively,goal_achieved,0.8956,0.11009,-0.01620,0.18790,0.09906,-0.03921,0.000976,-0.000344,0.002635,0.001401,-0.000555
433,17,work,mask_work,environment,take_notes,delayed,-0.9302,0.05568,0.12648,-0.26130,-0.13785,-0.05306,0.000552,0.000853,-0.001202,-0.000880,-0.000626
434,17,work,mask_work,environment,network_actively,delayed,-0.8490,0.05640,0.12791,-0.26344,-0.13913,-0.05375,0.000717,0.001432,-0.002138,-0.001282,-0.000697
435,17,work,mask_work,environment,deep_work,goal_achieved,2.4283,0.05737,0.12942,-0.26533,-0.14044,-0.05464,0.000970,0.001508,-0.001894,-0.001308,-0.000886
436,17,work,mask_work,environment,network_actively,failed,-1.7255,0.05809,0.13180,-0.26933,-0.14252,-0.05552,0.000720,0.002380,-0.003999,-0.002085,-0.000878
437,17,work,mask_work,environment,network_actively,failed,-1.7341,0.05881,0.13418,-0.27332,-0.14460,-0.05640,0.000725,0.002378,-0.003985,-0.002082,-0.000881
438,17,work,mask_work,environment,deep_work,goal_achieved,2.4317,0.05979,0.13572,-0.27528,-0.14595,-0.05730,0.000981,0.001544,-0.001960,-0.001348,-0.000898
439,17,work,mask_work,environment,network_actively,failed,-1.7538,0.06054,0.13811,-0.27926,-0.14804,-0.05819,0.000742,0.002391,-0.003979,-0.002090,-0.000894
440,17,work,mask_work,environment,network_actively,goal_achieved,1.7442,0.06131,0.13679,-0.27594,-0.14702,-0.05839,0.000778,-0.001327,0.003322,0.001018,-0.000203
441,17,work,mask_work,environment,network_actively,delayed,-0.8828,0.06207,0.13825,-0.27808,-0.14833,-0.05912,0.000753,0.001462,-0.002149,-0.001311,-0.000723
442,17,home,mask_home,environment,network_actively,delayed,-1.0885,-0.18577,-0.04155,-0.31836,-0.04862,0.02594,-0.001809,-0.000742,-0.003033,-0.000383,0.000462
443,17,home,mask_home,environment,tidy_up,goal_achieved,2.4474,-0.18778,-0.04202,-0.32128,-0.04891,0.02629,-0.002015,-0.000468,-0.002924,-0.000293,0.000346
444,17,home,mask_home,environment,quick_scan,delayed,-1.0599,-0.18957,-0.04284,-0.32402,-0.04916,0.02673,-0.001785,-0.000819,-0.002737,-0.000244,0.000442
445,17,home,mask_home,environment,rest_deeply,goal_achieved,2.5600,-0.19157,-0.04400,-0.32719,-0.04946,0.02733,-0.002000,-0.001161,-0.003176,-0.000297,0.000602
446,17,home,mask_home,environment,network_actively,delayed,-1.1199,-0.19342,-0.04476,-0.33027,-0.04984,0.02781,-0.001849,-0.000765,-0.003080,-0.000382,0.000473
447,17,home,mask_home,environment,rest_deeply,goal_achieved,2.5500,-0.19543,-0.04594,-0.33346,-0.05014,0.02842,-0.002012,-0.001177,-0.003191,-0.000298,0.000610
448,17,home,mask_home,environment,network_actively,delayed,-1.1366,-0.19730,-0.04674,-0.33657,-0.05052,0.02890,-0.001868,-0.000795,-0.003107,-0.000383,0.000485
449,17,home,mask_home,environment,network_actively,failed,-1.9440,-0.19940,-0.04695,-0.34159,-0.05165,0.02939,-0.002105,-0.000214,-0.005024,-0.001133,0.000485
450,17,home,mask_home,environment,tidy_up,failed,-1.9788,-0.20026,-0.04943,-0.34357,-0.05176,0.03037,-0.000864,-0.002482,-0.001977,-0.000110,0.000987
451,17,conference,mask_conference,environment,rest_deeply,delayed,-2.0235,0.11100,-0.01608,0.18949,0.09979,-0.03963,0.000911,0.000125,0.001590,0.000734,-0.000421
452,17,conference,mask_conference,environment,network_actively,goal_achieved,0.8942,0.11198,-0.01641,0.19213,0.10120,-0.04019,0.000978,-0.000332,0.002636,0.001403,-0.000563
453,17,conference,mask_conference,environment,quick_scan,failed,-3.0428,0.11318,-0.01572,0.19341,0.10248,-0.04143,0.001205,0.000686,0.001283,0.001287,-0.001238
454,17,conference,mask_conference,environment,network_actively,goal_achieved,0.9061,0.11418,-0.01603,0.19604,0.10391,-0.04203,0.000993,-0.000302,0.002625,0.001430,-0.000603
455,17,conference,mask_conference,environment,quick_scan,goal_achieved,1.2713,0.11454,-0.01675,0.19737,0.10393,-0.04143,0.000359,-0.000721,0.001334,0.000013,0.000600
456,17,conference,mask_conference,environment,network_actively,delayed,-0.5674,0.11493,-0.01578,0.19527,0.10279,-0.04135,0.000390,0.000969,-0.002102,-0.001135,0.000086
457,17,conference,mask_conference,environment,network_actively,goal_achieved,0.8857,0.11589,-0.01611,0.19788,0.10419,-0.04191,0.000968,-0.000332,0.002614,0.001397,-0.000560
458,17,conference,mask_conference,environment,network_actively,goal_achieved,0.8827,0.11686,-0.01644,0.20048,0.10558,-0.04247,0.000965,-0.000327,0.002603,0.001396,-0.000564
459,17,conference,mask_conference,environment,take_notes,goal_achieved,1.4462,0.11771,-0.01630,0.20165,0.10623,-0.04288,0.000848,0.000137,0.001163,0.000644,-0.000407
460,18,work,mask_work,environment,rest_deeply,delayed,-0.7899,0.06300,0.13971,-0.27938,-0.14939,-0.05991,0.000936,0.001462,-0.001292,-0.001056,-0.000798
461,18,work,mask_work,environment,rest_deeply,goal_achieved,2.4664,0.06297,0.13945,-0.28195,-0.15041,-0.05999,-0.000037,-0.000258,-0.002576,-0.001017,-0.000077
462,18,work,mask_work,environment,deep_work,delayed,-0.5558,0.06272,0.13895,-0.28184,-0.15023,-0.05965,-0.000242,-0.000506,0.000109,0.000179,0.000337
463,18,work,mask_work,environment,handle_backlog,goal_achieved,2.5579,0.06333,0.14018,-0.28345,-0.15137,-0.06017,0.000601,0.001230,-0.001607,-0.001140,-0.000515
464,18,work,mask_work,environment,take_notes,failed,-2.0507,0.06339,0.14071,-0.28432,-0.15219,-0.06067,0.000067,0.000530,-0.000868,-0.000821,-0.000505
465,18,work,mask_work,environment,deep_work,delayed,-0.6381,0.06303,0.14036,-0.28428,-0.15213,-0.06024,-0.000364,-0.000342,0.000035,0.000055,0.000434
466,18,work,mask_work,environment,rest_deeply,failed,-1.9168,0.06411,0.14245,-0.28510,-0.15324,-0.06112,0.001078,0.002091,-0.000817,-0.001110,-0.000876
467,18,work,mask_work,environment,take_notes,goal_achieved,2.0214,0.06561,0.14487,-0.28787,-0.15489,-0.06163,0.001506,0.002413,-0.002775,-0.001651,-0.000510
468,18,work,mask_work,environment,deep_work,goal_achieved,2.2887,0.06652,0.14660,-0.28993,-0.15639,-0.06243,0.000911,0.001737,-0.002053,-0.001499,-0.000799
469,18,home,mask_home,environment,network_actively,goal_achieved,1.2884,-0.20140,-0.05208,-0.34092,-0.04989,0.03090,-0.001139,-0.002645,0.002651,0.001875,0.000527
470,18,home,mask_home,environment,rest_deeply,goal_achieved,2.5390,-0.20338,-0.05336,-0.34408,-0.05017,0.03154,-0.001974,-0.001283,-0.003163,-0.000282,0.000640
471,18,home,mask_home,environment,rest_deeply,goal_achieved,2.5331,-0.20535,-0.05465,-0.34725,-0.05045,0.03218,-0.001978,-0.001291,-0.003170,-0.000282,0.000644
472,18,home,mask_home,environment,network_actively,delayed,-1.1519,-0.20721,-0.05557,-0.35041,-0.05084,0.03271,-0.001854,-0.000919,-0.003154,-0.000385,0.000529
473,18,home,mask_home,environment,network_actively,failed,-1.9646,-0.20931,-0.05593,-0.35547,-0.05197,0.03325,-0.002098,-0.000357,-0.005062,-0.001128,0.000535
474,18,home,mask_home,environment,network_actively,goal_achieved,1.2686,-0.21046,-0.05858,-0.35291,-0.05012,0.03378,-0.001152,-0.002653,0.002555,0.001847,0.000536
475,18,home,mask_home,environment,rest_deeply,goal_achieved,2.5047,-0.21244,-0.05990,-0.35608,-0.05039,0.03443,-0.001983,-0.001320,-0.003170,-0.000273,0.000651
476,18,home,mask_home,environment,network_actively,goal_achieved,1.2528,-0.21358,-0.06253,-0.35358,-0.04856,0.03496,-0.001139,-0.002629,0.002504,0.001833,0.000522
477,18,home,mask_home,environment,quick_scan,failed,-2.3443,-0.21531,-0.06339,-0.35652,-0.04868,0.03526,-0.001728,-0.000857,-0.002938,-0.000117,0.000303
478,18,conference,mask_conference,environment,take_notes,goal_achieved,1.4454,0.11855,-0.01616,0.20281,0.10687,-0.04328,0.000847,0.000137,0.001160,0.000644,-0.000407
479,18,conference,mask_conference,environment,rest_deeply,failed,-3.2160,0.11960,-0.01589,0.20483,0.10768,-0.04377,0.001049,0.000267,0.002017,0.000809,-0.000489
480,18,conference,mask_conference,environment,network_actively,goal_achieved,0.8793,0.12058,-0.01619,0.20743,0.10908,-0.04435,0.000977,-0.000294,0.002600,0.001394,-0.000579
481,18,conference,mask_conference,environment,network_actively,goal_achieved,0.8763,0.12155,-0.01648,0.21002,0.11047,-0.04493,0.000974,-0.000289,0.002589,0.001394,-0.000583
482,18,conference,mask_conference,environment,deep_work,goal_achieved,1.2338,0.12255,-0.01596,0.21077,0.11088,-0.04557,0.000994,0.000513,0.000759,0.000411,-0.000637
483,18,conference,mask_conference,environment,network_actively,goal_achieved,0.8390,0.12358,-0.01610,0.21316,0.11218,-0.04623,0.001030,-0.000137,0.002390,0.001294,-0.000662
484,18,conference,mask_conference,environment,quick_scan,goal_achieved,1.2071,0.12399,-0.01664,0.21430,0.11209,-0.04572,0.000413,-0.000545,0.001135,-0.000088,0.000512
485,18,conference,mask_conference,environment,quick_scan,delayed,-2.0274,0.12505,-0.01613,0.21543,0.11299,-0.04661,0.001058,0.000516,0.001134,0.000901,-0.000891
486,18,conference,mask_conference,environment,quick_scan,delayed,-2.0282,0.12611,-0.01561,0.21656,0.11389,-0.04750,0.001058,0.000515,0.001130,0.000900,-0.000889
487,19,work,mask_work,environment,network_actively,failed,-1.8678,0.06714,0.14911,-0.29389,-0.15855,-0.06317,0.000613,0.002502,-0.003958,-0.002159,-0.000739
488,19,work,mask_work,environment,tidy_up,delayed,-1.0905,0.06781,0.15034,-0.29544,-0.15971,-0.06366,0.000677,0.001234,-0.001559,-0.001156,-0.000491
489,19,work,mask_work,environment,deep_work,goal_achieved,2.2814,0.06873,0.15209,-0.29752,-0.16123,-0.06445,0.000917,0.001753,-0.002075,-0.001524,-0.000797
490,19,work,mask_work,environment,take_notes,goal_achieved,1.9828,0.07027,0.15454,-0.30032,-0.16293,-0.06496,0.001539,0.002444,-0.002803,-0.001696,-0.000508
491,19,work,mask_work,environment,network_actively,delayed,-1.0327,0.07094,0.15618,-0.30253,-0.16436,-0.06553,0.000669,0.001638,-0.002207,-0.001436,-0.000564
492,19,work,mask_work,environment,take_notes,delayed,-1.0421,0.07138,0.15724,-0.30388,-0.16543,-0.06603,0.000439,0.001061,-0.001345,-0.001070,-0.000507
493,19,work,mask_work,environment,network_actively,delayed,-1.0342,0.07204,0.15886,-0.30606,-0.16687,-0.06659,0.000660,0.001627,-0.002188,-0.001434,-0.000561
494,19,work,mask_work,environment,deep_work,goal_achieved,2.2420,0.07299,0.16066,-0.30817,-0.16843,-0.06739,0.000949,0.001798,-0.002112,-0.001559,-0.000792
495,19,work,mask_work,environment,tidy_up,delayed,-1.1456,0.07371,0.16198,-0.30980,-0.16964,-0.06789,0.000726,0.001316,-0.001629,-0.001218,-0.000502
496,19,home,mask_home,environment,take_notes,delayed,-1.3394,-0.21709,-0.06441,-0.35932,-0.04890,0.03577,-0.001781,-0.001029,-0.002803,-0.000221,0.000511
497,19,home,mask_home,environment,deep_work,failed,-2.5431,-0.21923,-0.06609,-0.36159,-0.04873,0.03662,-0.002137,-0.001672,-0.002267,0.000168,0.000847
498,19,home,mask_home,environment,rest_deeply,delayed,-0.3202,-0.21986,-0.06533,-0.36171,-0.04865,0.03635,-0.000636,0.000762,-0.000120,0.000080,-0.000269
499,19,home,mask_home,environment,rest_deeply,goal_achieved,2.4802,-0.22186,-0.06669,-0.36485,-0.04888,0.03700,-0.001994,-0.001368,-0.003141,-0.000227,0.000655
500,19,home,mask_home,environment,rest_deeply,goal_achieved,2.4742,-0.22386,-0.06807,-0.36800,-0.04910,0.03766,-0.001998,-0.001376,-0.003148,-0.000227,0.000658
501,19,home,mask_home,environment,take_notes,failed,-2.4420,-0.22592,-0.06955,-0.37036,-0.04912,0.03825,-0.002065,-0.001480,-0.002366,-0.000014,0.000590
502,19,home,mask_home,environment,network_actively,failed,-1.9758,-0.22805,-0.06997,-0.37542,-0.05020,0.03880,-0.002133,-0.000418,-0.005057,-0.001088,0.000545
503,19,home,mask_home,environment,rest_deeply,goal_achieved,2.4701,-0.23009,-0.07139,-0.37859,-0.05043,0.03947,-0.002033,-0.001420,-0.003173,-0.000227,0.000675
504,19,home,mask_home,environment,network_actively,failed,-1.9983,-0.23224,-0.07184,-0.38366,-0.05151,0.04003,-0.002152,-0.000455,-0.005064,-0.001079,0.000558
505,19,conference,mask_conference,environment,quick_scan,delayed,-2.0290,0.12717,-0.01510,0.21769,0.11479,-0.04839,0.001058,0.000513,0.001127,0.000898,-0.000888
506,19,conference,mask_conference,environment,quick_scan,goal_achieved,1.2041,0.12757,-0.01565,0.21881,0.11470,-0.04788,0.000408,-0.000548,0.001119,-0.000091,0.000514
507,19,conference,mask_conference,environment,network_actively,goal_achieved,0.8198,0.12858,-0.01580,0.22117,0.11597,-0.04851,0.001005,-0.000153,0.002358,0.001271,-0.000638
508,19,conference,mask_conference,environment,deep_work,delayed,-2.3465,0.12920,-0.01621,0.22303,0.11696,-0.04867,0.000620,-0.000411,0.001866,0.000991,-0.000153
509,19,conference,mask_conference,environment,network_actively,delayed,-0.5653,0.12958,-0.01525,0.22098,0.11581,-0.04855,0.000378,0.000959,-0.002058,-0.001152,0.000118
510,19,conference,mask_conference,environment,rest_deeply,delayed,-2.0888,0.13044,-0.01515,0.22247,0.11652,-0.04895,0.000861,0.000108,0.001496,0.000714,-0.000405
511,19,conference,mask_conference,environment,deep_work,delayed,-2.3270,0.13105,-0.01555,0.22431,0.11750,-0.04910,0.000617,-0.000401,0.001840,0.000974,-0.000147
512,19,conference,mask_conference,environment,network_actively,goal_achieved,0.8691,0.13196,-0.01593,0.22695,0.11892,-0.04962,0.000908,-0.000382,0.002641,0.001428,-0.000522
513,19,conference,mask_conference,environment,network_actively,goal_achieved,0.8657,0.13287,-0.01630,0.22958,0.12035,-0.05015,0.000905,-0.000375,0.002629,0.001426,-0.000527
514,20,work,mask_work,environment,tidy_up,goal_achieved,2.1245,0.07324,0.16417,-0.31187,-0.17078,-0.06862,-0.000470,0.002192,-0.002068,-0.001140,-0.000730
515,20,work,mask_work,environment,deep_work,goal_achieved,2.2032,0.07413,0.16602,-0.31400,-0.17234,-0.06942,0.000884,0.001848,-0.002125,-0.001557,-0.000803
516,20,work,mask_work,environment,network_actively,delayed,-1.0944,0.07474,0.16772,-0.31621,-0.17379,-0.07001,0.000611,0.001704,-0.002215,-0.001452,-0.000586
517,20,work,mask_work,environment,rest_deeply,failed,-2.0691,0.07585,0.17007,-0.31730,-0.17507,-0.07092,0.001114,0.002352,-0.001084,-0.001273,-0.000913
518,20,work,mask_work,environment,deep_work,goal_achieved,2.2022,0.07676,0.17196,-0.31939,-0.17663,-0.07174,0.000906,0.001890,-0.002096,-0.001565,-0.000818
519,20,work,mask_work,environment,take_notes,delayed,-1.1022,0.07717,0.17317,-0.32078,-0.17775,-0.07229,0.000415,0.001210,-0.001385,-0.001120,-0.000557
520,20,work,mask_work,environment,deep_work,goal_achieved,2.2007,0.07807,0.17505,-0.32285,-0.17931,-0.07311,0.000898,0.001879,-0.002078,-0.001561,-0.000817
521,20,work,mask_work,environment,take_notes,goal_achieved,1.8824,0.07961,0.17761,-0.32564,-0.18104,-0.07365,0.001543,0.002559,-0.002789,-0.001731,-0.000540
522,20,work,mask_work,environment,take_notes,failed,-2.1156,0.07966,0.17839,-0.32657,-0.18198,-0.07422,0.000047,0.000782,-0.000926,-0.000936,-0.000570
523,20,home,mask_home,environment,rest_deeply,goal_achieved,2.4639,-0.23429,-0.07328,-0.38686,-0.05174,0.04072,-0.002052,-0.001438,-0.003205,-0.000234,0.000687
524,20,home,mask_home,environment,take_notes,failed,-2.4654,-0.23641,-0.07481,-0.38934,-0.05178,0.04134,-0.002117,-0.001532,-0.002477,-0.000035,0.000621
525,20,home,mask_home,environment,take_notes,failed,-2.4710,-0.23853,-0.07635,-0.39183,-0.05182,0.04196,-0.002118,-0.001534,-0.002489,-0.000038,0.000623
526,20,home,mask_home,environment,tidy_up,delayed,-0.9707,-0.23980,-0.07860,-0.39409,-0.05190,0.04287,-0.001271,-0.002253,-0.002260,-0.000081,0.000905
527,20,home,mask_home,environment,take_notes,goal_achieved,1.9961,-0.24076,-0.07843,-0.39796,-0.05264,0.04322,-0.000961,0.000169,-0.003875,-0.000738,0.000352
528,20,home,mask_home,environment,rest_deeply,goal_achieved,2.4419,-0.24278,-0.07992,-0.40120,-0.05288,0.04393,-0.002024,-0.001493,-0.003236,-0.000241,0.000712
529,20,home,mask_home,environment,network_actively,failed,-2.0519,-0.24493,-0.08049,-0.40630,-0.05395,0.04453,-0.002151,-0.000567,-0.005096,-0.001069,0.000602
530,20,home,mask_home,environment,network_actively,delayed,-1.2286,-0.24683,-0.08159,-0.40952,-0.05429,0.04513,-0.001903,-0.001104,-0.003220,-0.000348,0.000595
531,20,home,mask_home,environment,rest_deeply,goal_achieved,2.4302,-0.24888,-0.08312,-0.41279,-0.05454,0.04585,-0.002046,-0.001521,-0.003272,-0.000248,0.000728
532,20,conference,mask_conference,environment,network_actively,delayed,-0.5410,0.13321,-0.01544,0.22765,0.11926,-0.04999,0.000341,0.000868,-0.001931,-0.001090,0.000166
533,20,conference,mask_conference,environment,network_actively,delayed,-0.5437,0.13356,-0.01456,0.22571,0.11816,-0.04982,0.000348,0.000878,-0.001942,-0.001094,0.000162
534,20,conference,mask_conference,environment,network_actively,goal_achieved,0.8682,0.13446,-0.01495,0.22835,0.11959,-0.05034,0.000903,-0.000389,0.002637,0.001428,-0.000517
535,20,conference,mask_conference,environment,network_actively,goal_achieved,0.8649,0.13536,-0.01533,0.23097,0.12102,-0.05086,0.000901,-0.000382,0.002625,0.001426,-0.000523
536,20,conference,mask_conference,environment,deep_work,failed,-3.5108,0.13585,-0.01601,0.23313,0.12217,-0.05087,0.000493,-0.000677,0.002158,0.001152,-0.000003
537,20,conference,mask_conference,environment,tidy_up,delayed,-2.2506,0.13650,-0.01605,0.23451,0.12294,-0.05118,0.000651,-0.000041,0.001385,0.000775,-0.000314
538,20,conference,mask_conference,environment,network_actively,delayed,-0.5187,0.13680,-0.01528,0.23271,0.12192,-0.05096,0.000292,0.000771,-0.001807,-0.001024,0.000219
539,20,conference,mask_conference,environment,tidy_up,delayed,-2.2336,0.13744,-0.01531,0.23406,0.12268,-0.05127,0.000646,-0.000035,0.001354,0.000757,-0.000306
540,20,conference,mask_conference,environment,network_actively,delayed,-0.5221,0.13774,-0.01453,0.23224,0.12165,-0.05105,0.000292,0.000785,-0.001822,-0.001028,0.000214
541,21,work,mask_work,environment,tidy_up,delayed,-1.1861,0.08044,0.17980,-0.32820,-0.18325,-0.07475,0.000776,0.001405,-0.001627,-0.001266,-0.000533
542,21,work,mask_work,environment,network_actively,failed,-2.0513,0.08110,0.18245,-0.33205,-0.18544,-0.07553,0.000663,0.002655,-0.003855,-0.002196,-0.000781
543,21,work,mask_work,environment,take_notes,delayed,-1.1184,0.08153,0.18369,-0.33346,-0.18659,-0.07610,0.000428,0.001238,-0.001408,-0.001150,-0.000561
544,21,work,mask_work,environment,take_notes,failed,-2.1167,0.08158,0.18449,-0.33441,-0.18755,-0.07667,0.000051,0.000800,-0.000950,-0.000957,-0.000570
545,21,work,mask_work,environment,deep_work,goal_achieved,2.1941,0.08247,0.18636,-0.33646,-0.18912,-0.07748,0.000892,0.001867,-0.002055,-0.001568,-0.000815
546,21,work,mask_work,environment,deep_work,goal_achieved,2.1899,0.08336,0.18822,-0.33851,-0.19069,-0.07829,0.000893,0.001866,-0.002050,-0.001569,-0.000814
547,21,work,mask_work,environment,deep_work,goal_achieved,2.1857,0.08426,0.19009,-0.34056,-0.19226,-0.07911,0.000893,0.001865,-0.002046,-0.001569,-0.000813
548,21,work,mask_work,environment,take_notes,failed,-2.1411,0.08433,0.19093,-0.34154,-0.19325,-0.07970,0.000069,0.000839,-0.000978,-0.000990,-0.000590
549,21,work,mask_work,environment,deep_work,goal_achieved,2.1923,0.08520,0.19277,-0.34355,-0.19481,-0.08051,0.000875,0.001842,-0.002016,-0.001560,-0.000813
550,21,home,mask_home,environment,rest_deeply,goal_achieved,2.4237,-0.25093,-0.08464,-0.41607,-0.05479,0.04659,-0.002050,-0.001529,-0.003279,-0.000248,0.000732
551,21,home,mask_home,environment,rest_deeply,delayed,-0.2942,-0.25156,-0.08385,-0.41624,-0.05474,0.04632,-0.000626,0.000791,-0.000174,0.000047,-0.000269
552,21,home,mask_home,environment,network_actively,failed,-2.0664,-0.25370,-0.08443,-0.42127,-0.05579,0.04692,-0.002146,-0.000573,-0.005025,-0.001046,0.000599
553,21,home,mask_home,environment,rest_deeply,goal_achieved,2.4160,-0.25577,-0.08598,-0.42457,-0.05604,0.04766,-0.002068,-0.001550,-0.003301,-0.000252,0.000745
554,21,home,mask_home,environment,rest_deeply,goal_achieved,2.4094,-0.25784,-0.08754,-0.42788,-0.05629,0.04841,-0.002071,-0.001559,-0.003307,-0.000252,0.000748
555,21,home,mask_home,environment,tidy_up,goal_achieved,2.2489,-0.26001,-0.08824,-0.43098,-0.05655,0.04885,-0.002168,-0.000705,-0.003102,-0.000254,0.000439
556,21,home,mask_home,environment,tidy_up,goal_achieved,2.2432,-0.26218,-0.08895,-0.43408,-0.05680,0.04929,-0.002173,-0.000711,-0.003101,-0.000253,0.000442
557,21,home,mask_home,environment,rest_deeply,goal_achieved,2.3781,-0.26429,-0.09050,-0.43741,-0.05705,0.05004,-0.002108,-0.001543,-0.003333,-0.000252,0.000746
558,21,home,mask_home,environment,rest_deeply,goal_achieved,2.3714,-0.26640,-0.09205,-0.44075,-0.05730,0.05079,-0.002109,-0.001550,-0.003337,-0.000251,0.000749
559,21,conference,mask_conference,environment,rest_deeply,failed,-3.1915,0.13862,-0.01446,0.23426,0.12251,-0.05141,0.000884,0.000071,0.002026,0.000862,-0.000355
560,21,conference,mask_conference,environment,quick_scan,delayed,-1.9069,0.13952,-0.01422,0.23570,0.12359,-0.05213,0.000897,0.000237,0.001433,0.001073,-0.000718
561,21,conference,mask_conference,environment,network_actively,delayed,-0.5120,0.13983,-0.01341,0.23390,0.12257,-0.05193,0.000313,0.000812,-0.001797,-0.001014,0.000192
562,21,conference,mask_conference,environment,quick_scan,delayed,-1.8907,0.14072,-0.01317,0.23530,0.12363,-0.05264,0.000893,0.000239,0.001404,0.001054,-0.000707
563,21,conference,mask_conference,environment,network_actively,goal_achieved,0.8956,0.14158,-0.01362,0.23806,0.12514,-0.05314,0.000862,-0.000450,0.002751,0.001519,-0.000502
564,21,conference,mask_conference,environment,network_actively,goal_achieved,0.8918,0.14244,-0.01406,0.24079,0.12666,-0.05365,0.000860,-0.000442,0.002736,0.001516,-0.000509
565,21,conference,mask_conference,environment,network_actively,goal_achieved,0.8880,0.14330,-0.01449,0.24351,0.12817,-0.05417,0.000859,-0.000433,0.002721,0.001514,-0.000515
566,21,conference,mask_conference,environment,network_actively,goal_achieved,0.8843,0.14416,-0.01492,0.24622,0.12969,-0.05469,0.000857,-0.000425,0.002707,0.001512,-0.000521
567,21,conference,mask_conference,environment,tidy_up,failed,-3.4207,0.14493,-0.01511,0.24775,0.13050,-0.05497,0.000770,-0.000189,0.001536,0.000818,-0.000282
568,22,work,mask_work,environment,take_notes,goal_achieved,1.8239,0.08679,0.19534,-0.34633,-0.19656,-0.08106,0.001591,0.002574,-0.002775,-0.001755,-0.000547
569,22,work,mask_work,environment,deep_work,delayed,-0.7088,0.08640,0.19531,-0.34641,-0.19662,-0.08059,-0.000391,-0.000030,-0.000081,-0.000057,0.000464
570,22,work,mask_work,environment,handle_backlog,delayed,-1.1070,0.08727,0.19643,-0.34789,-0.19761,-0.08138,0.000867,0.001113,-0.001476,-0.000991,-0.000782
571,22,work,mask_work,environment,tidy_up,failed,-2.1785,0.08856,0.19737,-0.34929,-0.19879,-0.08195,0.001292,0.000943,-0.001400,-0.001186,-0.000570
572,22,work,mask_work,environment,handle_backlog,goal_achieved,2.4281,0.08923,0.19883,-0.35091,-0.20006,-0.08249,0.000669,0.001463,-0.001624,-0.001267,-0.000542
573,22,work,mask_work,environment,tidy_up,failed,-2.2196,0.09049,0.19984,-0.35234,-0.20129,-0.08302,0.001256,0.001006,-0.001425,-0.001233,-0.000531
574,22,work,mask_work,environment,network_actively,failed,-2.0126,0.09127,0.20227,-0.35595,-0.20336,-0.08385,0.000784,0.002429,-0.003613,-0.002066,-0.000831
575,22,work,mask_work,environment,take_notes,goal_achieved,1.9199,0.09298,0.20463,-0.35859,-0.20499,-0.08443,0.001706,0.002365,-0.002644,-0.001635,-0.000583
576,22,work,mask_work,environment,take_notes,delayed,-1.0541,0.09354,0.20573,-0.35992,-0.20608,-0.08506,0.000560,0.001094,-0.001328,-0.001087,-0.000627
577,22,home,mask_home,environment,tidy_up,delayed,-1.0466,-0.26769,-0.09437,-0.44319,-0.05743,0.05175,-0.001293,-0.002329,-0.002441,-0.000125,0.000961
578,22,home,mask_home,environment,take_notes,delayed,-1.4179,-0.26956,-0.09563,-0.44611,-0.05765,0.05237,-0.001873,-0.001252,-0.002919,-0.000219,0.000620
579,22,home,mask_home,environment,deep_work,goal_achieved,1.8304,-0.27062,-0.09546,-0.45012,-0.05872,0.05221,-0.001053,0.000171,-0.004010,-0.001070,-0.000160
580,22,home,mask_home,environment,rest_deeply,goal_achieved,2.3396,-0.27265,-0.09699,-0.45349,-0.05900,0.05293,-0.002037,-0.001534,-0.003372,-0.000289,0.000725
581,22,home,mask_home,environment,deep_work,failed,-2.6498,-0.27488,-0.09886,-0.45595,-0.05887,0.05388,-0.002227,-0.001875,-0.002466,0.000134,0.000947
582,22,home,mask_home,environment,network_actively,delayed,-1.3315,-0.27679,-0.10004,-0.45922,-0.05923,0.05449,-0.001914,-0.001172,-0.003263,-0.000356,0.000614
583,22,home,mask_home,environment,network_actively,goal_achieved,1.2576,-0.27789,-0.10260,-0.45710,-0.05753,0.05503,-0.001095,-0.002564,0.002122,0.001700,0.000541
584,22,home,mask_home,environment,take_notes,failed,-2.5947,-0.28001,-0.10427,-0.45971,-0.05759,0.05571,-0.002121,-0.001669,-0.002615,-0.000067,0.000673
585,22,home,mask_home,environment,network_actively,failed,-2.2027,-0.28221,-0.10500,-0.46478,-0.05864,0.05635,-0.002197,-0.000731,-0.005071,-0.001044,0.000643
586,22,conference,mask_conference,environment,rest_deeply,goal_achieved,1.5057,0.14530,-0.01546,0.24811,0.13112,-0.05516,0.000371,-0.000356,0.000358,0.000614,-0.000190
587,22,conference,mask_conference,environment,network_actively,goal_achieved,0.8717,0.14615,-0.01590,0.25076,0.13262,-0.05568,0.000844,-0.000434,0.002642,0.001502,-0.000522
588,22,conference,mask_conference,environment,deep_work,goal_achieved,1.2393,0.14707,-0.01537,0.25135,0.13300,-0.05632,0.000923,0.000531,0.000596,0.000385,-0.000636
589,22,conference,mask_conference,environment,network_actively,goal_achieved,0.8489,0.14794,-0.01571,0.25387,0.13445,-0.05689,0.000875,-0.000343,0.002519,0.001442,-0.000569
590,22,conference,mask_conference,environment,take_notes,goal_achieved,1.4475,0.14870,-0.01562,0.25502,0.13514,-0.05727,0.000755,0.000086,0.001151,0.000695,-0.000386
591,22,conference,mask_conference,environment,network_actively,delayed,-0.5261,0.14903,-0.01475,0.25309,0.13408,-0.05712,0.000328,0.000872,-0.001930,-0.001065,0.000152
592,22,conference,mask_conference,environment,network_actively,goal_achieved,0.8463,0.14990,-0.01509,0.25560,0.13552,-0.05769,0.000875,-0.000341,0.002507,0.001439,-0.000568
593,22,conference,mask_conference,environment,network_actively,goal_achieved,0.8433,0.15077,-0.01543,0.25809,0.13695,-0.05826,0.000873,-0.000335,0.002495,0.001438,-0.000573
594,22,conference,mask_conference,environment,take_notes,goal_achieved,1.4480,0.15153,-0.01534,0.25923,0.13764,-0.05865,0.000751,0.000089,0.001133,0.000690,-0.000386
595,23,work,mask_work,environment,tidy_up,goal_achieved,2.0980,0.09314,0.20784,-0.36183,-0.20714,-0.08589,-0.000396,0.002114,-0.001908,-0.001054,-0.000825
596,23,work,mask_work,environment,deep_work,delayed,-0.6515,0.09283,0.20773,-0.36190,-0.20713,-0.08549,-0.000306,-0.000108,-0.000072,0.000009,0.000396
597,23,work,mask_work,environment,rest_deeply,delayed,-0.9684,0.09370,0.20938,-0.36330,-0.20831,-0.08621,0.000867,0.001649,-0.001402,-0.001184,-0.000721
598,23,work,mask_work,environment,deep_work,goal_achieved,2.2045,0.09471,0.21117,-0.36529,-0.20981,-0.08711,0.001015,0.001786,-0.001990,-0.001501,-0.000896
599,23,work,mask_work,environment,take_notes,goal_achieved,1.8947,0.09636,0.21353,-0.36788,-0.21140,-0.08768,0.001642,0.002364,-0.002586,-0.001592,-0.000573
600,23,work,mask_work,environment,rest_deeply,failed,-2.0986,0.09757,0.21581,-0.36899,-0.21266,-0.08864,0.001209,0.002276,-0.001111,-0.001254,-0.000962
601,23,work,mask_work,environment,handle_backlog,goal_achieved,2.3796,0.09825,0.21737,-0.37061,-0.21394,-0.08918,0.000686,0.001559,-0.001616,-0.001278,-0.000537
602,23,work,mask_work,environment,tidy_up,failed,-2.2656,0.09955,0.21849,-0.37205,-0.21522,-0.08969,0.001302,0.001120,-0.001442,-0.001280,-0.000508
603,23,work,mask_work,environment,tidy_up,delayed,-1.1852,0.10043,0.21987,-0.37359,-0.21644,-0.09027,0.000877,0.001382,-0.001541,-0.001223,-0.000580
604,23,home,mask_home,environment,network_actively,failed,-2.2137,-0.28441,-0.10575,-0.46983,-0.05967,0.05700,-0.002201,-0.000750,-0.005047,-0.001035,0.000649
605,23,home,mask_home,environment,deep_work,failed,-2.6810,-0.28664,-0.10765,-0.47230,-0.05954,0.05795,-0.002229,-0.001901,-0.002476,0.000130,0.000949
606,23,home,mask_home,environment,rest_deeply,goal_achieved,2.3147,-0.28871,-0.10929,-0.47563,-0.05978,0.05871,-0.002069,-0.001638,-0.003321,-0.000233,0.000767
607,23,home,mask_home,environment,tidy_up,delayed,-1.1176,-0.29003,-0.11171,-0.47812,-0.05992,0.05971,-0.001328,-0.002419,-0.002498,-0.000141,0.000993
608,23,home,mask_home,environment,deep_work,goal_achieved,1.7965,-0.29107,-0.11168,-0.48205,-0.06091,0.05959,-0.001037,0.000033,-0.003922,-0.000996,-0.000116
609,23,home,mask_home,environment,network_actively,delayed,-1.3766,-0.29295,-0.11291,-0.48531,-0.06127,0.06022,-0.001881,-0.001239,-0.003261,-0.000358,0.000624
610,23,home,mask_home,environment,network_actively,failed,-2.2640,-0.29512,-0.11374,-0.49031,-0.06230,0.06088,-0.002171,-0.000828,-0.005002,-0.001028,0.000666
611,23,home,mask_home,environment,tidy_up,goal_achieved,2.1133,-0.29725,-0.11448,-0.49348,-0.06256,0.06131,-0.002132,-0.000740,-0.003167,-0.000264,0.000431
612,23,home,mask_home,environment,network_actively,failed,-2.2888,-0.29944,-0.11532,-0.49845,-0.06358,0.06198,-0.002186,-0.000835,-0.004971,-0.001014,0.000667
613,23,conference,mask_conference,environment,network_actively,delayed,-0.5266,0.15185,-0.01446,0.25729,0.13658,-0.05850,0.000329,0.000878,-0.001936,-0.001068,0.000151
614,23,conference,mask_conference,environment,network_actively,goal_achieved,0.8410,0.15273,-0.01479,0.25977,0.13801,-0.05907,0.000872,-0.000334,0.002484,0.001435,-0.000571
615,23,conference,mask_conference,environment,network_actively,delayed,-0.5277,0.15306,-0.01391,0.25783,0.13694,-0.05892,0.000332,0.000883,-0.001942,-0.001070,0.000149
616,23,conference,mask_conference,environment,network_actively,goal_achieved,0.8410,0.15393,-0.01425,0.26032,0.13838,-0.05949,0.000870,-0.000339,0.002484,0.001435,-0.000568
617,23,conference,mask_conference,environment,network_actively,goal_achieved,0.8381,0.15480,-0.01458,0.26279,0.13981,-0.06006,0.000868,-0.000333,0.002472,0.001434,-0.000572
618,23,conference,mask_conference,environment,network_actively,goal_achieved,0.8352,0.15566,-0.01491,0.26525,0.14124,-0.06064,0.000866,-0.000327,0.002461,0.001432,-0.000577
619,23,conference,mask_conference,environment,network_actively,goal_achieved,0.8323,0.15653,-0.01523,0.26770,0.14267,-0.06122,0.000865,-0.000321,0.002449,0.001431,-0.000581
620,23,conference,mask_conference,environment,network_actively,goal_achieved,0.8295,0.15739,-0.01555,0.27014,0.14410,-0.06180,0.000863,-0.000315,0.002438,0.001429,-0.000586
621,23,conference,mask_conference,environment,deep_work,goal_achieved,1.2200,0.15830,-0.01501,0.27069,0.14450,-0.06245,0.000905,0.000533,0.000559,0.000392,-0.000642
622,24,work,mask_work,environment,network_actively,delayed,-1.1373,0.10121,0.22153,-0.37556,-0.21783,-0.09090,0.000784,0.001664,-0.001972,-0.001388,-0.000639
623,24,work,mask_work,environment,deep_work,goal_achieved,2.1671,0.10229,0.22338,-0.37754,-0.21937,-0.09179,0.001073,0.001850,-0.001980,-0.001541,-0.000881
624,24,work,mask_work,environment,network_actively,goal_achieved,1.7667,0.10304,0.22258,-0.37499,-0.21879,-0.09195,0.000758,-0.000805,0.002555,0.000573,-0.000165
625,24,work,mask_work,environment,take_notes,goal_achieved,1.8575,0.10473,0.22495,-0.37748,-0.22039,-0.09250,0.001682,0.002366,-0.002492,-0.001594,-0.000552
626,24,work,mask_work,environment,network_actively,failed,-2.1399,0.10555,0.22746,-0.38098,-0.22245,-0.09331,0.000828,0.002519,-0.003502,-0.002059,-0.000803
627,24,work,mask_work,environment,rest_deeply,goal_achieved,2.2492,0.10559,0.22740,-0.38333,-0.22352,-0.09330,0.000033,-0.000064,-0.002346,-0.001076,0.000006
628,24,work,mask_work,environment,deep_work,goal_achieved,2.1187,0.10666,0.22920,-0.38531,-0.22505,-0.09415,0.001072,0.001796,-0.001988,-0.001531,-0.000854
629,24,work,mask_work,environment,tidy_up,delayed,-1.2473,0.10755,0.23055,-0.38688,-0.22629,-0.09472,0.000890,0.001348,-0.001567,-0.001231,-0.000564
630,24,work,mask_work,environment,rest_deeply,failed,-2.1674,0.10880,0.23285,-0.38801,-0.22759,-0.09565,0.001256,0.002301,-0.001125,-0.001301,-0.000934
631,24,home,mask_home,environment,take_notes,goal_achieved,1.8435,-0.30038,-0.11531,-0.50000,-0.06426,0.06236,-0.000938,0.000012,-0.001554,-0.000688,0.000383
632,24,home,mask_home,environment,rest_deeply,goal_achieved,2.2522,-0.30237,-0.11689,-0.50000,-0.06454,0.06311,-0.001990,-0.001584,0.000000,-0.000273,0.000748
633,24,home,mask_home,environment,quick_scan,delayed,-1.3750,-0.30418,-0.11816,-0.50000,-0.06479,0.06373,-0.001812,-0.001267,0.000000,-0.000257,0.000616
634,24,home,mask_home,environment,network_actively,goal_achieved,1.2393,-0.30514,-0.12053,-0.49814,-0.06316,0.06421,-0.000956,-0.002378,0.001855,0.001634,0.000480
635,24,home,mask_home,environment,take_notes,failed,-2.6740,-0.30722,-0.12223,-0.50000,-0.06326,0.06489,-0.002088,-0.001694,-0.001855,-0.000100,0.000683
636,24,home,mask_home,environment,network_actively,failed,-2.3290,-0.30938,-0.12304,-0.50000,-0.06429,0.06556,-0.002156,-0.000814,0.000000,-0.001034,0.000664
637,24,home,mask_home,environment,network_actively,delayed,-1.4411,-0.31122,-0.12423,-0.50000,-0.06466,0.06616,-0.001845,-0.001189,0.000000,-0.000370,0.000608
638,24,home,mask_home,environment,network_actively,failed,-2.3354,-0.31338,-0.12504,-0.50000,-0.06570,0.06683,-0.002152,-0.000809,0.000000,-0.001041,0.000662
639,24,home,mask_home,environment,take_notes,delayed,-1.5518,-0.31516,-0.12627,-0.50000,-0.06598,0.06742,-0.001784,-0.001232,0.000000,-0.000272,0.000591
640,24,conference,mask_conference,environment,network_actively,goal_achieved,0.8127,0.15918,-0.01526,0.27304,0.14588,-0.06307,0.000885,-0.000250,0.002346,0.001386,-0.000620
641,24,conference,mask_conference,environment,network_actively,goal_achieved,0.8102,0.16006,-0.01551,0.27538,0.14727,-0.06369,0.000883,-0.000246,0.002336,0.001385,-0.000623
642,24,conference,mask_conference,environment,network_actively,goal_achieved,0.8078,0.16094,-0.01575,0.27770,0.14865,-0.06432,0.000881,-0.000241,0.002326,0.001384,-0.000627
643,24,conference,mask_conference,environment,tidy_up,failed,-3.5188,0.16174,-0.01578,0.27895,0.14938,-0.06470,0.000792,-0.000026,0.001247,0.000727,-0.000387
644,24,conference,mask_conference,environment,network_actively,goal_achieved,0.8061,0.16262,-0.01602,0.28127,0.15076,-0.06533,0.000882,-0.000244,0.002320,0.001384,-0.000629
645,24,conference,mask_conference,environment,network_actively,goal_achieved,0.8037,0.16350,-0.01626,0.28358,0.15215,-0.06596,0.000880,-0.000239,0.002310,0.001383,-0.000632
646,24,conference,mask_conference,environment,network_actively,goal_achieved,0.8013,0.16438,-0.01649,0.28588,0.15353,-0.06660,0.000879,-0.000235,0.002300,0.001382,-0.000636
647,24,conference,mask_conference,environment,network_actively,goal_achieved,0.7989,0.16525,-0.01672,0.28817,0.15491,-0.06724,0.000877,-0.000231,0.002290,0.001381,-0.000639
648,24,conference,mask_conference,environment,quick_scan,delayed,-2.0368,0.16619,-0.01634,0.28936,0.15594,-0.06810,0.000932,0.000382,0.001193,0.001035,-0.000857
649,25,work,mask_work,environment,deep_work,goal_achieved,2.1198,0.10990,0.23466,-0.38996,-0.22912,-0.09652,0.001094,0.001818,-0.001957,-0.001532,-0.000865
650,25,work,mask_work,environment,tidy_up,goal_achieved,1.9913,0.10952,0.23680,-0.39178,-0.23016,-0.09731,-0.000380,0.002139,-0.001814,-0.001043,-0.000793
651,25,work,mask_work,environment,deep_work,goal_achieved,2.0945,0.11056,0.23865,-0.39373,-0.23168,-0.09818,0.001046,0.001842,-0.001955,-0.001522,-0.000872
652,25,work,mask_work,environment,tidy_up,goal_achieved,1.9803,0.11019,0.24078,-0.39554,-0.23273,-0.09898,-0.000378,0.002139,-0.001805,-0.001043,-0.000796
653,25,work,mask_work,environment,deep_work,goal_achieved,2.0706,0.11119,0.24265,-0.39749,-0.23424,-0.09986,0.001001,0.001862,-0.001953,-0.001512,-0.000879
654,25,work,mask_work,environment,network_actively,goal_achieved,1.7099,0.11189,0.24199,-0.39517,-0.23375,-0.10006,0.000702,-0.000654,0.002320,0.000485,-0.000203
655,25,work,mask_work,environment,handle_backlog,goal_achieved,2.2520,0.11255,0.24357,-0.39674,-0.23503,-0.10060,0.000664,0.001576,-0.001572,-0.001274,-0.000541
656,25,work,mask_work,environment,handle_backlog,goal_achieved,2.2494,0.11322,0.24514,-0.39831,-0.23630,-0.10114,0.000663,0.001574,-0.001568,-0.001273,-0.000540
657,25,work,mask_work,environment,deep_work,goal_achieved,2.0318,0.11419,0.24700,-0.40021,-0.23781,-0.10199,0.000977,0.001862,-0.001905,-0.001514,-0.000847
658,25,home,mask_home,environment,tidy_up,goal_achieved,2.0647,-0.31721,-0.12692,-0.50000,-0.06627,0.06781,-0.002046,-0.000642,0.000000,-0.000298,0.000391
659,25,home,mask_home,environment,deep_work,delayed,-1.6482,-0.31907,-0.12825,-0.50000,-0.06648,0.06846,-0.001866,-0.001336,0.000000,-0.000204,0.000654
660,25,home,mask_home,environment,rest_deeply,goal_achieved,2.2176,-0.32101,-0.12974,-0.50000,-0.06678,0.06916,-0.001940,-0.001484,0.000000,-0.000300,0.000695
661,25,home,mask_home,environment,tidy_up,goal_achieved,2.0541,-0.32304,-0.13036,-0.50000,-0.06708,0.06954,-0.002028,-0.000623,0.000000,-0.000306,0.000381
662,25,home,mask_home,environment,rest_deeply,goal_achieved,2.2054,-0.32497,-0.13180,-0.50000,-0.06739,0.07022,-0.001933,-0.001444,0.000000,-0.000308,0.000678
663,25,home,mask_home,environment,rest_deeply,delayed,-0.3608,-0.32563,-0.13093,-0.50000,-0.06754,0.06995,-0.000660,0.000872,0.000000,-0.000150,-0.000266
664,25,home,mask_home,environment,network_actively,failed,-2.3496,-0.32777,-0.13165,-0.50000,-0.06860,0.07058,-0.002137,-0.000719,0.000000,-0.001062,0.000628
665,25,home,mask_home,environment,network_actively,delayed,-1.4616,-0.32957,-0.13270,-0.50000,-0.06900,0.07113,-0.001796,-0.001050,0.000000,-0.000396,0.000550
666,25,home,mask_home,environment,network_actively,failed,-2.3559,-0.33170,-0.13341,-0.50000,-0.07007,0.07175,-0.002132,-0.000713,0.000000,-0.001069,0.000625
667,25,conference,mask_conference,environment,network_actively,goal_achieved,0.8016,0.16707,-0.01656,0.29164,0.15734,-0.06875,0.000881,-0.000220,0.002280,0.001391,-0.000654
668,25,conference,mask_conference,environment,network_actively,goal_achieved,0.7993,0.16795,-0.01678,0.29391,0.15872,-0.06941,0.000879,-0.000216,0.002271,0.001389,-0.000657
669,25,conference,mask_conference,environment,network_actively,goal_achieved,0.7970,0.16882,-0.01699,0.29618,0.16011,-0.07007,0.000877,-0.000212,0.002261,0.001388,-0.000661
670,25,conference,mask_conference,environment,network_actively,goal_achieved,0.7948,0.16970,-0.01720,0.29843,0.16150,-0.07073,0.000876,-0.000208,0.002252,0.001387,-0.000664
671,25,conference,mask_conference,environment,deep_work,goal_achieved,1.1624,0.17059,-0.01670,0.29906,0.16198,-0.07140,0.000891,0.000494,0.000636,0.000479,-0.000673
672,25,conference,mask_conference,environment,network_actively,goal_achieved,0.7825,0.17148,-0.01687,0.30125,0.16334,-0.07209,0.000891,-0.000163,0.002184,0.001356,-0.000687
673,25,conference,mask_conference,environment,network_actively,goal_achieved,0.7805,0.17237,-0.01703,0.30342,0.16469,-0.07278,0.000889,-0.000160,0.002175,0.001355,-0.000690
674,25,conference,mask_conference,environment,network_actively,goal_achieved,0.7785,0.17326,-0.01718,0.30559,0.16605,-0.07347,0.000887,-0.000157,0.002167,0.001354,-0.000692
675,25,conference,mask_conference,environment,network_actively,goal_achieved,0.7766,0.17414,-0.01734,0.30775,0.16740,-0.07417,0.000885,-0.000154,0.002159,0.001354,-0.000695
676,26,work,mask_work,environment,rest_deeply,failed,-2.2799,0.11534,0.24937,-0.40134,-0.23913,-0.10292,0.001152,0.002370,-0.001127,-0.001316,-0.000931
677,26,work,mask_work,environment,take_notes,failed,-2.1923,0.11539,0.25023,-0.40217,-0.24009,-0.10357,0.000045,0.000858,-0.000831,-0.000955,-0.000649
678,26,work,mask_work,environment,deep_work,goal_achieved,2.0443,0.11636,0.25210,-0.40403,-0.24159,-0.10443,0.000974,0.001866,-0.001859,-0.001507,-0.000858
679,26,work,mask_work,environment,take_notes,failed,-2.1990,0.11641,0.25296,-0.40487,-0.24255,-0.10508,0.000050,0.000866,-0.000835,-0.000962,-0.000654
680,26,work,mask_work,environment,take_notes,failed,-2.2000,0.11646,0.25383,-0.40570,-0.24352,-0.10574,0.000050,0.000866,-0.000834,-0.000963,-0.000654
681,26,work,mask_work,environment,rest_deeply,failed,-2.2584,0.11756,0.25614,-0.40678,-0.24482,-0.10667,0.001101,0.002314,-0.001075,-0.001300,-0.000934
682,26,work,mask_work,environment,tidy_up,delayed,-1.2748,0.11846,0.25755,-0.40819,-0.24607,-0.10726,0.000892,0.001406,-0.001419,-0.001248,-0.000590
683,26,work,mask_work,environment,take_notes,goal_achieved,1.7134,0.12010,0.25997,-0.41057,-0.24765,-0.10781,0.001644,0.002418,-0.002380,-0.001581,-0.000553
684,26,work,mask_work,environment,handle_backlog,goal_achieved,2.2543,0.12078,0.26156,-0.41206,-0.24892,-0.10838,0.000677,0.001594,-0.001486,-0.001275,-0.000563
685,26,home,mask_home,environment,tidy_up,goal_achieved,2.0693,-0.33368,-0.13393,-0.50000,-0.07041,0.07210,-0.001977,-0.000522,0.000000,-0.000336,0.000342
686,26,home,mask_home,environment,tidy_up,goal_achieved,2.0665,-0.33565,-0.13445,-0.50000,-0.07074,0.07243,-0.001971,-0.000513,0.000000,-0.000338,0.000338
687,26,home,mask_home,environment,rest_deeply,goal_achieved,2.1852,-0.33756,-0.13579,-0.50000,-0.07109,0.07307,-0.001915,-0.001341,0.000000,-0.000344,0.000639
688,26,home,mask_home,environment,rest_deeply,goal_achieved,2.1815,-0.33947,-0.13712,-0.50000,-0.07144,0.07371,-0.001906,-0.001328,0.000000,-0.000348,0.000633
689,26,home,mask_home,environment,tidy_up,failed,-2.3143,-0.34046,-0.13993,-0.50000,-0.07170,0.07483,-0.000997,-0.002810,0.000000,-0.000267,0.001123
690,26,home,mask_home,environment,network_actively,failed,-2.3762,-0.34258,-0.14065,-0.50000,-0.07280,0.07546,-0.002112,-0.000722,0.000000,-0.001093,0.000626
691,26,home,mask_home,environment,tidy_up,goal_achieved,2.0495,-0.34451,-0.14111,-0.50000,-0.07316,0.07577,-0.001934,-0.000466,0.000000,-0.000366,0.000314
692,26,home,mask_home,environment,network_actively,failed,-2.3872,-0.34662,-0.14181,-0.50000,-0.07426,0.07639,-0.002113,-0.000698,0.000000,-0.001100,0.000617
693,26,home,mask_home,environment,zone_out,failed,-2.5687,-0.34788,-0.14240,-0.50000,-0.07422,0.07660,-0.001253,-0.000584,0.000000,0.000043,0.000217
694,26,conference,mask_conference,environment,network_actively,delayed,-0.5212,0.17448,-0.01640,0.30576,0.16629,-0.07406,0.000341,0.000933,-0.001989,-0.001105,0.000113
695,26,conference,mask_conference,environment,network_actively,goal_achieved,0.7772,0.17537,-0.01657,0.30792,0.16765,-0.07475,0.000884,-0.000161,0.002161,0.001354,-0.000690
696,26,conference,mask_conference,environment,take_notes,goal_achieved,1.3315,0.17614,-0.01637,0.30893,0.16834,-0.07525,0.000776,0.000191,0.001007,0.000694,-0.000503
697,26,conference,mask_conference,environment,quick_scan,failed,-3.1514,0.17733,-0.01559,0.31012,0.16974,-0.07665,0.001182,0.000785,0.001196,0.001403,-0.001396
698,26,conference,mask_conference,environment,quick_scan,delayed,-2.0866,0.17827,-0.01517,0.31126,0.17078,-0.07754,0.000946,0.000420,0.001139,0.001032,-0.000898
699,26,conference,mask_conference,environment,take_notes,goal_achieved,1.3461,0.17907,-0.01496,0.31227,0.17150,-0.07808,0.000797,0.000213,0.001008,0.000723,-0.000539
700,26,conference,mask_conference,environment,deep_work,goal_achieved,1.1592,0.17998,-0.01443,0.31288,0.17201,-0.07880,0.000910,0.000522,0.000612,0.000508,-0.000717
701,26,conference,mask_conference,environment,rest_deeply,delayed,-2.1890,0.18081,-0.01421,0.31408,0.17276,-0.07936,0.000834,0.000225,0.001202,0.000756,-0.000562
702,26,conference,mask_conference,environment,network_actively,goal_achieved,0.7802,0.18173,-0.01431,0.31619,0.17412,-0.08010,0.000917,-0.000104,0.002100,0.001355,-0.000742
703,27,work,mask_work,environment,take_notes,failed,-2.2056,0.12084,0.26246,-0.41288,-0.24990,-0.10903,0.000060,0.000899,-0.000815,-0.000977,-0.000655
704,27,work,mask_work,environment,deep_work,delayed,-0.7499,0.12043,0.26252,-0.41284,-0.24992,-0.10856,-0.000411,0.000060,0.000035,-0.000024,0.000473
705,27,work,mask_work,environment,take_notes,delayed,-1.2148,0.12086,0.26377,-0.41401,-0.25103,-0.10916,0.000432,0.001248,-0.001171,-0.001104,-0.000604
706,27,work,mask_work,environment,rest_deeply,goal_achieved,2.1720,0.12077,0.26372,-0.41613,-0.25205,-0.10915,-0.000090,-0.000052,-0.002116,-0.001028,0.000011
707,27,work,mask_work,environment,take_notes,failed,-2.2050,0.12078,0.26453,-0.41693,-0.25300,-0.10977,0.000012,0.000819,-0.000803,-0.000948,-0.000614
708,27,work,mask_work,environment,rest_deeply,goal_achieved,2.1795,0.12067,0.26446,-0.41902,-0.25402,-0.10976,-0.000106,-0.000073,-0.002093,-0.001019,0.000011
709,27,work,mask_work,environment,network_actively,goal_achieved,1.7458,0.12125,0.26380,-0.41681,-0.25360,-0.10991,0.000575,-0.000667,0.002217,0.000421,-0.000156
710,27,work,mask_work,environment,deep_work,goal_achieved,2.0253,0.12214,0.26550,-0.41856,-0.25506,-0.11073,0.000894,0.001709,-0.001755,-0.001459,-0.000817
711,27,work,mask_work,environment,tidy_up,goal_achieved,1.9239,0.12162,0.26746,-0.42012,-0.25602,-0.11145,-0.000525,0.001958,-0.001562,-0.000957,-0.000725
712,27,home,mask_home,environment,network_actively,failed,-2.2623,-0.34953,-0.14266,-0.50000,-0.07492,0.07693,-0.001657,-0.000262,0.000000,-0.000697,0.000325
713,27,home,mask_home,environment,tidy_up,delayed,-1.0981,-0.35031,-0.14441,-0.50000,-0.07483,0.07755,-0.000774,-0.001748,0.000000,0.000082,0.000618
714,27,home,mask_home,environment,network_actively,failed,-2.2535,-0.35193,-0.14469,-0.50000,-0.07552,0.07787,-0.001625,-0.000279,0.000000,-0.000690,0.000326
715,27,home,mask_home,environment,rest_deeply,goal_achieved,2.3265,-0.35329,-0.14554,-0.50000,-0.07550,0.07819,-0.001359,-0.000850,0.000000,0.000021,0.000316
716,27,home,mask_home,environment,rest_deeply,goal_achieved,2.3258,-0.35464,-0.14637,-0.50000,-0.07548,0.07850,-0.001348,-0.000836,0.000000,0.000024,0.000308
717,27,home,mask_home,environment,quick_scan,delayed,-1.2864,-0.35583,-0.14692,-0.50000,-0.07543,0.07869,-0.001191,-0.000551,0.000000,0.000047,0.000194
718,27,home,mask_home,environment,quick_scan,goal_achieved,2.2606,-0.35710,-0.14792,-0.50000,-0.07561,0.07942,-0.001269,-0.000993,0.000000,-0.000179,0.000731
719,27,home,mask_home,environment,deep_work,goal_achieved,1.9182,-0.35763,-0.14741,-0.50000,-0.07610,0.07906,-0.000533,0.000509,0.000000,-0.000492,-0.000363
720,27,home,mask_home,environment,network_actively,failed,-2.2876,-0.35920,-0.14764,-0.50000,-0.07682,0.07938,-0.001569,-0.000231,0.000000,-0.000714,0.000316
721,27,conference,mask_conference,environment,network_actively,goal_achieved,0.7785,0.18265,-0.01441,0.31828,0.17547,-0.08085,0.000916,-0.000102,0.002093,0.001355,-0.000744
722,27,conference,mask_conference,environment,network_actively,goal_achieved,0.7768,0.18356,-0.01451,0.32036,0.17683,-0.08159,0.000914,-0.000100,0.002086,0.001354,-0.000746
723,27,conference,mask_conference,environment,network_actively,delayed,-0.5168,0.18395,-0.01349,0.31831,0.17572,-0.08155,0.000391,0.001028,-0.002052,-0.001110,0.000044
724,27,conference,mask_conference,environment,network_actively,goal_achieved,0.7776,0.18486,-0.01360,0.32040,0.17707,-0.08229,0.000913,-0.000109,0.002089,0.001354,-0.000740
725,27,conference,mask_conference,environment,network_actively,goal_achieved,0.7759,0.18578,-0.01370,0.32248,0.17842,-0.08303,0.000912,-0.000107,0.002081,0.001353,-0.000742
726,27,conference,mask_conference,environment,network_actively,goal_achieved,0.7742,0.18669,-0.01381,0.32456,0.17978,-0.08377,0.000910,-0.000105,0.002074,0.001353,-0.000744
727,27,conference,mask_conference,environment,network_actively,goal_achieved,0.7726,0.18759,-0.01391,0.32662,0.18113,-0.08452,0.000908,-0.000103,0.002067,0.001352,-0.000745
728,27,conference,mask_conference,environment,network_actively,goal_achieved,0.7709,0.18850,-0.01401,0.32868,0.18248,-0.08527,0.000906,-0.000101,0.002060,0.001352,-0.000747
729,27,conference,mask_conference,environment,network_actively,delayed,-0.5151,0.18889,-0.01299,0.32663,0.18137,-0.08522,0.000390,0.001026,-0.002048,-0.001110,0.000046
730,28,work,mask_work,environment,take_notes,failed,-2.2491,0.12157,0.26824,-0.42091,-0.25694,-0.11205,-0.000050,0.000777,-0.000788,-0.000923,-0.000602
731,28,work,mask_work,environment,deep_work,goal_achieved,2.0125,0.12241,0.26995,-0.42265,-0.25838,-0.11288,0.000838,0.001711,-0.001735,-0.001444,-0.000823
732,28,work,mask_work,environment,rest_deeply,failed,-2.2864,0.12342,0.27220,-0.42362,-0.25964,-0.11378,0.001011,0.002252,-0.000974,-0.001256,-0.000906
733,28,work,mask_work,environment,tidy_up,delayed,-1.3009,0.12423,0.27346,-0.42495,-0.26084,-0.11432,0.000812,0.001263,-0.001328,-0.001200,-0.000534
734,28,work,mask_work,environment,handle_backlog,delayed,-1.2071,0.12509,0.27449,-0.42621,-0.26173,-0.11518,0.000866,0.001030,-0.001263,-0.000891,-0.000858
735,28,work,mask_work,environment,network_actively,goal_achieved,1.7800,0.12568,0.27385,-0.42403,-0.26131,-0.11540,0.000582,-0.000641,0.002176,0.000423,-0.000221
736,28,work,mask_work,environment,rest_deeply,failed,-2.2646,0.12672,0.27603,-0.42495,-0.26251,-0.11633,0.001049,0.002171,-0.000917,-0.001205,-0.000933
737,28,work,mask_work,environment,deep_work,goal_achieved,2.0431,0.12763,0.27771,-0.42659,-0.26391,-0.11720,0.000906,0.001680,-0.001640,-0.001396,-0.000871
738,28,work,mask_work,environment,handle_backlog,delayed,-1.2144,0.12852,0.27874,-0.42780,-0.26479,-0.11807,0.000885,0.001033,-0.001211,-0.000879,-0.000870
739,28,home,mask_home,environment,network_actively,failed,-2.2882,-0.36076,-0.14786,-0.50000,-0.07753,0.07969,-0.001561,-0.000224,0.000000,-0.000710,0.000311
740,28,home,mask_home,environment,rest_deeply,delayed,-0.2130,-0.36093,-0.14652,-0.50000,-0.07739,0.07915,-0.000166,0.001345,0.000000,0.000140,-0.000537
741,28,home,mask_home,environment,rest_deeply,delayed,-0.2148,-0.36110,-0.14517,-0.50000,-0.07725,0.07861,-0.000171,0.001346,0.000000,0.000138,-0.000537
742,28,home,mask_home,environment,network_actively,delayed,-1.3542,-0.36223,-0.14558,-0.50000,-0.07728,0.07878,-0.001136,-0.000406,0.000000,-0.000031,0.000167
743,28,home,mask_home,environment,zone_out,delayed,-1.3592,-0.36359,-0.14623,-0.50000,-0.07750,0.07909,-0.001354,-0.000648,0.000000,-0.000216,0.000314
744,28,home,mask_home,environment,rest_deeply,delayed,-0.2516,-0.36388,-0.14499,-0.50000,-0.07747,0.07863,-0.000293,0.001236,0.000000,0.000025,-0.000461
745,28,home,mask_home,environment,rest_deeply,goal_achieved,2.2677,-0.36529,-0.14586,-0.50000,-0.07760,0.07900,-0.001408,-0.000870,0.000000,-0.000125,0.000368
746,28,home,mask_home,environment,tidy_up,goal_achieved,2.1773,-0.36672,-0.14573,-0.50000,-0.07771,0.07900,-0.001430,0.000130,0.000000,-0.000117,-0.000001
747,28,home,mask_home,environment,quick_scan,goal_achieved,2.2719,-0.36800,-0.14661,-0.50000,-0.07802,0.07971,-0.001279,-0.000879,0.000000,-0.000307,0.000710
748,28,conference,mask_conference,environment,network_actively,goal_achieved,0.7717,0.18980,-0.01309,0.32870,0.18272,-0.08596,0.000906,-0.000110,0.002063,0.001351,-0.000741
749,28,conference,mask_conference,environment,network_actively,goal_achieved,0.7701,0.19070,-0.01320,0.33075,0.18407,-0.08671,0.000904,-0.000108,0.002056,0.001351,-0.000743
750,28,conference,mask_conference,environment,network_actively,goal_achieved,0.7685,0.19160,-0.01331,0.33280,0.18542,-0.08745,0.000903,-0.000106,0.002049,0.001350,-0.000745
751,28,conference,mask_conference,environment,network_actively,goal_achieved,0.7668,0.19250,-0.01341,0.33484,0.18677,-0.08820,0.000901,-0.000104,0.002042,0.001350,-0.000747
752,28,conference,mask_conference,environment,tidy_up,goal_achieved,1.2040,0.19293,-0.01263,0.33523,0.18737,-0.08895,0.000430,0.000781,0.000386,0.000599,-0.000754
753,28,conference,mask_conference,environment,network_actively,delayed,-0.5265,0.19330,-0.01156,0.33313,0.18625,-0.08892,0.000369,0.001077,-0.002102,-0.001124,0.000029
754,28,conference,mask_conference,environment,network_actively,delayed,-0.5304,0.19368,-0.01046,0.33101,0.18512,-0.08890,0.000377,0.001092,-0.002120,-0.001131,0.000023
755,28,conference,mask_conference,environment,network_actively,goal_achieved,0.7600,0.19456,-0.01055,0.33302,0.18645,-0.08964,0.000877,-0.000087,0.002012,0.001338,-0.000742
756,28,conference,mask_conference,environment,network_actively,goal_achieved,0.7585,0.19543,-0.01064,0.33503,0.18779,-0.09039,0.000875,-0.000086,0.002006,0.001338,-0.000744
757,29,work,mask_work,environment,tidy_up,delayed,-1.2553,0.12941,0.27993,-0.42905,-0.26592,-0.11868,0.000891,0.001187,-0.001250,-0.001129,-0.000608
758,29,work,mask_work,environment,rest_deeply,goal_achieved,2.1998,0.12935,0.27974,-0.43098,-0.26683,-0.11875,-0.000056,-0.000181,-0.001926,-0.000913,-0.000069
759,29,work,mask_work,environment,take_notes,goal_achieved,1.6799,0.13098,0.28189,-0.43318,-0.26825,-0.11929,0.001631,0.002150,-0.002202,-0.001426,-0.000543
760,29,work,mask_work,environment,network_actively,failed,-2.2883,0.13168,0.28419,-0.43630,-0.27014,-0.12011,0.000698,0.002291,-0.003117,-0.001885,-0.000819
761,29,work,mask_work,environment,handle_backlog,goal_achieved,2.1992,0.13224,0.28560,-0.43765,-0.27134,-0.12062,0.000564,0.001417,-0.001355,-0.001200,-0.000506
762,29,work,mask_work,environment,rest_deeply,failed,-2.2778,0.13334,0.28777,-0.43860,-0.27255,-0.12156,0.001097,0.002169,-0.000946,-0.001211,-0.000949
763,29,work,mask_work,environment,deep_work,goal_achieved,2.0295,0.13429,0.28942,-0.44025,-0.27394,-0.12244,0.000946,0.001651,-0.001649,-0.001388,-0.000879
764,29,work,mask_work,environment,network_actively,failed,-2.3120,0.13499,0.29173,-0.44331,-0.27582,-0.12326,0.000705,0.002310,-0.003066,-0.001885,-0.000816
765,29,work,mask_work,environment,take_notes,failed,-2.2179,0.13503,0.29249,-0.44406,-0.27673,-0.12394,0.000043,0.000758,-0.000749,-0.000904,-0.000682
766,29,home,mask_home,environment,rest_deeply,goal_achieved,2.2482,-0.36939,-0.14745,-0.50000,-0.07815,0.08009,-0.001392,-0.000846,0.000000,-0.000133,0.000376
767,29,home,mask_home,environment,network_actively,failed,-2.2919,-0.37101,-0.14767,-0.50000,-0.07897,0.08045,-0.001618,-0.000218,0.000000,-0.000818,0.000359
768,29,home,mask_home,environment,quick_scan,delayed,-1.2785,-0.37219,-0.14808,-0.50000,-0.07905,0.08060,-0.001179,-0.000407,0.000000,-0.000081,0.000157
769,29,home,mask_home,environment,quick_scan,failed,-2.4606,-0.37333,-0.14833,-0.50000,-0.07906,0.08057,-0.001147,-0.000251,0.000000,-0.000003,-0.000029
770,29,home,mask_home,environment,rest_deeply,goal_achieved,2.2547,-0.37469,-0.14912,-0.50000,-0.07918,0.08091,-0.001360,-0.000789,0.000000,-0.000125,0.000338
771,29,home,mask_home,environment,rest_deeply,goal_achieved,2.2536,-0.37604,-0.14990,-0.50000,-0.07930,0.08124,-0.001349,-0.000777,0.000000,-0.000123,0.000331
772,29,home,mask_home,environment,network_actively,failed,-2.2970,-0.37764,-0.15008,-0.50000,-0.08011,0.08157,-0.001594,-0.000186,0.000000,-0.000803,0.000330
773,29,home,mask_home,environment,tidy_up,goal_achieved,2.1609,-0.37901,-0.14988,-0.50000,-0.08023,0.08155,-0.001371,0.000197,0.000000,-0.000120,-0.000027
774,29,home,mask_home,environment,deep_work,failed,-2.7254,-0.38048,-0.15079,-0.50000,-0.08008,0.08200,-0.001471,-0.000903,0.000000,0.000147,0.000457
775,29,conference,mask_conference,environment,take_notes,goal_achieved,1.3082,0.19621,-0.01036,0.33591,0.18848,-0.09095,0.000778,0.000276,0.000882,0.000688,-0.000567
776,29,conference,mask_conference,environment,network_actively,delayed,-0.5335,0.19659,-0.00925,0.33377,0.18734,-0.09093,0.000384,0.001106,-0.002137,-0.001138,0.000018
777,29,conference,mask_conference,environment,network_actively,goal_achieved,0.7582,0.19747,-0.00935,0.33577,0.18868,-0.09167,0.000875,-0.000094,0.002003,0.001336,-0.000737
778,29,conference,mask_conference,environment,rest_deeply,delayed,-2.2161,0.19826,-0.00910,0.33686,0.18941,-0.09224,0.000793,0.000249,0.001082,0.000731,-0.000564
779,29,conference,mask_conference,environment,network_actively,goal_achieved,0.7571,0.19914,-0.00919,0.33886,0.19074,-0.09297,0.000875,-0.000092,0.002000,0.001336,-0.000739
780,29,conference,mask_conference,environment,take_notes,goal_achieved,1.3112,0.19992,-0.00892,0.33973,0.19143,-0.09354,0.000778,0.000274,0.000872,0.000682,-0.000563
781,29,conference,mask_conference,environment,quick_scan,failed,-3.1922,0.20109,-0.00806,0.34078,0.19277,-0.09495,0.001171,0.000854,0.001049,0.001349,-0.001414
782,29,conference,mask_conference,environment,rest_deeply,goal_achieved,1.4014,0.20165,-0.00800,0.34107,0.19339,-0.09545,0.000561,0.000059,0.000290,0.000616,-0.000494
783,29,conference,mask_conference,environment,quick_scan,goal_achieved,1.0720,0.20186,-0.00862,0.34186,0.19328,-0.09488,0.000209,-0.000620,0.000792,-0.000113,0.000565
784,30,work,mask_work,environment,tidy_up,failed,-2.3604,0.13638,0.29347,-0.44530,-0.27798,-0.12447,0.001342,0.000983,-0.001237,-0.001251,-0.000529
785,30,work,mask_work,environment,deep_work,goal_achieved,2.0436,0.13733,0.29510,-0.44693,-0.27937,-0.12535,0.000956,0.001629,-0.001637,-0.001392,-0.000879
786,30,work,mask_work,environment,deep_work,goal_achieved,2.0415,0.13829,0.29673,-0.44857,-0.28076,-0.12623,0.000957,0.001626,-0.001632,-0.001391,-0.000878
787,30,work,mask_work,environment,rest_deeply,failed,-2.2813,0.13941,0.29889,-0.44952,-0.28199,-0.12718,0.001116,0.002157,-0.000958,-0.001232,-0.000957
788,30,work,mask_work,environment,take_notes,goal_achieved,1.6563,0.14109,0.30107,-0.45169,-0.28344,-0.12774,0.001689,0.002184,-0.002163,-0.001446,-0.000551
789,30,work,mask_work,environment,take_notes,failed,-2.2177,0.14118,0.30185,-0.45243,-0.28436,-0.12843,0.000084,0.000780,-0.000740,-0.000924,-0.000698
790,30,work,mask_work,environment,take_notes,delayed,-1.2509,0.14166,0.30298,-0.45352,-0.28542,-0.12909,0.000485,0.001128,-0.001092,-0.001053,-0.000660
791,30,work,mask_work,environment,take_notes,failed,-2.2193,0.14175,0.30376,-0.45426,-0.28634,-0.12979,0.000084,0.000779,-0.000738,-0.000924,-0.000698
792,30,work,mask_work,environment,deep_work,goal_achieved,2.0436,0.14271,0.30538,-0.45585,-0.28773,-0.13068,0.000959,0.001626,-0.001592,-0.001385,-0.000887
793,30,home,mask_home,environment,rest_deeply,goal_achieved,2.2538,-0.38182,-0.15152,-0.50000,-0.08019,0.08232,-0.001337,-0.000737,0.000000,-0.000112,0.000315
794,30,home,mask_home,environment,network_actively,failed,-2.3037,-0.38341,-0.15170,-0.50000,-0.08098,0.08264,-0.001593,-0.000172,0.000000,-0.000786,0.000323
795,30,home,mask_home,environment,rest_deeply,goal_achieved,2.2551,-0.38473,-0.15241,-0.50000,-0.08109,0.08294,-0.001321,-0.000711,0.000000,-0.000114,0.000304
796,30,home,mask_home,environment,take_notes,delayed,-1.4747,-0.38588,-0.15279,-0.50000,-0.08118,0.08312,-0.001147,-0.000380,0.000000,-0.000090,0.000174
797,30,home,mask_home,environment,quick_scan,failed,-2.4730,-0.38699,-0.15297,-0.50000,-0.08117,0.08305,-0.001113,-0.000184,0.000000,0.000013,-0.000066
798,30,home,mask_home,environment,rest_deeply,delayed,-0.2385,-0.38727,-0.15167,-0.50000,-0.08113,0.08257,-0.000285,0.001305,0.000000,0.000039,-0.000482
799,30,home,mask_home,environment,deep_work,delayed,-1.5455,-0.38847,-0.15212,-0.50000,-0.08115,0.08278,-0.001200,-0.000453,0.000000,-0.000022,0.000213
800,30,home,mask_home,environment,quick_scan,goal_achieved,2.2627,-0.38966,-0.15286,-0.50000,-0.08145,0.08344,-0.001182,-0.000737,0.000000,-0.000295,0.000657
801,30,home,mask_home,environment,network_actively,failed,-2.2981,-0.39121,-0.15299,-0.50000,-0.08223,0.08375,-0.001556,-0.000129,0.000000,-0.000778,0.000311
802,30,conference,mask_conference,environment,deep_work,delayed,-2.4513,0.20242,-0.00888,0.34336,0.19428,-0.09518,0.000567,-0.000257,0.001506,0.001004,-0.000304
803,30,conference,mask_conference,environment,take_notes,goal_achieved,1.3109,0.20317,-0.00866,0.34425,0.19498,-0.09572,0.000747,0.000219,0.000887,0.000698,-0.000531
804,30,conference,mask_conference,environment,network_actively,goal_achieved,0.7527,0.20402,-0.00880,0.34625,0.19633,-0.09642,0.000843,-0.000143,0.001997,0.001348,-0.000708
805,30,conference,mask_conference,environment,take_notes,goal_achieved,1.3058,0.20476,-0.00859,0.34714,0.19703,-0.09696,0.000746,0.000217,0.000888,0.000701,-0.000532
806,30,conference,mask_conference,environment,network_actively,goal_achieved,0.7502,0.20560,-0.00873,0.34912,0.19837,-0.09767,0.000842,-0.000140,0.001985,0.001346,-0.000710
807,30,conference,mask_conference,environment,quick_scan,goal_achieved,1.0651,0.20579,-0.00938,0.34994,0.19829,-0.09708,0.000186,-0.000655,0.000820,-0.000090,0.000583
808,30,conference,mask_conference,environment,network_actively,goal_achieved,0.7349,0.20661,-0.00953,0.35191,0.19961,-0.09777,0.000824,-0.000152,0.001965,0.001321,-0.000686
809,30,conference,mask_conference,environment,deep_work,failed,-3.6757,0.20707,-0.01006,0.35372,0.20076,-0.09792,0.000454,-0.000525,0.001818,0.001155,-0.000156
810,30,conference,mask_conference,environment,network_actively,goal_achieved,0.7435,0.20787,-0.01026,0.35574,0.20212,-0.09859,0.000801,-0.000199,0.002020,0.001357,-0.000664
811,31,work,mask_work,environment,network_actively,failed,-2.3248,0.14344,0.30764,-0.45879,-0.28959,-0.13150,0.000730,0.002261,-0.002939,-0.001860,-0.000826
812,31,work,mask_work,environment,tidy_up,goal_achieved,1.9202,0.14297,0.30952,-0.46018,-0.29046,-0.13231,-0.000470,0.001879,-0.001395,-0.000879,-0.000811
813,31,work,mask_work,environment,deep_work,goal_achieved,2.0257,0.14389,0.31117,-0.46178,-0.29185,-0.13321,0.000923,0.001646,-0.001599,-0.001380,-0.000893
814,31,work,mask_work,environment,deep_work,goal_achieved,2.0237,0.14481,0.31281,-0.46338,-0.29322,-0.13410,0.000923,0.001643,-0.001594,-0.001379,-0.000892
815,31,work,mask_work,environment,deep_work,goal_achieved,2.0216,0.14574,0.31445,-0.46496,-0.29460,-0.13499,0.000923,0.001640,-0.001589,-0.001378,-0.000892
816,31,work,mask_work,environment,take_notes,goal_achieved,1.6092,0.14741,0.31664,-0.46710,-0.29604,-0.13555,0.001675,0.002184,-0.002137,-0.001435,-0.000562
817,31,work,mask_work,environment,deep_work,goal_achieved,2.0033,0.14835,0.31828,-0.46870,-0.29742,-0.13644,0.000943,0.001649,-0.001595,-0.001380,-0.000889
818,31,work,mask_work,environment,take_notes,goal_achieved,1.6003,0.15003,0.32046,-0.47082,-0.29885,-0.13701,0.001680,0.002177,-0.002125,-0.001432,-0.000563
819,31,work,mask_work,environment,tidy_up,delayed,-1.3482,0.15100,0.32173,-0.47212,-0.30005,-0.13763,0.000963,0.001268,-0.001301,-0.001198,-0.000626
820,31,home,mask_home,environment,deep_work,failed,-2.7284,-0.39260,-0.15377,-0.50000,-0.08210,0.08416,-0.001388,-0.000780,0.000000,0.000126,0.000406
821,31,home,mask_home,environment,network_actively,delayed,-1.4026,-0.39372,-0.15409,-0.50000,-0.08219,0.08433,-0.001121,-0.000329,0.000000,-0.000093,0.000167
822,31,home,mask_home,environment,rest_deeply,goal_achieved,2.2506,-0.39500,-0.15476,-0.50000,-0.08230,0.08462,-0.001279,-0.000667,0.000000,-0.000104,0.000290
823,31,home,mask_home,environment,deep_work,failed,-2.7380,-0.39636,-0.15551,-0.50000,-0.08217,0.08500,-0.001359,-0.000744,0.000000,0.000123,0.000386
824,31,home,mask_home,environment,network_actively,failed,-2.2988,-0.39791,-0.15564,-0.50000,-0.08293,0.08532,-0.001548,-0.000134,0.000000,-0.000755,0.000313
825,31,home,mask_home,environment,tidy_up,goal_achieved,2.1745,-0.39920,-0.15534,-0.50000,-0.08302,0.08525,-0.001290,0.000298,0.000000,-0.000090,-0.000064
826,31,home,mask_home,environment,rest_deeply,goal_achieved,2.2490,-0.40046,-0.15596,-0.50000,-0.08311,0.08552,-0.001264,-0.000623,0.000000,-0.000096,0.000272
827,31,home,mask_home,environment,tidy_up,delayed,-1.1067,-0.40115,-0.15755,-0.50000,-0.08315,0.08613,-0.000685,-0.001584,0.000000,-0.000035,0.000608
828,31,home,mask_home,environment,tidy_up,goal_achieved,2.1688,-0.40241,-0.15722,-0.50000,-0.08324,0.08605,-0.001266,0.000324,0.000000,-0.000087,-0.000079
829,31,conference,mask_conference,environment,quick_scan,delayed,-2.1314,0.20875,-0.00986,0.35682,0.20318,-0.09948,0.000882,0.000394,0.001077,0.001060,-0.000888
830,31,conference,mask_conference,environment,network_actively,delayed,-0.5227,0.20908,-0.00888,0.35479,0.20208,-0.09937,0.000326,0.000985,-0.002033,-0.001099,0.000101
831,31,conference,mask_conference,environment,network_actively,delayed,-0.5258,0.20941,-0.00788,0.35274,0.20098,-0.09928,0.000332,0.000996,-0.002047,-0.001104,0.000097
832,31,conference,mask_conference,environment,network_actively,goal_achieved,0.7514,0.21021,-0.00810,0.35478,0.20234,-0.09994,0.000805,-0.000214,0.002038,0.001367,-0.000660
833,31,conference,mask_conference,environment,network_actively,goal_achieved,0.7496,0.21102,-0.00831,0.35681,0.20371,-0.10060,0.000804,-0.000211,0.002031,0.001366,-0.000662
834,31,conference,mask_conference,environment,quick_scan,goal_achieved,1.0800,0.21117,-0.00901,0.35766,0.20364,-0.09998,0.000155,-0.000708,0.000855,-0.000066,0.000616
835,31,conference,mask_conference,environment,network_actively,delayed,-0.5359,0.21149,-0.00804,0.35562,0.20252,-0.09986,0.000316,0.000973,-0.002049,-0.001126,0.000127
836,31,conference,mask_conference,environment,tidy_up,failed,-3.6067,0.21224,-0.00810,0.35674,0.20326,-0.10025,0.000748,-0.000059,0.001127,0.000745,-0.000395
837,31,conference,mask_conference,environment,quick_scan,delayed,-2.1045,0.21312,-0.00771,0.35778,0.20429,-0.10112,0.000881,0.000389,0.001039,0.001031,-0.000867
838,32,work,mask_work,environment,deep_work,delayed,-0.7537,0.15054,0.32170,-0.47203,-0.30000,-0.13715,-0.000457,-0.000033,0.000096,0.000047,0.000483
839,32,work,mask_work,environment,handle_backlog,goal_achieved,2.1431,0.15114,0.32317,-0.47334,-0.30122,-0.13767,0.000600,0.001470,-0.001309,-0.001220,-0.000520
840,32,work,mask_work,environment,tidy_up,failed,-2.4174,0.15254,0.32421,-0.47458,-0.30251,-0.13820,0.001397,0.001044,-0.001243,-0.001290,-0.000532
841,32,work,mask_work,environment,deep_work,goal_achieved,1.9820,0.15352,0.32586,-0.47617,-0.30390,-0.13907,0.000981,0.001649,-0.001589,-0.001394,-0.000871
842,32,work,mask_work,environment,handle_backlog,goal_achieved,2.1426,0.15414,0.32732,-0.47747,-0.30513,-0.13959,0.000623,0.001458,-0.001301,-0.001226,-0.000518
843,32,work,mask_work,environment,network_actively,goal_achieved,1.7924,0.15481,0.32691,-0.47568,-0.30491,-0.13987,0.000671,-0.000406,0.001790,0.000219,-0.000277
844,32,work,mask_work,environment,network_actively,failed,-2.4158,0.15555,0.32916,-0.47852,-0.30675,-0.14066,0.000742,0.002244,-0.002836,-0.001835,-0.000790
845,32,work,mask_work,environment,deep_work,goal_achieved,1.9651,0.15653,0.33080,-0.48008,-0.30814,-0.14152,0.000972,0.001639,-0.001560,-0.001390,-0.000859
846,32,work,mask_work,environment,deep_work,goal_achieved,1.9631,0.15750,0.33243,-0.48163,-0.30952,-0.14238,0.000972,0.001636,-0.001555,-0.001388,-0.000859
847,32,home,mask_home,environment,rest_deeply,delayed,-0.2292,-0.40270,-0.15594,-0.50000,-0.08319,0.08560,-0.000288,0.001286,0.000000,0.000048,-0.000451
848,32,home,mask_home,environment,take_notes,failed,-2.6234,-0.40397,-0.15650,-0.50000,-0.08317,0.08581,-0.001267,-0.000560,0.000000,0.000015,0.000202
849,32,home,mask_home,environment,deep_work,failed,-2.7293,-0.40527,-0.15715,-0.50000,-0.08305,0.08615,-0.001301,-0.000654,0.000000,0.000118,0.000340
850,32,home,mask_home,environment,zone_out,delayed,-1.3538,-0.40649,-0.15757,-0.50000,-0.08326,0.08638,-0.001221,-0.000416,0.000000,-0.000207,0.000233
851,32,home,mask_home,environment,network_actively,failed,-2.3027,-0.40805,-0.15771,-0.50000,-0.08405,0.08670,-0.001566,-0.000139,0.000000,-0.000784,0.000323
852,32,home,mask_home,environment,rest_deeply,goal_achieved,2.2381,-0.40933,-0.15835,-0.50000,-0.08418,0.08699,-0.001274,-0.000641,0.000000,-0.000134,0.000286
853,32,home,mask_home,environment,rest_deeply,goal_achieved,2.2367,-0.41059,-0.15898,-0.50000,-0.08431,0.08727,-0.001264,-0.000629,0.000000,-0.000133,0.000279
854,32,home,mask_home,environment,deep_work,delayed,-1.5758,-0.41172,-0.15932,-0.50000,-0.08440,0.08745,-0.001126,-0.000343,0.000000,-0.000082,0.000180
855,32,home,mask_home,environment,network_actively,failed,-2.3145,-0.41327,-0.15944,-0.50000,-0.08518,0.08776,-0.001548,-0.000124,0.000000,-0.000780,0.000313
856,32,conference,mask_conference,environment,network_actively,goal_achieved,0.7430,0.21391,-0.00794,0.35981,0.20565,-0.10176,0.000796,-0.000234,0.002028,0.001354,-0.000641
857,32,conference,mask_conference,environment,network_actively,goal_achieved,0.7412,0.21471,-0.00818,0.36183,0.20700,-0.10240,0.000795,-0.000231,0.002020,0.001353,-0.000643
858,32,conference,mask_conference,environment,network_actively,goal_achieved,0.7395,0.21550,-0.00840,0.36384,0.20835,-0.10305,0.000794,-0.000227,0.002013,0.001352,-0.000646
859,32,conference,mask_conference,environment,network_actively,goal_achieved,0.7377,0.21629,-0.00863,0.36585,0.20970,-0.10370,0.000792,-0.000224,0.002005,0.001351,-0.000649
860,32,conference,mask_conference,environment,network_actively,goal_achieved,0.7360,0.21709,-0.00885,0.36784,0.21105,-0.10435,0.000791,-0.000221,0.001997,0.001350,-0.000651
861,32,conference,mask_conference,environment,take_notes,goal_achieved,1.2919,0.21778,-0.00872,0.36876,0.21177,-0.10482,0.000696,0.000130,0.000920,0.000711,-0.000472
862,32,conference,mask_conference,environment,network_actively,goal_achieved,0.7333,0.21857,-0.00893,0.37075,0.21311,-0.10547,0.000790,-0.000216,0.001984,0.001348,-0.000654
863,32,conference,mask_conference,environment,network_actively,goal_achieved,0.7316,0.21936,-0.00915,0.37272,0.21446,-0.10613,0.000789,-0.000213,0.001977,0.001347,-0.000656
864,32,conference,mask_conference,environment,network_actively,goal_achieved,0.7300,0.22015,-0.00936,0.37469,0.21581,-0.10679,0.000788,-0.000210,0.001969,0.001346,-0.000659
865,33,work,mask_work,environment,deep_work,goal_achieved,1.9611,0.15847,0.33407,-0.48318,-0.31091,-0.14324,0.000972,0.001633,-0.001551,-0.001387,-0.000858
866,33,work,mask_work,environment,take_notes,goal_achieved,1.5689,0.16016,0.33619,-0.48522,-0.31232,-0.14376,0.001690,0.002120,-0.002038,-0.001413,-0.000521
867,33,work,mask_work,environment,network_actively,failed,-2.4555,0.16093,0.33842,-0.48802,-0.31415,-0.14455,0.000771,0.002237,-0.002799,-0.001827,-0.000792
868,33,work,mask_work,environment,rest_deeply,failed,-2.3982,0.16206,0.34060,-0.48900,-0.31542,-0.14548,0.001134,0.002176,-0.000986,-0.001268,-0.000929
869,33,work,mask_work,environment,take_notes,goal_achieved,1.5676,0.16377,0.34273,-0.49103,-0.31683,-0.14600,0.001702,0.002131,-0.002022,-0.001412,-0.000525
870,33,work,mask_work,environment,deep_work,goal_achieved,1.9318,0.16478,0.34440,-0.49259,-0.31823,-0.14686,0.001018,0.001674,-0.001561,-0.001399,-0.000861
871,33,work,mask_work,environment,tidy_up,goal_achieved,1.7973,0.16437,0.34631,-0.49392,-0.31910,-0.14765,-0.000417,0.001902,-0.001328,-0.000873,-0.000788
872,33,work,mask_work,environment,take_notes,failed,-2.2931,0.16441,0.34717,-0.49465,-0.32007,-0.14837,0.000040,0.000861,-0.000730,-0.000966,-0.000714
873,33,work,mask_work,environment,handle_backlog,delayed,-1.3038,0.16544,0.34827,-0.49589,-0.32098,-0.14932,0.001031,0.001098,-0.001241,-0.000910,-0.000953
874,33,home,mask_home,environment,rest_deeply,goal_achieved,2.2364,-0.41451,-0.16004,-0.50000,-0.08531,0.08802,-0.001242,-0.000596,0.000000,-0.000135,0.000264
875,33,home,mask_home,environment,rest_deeply,goal_achieved,2.2350,-0.41574,-0.16063,-0.50000,-0.08544,0.08828,-0.001232,-0.000584,0.000000,-0.000134,0.000258
876,33,home,mask_home,environment,rest_deeply,goal_achieved,2.2336,-0.41696,-0.16120,-0.50000,-0.08558,0.08853,-0.001223,-0.000573,0.000000,-0.000133,0.000251
877,33,home,mask_home,environment,quick_scan,delayed,-1.2918,-0.41802,-0.16140,-0.50000,-0.08566,0.08860,-0.001060,-0.000204,0.000000,-0.000080,0.000066
878,33,home,mask_home,environment,tidy_up,goal_achieved,2.1521,-0.41926,-0.16102,-0.50000,-0.08578,0.08850,-0.001241,0.000387,0.000000,-0.000123,-0.000103
879,33,home,mask_home,environment,rest_deeply,goal_achieved,2.2279,-0.42047,-0.16155,-0.50000,-0.08591,0.08873,-0.001208,-0.000530,0.000000,-0.000129,0.000230
880,33,home,mask_home,environment,deep_work,delayed,-1.5979,-0.42156,-0.16182,-0.50000,-0.08599,0.08887,-0.001085,-0.000269,0.000000,-0.000083,0.000141
881,33,home,mask_home,environment,quick_scan,failed,-2.4766,-0.42259,-0.16184,-0.50000,-0.08598,0.08873,-0.001033,-0.000023,0.000000,0.000007,-0.000141
882,33,home,mask_home,environment,rest_deeply,goal_achieved,2.2296,-0.42378,-0.16234,-0.50000,-0.08611,0.08893,-0.001188,-0.000497,0.000000,-0.000121,0.000206
883,33,conference,mask_conference,environment,network_actively,goal_achieved,0.7283,0.22094,-0.00957,0.37666,0.21715,-0.10745,0.000787,-0.000207,0.001962,0.001345,-0.000661
884,33,conference,mask_conference,environment,network_actively,goal_achieved,0.7267,0.22172,-0.00977,0.37861,0.21850,-0.10811,0.000786,-0.000204,0.001954,0.001344,-0.000664
885,33,conference,mask_conference,environment,network_actively,goal_achieved,0.7251,0.22251,-0.00997,0.38056,0.21984,-0.10878,0.000784,-0.000201,0.001947,0.001343,-0.000666
886,33,conference,mask_conference,environment,network_actively,goal_achieved,0.7236,0.22329,-0.01017,0.38250,0.22118,-0.10945,0.000783,-0.000198,0.001939,0.001343,-0.000668
887,33,conference,mask_conference,environment,network_actively,goal_achieved,0.7220,0.22407,-0.01036,0.38443,0.22252,-0.11012,0.000782,-0.000196,0.001932,0.001342,-0.000671
888,33,conference,mask_conference,environment,quick_scan,goal_achieved,1.0251,0.22421,-0.01108,0.38524,0.22246,-0.10951,0.000137,-0.000715,0.000815,-0.000063,0.000606
889,33,conference,mask_conference,environment,network_actively,goal_achieved,0.7078,0.22497,-0.01128,0.38715,0.22378,-0.11016,0.000766,-0.000203,0.001910,0.001318,-0.000651
890,33,conference,mask_conference,environment,network_actively,goal_achieved,0.7062,0.22574,-0.01148,0.38906,0.22510,-0.11082,0.000765,-0.000200,0.001902,0.001317,-0.000653
891,33,conference,mask_conference,environment,network_actively,goal_achieved,0.7046,0.22650,-0.01168,0.39095,0.22641,-0.11147,0.000764,-0.000197,0.001895,0.001316,-0.000656
892,34,work,mask_work,environment,take_notes,delayed,-1.3147,0.16591,0.34942,-0.49693,-0.32203,-0.15001,0.000471,0.001154,-0.001043,-0.001055,-0.000692
893,34,work,mask_work,environment,network_actively,delayed,-1.4033,0.16666,0.35100,-0.49855,-0.32332,-0.15071,0.000754,0.001578,-0.001622,-0.001290,-0.000701
894,34,work,mask_work,environment,deep_work,goal_achieved,1.9436,0.16765,0.35264,-0.50000,-0.32468,-0.15160,0.000989,0.001638,-0.001448,-0.001361,-0.000890
895,34,work,mask_work,environment,network_actively,delayed,-1.4097,0.16841,0.35421,-0.50000,-0.32597,-0.15230,0.000758,0.001575,0.000000,-0.001289,-0.000703
896,34,work,mask_work,environment,rest_deeply,failed,-2.4130,0.16953,0.35636,-0.50000,-0.32722,-0.15326,0.001121,0.002147,0.000000,-0.001243,-0.000955
897,34,work,mask_work,environment,network_actively,failed,-2.4771,0.17032,0.35857,-0.50000,-0.32899,-0.15409,0.000785,0.002212,0.000000,-0.001769,-0.000829
898,34,work,mask_work,environment,deep_work,goal_achieved,1.9448,0.17132,0.36023,-0.50000,-0.33036,-0.15499,0.000998,0.001658,0.000000,-0.001369,-0.000898
899,34,work,mask_work,environment,handle_backlog,delayed,-1.3021,0.17236,0.36135,-0.50000,-0.33128,-0.15596,0.001048,0.001120,0.000000,-0.000922,-0.000975
900,34,work,mask_work,environment,deep_work,goal_achieved,1.9608,0.17338,0.36298,-0.50000,-0.33263,-0.15688,0.001018,0.001634,0.000000,-0.001353,-0.000918
901,34,home,mask_home,environment,rest_deeply,goal_achieved,2.2283,-0.42496,-0.16282,-0.50000,-0.08622,0.08913,-0.001179,-0.000486,0.000000,-0.000120,0.000200
902,34,home,mask_home,environment,tidy_up,goal_achieved,2.1413,-0.42616,-0.16239,-0.50000,-0.08634,0.08899,-0.001207,0.000434,0.000000,-0.000113,-0.000137
903,34,home,mask_home,environment,rest_deeply,goal_achieved,2.2226,-0.42734,-0.16284,-0.50000,-0.08646,0.08918,-0.001171,-0.000456,0.000000,-0.000118,0.000187
904,34,home,mask_home,environment,network_actively,failed,-2.3525,-0.42884,-0.16288,-0.50000,-0.08722,0.08944,-0.001507,-0.000037,0.000000,-0.000764,0.000257
905,34,home,mask_home,environment,rest_deeply,goal_achieved,2.2232,-0.43000,-0.16331,-0.50000,-0.08734,0.08961,-0.001158,-0.000433,0.000000,-0.000121,0.000177
906,34,home,mask_home,environment,rest_deeply,goal_achieved,2.2220,-0.43115,-0.16374,-0.50000,-0.08746,0.08979,-0.001149,-0.000423,0.000000,-0.000120,0.000171
907,34,home,mask_home,environment,network_actively,failed,-2.3618,-0.43264,-0.16376,-0.50000,-0.08822,0.09003,-0.001492,-0.000024,0.000000,-0.000760,0.000248
908,34,home,mask_home,environment,rest_deeply,goal_achieved,2.2226,-0.43378,-0.16416,-0.50000,-0.08834,0.09020,-0.001136,-0.000401,0.000000,-0.000123,0.000161
909,34,home,mask_home,environment,deep_work,failed,-2.8167,-0.43497,-0.16458,-0.50000,-0.08831,0.09042,-0.001188,-0.000422,0.000000,0.000031,0.000221
910,34,conference,mask_conference,environment,network_actively,goal_achieved,0.7031,0.22726,-0.01188,0.39284,0.22773,-0.11213,0.000763,-0.000194,0.001888,0.001315,-0.000658
911,34,conference,mask_conference,environment,network_actively,delayed,-0.5232,0.22755,-0.01097,0.39086,0.22661,-0.11196,0.000286,0.000908,-0.001978,-0.001117,0.000169
912,34,conference,mask_conference,environment,network_actively,delayed,-0.5260,0.22784,-0.01005,0.38887,0.22549,-0.11180,0.000292,0.000918,-0.001991,-0.001122,0.000164
913,34,conference,mask_conference,environment,network_actively,goal_achieved,0.7067,0.22861,-0.01026,0.39077,0.22681,-0.11244,0.000762,-0.000212,0.001905,0.001318,-0.000646
914,34,conference,mask_conference,environment,rest_deeply,delayed,-2.2912,0.22929,-0.01017,0.39185,0.22756,-0.11291,0.000685,0.000090,0.001079,0.000752,-0.000467
915,34,conference,mask_conference,environment,rest_deeply,failed,-3.5093,0.23003,-0.01003,0.39312,0.22834,-0.11340,0.000743,0.000137,0.001269,0.000785,-0.000489
916,34,conference,mask_conference,environment,quick_scan,goal_achieved,1.0263,0.23016,-0.01074,0.39392,0.22827,-0.11279,0.000131,-0.000708,0.000794,-0.000072,0.000607
917,34,conference,mask_conference,environment,network_actively,goal_achieved,0.6940,0.23091,-0.01096,0.39581,0.22957,-0.11342,0.000749,-0.000215,0.001891,0.001297,-0.000629
918,34,conference,mask_conference,environment,quick_scan,delayed,-2.1622,0.23179,-0.01056,0.39685,0.23065,-0.11434,0.000874,0.000403,0.001049,0.001083,-0.000918
919,35,work,mask_work,environment,tidy_up,goal_achieved,1.8313,0.17299,0.36483,-0.50000,-0.33347,-0.15773,-0.000387,0.001846,0.000000,-0.000835,-0.000846
920,35,work,mask_work,environment,deep_work,goal_achieved,1.9455,0.17398,0.36647,-0.50000,-0.33481,-0.15865,0.000984,0.001642,0.000000,-0.001343,-0.000921
921,35,work,mask_work,environment,take_notes,failed,-2.2795,0.17405,0.36734,-0.50000,-0.33576,-0.15944,0.000069,0.000873,0.000000,-0.000953,-0.000788
922,35,work,mask_work,environment,handle_backlog,goal_achieved,2.0592,0.17464,0.36886,-0.50000,-0.33700,-0.15998,0.000594,0.001516,0.000000,-0.001233,-0.000547
923,35,work,mask_work,environment,tidy_up,goal_achieved,1.8233,0.17423,0.37070,-0.50000,-0.33783,-0.16082,-0.000411,0.001838,0.000000,-0.000837,-0.000837
924,35,work,mask_work,environment,deep_work,delayed,-0.7765,0.17371,0.37074,-0.49989,-0.33777,-0.16035,-0.000524,0.000044,0.000109,0.000062,0.000472
925,35,work,mask_work,environment,take_notes,delayed,-1.3341,0.17412,0.37192,-0.50000,-0.33881,-0.16106,0.000418,0.001178,-0.000109,-0.001036,-0.000713
926,35,work,mask_work,environment,deep_work,goal_achieved,1.9309,0.17505,0.37356,-0.50000,-0.34014,-0.16197,0.000924,0.001640,0.000000,-0.001336,-0.000915
927,35,work,mask_work,environment,network_actively,failed,-2.4963,0.17576,0.37574,-0.50000,-0.34186,-0.16281,0.000707,0.002176,0.000000,-0.001719,-0.000839
928,35,home,mask_home,environment,rest_deeply,goal_achieved,2.2221,-0.43609,-0.16497,-0.50000,-0.08843,0.09057,-0.001126,-0.000389,0.000000,-0.000117,0.000156
929,35,home,mask_home,environment,network_actively,failed,-2.3699,-0.43757,-0.16498,-0.50000,-0.08918,0.09081,-0.001478,-0.000013,0.000000,-0.000752,0.000241
930,35,home,mask_home,environment,network_actively,delayed,-1.4757,-0.43855,-0.16510,-0.50000,-0.08926,0.09086,-0.000976,-0.000114,0.000000,-0.000076,0.000048
931,35,home,mask_home,environment,network_actively,failed,-2.3723,-0.44001,-0.16510,-0.50000,-0.09001,0.09109,-0.001468,-0.000000,0.000000,-0.000749,0.000234
932,35,home,mask_home,environment,take_notes,failed,-2.7072,-0.44115,-0.16541,-0.50000,-0.09005,0.09120,-0.001139,-0.000315,0.000000,-0.000045,0.000102
933,35,home,mask_home,environment,network_actively,delayed,-1.4769,-0.44211,-0.16551,-0.50000,-0.09012,0.09123,-0.000962,-0.000097,0.000000,-0.000070,0.000036
934,35,home,mask_home,environment,tidy_up,failed,-2.2337,-0.44256,-0.16766,-0.50000,-0.09018,0.09203,-0.000447,-0.002152,0.000000,-0.000053,0.000799
935,35,home,mask_home,environment,network_actively,delayed,-1.4675,-0.44349,-0.16778,-0.50000,-0.09024,0.09207,-0.000929,-0.000121,0.000000,-0.000069,0.000041
936,35,home,mask_home,environment,rest_deeply,goal_achieved,2.2315,-0.44455,-0.16814,-0.50000,-0.09036,0.09221,-0.001060,-0.000361,0.000000,-0.000116,0.000134
937,35,conference,mask_conference,environment,network_actively,goal_achieved,0.6969,0.23254,-0.01076,0.39874,0.23196,-0.11498,0.000753,-0.000209,0.001886,0.001305,-0.000641
938,35,conference,mask_conference,environment,network_actively,goal_achieved,0.6953,0.23329,-0.01097,0.40062,0.23326,-0.11562,0.000752,-0.000206,0.001878,0.001304,-0.000643
939,35,conference,mask_conference,environment,quick_scan,failed,-3.2300,0.23442,-0.01020,0.40176,0.23474,-0.11705,0.001123,0.000768,0.001142,0.001476,-0.001430
940,35,conference,mask_conference,environment,network_actively,goal_achieved,0.7034,0.23518,-0.01040,0.40364,0.23606,-0.11772,0.000762,-0.000196,0.001880,0.001321,-0.000663
941,35,conference,mask_conference,environment,take_notes,delayed,-2.2366,0.23538,-0.01141,0.40608,0.23735,-0.11797,0.000205,-0.001012,0.002433,0.001294,-0.000253
942,35,conference,mask_conference,environment,network_actively,goal_achieved,0.7098,0.23612,-0.01163,0.40799,0.23869,-0.11863,0.000742,-0.000226,0.001918,0.001341,-0.000664
943,35,conference,mask_conference,environment,network_actively,goal_achieved,0.7082,0.23686,-0.01186,0.40990,0.24003,-0.11930,0.000741,-0.000223,0.001910,0.001340,-0.000666
944,35,conference,mask_conference,environment,network_actively,goal_achieved,0.7066,0.23760,-0.01208,0.41181,0.24137,-0.11997,0.000740,-0.000220,0.001903,0.001339,-0.000669
945,35,conference,mask_conference,environment,quick_scan,goal_achieved,1.0003,0.23770,-0.01283,0.41262,0.24132,-0.11936,0.000096,-0.000749,0.000815,-0.000052,0.000607
946,36,work,mask_work,environment,take_notes,goal_achieved,1.5298,0.17740,0.37782,-0.50000,-0.34320,-0.16338,0.001647,0.002088,0.000000,-0.001340,-0.000561
947,36,work,mask_work,environment,take_notes,delayed,-1.3385,0.17782,0.37901,-0.50000,-0.34425,-0.16409,0.000420,0.001184,0.000000,-0.001045,-0.000717
948,36,work,mask_work,environment,network_actively,failed,-2.5105,0.17854,0.38118,-0.50000,-0.34596,-0.16493,0.000718,0.002174,0.000000,-0.001716,-0.000835
949,36,work,mask_work,environment,rest_deeply,failed,-2.4435,0.17957,0.38329,-0.50000,-0.34719,-0.16588,0.001033,0.002112,0.000000,-0.001224,-0.000953
950,36,work,mask_work,environment,take_notes,goal_achieved,1.5290,0.18122,0.38539,-0.50000,-0.34853,-0.16644,0.001653,0.002095,0.000000,-0.001342,-0.000564
951,36,work,mask_work,environment,handle_backlog,delayed,-1.3292,0.18223,0.38654,-0.50000,-0.34944,-0.16744,0.001002,0.001154,0.000000,-0.000908,-0.000990
952,36,work,mask_work,environment,take_notes,delayed,-1.3212,0.18267,0.38773,-0.50000,-0.35047,-0.16818,0.000444,0.001186,0.000000,-0.001039,-0.000742
953,36,work,mask_work,environment,tidy_up,delayed,-1.3686,0.18372,0.38899,-0.50000,-0.35166,-0.16884,0.001048,0.001267,0.000000,-0.001188,-0.000666
954,36,work,mask_work,environment,deep_work,delayed,-0.7649,0.18324,0.38907,-0.49992,-0.35161,-0.16839,-0.000479,0.000071,0.000080,0.000055,0.000455
955,36,home,mask_home,environment,network_actively,failed,-2.3676,-0.44598,-0.16816,-0.50000,-0.09110,0.09244,-0.001426,-0.000018,0.000000,-0.000742,0.000232
956,36,home,mask_home,environment,network_actively,delayed,-1.4731,-0.44689,-0.16826,-0.50000,-0.09117,0.09247,-0.000911,-0.000100,0.000000,-0.000065,0.000029
957,36,home,mask_home,environment,rest_deeply,goal_achieved,2.2309,-0.44793,-0.16860,-0.50000,-0.09129,0.09259,-0.001042,-0.000333,0.000000,-0.000118,0.000121
958,36,home,mask_home,environment,network_actively,delayed,-1.4775,-0.44883,-0.16868,-0.50000,-0.09135,0.09261,-0.000901,-0.000088,0.000000,-0.000064,0.000022
959,36,home,mask_home,environment,quick_scan,goal_achieved,2.1881,-0.44976,-0.16914,-0.50000,-0.09168,0.09317,-0.000933,-0.000453,0.000000,-0.000334,0.000554
960,36,home,mask_home,environment,take_notes,goal_achieved,2.0820,-0.45023,-0.16858,-0.50000,-0.09195,0.09305,-0.000473,0.000554,0.000000,-0.000271,-0.000114
961,36,home,mask_home,environment,tidy_up,delayed,-1.1693,-0.45080,-0.17001,-0.50000,-0.09204,0.09359,-0.000567,-0.001423,0.000000,-0.000083,0.000543
962,36,home,mask_home,environment,network_actively,goal_achieved,1.2006,-0.45010,-0.17032,-0.49893,-0.09009,0.09301,0.000697,-0.000316,0.001070,0.001949,-0.000580
963,36,home,mask_home,environment,rest_deeply,goal_achieved,2.2109,-0.45108,-0.17064,-0.50000,-0.09021,0.09314,-0.000977,-0.000319,-0.001070,-0.000119,0.000124
964,36,conference,mask_conference,environment,network_actively,goal_achieved,0.6933,0.23843,-0.01305,0.41450,0.24264,-0.12001,0.000725,-0.000225,0.001879,0.001317,-0.000652
965,36,conference,mask_conference,environment,network_actively,delayed,-0.5078,0.23868,-0.01222,0.41262,0.24154,-0.11981,0.000251,0.000833,-0.001875,-0.001097,0.000204
966,36,conference,mask_conference,environment,network_actively,goal_achieved,0.6941,0.23940,-0.01245,0.41451,0.24286,-0.12046,0.000724,-0.000231,0.001883,0.001317,-0.000648
967,36,conference,mask_conference,environment,quick_scan,goal_achieved,1.0011,0.23949,-0.01319,0.41530,0.24280,-0.11985,0.000091,-0.000743,0.000794,-0.000061,0.000607
968,36,conference,mask_conference,environment,network_actively,goal_achieved,0.6811,0.24020,-0.01343,0.41716,0.24409,-0.12048,0.000709,-0.000235,0.001859,0.001296,-0.000632
969,36,conference,mask_conference,environment,network_actively,goal_achieved,0.6795,0.24091,-0.01366,0.41901,0.24539,-0.12112,0.000708,-0.000232,0.001852,0.001295,-0.000635
970,36,conference,mask_conference,environment,take_notes,goal_achieved,1.1956,0.24154,-0.01356,0.41988,0.24608,-0.12157,0.000637,0.000102,0.000864,0.000694,-0.000456
971,36,conference,mask_conference,environment,network_actively,goal_achieved,0.6767,0.24225,-0.01378,0.42171,0.24737,-0.12221,0.000708,-0.000226,0.001837,0.001291,-0.000637
972,36,conference,mask_conference,environment,network_actively,delayed,-0.5149,0.24249,-0.01297,0.41984,0.24626,-0.12198,0.000234,0.000811,-0.001874,-0.001114,0.000232
973,37,work,mask_work,environment,deep_work,goal_achieved,1.9293,0.18422,0.39071,-0.50000,-0.35295,-0.16932,0.000978,0.001646,-0.000080,-0.001339,-0.000935
974,37,work,mask_work,environment,take_notes,failed,-2.2648,0.18425,0.39158,-0.50000,-0.35388,-0.17010,0.000030,0.000871,0.000000,-0.000934,-0.000783
975,37,work,mask_work,environment,network_actively,failed,-2.4907,0.18498,0.39372,-0.50000,-0.35556,-0.17095,0.000737,0.002132,0.000000,-0.001682,-0.000842
976,37,work,mask_work,environment,network_actively,delayed,-1.4138,0.18570,0.39524,-0.50000,-0.35678,-0.17167,0.000716,0.001526,0.000000,-0.001221,-0.000724
977,37,work,mask_work,environment,deep_work,goal_achieved,1.9351,0.18667,0.39688,-0.50000,-0.35813,-0.17261,0.000966,0.001638,0.000000,-0.001342,-0.000936
978,37,work,mask_work,environment,network_actively,delayed,-1.4187,0.18739,0.39840,-0.50000,-0.35935,-0.17333,0.000719,0.001525,0.000000,-0.001223,-0.000726
979,37,work,mask_work,environment,rest_deeply,failed,-2.4321,0.18842,0.40045,-0.50000,-0.36055,-0.17428,0.001033,0.002047,0.000000,-0.001204,-0.000949
980,37,work,mask_work,environment,deep_work,goal_achieved,1.9353,0.18939,0.40210,-0.50000,-0.36190,-0.17522,0.000973,0.001647,0.000000,-0.001343,-0.000941
981,37,work,mask_work,environment,handle_backlog,goal_achieved,2.0456,0.18995,0.40362,-0.50000,-0.36312,-0.17575,0.000556,0.001521,0.000000,-0.001224,-0.000526
982,37,home,mask_home,environment,tidy_up,delayed,-1.1833,-0.45163,-0.17205,-0.50000,-0.09028,0.09367,-0.000547,-0.001412,0.000000,-0.000068,0.000531
983,37,home,mask_home,environment,zone_out,goal_achieved,1.9416,-0.45376,-0.17330,-0.50000,-0.09168,0.09452,-0.002132,-0.001242,0.000000,-0.001404,0.000853
984,37,home,mask_home,environment,network_actively,failed,-2.4898,-0.45543,-0.17360,-0.50000,-0.09276,0.09497,-0.001666,-0.000302,0.000000,-0.001084,0.000443
985,37,home,mask_home,environment,zone_out,delayed,-1.4299,-0.45638,-0.17378,-0.50000,-0.09299,0.09507,-0.000953,-0.000179,0.000000,-0.000229,0.000108
986,37,home,mask_home,environment,tidy_up,delayed,-1.2839,-0.45718,-0.17539,-0.50000,-0.09336,0.09576,-0.000802,-0.001617,0.000000,-0.000363,0.000688
987,37,home,mask_home,environment,tidy_up,goal_achieved,1.9917,-0.45845,-0.17495,-0.50000,-0.09376,0.09568,-0.001263,0.000448,0.000000,-0.000408,-0.000080
988,37,home,mask_home,environment,tidy_up,delayed,-1.2879,-0.45924,-0.17655,-0.50000,-0.09413,0.09636,-0.000791,-0.001600,0.000000,-0.000365,0.000679
989,37,home,mask_home,environment,zone_out,delayed,-1.4264,-0.46014,-0.17672,-0.50000,-0.09436,0.09646,-0.000909,-0.000174,0.000000,-0.000228,0.000099
990,37,home,mask_home,environment,rest_deeply,delayed,-0.2864,-0.46063,-0.17572,-0.50000,-0.09462,0.09621,-0.000487,0.001003,0.000000,-0.000264,-0.000247
991,37,conference,mask_conference,environment,network_actively,goal_achieved,0.6775,0.24319,-0.01320,0.42168,0.24755,-0.12261,0.000707,-0.000232,0.001841,0.001292,-0.000633
992,37,conference,mask_conference,environment,network_actively,goal_achieved,0.6760,0.24390,-0.01343,0.42352,0.24884,-0.12325,0.000706,-0.000229,0.001834,0.001291,-0.000636
993,37,conference,mask_conference,environment,quick_scan,delayed,-2.1827,0.24475,-0.01306,0.42459,0.24997,-0.12419,0.000846,0.000374,0.001078,0.001125,-0.000940
994,37,conference,mask_conference,environment,quick_scan,delayed,-2.1829,0.24559,-0.01269,0.42567,0.25109,-0.12513,0.000846,0.000371,0.001077,0.001125,-0.000938
995,37,conference,mask_conference,environment,network_actively,goal_achieved,0.6825,0.24631,-0.01291,0.42750,0.25240,-0.12578,0.000714,-0.000219,0.001830,0.001307,-0.000655
996,37,conference,mask_conference,environment,network_actively,delayed,-0.5074,0.24656,-0.01208,0.42563,0.25130,-0.12557,0.000248,0.000833,-0.001875,-0.001100,0.000208
997,37,conference,mask_conference,environment,take_notes,delayed,-2.2677,0.24674,-0.01308,0.42799,0.25256,-0.12582,0.000184,-0.001003,0.002360,0.001263,-0.000242
998,37,conference,mask_conference,environment,network_actively,goal_achieved,0.6892,0.24743,-0.01333,0.42986,0.25389,-0.12647,0.000694,-0.000252,0.001869,0.001325,-0.000651
999,37,conference,mask_conference,environment,network_actively,goal_achieved,0.6870,0.24813,-0.01358,0.43171,0.25521,-0.12712,0.000692,-0.000248,0.001859,0.001324,-0.000654
1000,38,work,mask_work,environment,network_actively,failed,-2.5129,0.19069,0.40576,-0.50000,-0.36481,-0.17659,0.000739,0.002139,0.000000,-0.001685,-0.000839
1001,38,work,mask_work,environment,take_notes,delayed,-1.3246,0.19113,0.40696,-0.50000,-0.36586,-0.17732,0.000440,0.001200,0.000000,-0.001056,-0.000731
1002,38,work,mask_work,environment,tidy_up,delayed,-1.3649,0.19215,0.40823,-0.50000,-0.36706,-0.17797,0.001023,0.001271,0.000000,-0.001199,-0.000656
1003,38,work,mask_work,environment,tidy_up,failed,-2.4309,0.19366,0.40932,-0.50000,-0.36839,-0.17857,0.001509,0.001093,0.000000,-0.001328,-0.000599
1004,38,work,mask_work,environment,take_notes,delayed,-1.3162,0.19413,0.41051,-0.50000,-0.36945,-0.17930,0.000467,0.001186,0.000000,-0.001063,-0.000727
1005,38,work,mask_work,environment,tidy_up,delayed,-1.3648,0.19514,0.41177,-0.50000,-0.37065,-0.17996,0.001018,0.001263,0.000000,-0.001197,-0.000655
1006,38,work,mask_work,environment,take_notes,delayed,-1.3151,0.19562,0.41295,-0.50000,-0.37171,-0.18068,0.000473,0.001180,0.000000,-0.001064,-0.000725
1007,38,work,mask_work,environment,rest_deeply,delayed,-1.2940,0.19642,0.41446,-0.50000,-0.37286,-0.18142,0.000802,0.001504,0.000000,-0.001143,-0.000742
1008,38,work,mask_work,environment,handle_backlog,goal_achieved,2.0599,0.19699,0.41595,-0.50000,-0.37409,-0.18194,0.000573,0.001491,0.000000,-0.001233,-0.000518
1009,38,home,mask_home,environment,quick_scan,failed,-2.5683,-0.46167,-0.17580,-0.50000,-0.09486,0.09612,-0.001035,-0.000085,0.000000,-0.000238,-0.000096
1010,38,home,mask_home,environment,take_notes,delayed,-1.5901,-0.46270,-0.17607,-0.50000,-0.09522,0.09628,-0.001033,-0.000265,0.000000,-0.000356,0.000164
1011,38,home,mask_home,environment,zone_out,failed,-2.5243,-0.46318,-0.17585,-0.50000,-0.09502,0.09610,-0.000486,0.000222,0.000000,0.000200,-0.000179
1012,38,home,mask_home,environment,rest_deeply,goal_achieved,2.1542,-0.46423,-0.17626,-0.50000,-0.09531,0.09629,-0.001045,-0.000417,0.000000,-0.000296,0.000188
1013,38,home,mask_home,environment,rest_deeply,goal_achieved,2.1527,-0.46527,-0.17667,-0.50000,-0.09561,0.09647,-0.001037,-0.000407,0.000000,-0.000296,0.000182
1014,38,home,mask_home,environment,zone_out,goal_achieved,1.9216,-0.46736,-0.17786,-0.50000,-0.09709,0.09730,-0.002094,-0.001192,0.000000,-0.001486,0.000832
1015,38,home,mask_home,environment,rest_deeply,goal_achieved,2.0977,-0.46852,-0.17836,-0.50000,-0.09754,0.09756,-0.001155,-0.000500,0.000000,-0.000448,0.000255
1016,38,home,mask_home,environment,network_actively,goal_achieved,1.0938,-0.46790,-0.17872,-0.49911,-0.09592,0.09704,0.000611,-0.000357,0.000886,0.001622,-0.000518
1017,38,home,mask_home,environment,rest_deeply,delayed,-0.3167,-0.46844,-0.17776,-0.49964,-0.09624,0.09681,-0.000533,0.000964,-0.000529,-0.000319,-0.000227
1018,38,conference,mask_conference,environment,network_actively,delayed,-0.4959,0.24835,-0.01279,0.42990,0.25413,-0.12690,0.000228,0.000788,-0.001815,-0.001079,0.000219
1019,38,conference,mask_conference,environment,network_actively,goal_achieved,0.6877,0.24904,-0.01305,0.43176,0.25546,-0.12755,0.000690,-0.000254,0.001862,0.001325,-0.000650
1020,38,conference,mask_conference,environment,tidy_up,failed,-3.6997,0.24969,-0.01317,0.43288,0.25625,-0.12796,0.000646,-0.000120,0.001122,0.000792,-0.000412
1021,38,conference,mask_conference,environment,network_actively,goal_achieved,0.6859,0.25038,-0.01342,0.43474,0.25757,-0.12861,0.000690,-0.000255,0.001853,0.001325,-0.000652
1022,38,conference,mask_conference,environment,network_actively,delayed,-0.4944,0.25061,-0.01264,0.43293,0.25649,-0.12839,0.000232,0.000784,-0.001809,-0.001079,0.000221
1023,38,conference,mask_conference,environment,network_actively,goal_achieved,0.6866,0.25130,-0.01290,0.43478,0.25782,-0.12904,0.000689,-0.000261,0.001857,0.001326,-0.000648
1024,38,conference,mask_conference,environment,tidy_up,failed,-3.6985,0.25194,-0.01301,0.43589,0.25861,-0.12945,0.000640,-0.000116,0.001104,0.000787,-0.000412
1025,38,conference,mask_conference,environment,quick_scan,delayed,-2.1661,0.25276,-0.01268,0.43698,0.25974,-0.13038,0.000823,0.000331,0.001094,0.001136,-0.000929
1026,38,conference,mask_conference,environment,tidy_up,failed,-3.6960,0.25340,-0.01279,0.43808,0.26054,-0.13080,0.000643,-0.000109,0.001100,0.000794,-0.000422
1027,39,work,mask_work,environment,rest_deeply,failed,-2.4451,0.19802,0.41795,-0.50000,-0.37531,-0.18286,0.001024,0.002004,0.000000,-0.001225,-0.000916
1028,39,work,mask_work,environment,network_actively,delayed,-1.4238,0.19875,0.41947,-0.50000,-0.37655,-0.18357,0.000737,0.001524,0.000000,-0.001240,-0.000712
1029,39,work,mask_work,environment,take_notes,delayed,-1.3233,0.19922,0.42067,-0.50000,-0.37763,-0.18429,0.000471,0.001199,0.000000,-0.001073,-0.000721
1030,39,work,mask_work,environment,rest_deeply,delayed,-1.3044,0.20001,0.42217,-0.50000,-0.37877,-0.18502,0.000785,0.001497,0.000000,-0.001146,-0.000730
1031,39,work,mask_work,environment,take_notes,failed,-2.2745,0.20007,0.42309,-0.50000,-0.37976,-0.18580,0.000063,0.000924,0.000000,-0.000987,-0.000782
1032,39,work,mask_work,environment,network_actively,goal_achieved,1.8435,0.20073,0.42285,-0.49853,-0.37966,-0.18617,0.000655,-0.000245,0.001474,0.000094,-0.000369
1033,39,work,mask_work,environment,deep_work,goal_achieved,1.9357,0.20169,0.42446,-0.50000,-0.38101,-0.18709,0.000966,0.001608,-0.001473,-0.001349,-0.000920
1034,39,work,mask_work,environment,take_notes,goal_achieved,1.5163,0.20339,0.42646,-0.50000,-0.38233,-0.18763,0.001697,0.002004,-0.000001,-0.001318,-0.000537
1035,39,work,mask_work,environment,network_actively,delayed,-1.4327,0.20413,0.42798,-0.50000,-0.38357,-0.18834,0.000739,0.001517,0.000000,-0.001239,-0.000713
1036,39,home,mask_home,environment,network_actively,failed,-2.4772,-0.47002,-0.17799,-0.50000,-0.09732,0.09721,-0.001586,-0.000230,-0.000357,-0.001086,0.000398
1037,39,home,mask_home,environment,take_notes,delayed,-1.6244,-0.47107,-0.17824,-0.50000,-0.09774,0.09738,-0.001041,-0.000256,0.000000,-0.000418,0.000169
1038,39,home,mask_home,environment,rest_deeply,goal_achieved,2.0867,-0.47219,-0.17872,-0.50000,-0.09818,0.09762,-0.001126,-0.000476,0.000000,-0.000437,0.000239
1039,39,home,mask_home,environment,network_actively,goal_achieved,1.1020,-0.47155,-0.17902,-0.49910,-0.09656,0.09708,0.000644,-0.000306,0.000900,0.001622,-0.000541
1040,39,home,mask_home,environment,rest_deeply,goal_achieved,2.0778,-0.47265,-0.17949,-0.50000,-0.09698,0.09731,-0.001107,-0.000464,-0.000900,-0.000426,0.000228
1041,39,home,mask_home,environment,rest_deeply,goal_achieved,2.0753,-0.47376,-0.17995,-0.50000,-0.09741,0.09753,-0.001101,-0.000459,0.000000,-0.000423,0.000224
1042,39,home,mask_home,environment,network_actively,failed,-2.4936,-0.47532,-0.18016,-0.50000,-0.09850,0.09792,-0.001565,-0.000209,0.000000,-0.001090,0.000385
1043,39,home,mask_home,environment,network_actively,delayed,-1.5991,-0.47632,-0.18037,-0.50000,-0.09891,0.09806,-0.000999,-0.000216,0.000000,-0.000412,0.000145
1044,39,home,mask_home,environment,rest_deeply,goal_achieved,2.0719,-0.47740,-0.18080,-0.50000,-0.09934,0.09827,-0.001079,-0.000426,0.000000,-0.000429,0.000210
1045,39,conference,mask_conference,environment,tidy_up,delayed,-2.4843,0.25396,-0.01275,0.43901,0.26129,-0.13128,0.000554,0.000045,0.000924,0.000754,-0.000473
1046,39,conference,mask_conference,environment,network_actively,goal_achieved,0.6867,0.25465,-0.01300,0.44085,0.26262,-0.13194,0.000689,-0.000257,0.001840,0.001333,-0.000659
1047,39,conference,mask_conference,environment,network_actively,goal_achieved,0.6845,0.25533,-0.01326,0.44267,0.26395,-0.13260,0.000687,-0.000253,0.001829,0.001331,-0.000662
1048,39,conference,mask_conference,environment,network_actively,goal_achieved,0.6824,0.25602,-0.01351,0.44449,0.26528,-0.13326,0.000684,-0.000249,0.001819,0.001330,-0.000664
1049,39,conference,mask_conference,environment,network_actively,goal_achieved,0.6802,0.25670,-0.01375,0.44630,0.26661,-0.13393,0.000682,-0.000244,0.001808,0.001329,-0.000667
1050,39,conference,mask_conference,environment,network_actively,goal_achieved,0.6781,0.25738,-0.01399,0.44810,0.26794,-0.13460,0.000679,-0.000240,0.001798,0.001328,-0.000670
1051,39,conference,mask_conference,environment,network_actively,delayed,-0.4857,0.25761,-0.01321,0.44631,0.26687,-0.13438,0.000235,0.000780,-0.001790,-0.001068,0.000217
1052,39,conference,mask_conference,environment,network_actively,goal_achieved,0.6789,0.25829,-0.01346,0.44811,0.26820,-0.13505,0.000678,-0.000247,0.001802,0.001329,-0.000666
1053,39,conference,mask_conference,environment,network_actively,goal_achieved,0.6769,0.25897,-0.01370,0.44990,0.26953,-0.13572,0.000675,-0.000243,0.001792,0.001327,-0.000668
1054,40,work,mask_work,environment,tidy_up,failed,-2.4478,0.20563,0.42907,-0.50000,-0.38490,-0.18894,0.001505,0.001089,0.000000,-0.001328,-0.000595
1055,40,work,mask_work,environment,handle_backlog,goal_achieved,2.0514,0.20623,0.43054,-0.50000,-0.38613,-0.18945,0.000594,0.001468,0.000000,-0.001228,-0.000514
1056,40,work,mask_work,environment,deep_work,goal_achieved,1.9189,0.20722,0.43214,-0.50000,-0.38749,-0.19036,0.000989,0.001605,0.000000,-0.001360,-0.000905
1057,40,work,mask_work,environment,take_notes,failed,-2.2887,0.20729,0.43305,-0.50000,-0.38848,-0.19113,0.000076,0.000909,0.000000,-0.000993,-0.000774
1058,40,work,mask_work,environment,deep_work,goal_achieved,1.9239,0.20827,0.43464,-0.50000,-0.38984,-0.19204,0.000979,0.001594,0.000000,-0.001356,-0.000906
1059,40,work,mask_work,environment,deep_work,goal_achieved,1.9226,0.20925,0.43624,-0.50000,-0.39119,-0.19294,0.000978,0.001591,0.000000,-0.001356,-0.000905
1060,40,work,mask_work,environment,take_notes,goal_achieved,1.4977,0.21096,0.43822,-0.50000,-0.39252,-0.19347,0.001712,0.001982,0.000000,-0.001326,-0.000526
1061,40,work,mask_work,environment,tidy_up,failed,-2.4720,0.21247,0.43932,-0.50000,-0.39386,-0.19406,0.001510,0.001098,0.000000,-0.001342,-0.000592
1062,40,work,mask_work,environment,handle_backlog,goal_achieved,2.0391,0.21309,0.44077,-0.50000,-0.39510,-0.19457,0.000619,0.001458,0.000000,-0.001238,-0.000514
1063,40,home,mask_home,environment,rest_deeply,goal_achieved,2.0700,-0.47847,-0.18121,-0.50000,-0.09977,0.09847,-0.001071,-0.000415,0.000000,-0.000430,0.000204
1064,40,home,mask_home,environment,rest_deeply,goal_achieved,2.0680,-0.47953,-0.18162,-0.50000,-0.10020,0.09867,-0.001063,-0.000404,0.000000,-0.000430,0.000198
1065,40,home,mask_home,environment,deep_work,failed,-3.0026,-0.48060,-0.18195,-0.50000,-0.10055,0.09888,-0.001063,-0.000329,0.000000,-0.000356,0.000205
1066,40,home,mask_home,environment,tidy_up,goal_achieved,1.9445,-0.48173,-0.18132,-0.50000,-0.10098,0.09870,-0.001131,0.000624,0.000000,-0.000427,-0.000177
1067,40,home,mask_home,environment,network_actively,failed,-2.5161,-0.48327,-0.18148,-0.50000,-0.10207,0.09906,-0.001540,-0.000162,0.000000,-0.001090,0.000362
1068,40,home,mask_home,environment,network_actively,failed,-2.5188,-0.48480,-0.18164,-0.50000,-0.10316,0.09942,-0.001533,-0.000154,0.000000,-0.001090,0.000358
1069,40,home,mask_home,environment,deep_work,failed,-3.0104,-0.48584,-0.18191,-0.50000,-0.10353,0.09960,-0.001041,-0.000267,0.000000,-0.000371,0.000179
1070,40,home,mask_home,environment,tidy_up,goal_achieved,1.9431,-0.48695,-0.18124,-0.50000,-0.10397,0.09941,-0.001112,0.000661,0.000000,-0.000435,-0.000191
1071,40,home,mask_home,environment,network_actively,failed,-2.5272,-0.48848,-0.18137,-0.50000,-0.10505,0.09975,-0.001525,-0.000125,0.000000,-0.001087,0.000345
1072,40,conference,mask_conference,environment,quick_scan,goal_achieved,0.9773,0.25900,-0.01448,0.45061,0.26945,-0.13509,0.000028,-0.000778,0.000703,-0.000075,0.000620
1073,40,conference,mask_conference,environment,network_actively,goal_achieved,0.6639,0.25966,-0.01472,0.45237,0.27076,-0.13575,0.000660,-0.000244,0.001764,0.001306,-0.000655
1074,40,conference,mask_conference,environment,deep_work,failed,-3.7983,0.26003,-0.01525,0.45399,0.27186,-0.13594,0.000371,-0.000525,0.001624,0.001099,-0.000189
1075,40,conference,mask_conference,environment,network_actively,goal_achieved,0.6677,0.26067,-0.01552,0.45579,0.27319,-0.13658,0.000641,-0.000271,0.001793,0.001329,-0.000642
1076,40,conference,mask_conference,environment,take_notes,delayed,-2.3042,0.26082,-0.01652,0.45808,0.27446,-0.13682,0.000149,-0.001003,0.002296,0.001268,-0.000239
1077,40,conference,mask_conference,environment,network_actively,goal_achieved,0.6701,0.26144,-0.01681,0.45989,0.27580,-0.13747,0.000622,-0.000287,0.001809,0.001342,-0.000647
1078,40,conference,mask_conference,environment,network_actively,goal_achieved,0.6678,0.26206,-0.01709,0.46169,0.27714,-0.13812,0.000620,-0.000282,0.001798,0.001340,-0.000650
1079,40,conference,mask_conference,environment,take_notes,goal_achieved,1.1718,0.26264,-0.01699,0.46248,0.27786,-0.13859,0.000581,0.000095,0.000787,0.000720,-0.000474
1080,40,conference,mask_conference,environment,network_actively,goal_achieved,0.6637,0.26326,-0.01727,0.46425,0.27919,-0.13924,0.000618,-0.000272,0.001776,0.001336,-0.000654
1081,41,work,mask_work,environment,handle_backlog,delayed,-1.2977,0.21419,0.44187,-0.50000,-0.39602,-0.19559,0.001095,0.001092,0.000000,-0.000920,-0.001015
1082,41,work,mask_work,environment,take_notes,delayed,-1.3368,0.21470,0.44303,-0.50000,-0.39710,-0.19631,0.000513,0.001161,0.000000,-0.001079,-0.000722
1083,41,work,mask_work,environment,deep_work,goal_achieved,1.9221,0.21571,0.44460,-0.50000,-0.39845,-0.19722,0.001011,0.001571,0.000000,-0.001353,-0.000907
1084,41,work,mask_work,environment,deep_work,goal_achieved,1.9209,0.21672,0.44617,-0.50000,-0.39980,-0.19812,0.001011,0.001568,0.000000,-0.001353,-0.000907
1085,41,work,mask_work,environment,tidy_up,failed,-2.4720,0.21824,0.44725,-0.50000,-0.40114,-0.19873,0.001520,0.001088,0.000000,-0.001341,-0.000605
1086,41,work,mask_work,environment,network_actively,goal_achieved,1.8382,0.21897,0.44702,-0.49863,-0.40111,-0.19910,0.000727,-0.000234,0.001374,0.000034,-0.000376
1087,41,work,mask_work,environment,deep_work,goal_achieved,1.9209,0.21999,0.44856,-0.50000,-0.40245,-0.20000,0.001025,0.001543,-0.001374,-0.001346,-0.000901
1088,41,work,mask_work,environment,deep_work,delayed,-0.7378,0.21955,0.44862,-0.49985,-0.40242,-0.19950,-0.000442,0.000055,0.000150,0.000031,0.000501
1089,41,work,mask_work,environment,deep_work,delayed,-0.7379,0.21911,0.44867,-0.49970,-0.40239,-0.19900,-0.000442,0.000055,0.000150,0.000030,0.000501
1090,41,home,mask_home,environment,zone_out,delayed,-1.4558,-0.48921,-0.18129,-0.50000,-0.10524,0.09972,-0.000737,0.000081,0.000000,-0.000191,-0.000038
1091,41,home,mask_home,environment,rest_deeply,delayed,-0.3205,-0.48973,-0.18024,-0.50000,-0.10556,0.09946,-0.000513,0.001048,0.000000,-0.000319,-0.000260
1092,41,home,mask_home,environment,tidy_up,delayed,-1.3116,-0.49039,-0.18168,-0.50000,-0.10594,0.10005,-0.000668,-0.001438,0.000000,-0.000376,0.000594
1093,41,home,mask_home,environment,network_actively,goal_achieved,1.0935,-0.48956,-0.18173,-0.49922,-0.10429,0.09938,0.000836,-0.000049,0.000782,0.001647,-0.000670
1094,41,home,mask_home,environment,network_actively,failed,-2.5023,-0.49104,-0.18183,-0.50000,-0.10536,0.09971,-0.001480,-0.000101,-0.000782,-0.001064,0.000328
1095,41,home,mask_home,environment,network_actively,failed,-2.5058,-0.49251,-0.18192,-0.50000,-0.10642,0.10003,-0.001473,-0.000096,0.000000,-0.001060,0.000324
1096,41,home,mask_home,environment,rest_deeply,delayed,-0.3193,-0.49301,-0.18090,-0.50000,-0.10673,0.09978,-0.000500,0.001028,0.000000,-0.000316,-0.000255
1097,41,home,mask_home,environment,network_actively,goal_achieved,1.1059,-0.49216,-0.18092,-0.49919,-0.10509,0.09910,0.000851,-0.000024,0.000814,0.001647,-0.000679
1098,41,home,mask_home,environment,rest_deeply,goal_achieved,2.0560,-0.49313,-0.18121,-0.50000,-0.10548,0.09924,-0.000967,-0.000290,-0.000814,-0.000395,0.000136
1099,41,conference,mask_conference,environment,network_actively,goal_achieved,0.6615,0.26387,-0.01753,0.46602,0.28053,-0.13990,0.000616,-0.000268,0.001765,0.001334,-0.000657
1100,41,conference,mask_conference,environment,network_actively,delayed,-0.4699,0.26405,-0.01687,0.46435,0.27949,-0.13962,0.000174,0.000666,-0.001664,-0.001035,0.000281
1101,41,conference,mask_conference,environment,network_actively,goal_achieved,0.6621,0.26466,-0.01714,0.46612,0.28083,-0.14027,0.000615,-0.000273,0.001769,0.001335,-0.000653
1102,41,conference,mask_conference,environment,network_actively,goal_achieved,0.6600,0.26528,-0.01741,0.46788,0.28216,-0.14093,0.000613,-0.000268,0.001758,0.001333,-0.000656
1103,41,conference,mask_conference,environment,quick_scan,failed,-3.2430,0.26631,-0.01673,0.46913,0.28378,-0.14241,0.001035,0.000675,0.001249,0.001619,-0.001483
1104,41,conference,mask_conference,environment,quick_scan,goal_achieved,0.9565,0.26628,-0.01755,0.46982,0.28372,-0.14178,-0.000035,-0.000819,0.000693,-0.000058,0.000636
1105,41,conference,mask_conference,environment,network_actively,goal_achieved,0.6554,0.26688,-0.01781,0.47156,0.28505,-0.14244,0.000607,-0.000261,0.001736,0.001330,-0.000660
1106,41,conference,mask_conference,environment,network_actively,goal_achieved,0.6533,0.26749,-0.01807,0.47328,0.28638,-0.14310,0.000604,-0.000257,0.001725,0.001328,-0.000663
1107,41,conference,mask_conference,environment,deep_work,failed,-3.8310,0.26783,-0.01856,0.47484,0.28748,-0.14333,0.000345,-0.000495,0.001556,0.001096,-0.000226
1108,42,work,mask_work,environment,take_notes,failed,-2.2703,0.21921,0.44952,-0.50000,-0.40337,-0.19976,0.000099,0.000851,-0.000300,-0.000973,-0.000762
1109,42,work,mask_work,environment,rest_deeply,delayed,-1.3066,0.22002,0.45091,-0.50000,-0.40448,-0.20046,0.000811,0.001386,0.000000,-0.001118,-0.000697
1110,42,work,mask_work,environment,tidy_up,goal_achieved,1.8016,0.21952,0.45259,-0.50000,-0.40523,-0.20125,-0.000498,0.001674,0.000000,-0.000747,-0.000788
1111,42,work,mask_work,environment,deep_work,goal_achieved,1.9135,0.22051,0.45412,-0.50000,-0.40656,-0.20215,0.000988,0.001539,0.000000,-0.001333,-0.000905
1112,42,work,mask_work,environment,rest_deeply,failed,-2.4738,0.22151,0.45597,-0.50000,-0.40775,-0.20303,0.000997,0.001850,0.000000,-0.001185,-0.000871
1113,42,work,mask_work,environment,take_notes,goal_achieved,1.5000,0.22322,0.45787,-0.50000,-0.40903,-0.20353,0.001708,0.001900,0.000000,-0.001276,-0.000503
1114,42,work,mask_work,environment,handle_backlog,delayed,-1.2966,0.22429,0.45893,-0.50000,-0.40991,-0.20453,0.001076,0.001058,0.000000,-0.000885,-0.001005
1115,42,work,mask_work,environment,deep_work,goal_achieved,1.9144,0.22531,0.46047,-0.50000,-0.41124,-0.20545,0.001020,0.001538,0.000000,-0.001325,-0.000921
1116,42,work,mask_work,environment,deep_work,goal_achieved,1.9132,0.22633,0.46201,-0.50000,-0.41256,-0.20637,0.001019,0.001535,0.000000,-0.001324,-0.000920
1117,42,home,mask_home,environment,quick_scan,delayed,-1.4575,-0.49401,-0.18123,-0.50000,-0.10583,0.09924,-0.000887,-0.000025,0.000000,-0.000346,0.000002
1118,42,home,mask_home,environment,take_notes,failed,-2.8731,-0.49497,-0.18141,-0.50000,-0.10618,0.09933,-0.000957,-0.000172,0.000000,-0.000349,0.000092
1119,42,home,mask_home,environment,zone_out,goal_achieved,1.8409,-0.49698,-0.18244,-0.50000,-0.10777,0.10010,-0.002006,-0.001033,0.000000,-0.001597,0.000770
1120,42,home,mask_home,environment,tidy_up,goal_achieved,1.9127,-0.49810,-0.18175,-0.50000,-0.10828,0.09991,-0.001120,0.000693,0.000000,-0.000511,-0.000192
1121,42,home,mask_home,environment,rest_deeply,goal_achieved,2.0039,-0.49914,-0.18208,-0.50000,-0.10880,0.10008,-0.001047,-0.000328,0.000000,-0.000513,0.000176
1122,42,home,mask_home,environment,network_actively,goal_achieved,1.0525,-0.49836,-0.18211,-0.49927,-0.10727,0.09943,0.000789,-0.000033,0.000731,0.001523,-0.000652
1123,42,home,mask_home,environment,tidy_up,goal_achieved,1.9012,-0.49946,-0.18141,-0.50000,-0.10777,0.09923,-0.001105,0.000701,-0.000731,-0.000499,-0.000201
1124,42,home,mask_home,environment,tidy_up,goal_achieved,1.8994,-0.50000,-0.18071,-0.50000,-0.10827,0.09903,-0.000539,0.000700,0.000000,-0.000495,-0.000200
1125,42,home,mask_home,environment,rest_deeply,goal_achieved,1.9888,-0.50000,-0.18101,-0.50000,-0.10876,0.09919,0.000000,-0.000298,0.000000,-0.000496,0.000160
1126,42,conference,mask_conference,environment,quick_scan,delayed,-2.1964,0.26858,-0.01828,0.47597,0.28870,-0.14428,0.000750,0.000284,0.001132,0.001225,-0.000951
1127,42,conference,mask_conference,environment,network_actively,goal_achieved,0.6590,0.26918,-0.01855,0.47772,0.29005,-0.14494,0.000592,-0.000273,0.001745,0.001354,-0.000663
1128,42,conference,mask_conference,environment,network_actively,goal_achieved,0.6569,0.26977,-0.01882,0.47945,0.29141,-0.14561,0.000590,-0.000268,0.001734,0.001352,-0.000666
1129,42,conference,mask_conference,environment,quick_scan,goal_achieved,0.9386,0.26970,-0.01965,0.48013,0.29136,-0.14496,-0.000065,-0.000831,0.000675,-0.000051,0.000643
1130,42,conference,mask_conference,environment,network_actively,goal_achieved,0.6440,0.27028,-0.01992,0.48183,0.29269,-0.14562,0.000576,-0.000265,0.001702,0.001331,-0.000655
1131,42,conference,mask_conference,environment,network_actively,goal_achieved,0.6419,0.27085,-0.02018,0.48352,0.29402,-0.14628,0.000574,-0.000260,0.001691,0.001329,-0.000658
1132,42,conference,mask_conference,environment,network_actively,goal_achieved,0.6399,0.27142,-0.02043,0.48520,0.29534,-0.14694,0.000572,-0.000255,0.001681,0.001327,-0.000661
1133,42,conference,mask_conference,environment,take_notes,delayed,-2.3637,0.27154,-0.02139,0.48739,0.29661,-0.14720,0.000118,-0.000960,0.002192,0.001266,-0.000260
1134,42,conference,mask_conference,environment,network_actively,goal_achieved,0.6411,0.27210,-0.02166,0.48908,0.29794,-0.14786,0.000556,-0.000266,0.001690,0.001337,-0.000666
1135,43,work,mask_work,environment,handle_backlog,delayed,-1.3025,0.22741,0.46306,-0.50000,-0.41345,-0.20738,0.001083,0.001059,0.000000,-0.000889,-0.001011
1136,43,work,mask_work,environment,deep_work,goal_achieved,1.9229,0.22845,0.46459,-0.50000,-0.41476,-0.20832,0.001032,0.001521,0.000000,-0.001314,-0.000934
1137,43,work,mask_work,environment,deep_work,goal_achieved,1.9217,0.22948,0.46610,-0.50000,-0.41608,-0.20925,0.001031,0.001518,0.000000,-0.001314,-0.000933
1138,43,work,mask_work,environment,handle_backlog,delayed,-1.3083,0.23057,0.46716,-0.50000,-0.41697,-0.21027,0.001089,0.001059,0.000000,-0.000893,-0.001017
1139,43,work,mask_work,environment,deep_work,goal_achieved,1.9305,0.23161,0.46867,-0.50000,-0.41827,-0.21121,0.001043,0.001505,0.000000,-0.001305,-0.000946
1140,43,work,mask_work,environment,deep_work,delayed,-0.7168,0.23118,0.46872,-0.49984,-0.41821,-0.21075,-0.000427,0.000048,0.000157,0.000064,0.000459
1141,43,work,mask_work,environment,deep_work,goal_achieved,1.9295,0.23222,0.47022,-0.50000,-0.41951,-0.21170,0.001043,0.001502,-0.000157,-0.001304,-0.000945
1142,43,work,mask_work,environment,tidy_up,failed,-2.4407,0.23377,0.47124,-0.50000,-0.42080,-0.21233,0.001550,0.001018,0.000000,-0.001285,-0.000626
1143,43,work,mask_work,environment,take_notes,failed,-2.2516,0.23391,0.47207,-0.50000,-0.42175,-0.21314,0.000135,0.000833,0.000000,-0.000953,-0.000817
1144,43,home,mask_home,environment,network_actively,failed,-2.5610,-0.50000,-0.18111,-0.50000,-0.10994,0.09955,0.000000,-0.000107,0.000000,-0.001178,0.000356
1145,43,home,mask_home,environment,tidy_up,delayed,-1.3724,-0.50000,-0.18260,-0.50000,-0.11041,0.10017,0.000000,-0.001487,0.000000,-0.000468,0.000627
1146,43,home,mask_home,environment,rest_deeply,goal_achieved,1.9935,-0.50000,-0.18290,-0.50000,-0.11091,0.10033,0.000000,-0.000302,0.000000,-0.000503,0.000159
1147,43,home,mask_home,environment,network_actively,delayed,-1.6592,-0.50000,-0.18300,-0.50000,-0.11142,0.10044,0.000000,-0.000096,0.000000,-0.000505,0.000104
1148,43,home,mask_home,environment,rest_deeply,goal_achieved,1.9927,-0.50000,-0.18330,-0.50000,-0.11192,0.10059,0.000000,-0.000298,0.000000,-0.000502,0.000156
1149,43,home,mask_home,environment,quick_scan,delayed,-1.5283,-0.50000,-0.18335,-0.50000,-0.11238,0.10063,0.000000,-0.000054,0.000000,-0.000460,0.000034
1150,43,home,mask_home,environment,zone_out,delayed,-1.4663,-0.50000,-0.18317,-0.50000,-0.11252,0.10052,0.000000,0.000180,0.000000,-0.000142,-0.000105
1151,43,home,mask_home,environment,rest_deeply,delayed,-0.3690,-0.50000,-0.18218,-0.50000,-0.11291,0.10030,0.000000,0.000989,0.000000,-0.000388,-0.000227
1152,43,home,mask_home,environment,rest_deeply,goal_achieved,2.0045,-0.50000,-0.18246,-0.50000,-0.11338,0.10044,0.000000,-0.000278,0.000000,-0.000466,0.000139
1153,43,conference,mask_conference,environment,quick_scan,delayed,-2.2145,0.27282,-0.02137,0.49022,0.29920,-0.14884,0.000728,0.000283,0.001135,0.001252,-0.000978
1154,43,conference,mask_conference,environment,quick_scan,delayed,-2.2148,0.27355,-0.02109,0.49135,0.30045,-0.14982,0.000726,0.000281,0.001134,0.001252,-0.000977
1155,43,conference,mask_conference,environment,network_actively,goal_achieved,0.6460,0.27411,-0.02135,0.49304,0.30180,-0.15050,0.000560,-0.000256,0.001684,0.001352,-0.000684
1156,43,conference,mask_conference,environment,network_actively,goal_achieved,0.6440,0.27467,-0.02160,0.49471,0.30315,-0.15119,0.000558,-0.000252,0.001673,0.001350,-0.000687
1157,43,conference,mask_conference,environment,tidy_up,failed,-3.7752,0.27517,-0.02174,0.49576,0.30401,-0.15164,0.000504,-0.000141,0.001053,0.000863,-0.000449
1158,43,conference,mask_conference,environment,network_actively,goal_achieved,0.6416,0.27573,-0.02199,0.49742,0.30536,-0.15233,0.000557,-0.000249,0.001660,0.001349,-0.000690
1159,43,conference,mask_conference,environment,network_actively,goal_achieved,0.6396,0.27628,-0.02224,0.49907,0.30671,-0.15302,0.000554,-0.000244,0.001650,0.001347,-0.000693
1160,43,conference,mask_conference,environment,network_actively,delayed,-0.4401,0.27641,-0.02167,0.49755,0.30573,-0.15270,0.000125,0.000570,-0.001521,-0.000981,0.000317
1161,43,conference,mask_conference,environment,network_actively,goal_achieved,0.6403,0.27696,-0.02192,0.49920,0.30708,-0.15339,0.000553,-0.000249,0.001653,0.001348,-0.000690
1162,44,work,mask_work,environment,handle_backlog,delayed,-1.2918,0.23500,0.47310,-0.50000,-0.42264,-0.21415,0.001090,0.001034,0.000000,-0.000887,-0.001010
1163,44,work,mask_work,environment,tidy_up,delayed,-1.3632,0.23605,0.47426,-0.50000,-0.42377,-0.21484,0.001052,0.001153,0.000000,-0.001133,-0.000690
1164,44,work,mask_work,environment,handle_backlog,goal_achieved,2.0293,0.23664,0.47563,-0.50000,-0.42498,-0.21532,0.000591,0.001376,0.000000,-0.001203,-0.000481
1165,44,work,mask_work,environment,network_actively,failed,-2.5038,0.23748,0.47758,-0.50000,-0.42659,-0.21617,0.000838,0.001951,0.000000,-0.001611,-0.000847
1166,44,work,mask_work,environment,take_notes,goal_achieved,1.5250,0.23925,0.47940,-0.50000,-0.42783,-0.21670,0.001769,0.001813,0.000000,-0.001241,-0.000536
1167,44,work,mask_work,environment,take_notes,goal_achieved,1.5233,0.24102,0.48120,-0.50000,-0.42907,-0.21724,0.001768,0.001808,0.000000,-0.001239,-0.000534
1168,44,work,mask_work,environment,handle_backlog,delayed,-1.3102,0.24214,0.48225,-0.50000,-0.42996,-0.21825,0.001121,0.001044,0.000000,-0.000895,-0.001008
1169,44,work,mask_work,environment,tidy_up,goal_achieved,1.8043,0.24171,0.48385,-0.50000,-0.43066,-0.21908,-0.000427,0.001605,0.000000,-0.000704,-0.000836
1170,44,work,mask_work,environment,take_notes,goal_achieved,1.5191,0.24346,0.48565,-0.50000,-0.43188,-0.21963,0.001751,0.001798,0.000000,-0.001221,-0.000545
1171,44,home,mask_home,environment,tidy_up,goal_achieved,1.9136,-0.50000,-0.18172,-0.50000,-0.11384,0.10021,0.000000,0.000741,0.000000,-0.000463,-0.000228
1172,44,home,mask_home,environment,rest_deeply,goal_achieved,2.0017,-0.50000,-0.18199,-0.50000,-0.11430,0.10034,0.000000,-0.000268,0.000000,-0.000464,0.000136
1173,44,home,mask_home,environment,quick_scan,failed,-2.6768,-0.50000,-0.18188,-0.50000,-0.11463,0.10016,0.000000,0.000104,0.000000,-0.000332,-0.000182
1174,44,home,mask_home,environment,quick_scan,failed,-2.6767,-0.50000,-0.18178,-0.50000,-0.11497,0.09998,0.000000,0.000103,0.000000,-0.000331,-0.000181
1175,44,home,mask_home,environment,zone_out,goal_achieved,1.8139,-0.50000,-0.18275,-0.50000,-0.11657,0.10071,0.000000,-0.000971,0.000000,-0.001604,0.000730
1176,44,home,mask_home,environment,network_actively,delayed,-1.6711,-0.50000,-0.18287,-0.50000,-0.11712,0.10082,0.000000,-0.000116,0.000000,-0.000554,0.000113
1177,44,home,mask_home,environment,network_actively,failed,-2.5746,-0.50000,-0.18301,-0.50000,-0.11835,0.10119,0.000000,-0.000146,0.000000,-0.001229,0.000369
1178,44,home,mask_home,environment,rest_deeply,goal_achieved,1.9772,-0.50000,-0.18333,-0.50000,-0.11891,0.10136,0.000000,-0.000318,0.000000,-0.000555,0.000166
1179,44,home,mask_home,environment,rest_deeply,goal_achieved,1.9765,-0.50000,-0.18365,-0.50000,-0.11946,0.10152,0.000000,-0.000314,0.000000,-0.000555,0.000164
1180,44,conference,mask_conference,environment,network_actively,goal_achieved,0.6383,0.27751,-0.02216,0.50000,0.30842,-0.15408,0.000551,-0.000245,0.000796,0.001346,-0.000692
1181,44,conference,mask_conference,environment,network_actively,goal_achieved,0.6378,0.27806,-0.02240,0.50000,0.30977,-0.15478,0.000550,-0.000245,0.000000,0.001346,-0.000693
1182,44,conference,mask_conference,environment,tidy_up,failed,-3.7821,0.27856,-0.02254,0.50000,0.31063,-0.15523,0.000496,-0.000137,0.000000,0.000863,-0.000452
1183,44,conference,mask_conference,environment,network_actively,delayed,-0.4410,0.27869,-0.02197,0.49847,0.30965,-0.15491,0.000131,0.000575,-0.001527,-0.000983,0.000315
1184,44,conference,mask_conference,environment,network_actively,goal_achieved,0.6424,0.27924,-0.02223,0.50000,0.31100,-0.15560,0.000551,-0.000262,0.001527,0.001352,-0.000682
1185,44,conference,mask_conference,environment,network_actively,goal_achieved,0.6406,0.27979,-0.02249,0.50000,0.31235,-0.15628,0.000550,-0.000259,0.000000,0.001351,-0.000685
1186,44,conference,mask_conference,environment,take_notes,delayed,-2.3728,0.27991,-0.02343,0.50000,0.31363,-0.15657,0.000118,-0.000939,0.000000,0.001281,-0.000287
1187,44,conference,mask_conference,environment,network_actively,goal_achieved,0.6477,0.28045,-0.02371,0.50000,0.31500,-0.15725,0.000538,-0.000284,0.000000,0.001365,-0.000680
1188,44,conference,mask_conference,environment,network_actively,goal_achieved,0.6484,0.28098,-0.02400,0.50000,0.31636,-0.15793,0.000537,-0.000287,0.000000,0.001367,-0.000678
1189,45,work,mask_work,environment,deep_work,goal_achieved,1.9082,0.24454,0.48714,-0.50000,-0.43318,-0.22058,0.001075,0.001489,0.000000,-0.001296,-0.000952
1190,45,work,mask_work,environment,handle_backlog,goal_achieved,1.9812,0.24513,0.48853,-0.50000,-0.43439,-0.22105,0.000596,0.001394,0.000000,-0.001204,-0.000473
1191,45,work,mask_work,environment,handle_backlog,goal_achieved,1.9801,0.24573,0.48993,-0.50000,-0.43559,-0.22152,0.000595,0.001392,0.000000,-0.001203,-0.000472
1192,45,work,mask_work,environment,network_actively,delayed,-1.4577,0.24654,0.49133,-0.50000,-0.43678,-0.22225,0.000815,0.001408,0.000000,-0.001191,-0.000726
1193,45,work,mask_work,environment,tidy_up,goal_achieved,1.7740,0.24611,0.49294,-0.50000,-0.43749,-0.22306,-0.000435,0.001607,0.000000,-0.000711,-0.000815
1194,45,work,mask_work,environment,tidy_up,goal_achieved,1.7728,0.24567,0.49454,-0.50000,-0.43820,-0.22388,-0.000437,0.001604,0.000000,-0.000709,-0.000814
1195,45,work,mask_work,environment,deep_work,goal_achieved,1.8709,0.24668,0.49604,-0.50000,-0.43949,-0.22482,0.001007,0.001500,0.000000,-0.001288,-0.000937
1196,45,work,mask_work,environment,tidy_up,goal_achieved,1.7685,0.24624,0.49764,-0.50000,-0.44020,-0.22563,-0.000437,0.001600,0.000000,-0.000709,-0.000815
1197,45,work,mask_work,environment,deep_work,delayed,-0.7716,0.24575,0.49774,-0.49987,-0.44012,-0.22516,-0.000491,0.000090,0.000135,0.000078,0.000469
1198,45,home,mask_home,environment,network_actively,failed,-2.5814,-0.50000,-0.18379,-0.50000,-0.12069,0.10189,0.000000,-0.000146,0.000000,-0.001229,0.000367
1199,45,home,mask_home,environment,network_actively,failed,-2.5824,-0.50000,-0.18394,-0.50000,-0.12192,0.10226,0.000000,-0.000145,0.000000,-0.001228,0.000366
1200,45,home,mask_home,environment,zone_out,delayed,-1.4521,-0.50000,-0.18371,-0.50000,-0.12205,0.10212,0.000000,0.000222,0.000000,-0.000134,-0.000135
1201,45,home,mask_home,environment,rest_deeply,goal_achieved,1.9900,-0.50000,-0.18400,-0.50000,-0.12258,0.10226,0.000000,-0.000282,0.000000,-0.000530,0.000144
1202,45,home,mask_home,environment,tidy_up,delayed,-1.3843,-0.50000,-0.18546,-0.50000,-0.12309,0.10288,0.000000,-0.001461,0.000000,-0.000505,0.000611
1203,45,home,mask_home,environment,rest_deeply,delayed,-0.3724,-0.50000,-0.18453,-0.50000,-0.12356,0.10268,0.000000,0.000924,0.000000,-0.000467,-0.000192
1204,45,home,mask_home,environment,rest_deeply,goal_achieved,1.9935,-0.50000,-0.18483,-0.50000,-0.12409,0.10283,0.000000,-0.000296,0.000000,-0.000530,0.000148
1205,45,home,mask_home,environment,tidy_up,goal_achieved,1.9046,-0.50000,-0.18411,-0.50000,-0.12461,0.10261,0.000000,0.000718,0.000000,-0.000527,-0.000218
1206,45,home,mask_home,environment,network_actively,failed,-2.5654,-0.50000,-0.18423,-0.50000,-0.12581,0.10296,0.000000,-0.000122,0.000000,-0.001192,0.000347
1207,45,conference,mask_conference,environment,quick_scan,delayed,-2.2196,0.28169,-0.02375,0.50000,0.31764,-0.15890,0.000708,0.000245,0.000000,0.001276,-0.000972
1208,45,conference,mask_conference,environment,quick_scan,failed,-3.2638,0.28268,-0.02314,0.50000,0.31935,-0.16041,0.000984,0.000613,0.000000,0.001711,-0.001507
1209,45,conference,mask_conference,environment,network_actively,goal_achieved,0.6641,0.28323,-0.02344,0.50000,0.32075,-0.16110,0.000549,-0.000294,0.000000,0.001396,-0.000690
1210,45,conference,mask_conference,environment,network_actively,delayed,-0.4287,0.28337,-0.02285,0.49850,0.31979,-0.16081,0.000145,0.000587,-0.001505,-0.000955,0.000284
1211,45,conference,mask_conference,environment,network_actively,goal_achieved,0.6674,0.28392,-0.02316,0.50000,0.32119,-0.16150,0.000549,-0.000306,0.001505,0.001400,-0.000683
1212,45,conference,mask_conference,environment,network_actively,goal_achieved,0.6656,0.28447,-0.02346,0.50000,0.32259,-0.16218,0.000547,-0.000302,0.000000,0.001398,-0.000685
1213,45,conference,mask_conference,environment,network_actively,delayed,-0.4300,0.28462,-0.02286,0.49849,0.32163,-0.16190,0.000148,0.000593,-0.001512,-0.000957,0.000281
1214,45,conference,mask_conference,environment,network_actively,goal_achieved,0.6690,0.28516,-0.02318,0.50000,0.32304,-0.16258,0.000547,-0.000314,0.001512,0.001402,-0.000678
1215,45,conference,mask_conference,environment,network_actively,goal_achieved,0.6672,0.28571,-0.02349,0.50000,0.32444,-0.16326,0.000546,-0.000310,0.000000,0.001401,-0.000681
1216,46,work,mask_work,environment,handle_backlog,goal_achieved,1.9541,0.24626,0.49913,-0.50000,-0.44129,-0.22563,0.000506,0.001390,-0.000135,-0.001169,-0.000463
1217,46,work,mask_work,environment,deep_work,goal_achieved,1.8532,0.24723,0.50000,-0.50000,-0.44257,-0.22656,0.000975,0.000874,0.000000,-0.001283,-0.000931
1218,46,work,mask_work,environment,tidy_up,delayed,-1.4173,0.24829,0.50000,-0.50000,-0.44372,-0.22721,0.001060,0.000000,0.000000,-0.001146,-0.000651
1219,46,work,mask_work,environment,deep_work,goal_achieved,1.8542,0.24927,0.50000,-0.50000,-0.44500,-0.22814,0.000981,0.000000,0.000000,-0.001284,-0.000930
1220,46,work,mask_work,environment,deep_work,goal_achieved,1.8536,0.25025,0.50000,-0.50000,-0.44628,-0.22907,0.000981,0.000000,0.000000,-0.001284,-0.000930
1221,46,work,mask_work,environment,deep_work,goal_achieved,1.8529,0.25123,0.50000,-0.50000,-0.44757,-0.23000,0.000981,0.000000,0.000000,-0.001284,-0.000930
1222,46,work,mask_work,environment,handle_backlog,goal_achieved,1.9445,0.25175,0.50000,-0.50000,-0.44874,-0.23047,0.000520,0.000000,0.000000,-0.001178,-0.000471
1223,46,work,mask_work,environment,rest_deeply,failed,-2.5574,0.25271,0.50000,-0.50000,-0.44989,-0.23134,0.000954,0.000000,0.000000,-0.001140,-0.000868
1224,46,work,mask_work,environment,handle_backlog,delayed,-1.3625,0.25376,0.50000,-0.50000,-0.45075,-0.23236,0.001049,0.000000,0.000000,-0.000867,-0.001024
1225,46,home,mask_home,environment,zone_out,failed,-2.5247,-0.50000,-0.18361,-0.50000,-0.12543,0.10254,0.000000,0.000621,0.000000,0.000374,-0.000426
1226,46,home,mask_home,environment,zone_out,delayed,-1.4405,-0.50000,-0.18339,-0.50000,-0.12556,0.10240,0.000000,0.000218,0.000000,-0.000132,-0.000132
1227,46,home,mask_home,environment,quick_scan,delayed,-1.4970,-0.50000,-0.18339,-0.50000,-0.12598,0.10240,0.000000,0.000005,0.000000,-0.000415,0.000001
1228,46,home,mask_home,environment,rest_deeply,goal_achieved,2.0224,-0.50000,-0.18362,-0.50000,-0.12642,0.10250,0.000000,-0.000225,0.000000,-0.000443,0.000099
1229,46,home,mask_home,environment,zone_out,delayed,-1.4421,-0.50000,-0.18340,-0.50000,-0.12655,0.10237,0.000000,0.000217,0.000000,-0.000130,-0.000133
1230,46,home,mask_home,environment,tidy_up,goal_achieved,1.9403,-0.50000,-0.18261,-0.50000,-0.12697,0.10210,0.000000,0.000787,0.000000,-0.000420,-0.000271
1231,46,home,mask_home,environment,zone_out,goal_achieved,1.8088,-0.50000,-0.18358,-0.50000,-0.12861,0.10283,0.000000,-0.000968,0.000000,-0.001639,0.000736
1232,46,home,mask_home,environment,network_actively,failed,-2.5612,-0.50000,-0.18367,-0.50000,-0.12976,0.10316,0.000000,-0.000088,0.000000,-0.001154,0.000323
1233,46,home,mask_home,environment,tidy_up,goal_achieved,1.9180,-0.50000,-0.18293,-0.50000,-0.13026,0.10293,0.000000,0.000734,0.000000,-0.000494,-0.000231
1234,46,conference,mask_conference,environment,quick_scan,goal_achieved,0.9286,0.28559,-0.02439,0.50000,0.32442,-0.16260,-0.000120,-0.000905,0.000000,-0.000015,0.000660
1235,46,conference,mask_conference,environment,quick_scan,delayed,-2.2120,0.28629,-0.02417,0.50000,0.32569,-0.16355,0.000705,0.000228,0.000000,0.001272,-0.000955
1236,46,conference,mask_conference,environment,network_actively,goal_achieved,0.6634,0.28683,-0.02448,0.50000,0.32709,-0.16422,0.000539,-0.000317,0.000000,0.001393,-0.000669
1237,46,conference,mask_conference,environment,quick_scan,goal_achieved,0.9267,0.28671,-0.02539,0.50000,0.32708,-0.16356,-0.000120,-0.000905,0.000000,-0.000012,0.000659
1238,46,conference,mask_conference,environment,take_notes,goal_achieved,1.1296,0.28724,-0.02530,0.50000,0.32783,-0.16405,0.000527,0.000084,0.000000,0.000759,-0.000490
1239,46,conference,mask_conference,environment,network_actively,goal_achieved,0.6542,0.28777,-0.02562,0.50000,0.32921,-0.16471,0.000530,-0.000319,0.000000,0.001374,-0.000654
1240,46,conference,mask_conference,environment,quick_scan,goal_achieved,0.9221,0.28765,-0.02652,0.50000,0.32919,-0.16405,-0.000119,-0.000894,0.000000,-0.000014,0.000656
1241,46,conference,mask_conference,environment,take_notes,delayed,-2.3755,0.28775,-0.02750,0.50000,0.33048,-0.16431,0.000097,-0.000985,0.000000,0.001283,-0.000254
1242,46,conference,mask_conference,environment,network_actively,goal_achieved,0.6519,0.28826,-0.02784,0.50000,0.33185,-0.16494,0.000510,-0.000343,0.000000,0.001370,-0.000637
1243,47,work,mask_work,environment,tidy_up,failed,-2.4841,0.25534,0.50000,-0.50000,-0.45205,-0.23298,0.001579,0.000000,0.000000,-0.001301,-0.000618
1244,47,work,mask_work,environment,take_notes,goal_achieved,1.4653,0.25702,0.50000,-0.50000,-0.45326,-0.23350,0.001679,0.000000,0.000000,-0.001202,-0.000523
1245,47,work,mask_work,environment,take_notes,failed,-2.2959,0.25707,0.50000,-0.50000,-0.45420,-0.23433,0.000056,0.000000,0.000000,-0.000948,-0.000828
1246,47,work,mask_work,environment,tidy_up,delayed,-1.4259,0.25815,0.50000,-0.50000,-0.45535,-0.23499,0.001076,0.000000,0.000000,-0.001152,-0.000666
1247,47,work,mask_work,environment,tidy_up,goal_achieved,1.7615,0.25771,0.50000,-0.50000,-0.45606,-0.23580,-0.000438,0.000000,0.000000,-0.000704,-0.000808
1248,47,work,mask_work,environment,tidy_up,failed,-2.4891,0.25929,0.50000,-0.50000,-0.45736,-0.23642,0.001581,0.000000,0.000000,-0.001301,-0.000618
1249,47,work,mask_work,environment,take_notes,goal_achieved,1.4618,0.26097,0.50000,-0.50000,-0.45856,-0.23694,0.001677,0.000000,0.000000,-0.001199,-0.000521
1250,47,work,mask_work,environment,network_actively,failed,-2.6094,0.26177,0.50000,-0.50000,-0.46013,-0.23777,0.000801,0.000000,0.000000,-0.001574,-0.000832
1251,47,work,mask_work,environment,take_notes,delayed,-1.3567,0.26223,0.50000,-0.50000,-0.46115,-0.23853,0.000460,0.000000,0.000000,-0.001016,-0.000753
1252,47,home,mask_home,environment,tidy_up,goal_achieved,1.9183,-0.50000,-0.18220,-0.50000,-0.13075,0.10270,0.000000,0.000729,0.000000,-0.000492,-0.000228
1253,47,home,mask_home,environment,network_actively,failed,-2.5670,-0.50000,-0.18227,-0.50000,-0.13190,0.10301,0.000000,-0.000069,0.000000,-0.001148,0.000316
1254,47,home,mask_home,environment,network_actively,delayed,-1.6609,-0.50000,-0.18230,-0.50000,-0.13237,0.10307,0.000000,-0.000030,0.000000,-0.000473,0.000057
1255,47,home,mask_home,environment,rest_deeply,goal_achieved,1.9997,-0.50000,-0.18253,-0.50000,-0.13287,0.10319,0.000000,-0.000233,0.000000,-0.000495,0.000118
1256,47,home,mask_home,environment,tidy_up,goal_achieved,1.9181,-0.50000,-0.18181,-0.50000,-0.13336,0.10296,0.000000,0.000724,0.000000,-0.000493,-0.000226
1257,47,home,mask_home,environment,network_actively,failed,-2.5731,-0.50000,-0.18187,-0.50000,-0.13450,0.10328,0.000000,-0.000060,0.000000,-0.001144,0.000312
1258,47,home,mask_home,environment,network_actively,delayed,-1.6663,-0.50000,-0.18189,-0.50000,-0.13497,0.10333,0.000000,-0.000021,0.000000,-0.000470,0.000053
1259,47,home,mask_home,environment,rest_deeply,delayed,-0.3669,-0.50000,-0.18089,-0.50000,-0.13542,0.10310,0.000000,0.001006,0.000000,-0.000450,-0.000225
1260,47,home,mask_home,environment,tidy_up,goal_achieved,1.9316,-0.50000,-0.18016,-0.50000,-0.13591,0.10288,0.000000,0.000723,0.000000,-0.000490,-0.000221
1261,47,conference,mask_conference,environment,network_actively,goal_achieved,0.6525,0.28877,-0.02819,0.50000,0.33322,-0.16558,0.000509,-0.000345,0.000000,0.001371,-0.000636
1262,47,conference,mask_conference,environment,take_notes,delayed,-2.3795,0.28886,-0.02917,0.50000,0.33451,-0.16584,0.000096,-0.000984,0.000000,0.001287,-0.000256
1263,47,conference,mask_conference,environment,take_notes,goal_achieved,1.1157,0.28938,-0.02909,0.50000,0.33526,-0.16631,0.000516,0.000080,0.000000,0.000750,-0.000479
1264,47,conference,mask_conference,environment,network_actively,goal_achieved,0.6575,0.28988,-0.02946,0.50000,0.33664,-0.16695,0.000501,-0.000362,0.000000,0.001382,-0.000632
1265,47,conference,mask_conference,environment,network_actively,goal_achieved,0.6580,0.29038,-0.02982,0.50000,0.33802,-0.16758,0.000501,-0.000364,0.000000,0.001382,-0.000631
1266,47,conference,mask_conference,environment,network_actively,goal_achieved,0.6586,0.29088,-0.03018,0.50000,0.33940,-0.16821,0.000500,-0.000365,0.000000,0.001383,-0.000630
1267,47,conference,mask_conference,environment,network_actively,goal_achieved,0.6592,0.29138,-0.03055,0.50000,0.34079,-0.16883,0.000500,-0.000367,0.000000,0.001384,-0.000629
1268,47,conference,mask_conference,environment,take_notes,goal_achieved,1.1087,0.29190,-0.03048,0.50000,0.34155,-0.16931,0.000516,0.000072,0.000000,0.000760,-0.000477
1269,47,conference,mask_conference,environment,network_actively,delayed,-0.4458,0.29201,-0.02994,0.49849,0.34056,-0.16898,0.000113,0.000543,-0.001505,-0.000987,0.000330
1270,48,work,mask_work,environment,tidy_up,delayed,-1.4331,0.26331,0.50000,-0.50000,-0.46230,-0.23919,0.001082,0.000000,0.000000,-0.001157,-0.000666
1271,48,work,mask_work,environment,network_actively,failed,-2.6065,0.26412,0.50000,-0.50000,-0.46388,-0.24003,0.000803,0.000000,0.000000,-0.001573,-0.000832
1272,48,work,mask_work,environment,handle_backlog,goal_achieved,1.9428,0.26467,0.50000,-0.50000,-0.46507,-0.24050,0.000552,0.000000,0.000000,-0.001194,-0.000472
1273,48,work,mask_work,environment,handle_backlog,goal_achieved,1.9423,0.26522,0.50000,-0.50000,-0.46626,-0.24097,0.000552,0.000000,0.000000,-0.001193,-0.000472
1274,48,work,mask_work,environment,take_notes,goal_achieved,1.4515,0.26689,0.50000,-0.50000,-0.46748,-0.24148,0.001667,0.000000,0.000000,-0.001214,-0.000508
1275,48,work,mask_work,environment,take_notes,delayed,-1.3659,0.26734,0.50000,-0.50000,-0.46851,-0.24222,0.000453,0.000000,0.000000,-0.001029,-0.000742
1276,48,work,mask_work,environment,network_actively,delayed,-1.5182,0.26811,0.50000,-0.50000,-0.46969,-0.24293,0.000769,0.000000,0.000000,-0.001180,-0.000710
1277,48,work,mask_work,environment,take_notes,failed,-2.3050,0.26816,0.50000,-0.50000,-0.47066,-0.24375,0.000048,0.000000,0.000000,-0.000969,-0.000820
1278,48,work,mask_work,environment,tidy_up,goal_achieved,1.7463,0.26771,0.50000,-0.50000,-0.47138,-0.24454,-0.000442,0.000000,0.000000,-0.000719,-0.000794
1279,48,home,mask_home,environment,zone_out,failed,-2.5218,-0.50000,-0.17949,-0.50000,-0.13553,0.10244,0.000000,0.000672,0.000000,0.000382,-0.000441
1280,48,home,mask_home,environment,rest_deeply,delayed,-0.3544,-0.50000,-0.17843,-0.50000,-0.13593,0.10218,0.000000,0.001058,0.000000,-0.000398,-0.000259
1281,48,home,mask_home,environment,network_actively,failed,-2.5372,-0.50000,-0.17844,-0.50000,-0.13701,0.10246,0.000000,-0.000007,0.000000,-0.001084,0.000282
1282,48,home,mask_home,environment,rest_deeply,goal_achieved,2.0177,-0.50000,-0.17865,-0.50000,-0.13745,0.10257,0.000000,-0.000205,0.000000,-0.000442,0.000101
1283,48,home,mask_home,environment,tidy_up,goal_achieved,1.9588,-0.50000,-0.17789,-0.50000,-0.13789,0.10232,0.000000,0.000753,0.000000,-0.000439,-0.000241
1284,48,home,mask_home,environment,network_actively,delayed,-1.6332,-0.50000,-0.17786,-0.50000,-0.13830,0.10235,0.000000,0.000028,0.000000,-0.000409,0.000027
1285,48,home,mask_home,environment,deep_work,failed,-3.0183,-0.50000,-0.17795,-0.50000,-0.13869,0.10245,0.000000,-0.000082,0.000000,-0.000389,0.000094
1286,48,home,mask_home,environment,quick_scan,delayed,-1.4896,-0.50000,-0.17790,-0.50000,-0.13910,0.10244,0.000000,0.000049,0.000000,-0.000412,-0.000003
1287,48,home,mask_home,environment,take_notes,delayed,-1.6686,-0.50000,-0.17787,-0.50000,-0.13953,0.10248,0.000000,0.000025,0.000000,-0.000429,0.000035
1288,48,conference,mask_conference,environment,network_actively,goal_achieved,0.6614,0.29251,-0.03031,0.50000,0.34194,-0.16960,0.000502,-0.000374,0.001505,0.001385,-0.000621
1289,48,conference,mask_conference,environment,network_actively,goal_achieved,0.6594,0.29301,-0.03068,0.50000,0.34333,-0.17023,0.000500,-0.000369,0.000000,0.001384,-0.000624
1290,48,conference,mask_conference,environment,network_actively,goal_achieved,0.6599,0.29351,-0.03105,0.50000,0.34471,-0.17085,0.000500,-0.000371,0.000000,0.001384,-0.000623
1291,48,conference,mask_conference,environment,tidy_up,failed,-3.7785,0.29397,-0.03129,0.50000,0.34561,-0.17125,0.000454,-0.000241,0.000000,0.000901,-0.000401
1292,48,conference,mask_conference,environment,quick_scan,goal_achieved,0.9238,0.29383,-0.03223,0.50000,0.34564,-0.17059,-0.000135,-0.000938,0.000000,0.000025,0.000661
1293,48,conference,mask_conference,environment,network_actively,goal_achieved,0.6529,0.29432,-0.03261,0.50000,0.34701,-0.17120,0.000491,-0.000377,0.000000,0.001370,-0.000609
1294,48,conference,mask_conference,environment,network_actively,goal_achieved,0.6535,0.29481,-0.03298,0.50000,0.34838,-0.17181,0.000491,-0.000378,0.000000,0.001371,-0.000608
1295,48,conference,mask_conference,environment,network_actively,delayed,-0.4537,0.29492,-0.03245,0.49848,0.34738,-0.17146,0.000106,0.000534,-0.001515,-0.001003,0.000347
1296,48,conference,mask_conference,environment,network_actively,goal_achieved,0.6566,0.29541,-0.03284,0.50000,0.34875,-0.17206,0.000491,-0.000388,0.001515,0.001374,-0.000602
1297,49,work,mask_work,environment,handle_backlog,goal_achieved,1.9331,0.26824,0.50000,-0.50000,-0.47256,-0.24502,0.000528,0.000000,0.000000,-0.001186,-0.000474
1298,49,work,mask_work,environment,network_actively,failed,-2.6344,0.26900,0.50000,-0.50000,-0.47413,-0.24583,0.000762,0.000000,0.000000,-0.001572,-0.000814
1299,49,work,mask_work,environment,deep_work,goal_achieved,1.8273,0.26998,0.50000,-0.50000,-0.47544,-0.24675,0.000976,0.000000,0.000000,-0.001306,-0.000922
1300,49,work,mask_work,environment,handle_backlog,delayed,-1.3750,0.27104,0.50000,-0.50000,-0.47632,-0.24779,0.001064,0.000000,0.000000,-0.000885,-0.001033
1301,49,work,mask_work,environment,deep_work,delayed,-0.7789,0.27056,0.50000,-0.49989,-0.47627,-0.24730,-0.000489,0.000000,0.000108,0.000055,0.000486
1302,49,work,mask_work,environment,take_notes,failed,-2.3026,0.27058,0.50000,-0.50000,-0.47723,-0.24812,0.000022,0.000000,-0.000108,-0.000957,-0.000819
1303,49,work,mask_work,environment,deep_work,goal_achieved,1.8399,0.27156,0.50000,-0.50000,-0.47853,-0.24905,0.000977,0.000000,0.000000,-0.001299,-0.000933
1304,49,work,mask_work,environment,take_notes,goal_achieved,1.4476,0.27319,0.50000,-0.50000,-0.47972,-0.24956,0.001640,0.000000,0.000000,-0.001198,-0.000505
1305,49,work,mask_work,environment,tidy_up,goal_achieved,1.7521,0.27275,0.50000,-0.50000,-0.48044,-0.25035,-0.000443,0.000000,0.000000,-0.000713,-0.000790
1306,49,home,mask_home,environment,rest_deeply,goal_achieved,2.0163,-0.50000,-0.17807,-0.50000,-0.13997,0.10258,0.000000,-0.000200,0.000000,-0.000435,0.000099
1307,49,home,mask_home,environment,rest_deeply,delayed,-0.3539,-0.50000,-0.17701,-0.50000,-0.14037,0.10232,0.000000,0.001064,0.000000,-0.000399,-0.000260
1308,49,home,mask_home,environment,zone_out,delayed,-1.4201,-0.50000,-0.17674,-0.50000,-0.14048,0.10217,0.000000,0.000273,0.000000,-0.000117,-0.000144
1309,49,home,mask_home,environment,zone_out,delayed,-1.4199,-0.50000,-0.17647,-0.50000,-0.14060,0.10203,0.000000,0.000270,0.000000,-0.000117,-0.000142
1310,49,home,mask_home,environment,zone_out,goal_achieved,1.8306,-0.50000,-0.17741,-0.50000,-0.14223,0.10277,0.000000,-0.000945,0.000000,-0.001628,0.000741
1311,49,home,mask_home,environment,rest_deeply,goal_achieved,2.0064,-0.50000,-0.17764,-0.50000,-0.14269,0.10289,0.000000,-0.000224,0.000000,-0.000458,0.000115
1312,49,home,mask_home,environment,network_actively,delayed,-1.6366,-0.50000,-0.17763,-0.50000,-0.14312,0.10293,0.000000,0.000008,0.000000,-0.000429,0.000041
1313,49,home,mask_home,environment,zone_out,goal_achieved,1.8224,-0.50000,-0.17857,-0.50000,-0.14475,0.10367,0.000000,-0.000939,0.000000,-0.001638,0.000739
1314,49,home,mask_home,environment,zone_out,delayed,-1.4239,-0.50000,-0.17828,-0.50000,-0.14486,0.10351,0.000000,0.000288,0.000000,-0.000111,-0.000154
1315,49,conference,mask_conference,environment,network_actively,delayed,-0.4543,0.29552,-0.03230,0.49848,0.34775,-0.17172,0.000108,0.000537,-0.001518,-0.001004,0.000346
1316,49,conference,mask_conference,environment,network_actively,goal_achieved,0.6571,0.29601,-0.03269,0.50000,0.34912,-0.17232,0.000490,-0.000392,0.001518,0.001375,-0.000600
1317,49,conference,mask_conference,environment,tidy_up,failed,-3.7783,0.29645,-0.03294,0.50000,0.35000,-0.17270,0.000441,-0.000248,0.000000,0.000881,-0.000381
1318,49,conference,mask_conference,environment,network_actively,delayed,-0.4545,0.29656,-0.03240,0.49848,0.34900,-0.17235,0.000111,0.000538,-0.001520,-0.001005,0.000345
1319,49,conference,mask_conference,environment,network_actively,goal_achieved,0.6586,0.29705,-0.03280,0.50000,0.35037,-0.17295,0.000490,-0.000398,0.001520,0.001377,-0.000596
1320,49,conference,mask_conference,environment,network_actively,goal_achieved,0.6565,0.29754,-0.03319,0.50000,0.35175,-0.17355,0.000488,-0.000393,0.000000,0.001376,-0.000599
1321,49,conference,mask_conference,environment,quick_scan,goal_achieved,0.9363,0.29740,-0.03413,0.50000,0.35177,-0.17288,-0.000139,-0.000938,0.000000,0.000021,0.000667
1322,49,conference,mask_conference,environment,deep_work,delayed,-2.6531,0.29772,-0.03455,0.50000,0.35277,-0.17315,0.000318,-0.000422,0.000000,0.000999,-0.000269
1323,49,conference,mask_conference,environment,network_actively,goal_achieved,0.6518,0.29819,-0.03496,0.50000,0.35414,-0.17373,0.000473,-0.000408,0.000000,0.001370,-0.000580
1324,50,work,mask_work,environment,network_actively,delayed,-1.5254,0.27347,0.50000,-0.50000,-0.48159,-0.25106,0.000717,0.000000,0.000000,-0.001155,-0.000712
1325,50,work,mask_work,environment,network_actively,goal_achieved,1.8027,0.27410,0.49982,-0.49881,-0.48156,-0.25145,0.000630,-0.000182,0.001192,0.000030,-0.000394
1326,50,work,mask_work,environment,deep_work,goal_achieved,1.8191,0.27506,0.50000,-0.50000,-0.48285,-0.25238,0.000966,0.000182,-0.001192,-0.001286,-0.000931
1327,50,work,mask_work,environment,handle_backlog,delayed,-1.3848,0.27610,0.50000,-0.50000,-0.48371,-0.25341,0.001039,0.000000,0.000000,-0.000863,-0.001026
1328,50,work,mask_work,environment,handle_backlog,goal_achieved,1.9204,0.27660,0.50000,-0.50000,-0.48488,-0.25388,0.000502,0.000000,0.000000,-0.001169,-0.000468
1329,50,work,mask_work,environment,network_actively,failed,-2.6364,0.27736,0.50000,-0.50000,-0.48643,-0.25470,0.000751,0.000000,0.000000,-0.001549,-0.000823
1330,50,work,mask_work,environment,tidy_up,delayed,-1.4445,0.27842,0.50000,-0.50000,-0.48759,-0.25536,0.001069,0.000000,0.000000,-0.001159,-0.000658
1331,50,work,mask_work,environment,tidy_up,goal_achieved,1.7493,0.27799,0.50000,-0.50000,-0.48829,-0.25615,-0.000437,0.000000,0.000000,-0.000706,-0.000793
1332,50,work,mask_work,environment,deep_work,goal_achieved,1.8151,0.27894,0.50000,-0.50000,-0.48957,-0.25709,0.000956,0.000000,0.000000,-0.001282,-0.000937
1333,50,home,mask_home,environment,rest_deeply,goal_achieved,1.9919,-0.50000,-0.17852,-0.50000,-0.14536,0.10364,0.000000,-0.000243,0.000000,-0.000493,0.000130
1334,50,home,mask_home,environment,rest_deeply,goal_achieved,1.9914,-0.50000,-0.17876,-0.50000,-0.14585,0.10377,0.000000,-0.000240,0.000000,-0.000493,0.000128
1335,50,home,mask_home,environment,network_actively,failed,-2.5668,-0.50000,-0.17881,-0.50000,-0.14699,0.10408,0.000000,-0.000049,0.000000,-0.001136,0.000310
1336,50,home,mask_home,environment,quick_scan,delayed,-1.5112,-0.50000,-0.17880,-0.50000,-0.14746,0.10411,0.000000,0.000010,0.000000,-0.000474,0.000027
1337,50,home,mask_home,environment,rest_deeply,goal_achieved,1.9928,-0.50000,-0.17904,-0.50000,-0.14796,0.10423,0.000000,-0.000234,0.000000,-0.000495,0.000125
1338,50,home,mask_home,environment,rest_deeply,goal_achieved,1.9924,-0.50000,-0.17927,-0.50000,-0.14845,0.10436,0.000000,-0.000232,0.000000,-0.000495,0.000124
1339,50,home,mask_home,environment,rest_deeply,goal_achieved,1.9919,-0.50000,-0.17950,-0.50000,-0.14894,0.10448,0.000000,-0.000229,0.000000,-0.000494,0.000122
1340,50,home,mask_home,environment,network_actively,failed,-2.5751,-0.50000,-0.17955,-0.50000,-0.15008,0.10479,0.000000,-0.000050,0.000000,-0.001134,0.000308
1341,50,home,mask_home,environment,zone_out,goal_achieved,1.8036,-0.50000,-0.18048,-0.50000,-0.15174,0.10553,0.000000,-0.000937,0.000000,-0.001665,0.000739
1342,50,conference,mask_conference,environment,network_actively,goal_achieved,0.6523,0.29866,-0.03537,0.50000,0.35551,-0.17431,0.000473,-0.000409,0.000000,0.001371,-0.000580
1343,50,conference,mask_conference,environment,network_actively,goal_achieved,0.6528,0.29914,-0.03578,0.50000,0.35688,-0.17489,0.000472,-0.000410,0.000000,0.001372,-0.000579
1344,50,conference,mask_conference,environment,network_actively,goal_achieved,0.6532,0.29961,-0.03619,0.50000,0.35826,-0.17547,0.000472,-0.000411,0.000000,0.001372,-0.000578
1345,50,conference,mask_conference,environment,network_actively,delayed,-0.4595,0.29970,-0.03568,0.49849,0.35724,-0.17510,0.000096,0.000516,-0.001512,-0.001011,0.000368
1346,50,conference,mask_conference,environment,network_actively,goal_achieved,0.6562,0.30018,-0.03610,0.50000,0.35862,-0.17567,0.000472,-0.000420,0.001512,0.001376,-0.000572
1347,50,conference,mask_conference,environment,network_actively,delayed,-0.4600,0.30027,-0.03558,0.49849,0.35761,-0.17530,0.000097,0.000518,-0.001514,-0.001012,0.000367
1348,50,conference,mask_conference,environment,network_actively,goal_achieved,0.6567,0.30074,-0.03600,0.50000,0.35899,-0.17587,0.000471,-0.000423,0.001514,0.001377,-0.000571
1349,50,conference,mask_conference,environment,deep_work,failed,-3.8482,0.30098,-0.03666,0.50000,0.36014,-0.17602,0.000232,-0.000661,0.000000,0.001156,-0.000145
1350,50,conference,mask_conference,environment,network_actively,delayed,-0.4544,0.30106,-0.03617,0.49852,0.35915,-0.17564,0.000087,0.000492,-0.001479,-0.000994,0.000381
1351,51,work,mask_work,environment,handle_backlog,goal_achieved,1.9128,0.27943,0.50000,-0.50000,-0.49074,-0.25756,0.000490,0.000000,0.000000,-0.001170,-0.000472
1352,51,work,mask_work,environment,network_actively,failed,-2.6508,0.28017,0.50000,-0.50000,-0.49229,-0.25838,0.000734,0.000000,0.000000,-0.001547,-0.000821
1353,51,work,mask_work,environment,take_notes,goal_achieved,1.4219,0.28177,0.50000,-0.50000,-0.49348,-0.25889,0.001605,0.000000,0.000000,-0.001186,-0.000507
1354,51,work,mask_work,environment,take_notes,failed,-2.3271,0.28176,0.50000,-0.50000,-0.49443,-0.25972,-0.000007,0.000000,0.000000,-0.000956,-0.000830
1355,51,work,mask_work,environment,take_notes,failed,-2.3274,0.28176,0.50000,-0.50000,-0.49539,-0.26055,-0.000007,0.000000,0.000000,-0.000956,-0.000830
1356,51,work,mask_work,environment,rest_deeply,delayed,-1.4244,0.28248,0.50000,-0.50000,-0.49646,-0.26127,0.000726,0.000000,0.000000,-0.001068,-0.000718
1357,51,work,mask_work,environment,deep_work,goal_achieved,1.8130,0.28343,0.50000,-0.50000,-0.49775,-0.26220,0.000945,0.000000,0.000000,-0.001288,-0.000934
1358,51,work,mask_work,environment,take_notes,delayed,-1.3930,0.28383,0.50000,-0.50000,-0.49876,-0.26295,0.000399,0.000000,0.000000,-0.001016,-0.000752
1359,51,work,mask_work,environment,take_notes,goal_achieved,1.4169,0.28543,0.50000,-0.50000,-0.49995,-0.26346,0.001606,0.000000,0.000000,-0.001185,-0.000508
1360,51,home,mask_home,environment,rest_deeply,delayed,-0.3864,-0.50000,-0.17953,-0.50000,-0.15227,0.10534,0.000000,0.000958,0.000000,-0.000528,-0.000185
1361,51,home,mask_home,environment,network_actively,failed,-2.5839,-0.50000,-0.17961,-0.50000,-0.15345,0.10567,0.000000,-0.000079,0.000000,-0.001179,0.000331
1362,51,home,mask_home,environment,rest_deeply,goal_achieved,1.9767,-0.50000,-0.17986,-0.50000,-0.15400,0.10582,0.000000,-0.000258,0.000000,-0.000547,0.000146
1363,51,home,mask_home,environment,rest_deeply,goal_achieved,1.9761,-0.50000,-0.18012,-0.50000,-0.15454,0.10596,0.000000,-0.000255,0.000000,-0.000546,0.000145
1364,51,home,mask_home,environment,zone_out,delayed,-1.4242,-0.50000,-0.17981,-0.50000,-0.15465,0.10580,0.000000,0.000306,0.000000,-0.000108,-0.000166
1365,51,home,mask_home,environment,rest_deeply,goal_achieved,1.9818,-0.50000,-0.18005,-0.50000,-0.15518,0.10593,0.000000,-0.000242,0.000000,-0.000528,0.000135
1366,51,home,mask_home,environment,quick_scan,goal_achieved,1.9662,-0.50000,-0.18041,-0.50000,-0.15595,0.10655,0.000000,-0.000358,0.000000,-0.000770,0.000617
1367,51,home,mask_home,environment,quick_scan,failed,-2.6891,-0.50000,-0.18029,-0.50000,-0.15637,0.10639,0.000000,0.000120,0.000000,-0.000422,-0.000158
1368,51,home,mask_home,environment,network_actively,failed,-2.5921,-0.50000,-0.18036,-0.50000,-0.15754,0.10672,0.000000,-0.000072,0.000000,-0.001164,0.000328
1369,51,conference,mask_conference,environment,network_actively,goal_achieved,0.6626,0.30152,-0.03662,0.50000,0.36054,-0.17619,0.000460,-0.000449,0.001479,0.001396,-0.000557
1370,51,conference,mask_conference,environment,network_actively,goal_achieved,0.6604,0.30198,-0.03706,0.50000,0.36194,-0.17675,0.000458,-0.000443,0.000000,0.001394,-0.000561
1371,51,conference,mask_conference,environment,network_actively,goal_achieved,0.6609,0.30244,-0.03751,0.50000,0.36333,-0.17731,0.000458,-0.000443,0.000000,0.001394,-0.000560
1372,51,conference,mask_conference,environment,quick_scan,failed,-3.2397,0.30338,-0.03698,0.50000,0.36508,-0.17877,0.000942,0.000530,0.000000,0.001746,-0.001453
1373,51,conference,mask_conference,environment,network_actively,goal_achieved,0.6707,0.30385,-0.03742,0.50000,0.36649,-0.17934,0.000465,-0.000446,0.000000,0.001413,-0.000569
1374,51,conference,mask_conference,environment,network_actively,goal_achieved,0.6711,0.30431,-0.03787,0.50000,0.36790,-0.17990,0.000465,-0.000447,0.000000,0.001414,-0.000568
1375,51,conference,mask_conference,environment,network_actively,goal_achieved,0.6715,0.30478,-0.03832,0.50000,0.36932,-0.18047,0.000464,-0.000448,0.000000,0.001414,-0.000568
1376,51,conference,mask_conference,environment,quick_scan,delayed,-2.1961,0.30544,-0.03818,0.50000,0.37065,-0.18138,0.000666,0.000141,0.000000,0.001329,-0.000912
1377,51,conference,mask_conference,environment,quick_scan,goal_achieved,0.9503,0.30528,-0.03917,0.50000,0.37072,-0.18069,-0.000159,-0.000995,0.000000,0.000069,0.000693
1378,52,work,mask_work,environment,rest_deeply,goal_achieved,2.0703,0.28562,0.50000,-0.50000,-0.50000,-0.26375,0.000188,0.000000,0.000000,-0.000053,-0.000285
1379,52,work,mask_work,environment,deep_work,goal_achieved,1.8014,0.28656,0.50000,-0.50000,-0.50000,-0.26467,0.000940,0.000000,0.000000,0.000000,-0.000925
1380,52,work,mask_work,environment,take_notes,delayed,-1.4003,0.28695,0.50000,-0.50000,-0.50000,-0.26542,0.000390,0.000000,0.000000,0.000000,-0.000747
1381,52,work,mask_work,environment,network_actively,failed,-2.6620,0.28768,0.50000,-0.50000,-0.50000,-0.26624,0.000726,0.000000,0.000000,0.000000,-0.000818
1382,52,work,mask_work,environment,take_notes,goal_achieved,1.4109,0.28928,0.50000,-0.50000,-0.50000,-0.26674,0.001597,0.000000,0.000000,0.000000,-0.000503
1383,52,work,mask_work,environment,take_notes,delayed,-1.3988,0.28967,0.50000,-0.50000,-0.50000,-0.26749,0.000390,0.000000,0.000000,0.000000,-0.000748
1384,52,work,mask_work,environment,tidy_up,goal_achieved,1.7320,0.28923,0.50000,-0.50000,-0.50000,-0.26827,-0.000440,0.000000,0.000000,0.000000,-0.000786
1385,52,work,mask_work,environment,deep_work,delayed,-0.8073,0.28868,0.50000,-0.49990,-0.49993,-0.26778,-0.000549,0.000000,0.000097,0.000072,0.000497
1386,52,work,mask_work,environment,deep_work,goal_achieved,1.7936,0.28960,0.50000,-0.50000,-0.50000,-0.26870,0.000925,0.000000,-0.000097,-0.000072,-0.000927
1387,52,home,mask_home,environment,zone_out,failed,-2.5040,-0.50000,-0.17965,-0.50000,-0.15712,0.10626,0.000000,0.000717,0.000000,0.000415,-0.000462
1388,52,home,mask_home,environment,rest_deeply,goal_achieved,1.9907,-0.50000,-0.17986,-0.50000,-0.15762,0.10638,0.000000,-0.000218,0.000000,-0.000497,0.000123
1389,52,home,mask_home,environment,network_actively,failed,-2.5824,-0.50000,-0.17991,-0.50000,-0.15874,0.10669,0.000000,-0.000048,0.000000,-0.001125,0.000308
1390,52,home,mask_home,environment,rest_deeply,goal_achieved,1.9916,-0.50000,-0.18013,-0.50000,-0.15924,0.10681,0.000000,-0.000213,0.000000,-0.000499,0.000122
1391,52,home,mask_home,environment,rest_deeply,delayed,-0.3669,-0.50000,-0.17914,-0.50000,-0.15974,0.10661,0.000000,0.000985,0.000000,-0.000493,-0.000198
1392,52,home,mask_home,environment,rest_deeply,goal_achieved,1.9921,-0.50000,-0.17936,-0.50000,-0.16023,0.10674,0.000000,-0.000220,0.000000,-0.000496,0.000125
1393,52,home,mask_home,environment,tidy_up,goal_achieved,1.9431,-0.50000,-0.17865,-0.50000,-0.16073,0.10653,0.000000,0.000709,0.000000,-0.000495,-0.000205
1394,52,home,mask_home,environment,rest_deeply,goal_achieved,1.9900,-0.50000,-0.17886,-0.50000,-0.16122,0.10666,0.000000,-0.000213,0.000000,-0.000493,0.000123
1395,52,home,mask_home,environment,rest_deeply,goal_achieved,1.9895,-0.50000,-0.17908,-0.50000,-0.16171,0.10678,0.000000,-0.000211,0.000000,-0.000493,0.000121
1396,52,conference,mask_conference,environment,network_actively,delayed,-0.4539,0.30538,-0.03866,0.49851,0.36973,-0.18032,0.000097,0.000510,-0.001491,-0.000990,0.000367
1397,52,conference,mask_conference,environment,network_actively,goal_achieved,0.6709,0.30584,-0.03912,0.50000,0.37114,-0.18088,0.000460,-0.000458,0.001491,0.001411,-0.000556
1398,52,conference,mask_conference,environment,deep_work,delayed,-2.6394,0.30615,-0.03956,0.50000,0.37216,-0.18114,0.000312,-0.000437,0.000000,0.001019,-0.000261
1399,52,conference,mask_conference,environment,quick_scan,failed,-3.2369,0.30709,-0.03904,0.50000,0.37391,-0.18258,0.000935,0.000512,0.000000,0.001753,-0.001440
1400,52,conference,mask_conference,environment,quick_scan,goal_achieved,0.9588,0.30692,-0.04005,0.50000,0.37398,-0.18188,-0.000165,-0.001006,0.000000,0.000075,0.000702
1401,52,conference,mask_conference,environment,quick_scan,goal_achieved,0.9562,0.30676,-0.04105,0.50000,0.37405,-0.18118,-0.000166,-0.000996,0.000000,0.000070,0.000699
1402,52,conference,mask_conference,environment,take_notes,delayed,-2.3623,0.30679,-0.04214,0.50000,0.37536,-0.18135,0.000034,-0.001097,0.000000,0.001309,-0.000170
1403,52,conference,mask_conference,environment,network_actively,goal_achieved,0.6687,0.30723,-0.04262,0.50000,0.37678,-0.18189,0.000436,-0.000476,0.000000,0.001413,-0.000544
1404,52,conference,mask_conference,environment,network_actively,goal_achieved,0.6690,0.30766,-0.04310,0.50000,0.37819,-0.18244,0.000436,-0.000476,0.000000,0.001414,-0.000544
1405,53,work,mask_work,environment,rest_deeply,failed,-2.6042,0.29050,0.50000,-0.50000,-0.50000,-0.26956,0.000894,0.000000,0.000000,0.000000,-0.000859
1406,53,work,mask_work,environment,take_notes,delayed,-1.3966,0.29086,0.50000,-0.50000,-0.50000,-0.27031,0.000367,0.000000,0.000000,0.000000,-0.000745
1407,53,work,mask_work,environment,deep_work,delayed,-0.8027,0.29032,0.50000,-0.49990,-0.49993,-0.26981,-0.000548,0.000000,0.000101,0.000071,0.000493
1408,53,work,mask_work,environment,deep_work,delayed,-0.8027,0.28977,0.50000,-0.49980,-0.49986,-0.26932,-0.000548,0.000000,0.000101,0.000071,0.000493
1409,53,work,mask_work,environment,take_notes,failed,-2.3160,0.28971,0.50000,-0.50000,-0.50000,-0.27013,-0.000056,0.000000,-0.000203,-0.000141,-0.000805
1410,53,work,mask_work,environment,deep_work,goal_achieved,1.8037,0.29063,0.50000,-0.50000,-0.50000,-0.27106,0.000919,0.000000,0.000000,0.000000,-0.000933
1411,53,work,mask_work,environment,tidy_up,delayed,-1.4328,0.29166,0.50000,-0.50000,-0.50000,-0.27169,0.001028,0.000000,0.000000,0.000000,-0.000632
1412,53,work,mask_work,environment,deep_work,goal_achieved,1.8059,0.29258,0.50000,-0.50000,-0.50000,-0.27263,0.000925,0.000000,0.000000,0.000000,-0.000933
1413,53,work,mask_work,environment,take_notes,goal_achieved,1.4286,0.29415,0.50000,-0.50000,-0.50000,-0.27311,0.001562,0.000000,0.000000,0.000000,-0.000482
1414,53,home,mask_home,environment,quick_scan,failed,-2.6771,-0.50000,-0.17893,-0.50000,-0.16210,0.10660,0.000000,0.000149,0.000000,-0.000386,-0.000175
1415,53,home,mask_home,environment,zone_out,delayed,-1.4263,-0.50000,-0.17862,-0.50000,-0.16220,0.10644,0.000000,0.000309,0.000000,-0.000103,-0.000165
1416,53,home,mask_home,environment,rest_deeply,delayed,-0.3619,-0.50000,-0.17761,-0.50000,-0.16268,0.10622,0.000000,0.001010,0.000000,-0.000473,-0.000216
1417,53,home,mask_home,environment,rest_deeply,goal_achieved,1.9986,-0.50000,-0.17782,-0.50000,-0.16315,0.10633,0.000000,-0.000208,0.000000,-0.000470,0.000112
1418,53,home,mask_home,environment,rest_deeply,delayed,-0.3622,-0.50000,-0.17681,-0.50000,-0.16362,0.10612,0.000000,0.001010,0.000000,-0.000472,-0.000216
1419,53,home,mask_home,environment,rest_deeply,goal_achieved,1.9992,-0.50000,-0.17702,-0.50000,-0.16409,0.10623,0.000000,-0.000215,0.000000,-0.000467,0.000116
1420,53,home,mask_home,environment,rest_deeply,goal_achieved,1.9988,-0.50000,-0.17723,-0.50000,-0.16455,0.10635,0.000000,-0.000213,0.000000,-0.000467,0.000114
1421,53,home,mask_home,environment,rest_deeply,delayed,-0.3624,-0.50000,-0.17622,-0.50000,-0.16502,0.10613,0.000000,0.001009,0.000000,-0.000471,-0.000216
1422,53,home,mask_home,environment,zone_out,failed,-2.4795,-0.50000,-0.17550,-0.50000,-0.16460,0.10567,0.000000,0.000727,0.000000,0.000429,-0.000465
1423,53,conference,mask_conference,environment,network_actively,delayed,-0.4523,0.30773,-0.04263,0.49855,0.37721,-0.18205,0.000072,0.000465,-0.001449,-0.000983,0.000393
1424,53,conference,mask_conference,environment,network_actively,goal_achieved,0.6719,0.30817,-0.04312,0.50000,0.37862,-0.18258,0.000436,-0.000485,0.001449,0.001417,-0.000539
1425,53,conference,mask_conference,environment,network_actively,goal_achieved,0.6697,0.30860,-0.04359,0.50000,0.38004,-0.18313,0.000434,-0.000478,0.000000,0.001415,-0.000543
1426,53,conference,mask_conference,environment,network_actively,goal_achieved,0.6700,0.30904,-0.04407,0.50000,0.38145,-0.18367,0.000434,-0.000478,0.000000,0.001415,-0.000542
1427,53,conference,mask_conference,environment,network_actively,delayed,-0.4531,0.30911,-0.04360,0.49855,0.38047,-0.18328,0.000073,0.000467,-0.001453,-0.000984,0.000392
1428,53,conference,mask_conference,environment,network_actively,goal_achieved,0.6728,0.30954,-0.04409,0.50000,0.38189,-0.18381,0.000434,-0.000486,0.001453,0.001419,-0.000537
1429,53,conference,mask_conference,environment,network_actively,goal_achieved,0.6706,0.30998,-0.04457,0.50000,0.38330,-0.18436,0.000433,-0.000480,0.000000,0.001417,-0.000541
1430,53,conference,mask_conference,environment,network_actively,goal_achieved,0.6710,0.31041,-0.04505,0.50000,0.38472,-0.18490,0.000432,-0.000480,0.000000,0.001417,-0.000541
1431,53,conference,mask_conference,environment,network_actively,goal_achieved,0.6713,0.31084,-0.04553,0.50000,0.38614,-0.18544,0.000432,-0.000480,0.000000,0.001418,-0.000540
1432,54,work,mask_work,environment,deep_work,goal_achieved,1.7985,0.29508,0.50000,-0.50000,-0.50000,-0.27404,0.000934,0.000000,0.000000,0.000000,-0.000931
1433,54,work,mask_work,environment,take_notes,goal_achieved,1.4264,0.29664,0.50000,-0.50000,-0.50000,-0.27452,0.001564,0.000000,0.000000,0.000000,-0.000485
1434,54,work,mask_work,environment,network_actively,goal_achieved,1.7864,0.29723,0.49981,-0.49882,-0.49996,-0.27490,0.000587,-0.000194,0.001180,0.000044,-0.000374
1435,54,work,mask_work,environment,network_actively,goal_achieved,1.7855,0.29781,0.49961,-0.49764,-0.49991,-0.27527,0.000586,-0.000197,0.001183,0.000046,-0.000373
1436,54,work,mask_work,environment,take_notes,failed,-2.3258,0.29777,0.50000,-0.49830,-0.50000,-0.27608,-0.000045,0.000392,-0.000664,-0.000091,-0.000807
1437,54,work,mask_work,environment,tidy_up,failed,-2.5189,0.29931,0.50000,-0.49948,-0.50000,-0.27666,0.001540,0.000000,-0.001184,0.000000,-0.000586
1438,54,work,mask_work,environment,tidy_up,failed,-2.5194,0.30085,0.50000,-0.50000,-0.50000,-0.27725,0.001540,0.000000,-0.000516,0.000000,-0.000586
1439,54,work,mask_work,environment,deep_work,goal_achieved,1.7997,0.30181,0.50000,-0.50000,-0.50000,-0.27817,0.000960,0.000000,0.000000,0.000000,-0.000923
1440,54,work,mask_work,environment,handle_backlog,failed,-2.4902,0.30302,0.50000,-0.50000,-0.50000,-0.27937,0.001207,0.000000,0.000000,0.000000,-0.001196
1441,54,home,mask_home,environment,take_notes,failed,-2.8850,-0.50000,-0.17555,-0.50000,-0.16501,0.10573,0.000000,-0.000055,0.000000,-0.000413,0.000064
1442,54,home,mask_home,environment,rest_deeply,goal_achieved,2.0116,-0.50000,-0.17576,-0.50000,-0.16544,0.10583,0.000000,-0.000205,0.000000,-0.000430,0.000104
1443,54,home,mask_home,environment,rest_deeply,delayed,-0.3517,-0.50000,-0.17472,-0.50000,-0.16587,0.10560,0.000000,0.001032,0.000000,-0.000436,-0.000234
1444,54,home,mask_home,environment,rest_deeply,goal_achieved,2.0122,-0.50000,-0.17494,-0.50000,-0.16630,0.10571,0.000000,-0.000212,0.000000,-0.000427,0.000108
1445,54,home,mask_home,environment,rest_deeply,goal_achieved,2.0118,-0.50000,-0.17515,-0.50000,-0.16673,0.10581,0.000000,-0.000210,0.000000,-0.000427,0.000107
1446,54,home,mask_home,environment,zone_out,goal_achieved,1.8240,-0.50000,-0.17610,-0.50000,-0.16839,0.10657,0.000000,-0.000956,0.000000,-0.001663,0.000759
1447,54,home,mask_home,environment,rest_deeply,delayed,-0.3659,-0.50000,-0.17511,-0.50000,-0.16887,0.10637,0.000000,0.000995,0.000000,-0.000480,-0.000208
1448,54,home,mask_home,environment,tidy_up,delayed,-1.3114,-0.50000,-0.17654,-0.50000,-0.16934,0.10697,0.000000,-0.001428,0.000000,-0.000471,0.000608
1449,54,home,mask_home,environment,deep_work,failed,-3.0039,-0.50000,-0.17665,-0.50000,-0.16977,0.10710,0.000000,-0.000114,0.000000,-0.000429,0.000122
1450,54,conference,mask_conference,environment,quick_scan,goal_achieved,0.9573,0.31066,-0.04654,0.50000,0.38622,-0.18474,-0.000181,-0.001007,0.000000,0.000084,0.000698
1451,54,conference,mask_conference,environment,network_actively,goal_achieved,0.6637,0.31108,-0.04702,0.50000,0.38763,-0.18527,0.000424,-0.000478,0.000000,0.001403,-0.000532
1452,54,conference,mask_conference,environment,deep_work,failed,-3.8502,0.31128,-0.04771,0.50000,0.38880,-0.18539,0.000197,-0.000700,0.000000,0.001170,-0.000116
1453,54,conference,mask_conference,environment,network_actively,goal_achieved,0.6685,0.31170,-0.04821,0.50000,0.39022,-0.18591,0.000415,-0.000497,0.000000,0.001419,-0.000522
1454,54,conference,mask_conference,environment,network_actively,goal_achieved,0.6688,0.31211,-0.04871,0.50000,0.39163,-0.18643,0.000414,-0.000496,0.000000,0.001419,-0.000522
1455,54,conference,mask_conference,environment,network_actively,goal_achieved,0.6691,0.31252,-0.04920,0.50000,0.39305,-0.18695,0.000414,-0.000496,0.000000,0.001420,-0.000522
1456,54,conference,mask_conference,environment,network_actively,delayed,-0.4552,0.31258,-0.04877,0.49857,0.39207,-0.18653,0.000053,0.000435,-0.001431,-0.000982,0.000419
1457,54,conference,mask_conference,environment,quick_scan,delayed,-2.1811,0.31321,-0.04866,0.49997,0.39344,-0.18743,0.000637,0.000107,0.001400,0.001364,-0.000898
1458,54,conference,mask_conference,environment,network_actively,goal_achieved,0.6741,0.31363,-0.04916,0.50000,0.39487,-0.18796,0.000417,-0.000499,0.000031,0.001429,-0.000525
1459,55,work,mask_work,environment,deep_work,delayed,-0.7889,0.30252,0.50000,-0.49986,-0.49991,-0.27888,-0.000499,0.000000,0.000137,0.000087,0.000488
1460,55,work,mask_work,environment,handle_backlog,goal_achieved,1.9249,0.30299,0.50000,-0.50000,-0.50000,-0.27932,0.000472,0.000000,-0.000137,-0.000087,-0.000437
1461,55,work,mask_work,environment,deep_work,delayed,-0.7933,0.30249,0.50000,-0.49986,-0.49992,-0.27882,-0.000504,0.000000,0.000137,0.000084,0.000494
1462,55,work,mask_work,environment,rest_deeply,delayed,-1.4001,0.30321,0.50000,-0.50000,-0.50000,-0.27951,0.000718,0.000000,-0.000137,-0.000084,-0.000682
1463,55,work,mask_work,environment,take_notes,failed,-2.2953,0.30318,0.50000,-0.50000,-0.50000,-0.28030,-0.000027,0.000000,0.000000,0.000000,-0.000796
1464,55,work,mask_work,environment,take_notes,delayed,-1.3591,0.30355,0.50000,-0.50000,-0.50000,-0.28102,0.000374,0.000000,0.000000,0.000000,-0.000714
1465,55,work,mask_work,environment,tidy_up,goal_achieved,1.7748,0.30307,0.50000,-0.50000,-0.50000,-0.28177,-0.000478,0.000000,0.000000,0.000000,-0.000754
1466,55,work,mask_work,environment,deep_work,goal_achieved,1.8075,0.30402,0.50000,-0.50000,-0.50000,-0.28271,0.000941,0.000000,0.000000,0.000000,-0.000935
1467,55,work,mask_work,environment,deep_work,goal_achieved,1.8074,0.30496,0.50000,-0.50000,-0.50000,-0.28364,0.000941,0.000000,0.000000,0.000000,-0.000935
1468,55,home,mask_home,environment,rest_deeply,goal_achieved,1.9988,-0.50000,-0.17690,-0.50000,-0.17024,0.10722,0.000000,-0.000246,0.000000,-0.000467,0.000128
1469,55,home,mask_home,environment,zone_out,goal_achieved,1.8267,-0.50000,-0.17786,-0.50000,-0.17192,0.10799,0.000000,-0.000962,0.000000,-0.001677,0.000762
1470,55,home,mask_home,environment,network_actively,delayed,-1.6467,-0.50000,-0.17788,-0.50000,-0.17238,0.10805,0.000000,-0.000024,0.000000,-0.000467,0.000064
1471,55,home,mask_home,environment,network_actively,failed,-2.5652,-0.50000,-0.17795,-0.50000,-0.17352,0.10837,0.000000,-0.000071,0.000000,-0.001134,0.000320
1472,55,home,mask_home,environment,rest_deeply,delayed,-0.3720,-0.50000,-0.17702,-0.50000,-0.17404,0.10820,0.000000,0.000930,0.000000,-0.000529,-0.000170
1473,55,home,mask_home,environment,network_actively,delayed,-1.6387,-0.50000,-0.17704,-0.50000,-0.17451,0.10826,0.000000,-0.000022,0.000000,-0.000463,0.000064
1474,55,home,mask_home,environment,rest_deeply,goal_achieved,1.9838,-0.50000,-0.17731,-0.50000,-0.17501,0.10841,0.000000,-0.000268,0.000000,-0.000506,0.000146
1475,55,home,mask_home,environment,rest_deeply,goal_achieved,1.9832,-0.50000,-0.17758,-0.50000,-0.17552,0.10855,0.000000,-0.000265,0.000000,-0.000506,0.000144
1476,55,home,mask_home,environment,quick_scan,failed,-2.6529,-0.50000,-0.17746,-0.50000,-0.17593,0.10840,0.000000,0.000116,0.000000,-0.000408,-0.000150
1477,55,conference,mask_conference,environment,network_actively,goal_achieved,0.6743,0.31405,-0.04966,0.50000,0.39629,-0.18848,0.000416,-0.000499,0.000000,0.001430,-0.000525
1478,55,conference,mask_conference,environment,tidy_up,delayed,-2.5389,0.31436,-0.04991,0.50000,0.39720,-0.18882,0.000314,-0.000252,0.000000,0.000905,-0.000341
1479,55,conference,mask_conference,environment,network_actively,delayed,-0.4537,0.31442,-0.04946,0.49856,0.39622,-0.18841,0.000059,0.000448,-0.001436,-0.000977,0.000408
1480,55,conference,mask_conference,environment,network_actively,goal_achieved,0.6769,0.31484,-0.04997,0.50000,0.39766,-0.18893,0.000415,-0.000506,0.001436,0.001433,-0.000520
1481,55,conference,mask_conference,environment,network_actively,goal_achieved,0.6747,0.31525,-0.05047,0.50000,0.39909,-0.18946,0.000413,-0.000499,0.000000,0.001431,-0.000524
1482,55,conference,mask_conference,environment,network_actively,goal_achieved,0.6750,0.31566,-0.05097,0.50000,0.40052,-0.18998,0.000413,-0.000498,0.000000,0.001431,-0.000524
1483,55,conference,mask_conference,environment,network_actively,goal_achieved,0.6753,0.31607,-0.05146,0.50000,0.40195,-0.19051,0.000413,-0.000498,0.000000,0.001432,-0.000524
1484,55,conference,mask_conference,environment,network_actively,delayed,-0.4546,0.31613,-0.05101,0.49856,0.40097,-0.19010,0.000059,0.000451,-0.001440,-0.000978,0.000406
1485,55,conference,mask_conference,environment,network_actively,goal_achieved,0.6780,0.31655,-0.05152,0.50000,0.40241,-0.19062,0.000413,-0.000506,0.001440,0.001435,-0.000519
1486,56,work,mask_work,environment,network_actively,delayed,-1.5122,0.30562,0.50000,-0.50000,-0.50000,-0.28433,0.000665,0.000000,0.000000,0.000000,-0.000690
1487,56,work,mask_work,environment,rest_deeply,goal_achieved,2.1042,0.30578,0.50000,-0.50000,-0.50000,-0.28459,0.000154,0.000000,0.000000,0.000000,-0.000262
1488,56,work,mask_work,environment,handle_backlog,goal_achieved,1.9268,0.30621,0.50000,-0.50000,-0.50000,-0.28502,0.000430,0.000000,0.000000,0.000000,-0.000429
1489,56,work,mask_work,environment,deep_work,goal_achieved,1.7991,0.30713,0.50000,-0.50000,-0.50000,-0.28595,0.000926,0.000000,0.000000,0.000000,-0.000923
1490,56,work,mask_work,environment,deep_work,goal_achieved,1.7991,0.30806,0.50000,-0.50000,-0.50000,-0.28687,0.000926,0.000000,0.000000,0.000000,-0.000923
1491,56,work,mask_work,environment,handle_backlog,goal_achieved,1.9231,0.30849,0.50000,-0.50000,-0.50000,-0.28730,0.000435,0.000000,0.000000,0.000000,-0.000434
1492,56,work,mask_work,environment,handle_backlog,delayed,-1.3826,0.30947,0.50000,-0.50000,-0.50000,-0.28830,0.000978,0.000000,0.000000,0.000000,-0.000995
1493,56,work,mask_work,environment,take_notes,delayed,-1.3791,0.30982,0.50000,-0.50000,-0.50000,-0.28901,0.000354,0.000000,0.000000,0.000000,-0.000715
1494,56,work,mask_work,environment,handle_backlog,goal_achieved,1.9254,0.31026,0.50000,-0.50000,-0.50000,-0.28945,0.000432,0.000000,0.000000,0.000000,-0.000435
1495,56,home,mask_home,environment,rest_deeply,goal_achieved,1.9858,-0.50000,-0.17772,-0.50000,-0.17643,0.10854,0.000000,-0.000260,0.000000,-0.000501,0.000136
1496,56,home,mask_home,environment,network_actively,failed,-2.5626,-0.50000,-0.17779,-0.50000,-0.17755,0.10885,0.000000,-0.000067,0.000000,-0.001126,0.000312
1497,56,home,mask_home,environment,network_actively,failed,-2.5635,-0.50000,-0.17785,-0.50000,-0.17868,0.10916,0.000000,-0.000066,0.000000,-0.001125,0.000311
1498,56,home,mask_home,environment,rest_deeply,goal_achieved,1.9875,-0.50000,-0.17811,-0.50000,-0.17919,0.10930,0.000000,-0.000252,0.000000,-0.000507,0.000134
1499,56,home,mask_home,environment,rest_deeply,goal_achieved,1.9870,-0.50000,-0.17835,-0.50000,-0.17969,0.10943,0.000000,-0.000249,0.000000,-0.000507,0.000132
1500,56,home,mask_home,environment,rest_deeply,goal_achieved,1.9864,-0.50000,-0.17860,-0.50000,-0.18020,0.10956,0.000000,-0.000246,0.000000,-0.000506,0.000131
1501,56,home,mask_home,environment,network_actively,failed,-2.5717,-0.50000,-0.17867,-0.50000,-0.18132,0.10987,0.000000,-0.000066,0.000000,-0.001124,0.000309
1502,56,home,mask_home,environment,network_actively,delayed,-1.6522,-0.50000,-0.17868,-0.50000,-0.18178,0.10992,0.000000,-0.000010,0.000000,-0.000456,0.000048
1503,56,home,mask_home,environment,quick_scan,delayed,-1.4945,-0.50000,-0.17867,-0.50000,-0.18228,0.10996,0.000000,0.000005,0.000000,-0.000500,0.000038
1504,56,conference,mask_conference,environment,network_actively,goal_achieved,0.6757,0.31696,-0.05202,0.50000,0.40384,-0.19114,0.000411,-0.000499,0.000000,0.001433,-0.000523
1505,56,conference,mask_conference,environment,network_actively,goal_achieved,0.6760,0.31737,-0.05252,0.50000,0.40527,-0.19166,0.000411,-0.000499,0.000000,0.001433,-0.000523
1506,56,conference,mask_conference,environment,quick_scan,goal_achieved,0.9598,0.31717,-0.05354,0.50000,0.40538,-0.19096,-0.000197,-0.001022,0.000000,0.000108,0.000707
1507,56,conference,mask_conference,environment,network_actively,goal_achieved,0.6686,0.31758,-0.05404,0.50000,0.40680,-0.19147,0.000403,-0.000496,0.000000,0.001419,-0.000515
1508,56,conference,mask_conference,environment,network_actively,delayed,-0.4606,0.31762,-0.05360,0.49855,0.40581,-0.19105,0.000049,0.000440,-0.001445,-0.000990,0.000422
1509,56,conference,mask_conference,environment,network_actively,goal_achieved,0.6713,0.31803,-0.05410,0.50000,0.40723,-0.19156,0.000404,-0.000504,0.001445,0.001422,-0.000510
1510,56,conference,mask_conference,environment,quick_scan,goal_achieved,0.9604,0.31783,-0.05511,0.50000,0.40733,-0.19086,-0.000200,-0.001011,0.000000,0.000101,0.000705
1511,56,conference,mask_conference,environment,take_notes,goal_achieved,1.1105,0.31826,-0.05513,0.50000,0.40808,-0.19122,0.000427,-0.000021,0.000000,0.000751,-0.000361
1512,56,conference,mask_conference,environment,rest_deeply,goal_achieved,1.3284,0.31853,-0.05546,0.50000,0.40894,-0.19150,0.000271,-0.000326,0.000000,0.000857,-0.000287
1513,57,work,mask_work,environment,deep_work,goal_achieved,1.7996,0.31118,0.50000,-0.50000,-0.50000,-0.29037,0.000920,0.000000,0.000000,0.000000,-0.000922
1514,57,work,mask_work,environment,network_actively,goal_achieved,1.8038,0.31173,0.49976,-0.49880,-0.49994,-0.29073,0.000558,-0.000242,0.001202,0.000058,-0.000363
1515,57,work,mask_work,environment,network_actively,failed,-2.6347,0.31242,0.50000,-0.50000,-0.50000,-0.29152,0.000683,0.000242,-0.001202,-0.000058,-0.000791
1516,57,work,mask_work,environment,deep_work,goal_achieved,1.7977,0.31334,0.50000,-0.50000,-0.50000,-0.29244,0.000920,0.000000,0.000000,0.000000,-0.000920
1517,57,work,mask_work,environment,take_notes,failed,-2.3244,0.31329,0.50000,-0.50000,-0.50000,-0.29324,-0.000048,0.000000,0.000000,0.000000,-0.000796
1518,57,work,mask_work,environment,network_actively,failed,-2.6318,0.31397,0.50000,-0.50000,-0.50000,-0.29403,0.000679,0.000000,0.000000,0.000000,-0.000794
1519,57,work,mask_work,environment,tidy_up,goal_achieved,1.7621,0.31348,0.50000,-0.50000,-0.50000,-0.29479,-0.000489,0.000000,0.000000,0.000000,-0.000755
1520,57,work,mask_work,environment,network_actively,delayed,-1.5284,0.31411,0.50000,-0.50000,-0.50000,-0.29547,0.000631,0.000000,0.000000,0.000000,-0.000688
1521,57,work,mask_work,environment,tidy_up,delayed,-1.4385,0.31512,0.50000,-0.50000,-0.50000,-0.29610,0.001007,0.000000,0.000000,0.000000,-0.000625
1522,57,home,mask_home,environment,zone_out,failed,-2.4537,-0.50000,-0.17792,-0.50000,-0.18181,0.10946,0.000000,0.000753,0.000000,0.000467,-0.000494
1523,57,home,mask_home,environment,network_actively,goal_achieved,1.1222,-0.49917,-0.17775,-0.49929,-0.18023,0.10872,0.000833,0.000167,0.000711,0.001577,-0.000742
1524,57,home,mask_home,environment,network_actively,delayed,-1.6376,-0.50000,-0.17775,-0.50000,-0.18066,0.10876,-0.000833,0.000002,-0.000711,-0.000424,0.000037
1525,57,home,mask_home,environment,tidy_up,failed,-2.4272,-0.50000,-0.17985,-0.50000,-0.18114,0.10961,0.000000,-0.002102,0.000000,-0.000478,0.000858
1526,57,home,mask_home,environment,tidy_up,goal_achieved,1.9665,-0.50000,-0.17912,-0.50000,-0.18160,0.10939,0.000000,0.000730,0.000000,-0.000468,-0.000229
1527,57,home,mask_home,environment,quick_scan,failed,-2.6493,-0.50000,-0.17900,-0.50000,-0.18198,0.10922,0.000000,0.000125,0.000000,-0.000371,-0.000168
1528,57,home,mask_home,environment,zone_out,delayed,-1.3856,-0.50000,-0.17869,-0.50000,-0.18204,0.10903,0.000000,0.000309,0.000000,-0.000062,-0.000183
1529,57,home,mask_home,environment,network_actively,failed,-2.5499,-0.50000,-0.17874,-0.50000,-0.18311,0.10932,0.000000,-0.000051,0.000000,-0.001073,0.000285
1530,57,home,mask_home,environment,network_actively,failed,-2.5507,-0.50000,-0.17879,-0.50000,-0.18418,0.10960,0.000000,-0.000050,0.000000,-0.001072,0.000284
1531,57,conference,mask_conference,environment,network_actively,goal_achieved,0.6593,0.31892,-0.05595,0.50000,0.41034,-0.19201,0.000395,-0.000490,0.000000,0.001402,-0.000506
1532,57,conference,mask_conference,environment,network_actively,goal_achieved,0.6596,0.31932,-0.05644,0.50000,0.41174,-0.19252,0.000395,-0.000489,0.000000,0.001402,-0.000506
1533,57,conference,mask_conference,environment,network_actively,goal_achieved,0.6598,0.31971,-0.05693,0.50000,0.41315,-0.19302,0.000394,-0.000489,0.000000,0.001403,-0.000506
1534,57,conference,mask_conference,environment,network_actively,delayed,-0.4697,0.31975,-0.05649,0.49853,0.41214,-0.19259,0.000040,0.000438,-0.001468,-0.001007,0.000435
1535,57,conference,mask_conference,environment,deep_work,goal_achieved,0.9334,0.32027,-0.05621,0.49899,0.41264,-0.19318,0.000522,0.000281,0.000457,0.000504,-0.000593
1536,57,conference,mask_conference,environment,network_actively,goal_achieved,0.6565,0.32068,-0.05668,0.50000,0.41403,-0.19369,0.000404,-0.000471,0.001011,0.001387,-0.000514
1537,57,conference,mask_conference,environment,network_actively,goal_achieved,0.6550,0.32108,-0.05714,0.50000,0.41542,-0.19421,0.000403,-0.000467,0.000000,0.001386,-0.000517
1538,57,conference,mask_conference,environment,deep_work,failed,-3.8573,0.32125,-0.05785,0.50000,0.41658,-0.19430,0.000172,-0.000710,0.000000,0.001164,-0.000091
1539,57,conference,mask_conference,environment,network_actively,delayed,-0.4723,0.32130,-0.05740,0.49852,0.41557,-0.19387,0.000044,0.000449,-0.001483,-0.001014,0.000430
1540,58,work,mask_work,environment,rest_deeply,failed,-2.5814,0.31597,0.50000,-0.50000,-0.50000,-0.29694,0.000855,0.000000,0.000000,0.000000,-0.000838
1541,58,work,mask_work,environment,rest_deeply,failed,-2.5815,0.31683,0.50000,-0.50000,-0.50000,-0.29778,0.000855,0.000000,0.000000,0.000000,-0.000838
1542,58,work,mask_work,environment,tidy_up,failed,-2.5021,0.31834,0.50000,-0.50000,-0.50000,-0.29836,0.001513,0.000000,0.000000,0.000000,-0.000588
1543,58,work,mask_work,environment,take_notes,goal_achieved,1.4260,0.31991,0.50000,-0.50000,-0.50000,-0.29884,0.001564,0.000000,0.000000,0.000000,-0.000475
1544,58,work,mask_work,environment,handle_backlog,goal_achieved,1.9248,0.32035,0.50000,-0.50000,-0.50000,-0.29929,0.000447,0.000000,0.000000,0.000000,-0.000446
1545,58,work,mask_work,environment,deep_work,goal_achieved,1.7983,0.32128,0.50000,-0.50000,-0.50000,-0.30021,0.000927,0.000000,0.000000,0.000000,-0.000924
1546,58,work,mask_work,environment,take_notes,failed,-2.3235,0.32124,0.50000,-0.50000,-0.50000,-0.30101,-0.000039,0.000000,0.000000,0.000000,-0.000803
1547,58,work,mask_work,environment,take_notes,delayed,-1.3876,0.32160,0.50000,-0.50000,-0.50000,-0.30173,0.000361,0.000000,0.000000,0.000000,-0.000720
1548,58,work,mask_work,environment,rest_deeply,failed,-2.5823,0.32246,0.50000,-0.50000,-0.50000,-0.30257,0.000864,0.000000,0.000000,0.000000,-0.000835
1549,58,home,mask_home,environment,rest_deeply,delayed,-0.3444,-0.50000,-0.17785,-0.50000,-0.18467,0.10941,0.000000,0.000938,0.000000,-0.000488,-0.000192
1550,58,home,mask_home,environment,rest_deeply,goal_achieved,2.0068,-0.50000,-0.17808,-0.50000,-0.18512,0.10952,0.000000,-0.000232,0.000000,-0.000448,0.000106
1551,58,home,mask_home,environment,rest_deeply,goal_achieved,2.0063,-0.50000,-0.17831,-0.50000,-0.18557,0.10962,0.000000,-0.000230,0.000000,-0.000448,0.000105
1552,58,home,mask_home,environment,tidy_up,goal_achieved,1.9811,-0.50000,-0.17758,-0.50000,-0.18602,0.10939,0.000000,0.000735,0.000000,-0.000451,-0.000236
1553,58,home,mask_home,environment,rest_deeply,goal_achieved,2.0044,-0.50000,-0.17780,-0.50000,-0.18646,0.10949,0.000000,-0.000224,0.000000,-0.000445,0.000103
1554,58,home,mask_home,environment,network_actively,failed,-2.5523,-0.50000,-0.17784,-0.50000,-0.18753,0.10977,0.000000,-0.000042,0.000000,-0.001065,0.000281
1555,58,home,mask_home,environment,rest_deeply,goal_achieved,2.0051,-0.50000,-0.17806,-0.50000,-0.18797,0.10987,0.000000,-0.000220,0.000000,-0.000447,0.000101
1556,58,home,mask_home,environment,quick_scan,delayed,-1.4792,-0.50000,-0.17804,-0.50000,-0.18842,0.10989,0.000000,0.000024,0.000000,-0.000444,0.000017
1557,58,home,mask_home,environment,zone_out,delayed,-1.3820,-0.50000,-0.17772,-0.50000,-0.18848,0.10970,0.000000,0.000318,0.000000,-0.000061,-0.000185
1558,58,conference,mask_conference,environment,network_actively,goal_achieved,0.6619,0.32169,-0.05790,0.50000,0.41697,-0.19438,0.000395,-0.000492,0.001483,0.001403,-0.000503
1559,58,conference,mask_conference,environment,network_actively,goal_achieved,0.6596,0.32209,-0.05838,0.50000,0.41837,-0.19488,0.000394,-0.000485,0.000000,0.001400,-0.000507
1560,58,conference,mask_conference,environment,network_actively,goal_achieved,0.6599,0.32248,-0.05887,0.50000,0.41977,-0.19539,0.000394,-0.000484,0.000000,0.001401,-0.000507
1561,58,conference,mask_conference,environment,network_actively,delayed,-0.4730,0.32252,-0.05841,0.49851,0.41876,-0.19496,0.000044,0.000451,-0.001486,-0.001014,0.000429
1562,58,conference,mask_conference,environment,network_actively,goal_achieved,0.6626,0.32292,-0.05891,0.50000,0.42016,-0.19546,0.000394,-0.000492,0.001486,0.001404,-0.000502
1563,58,conference,mask_conference,environment,network_actively,goal_achieved,0.6603,0.32331,-0.05939,0.50000,0.42156,-0.19597,0.000392,-0.000485,0.000000,0.001402,-0.000506
1564,58,conference,mask_conference,environment,network_actively,delayed,-0.4735,0.32336,-0.05894,0.49851,0.42055,-0.19554,0.000045,0.000453,-0.001488,-0.001015,0.000428
1565,58,conference,mask_conference,environment,quick_scan,delayed,-2.1769,0.32398,-0.05880,0.49988,0.42190,-0.19644,0.000629,0.000137,0.001367,0.001350,-0.000901
1566,58,conference,mask_conference,environment,take_notes,goal_achieved,1.1211,0.32441,-0.05881,0.50000,0.42265,-0.19681,0.000427,-0.000012,0.000121,0.000749,-0.000363
1567,59,work,mask_work,environment,take_notes,failed,-2.3218,0.32243,0.50000,-0.50000,-0.50000,-0.30337,-0.000035,0.000000,0.000000,0.000000,-0.000806
1568,59,work,mask_work,environment,deep_work,delayed,-0.7847,0.32188,0.50000,-0.49985,-0.49992,-0.30288,-0.000554,0.000000,0.000155,0.000083,0.000496
1569,59,work,mask_work,environment,deep_work,goal_achieved,1.8124,0.32279,0.50000,-0.50000,-0.50000,-0.30381,0.000915,0.000000,-0.000155,-0.000083,-0.000930
1570,59,work,mask_work,environment,tidy_up,failed,-2.4953,0.32429,0.50000,-0.50000,-0.50000,-0.30439,0.001499,0.000000,0.000000,0.000000,-0.000584
1571,59,work,mask_work,environment,take_notes,failed,-2.3114,0.32426,0.50000,-0.50000,-0.50000,-0.30519,-0.000030,0.000000,0.000000,0.000000,-0.000798
1572,59,work,mask_work,environment,rest_deeply,failed,-2.5622,0.32512,0.50000,-0.50000,-0.50000,-0.30602,0.000856,0.000000,0.000000,0.000000,-0.000829
1573,59,work,mask_work,environment,deep_work,goal_achieved,1.8234,0.32604,0.50000,-0.50000,-0.50000,-0.30695,0.000925,0.000000,0.000000,0.000000,-0.000934
1574,59,work,mask_work,environment,handle_backlog,goal_achieved,1.9524,0.32648,0.50000,-0.50000,-0.50000,-0.30740,0.000442,0.000000,0.000000,0.000000,-0.000453
1575,59,work,mask_work,environment,deep_work,goal_achieved,1.8198,0.32740,0.50000,-0.50000,-0.50000,-0.30833,0.000920,0.000000,0.000000,0.000000,-0.000929
1576,59,home,mask_home,environment,zone_out,failed,-2.4473,-0.50000,-0.17697,-0.50000,-0.18799,0.10920,0.000000,0.000745,0.000000,0.000487,-0.000499
1577,59,home,mask_home,environment,network_actively,failed,-2.5408,-0.50000,-0.17699,-0.50000,-0.18901,0.10947,0.000000,-0.000018,0.000000,-0.001021,0.000260
1578,59,home,mask_home,environment,tidy_up,goal_achieved,1.9945,-0.50000,-0.17624,-0.50000,-0.18942,0.10921,0.000000,0.000752,0.000000,-0.000411,-0.000251
1579,59,home,mask_home,environment,rest_deeply,goal_achieved,2.0198,-0.50000,-0.17644,-0.50000,-0.18983,0.10930,0.000000,-0.000195,0.000000,-0.000404,0.000084
1580,59,home,mask_home,environment,rest_deeply,delayed,-0.3327,-0.50000,-0.17545,-0.50000,-0.19028,0.10908,0.000000,0.000985,0.000000,-0.000452,-0.000219
1581,59,home,mask_home,environment,rest_deeply,delayed,-0.3330,-0.50000,-0.17446,-0.50000,-0.19073,0.10886,0.000000,0.000986,0.000000,-0.000451,-0.000219
1582,59,home,mask_home,environment,tidy_up,goal_achieved,2.0082,-0.50000,-0.17372,-0.50000,-0.19114,0.10862,0.000000,0.000746,0.000000,-0.000403,-0.000244
1583,59,home,mask_home,environment,quick_scan,failed,-2.6185,-0.50000,-0.17355,-0.50000,-0.19145,0.10843,0.000000,0.000166,0.000000,-0.000315,-0.000183
1584,59,home,mask_home,environment,take_notes,delayed,-1.6235,-0.50000,-0.17351,-0.50000,-0.19185,0.10846,0.000000,0.000040,0.000000,-0.000404,0.000023
1585,59,conference,mask_conference,environment,network_actively,goal_achieved,0.6640,0.32481,-0.05930,0.50000,0.42406,-0.19732,0.000397,-0.000484,0.000000,0.001409,-0.000509
1586,59,conference,mask_conference,environment,network_actively,goal_achieved,0.6643,0.32521,-0.05978,0.50000,0.42546,-0.19782,0.000397,-0.000484,0.000000,0.001409,-0.000509
1587,59,conference,mask_conference,environment,network_actively,goal_achieved,0.6646,0.32560,-0.06026,0.50000,0.42687,-0.19833,0.000397,-0.000484,0.000000,0.001410,-0.000509
1588,59,conference,mask_conference,environment,network_actively,goal_achieved,0.6649,0.32600,-0.06075,0.50000,0.42828,-0.19884,0.000396,-0.000483,0.000000,0.001410,-0.000509
1589,59,conference,mask_conference,environment,network_actively,delayed,-0.4738,0.32605,-0.06028,0.49850,0.42727,-0.19843,0.000055,0.000472,-0.001504,-0.001014,0.000416
1590,59,conference,mask_conference,environment,network_actively,goal_achieved,0.6676,0.32645,-0.06077,0.50000,0.42868,-0.19893,0.000396,-0.000492,0.001504,0.001413,-0.000504
1591,59,conference,mask_conference,environment,take_notes,goal_achieved,1.1195,0.32687,-0.06078,0.50000,0.42944,-0.19929,0.000425,-0.000013,0.000000,0.000753,-0.000362
1592,59,conference,mask_conference,environment,network_actively,goal_achieved,0.6643,0.32727,-0.06126,0.50000,0.43085,-0.19980,0.000397,-0.000480,0.000000,0.001409,-0.000508
1593,59,conference,mask_conference,environment,network_actively,goal_achieved,0.6645,0.32767,-0.06174,0.50000,0.43226,-0.20031,0.000397,-0.000480,0.000000,0.001409,-0.000508
1594,60,work,mask_work,environment,take_notes,goal_achieved,1.4270,0.32898,0.50000,-0.50000,-0.50000,-0.30880,0.001573,0.000000,0.000000,0.000000,-0.000470
1595,60,work,mask_work,environment,network_actively,delayed,-1.5128,0.32964,0.50000,-0.50000,-0.50000,-0.30949,0.000662,0.000000,0.000000,0.000000,-0.000691
1596,60,work,mask_work,environment,deep_work,delayed,-0.7829,0.32910,0.50000,-0.49985,-0.49993,-0.30899,-0.000539,0.000000,0.000153,0.000074,0.000499
1597,60,work,mask_work,environment,tidy_up,delayed,-1.4277,0.33010,0.50000,-0.50000,-0.50000,-0.30961,0.000997,0.000000,-0.000153,-0.000074,-0.000621
1598,60,work,mask_work,environment,handle_backlog,goal_achieved,1.9534,0.33054,0.50000,-0.50000,-0.50000,-0.31006,0.000448,0.000000,0.000000,0.000000,-0.000445
1599,60,work,mask_work,environment,deep_work,delayed,-0.7844,0.33001,0.50000,-0.49985,-0.49993,-0.30956,-0.000538,0.000000,0.000153,0.000070,0.000503
1600,60,work,mask_work,environment,tidy_up,goal_achieved,1.7797,0.32950,0.50000,-0.50000,-0.50000,-0.31029,-0.000507,0.000000,-0.000153,-0.000070,-0.000737
1601,60,work,mask_work,environment,tidy_up,goal_achieved,1.7795,0.32899,0.50000,-0.50000,-0.50000,-0.31103,-0.000507,0.000000,0.000000,0.000000,-0.000737
1602,60,work,mask_work,environment,take_notes,delayed,-1.3792,0.32932,0.50000,-0.50000,-0.50000,-0.31173,0.000324,0.000000,0.000000,0.000000,-0.000699
1603,60,home,mask_home,environment,zone_out,delayed,-1.3667,-0.50000,-0.17319,-0.50000,-0.19191,0.10828,0.000000,0.000318,0.000000,-0.000052,-0.000180
1604,60,home,mask_home,environment,quick_scan,delayed,-1.4488,-0.50000,-0.17314,-0.50000,-0.19229,0.10828,0.000000,0.000054,0.000000,-0.000384,0.000001
1605,60,home,mask_home,environment,rest_deeply,goal_achieved,2.0266,-0.50000,-0.17335,-0.50000,-0.19267,0.10836,0.000000,-0.000205,0.000000,-0.000380,0.000085
1606,60,home,mask_home,environment,network_actively,failed,-2.5279,-0.50000,-0.17334,-0.50000,-0.19366,0.10861,0.000000,0.000003,0.000000,-0.000993,0.000247
1607,60,home,mask_home,environment,rest_deeply,delayed,-0.3281,-0.50000,-0.17234,-0.50000,-0.19410,0.10838,0.000000,0.001006,0.000000,-0.000438,-0.000233
1608,60,home,mask_home,environment,network_actively,delayed,-1.5953,-0.50000,-0.17229,-0.50000,-0.19443,0.10837,0.000000,0.000046,0.000000,-0.000328,-0.000002
1609,60,home,mask_home,environment,tidy_up,goal_achieved,2.0215,-0.50000,-0.17155,-0.50000,-0.19481,0.10813,0.000000,0.000746,0.000000,-0.000384,-0.000248
1610,60,home,mask_home,environment,zone_out,goal_achieved,1.8409,-0.50000,-0.17253,-0.50000,-0.19648,0.10890,0.000000,-0.000986,0.000000,-0.001670,0.000772
1611,60,home,mask_home,environment,zone_out,goal_achieved,1.8362,-0.50000,-0.17351,-0.50000,-0.19816,0.10967,0.000000,-0.000978,0.000000,-0.001678,0.000769
1612,60,conference,mask_conference,environment,network_actively,delayed,-0.4764,0.32773,-0.06126,0.49848,0.43124,-0.19990,0.000059,0.000483,-0.001518,-0.001018,0.000413
1613,60,conference,mask_conference,environment,tidy_up,failed,-3.7657,0.32808,-0.06158,0.49975,0.43213,-0.20018,0.000351,-0.000324,0.001266,0.000895,-0.000288
1614,60,conference,mask_conference,environment,network_actively,delayed,-0.4763,0.32814,-0.06110,0.49823,0.43111,-0.19977,0.000060,0.000482,-0.001517,-0.001018,0.000413
1615,60,conference,mask_conference,environment,network_actively,goal_achieved,0.6683,0.32854,-0.06159,0.50000,0.43253,-0.20027,0.000397,-0.000493,0.001769,0.001414,-0.000501
1616,60,conference,mask_conference,environment,network_actively,goal_achieved,0.6655,0.32893,-0.06208,0.50000,0.43394,-0.20078,0.000396,-0.000484,0.000000,0.001411,-0.000505
1617,60,conference,mask_conference,environment,network_actively,goal_achieved,0.6658,0.32933,-0.06256,0.50000,0.43535,-0.20128,0.000395,-0.000484,0.000000,0.001411,-0.000505
1618,60,conference,mask_conference,environment,network_actively,goal_achieved,0.6660,0.32972,-0.06305,0.50000,0.43676,-0.20179,0.000395,-0.000484,0.000000,0.001412,-0.000505
1619,60,conference,mask_conference,environment,quick_scan,goal_achieved,0.9660,0.32952,-0.06403,0.50000,0.43686,-0.20108,-0.000201,-0.000987,0.000000,0.000095,0.000704
1620,60,conference,mask_conference,environment,take_notes,goal_achieved,1.1163,0.32994,-0.06405,0.50000,0.43760,-0.20143,0.000415,-0.000017,0.000000,0.000742,-0.000350
1621,61,work,mask_work,environment,deep_work,delayed,-0.7941,0.32874,0.50000,-0.49984,-0.49992,-0.31123,-0.000573,0.000000,0.000156,0.000080,0.000500
1622,61,work,mask_work,environment,deep_work,goal_achieved,1.8023,0.32964,0.50000,-0.50000,-0.50000,-0.31215,0.000895,0.000000,-0.000156,-0.000080,-0.000926
1623,61,work,mask_work,environment,deep_work,goal_achieved,1.8022,0.33053,0.50000,-0.50000,-0.50000,-0.31308,0.000895,0.000000,0.000000,0.000000,-0.000926
1624,61,work,mask_work,environment,network_actively,delayed,-1.5060,0.33114,0.50000,-0.50000,-0.50000,-0.31375,0.000606,0.000000,0.000000,0.000000,-0.000667
1625,61,work,mask_work,environment,rest_deeply,failed,-2.5689,0.33195,0.50000,-0.50000,-0.50000,-0.31455,0.000807,0.000000,0.000000,0.000000,-0.000804
1626,61,work,mask_work,environment,deep_work,delayed,-0.7920,0.33138,0.50000,-0.49984,-0.49992,-0.31405,-0.000569,0.000000,0.000156,0.000078,0.000497
1627,61,work,mask_work,environment,take_notes,failed,-2.3028,0.33129,0.50000,-0.50000,-0.50000,-0.31483,-0.000085,0.000000,-0.000156,-0.000078,-0.000772
1628,61,work,mask_work,environment,take_notes,goal_achieved,1.4411,0.33281,0.50000,-0.50000,-0.50000,-0.31527,0.001514,0.000000,0.000000,0.000000,-0.000441
1629,61,work,mask_work,environment,tidy_up,delayed,-1.4114,0.33378,0.50000,-0.50000,-0.50000,-0.31587,0.000974,0.000000,0.000000,0.000000,-0.000598
1630,61,home,mask_home,environment,network_actively,failed,-2.5503,-0.50000,-0.17354,-0.50000,-0.19922,0.10995,0.000000,-0.000034,0.000000,-0.001057,0.000278
1631,61,home,mask_home,environment,rest_deeply,goal_achieved,2.0000,-0.50000,-0.17378,-0.50000,-0.19967,0.11006,0.000000,-0.000238,0.000000,-0.000448,0.000114
1632,61,home,mask_home,environment,network_actively,delayed,-1.6266,-0.50000,-0.17377,-0.50000,-0.20006,0.11008,0.000000,0.000015,0.000000,-0.000394,0.000024
1633,61,home,mask_home,environment,rest_deeply,goal_achieved,1.9991,-0.50000,-0.17400,-0.50000,-0.20051,0.11020,0.000000,-0.000235,0.000000,-0.000446,0.000112
1634,61,home,mask_home,environment,network_actively,failed,-2.5559,-0.50000,-0.17404,-0.50000,-0.20156,0.11047,0.000000,-0.000035,0.000000,-0.001055,0.000277
1635,61,home,mask_home,environment,rest_deeply,goal_achieved,1.9997,-0.50000,-0.17427,-0.50000,-0.20201,0.11058,0.000000,-0.000231,0.000000,-0.000448,0.000110
1636,61,home,mask_home,environment,zone_out,goal_achieved,1.8224,-0.50000,-0.17524,-0.50000,-0.20371,0.11135,0.000000,-0.000971,0.000000,-0.001701,0.000768
1637,61,home,mask_home,environment,rest_deeply,goal_achieved,1.9857,-0.50000,-0.17548,-0.50000,-0.20419,0.11147,0.000000,-0.000241,0.000000,-0.000481,0.000120
1638,61,home,mask_home,environment,rest_deeply,delayed,-0.3617,-0.50000,-0.17456,-0.50000,-0.20475,0.11130,0.000000,0.000918,0.000000,-0.000555,-0.000168
1639,61,conference,mask_conference,environment,network_actively,delayed,-0.4837,0.32999,-0.06357,0.49847,0.43657,-0.20101,0.000054,0.000480,-0.001532,-0.001033,0.000425
1640,61,conference,mask_conference,environment,network_actively,goal_achieved,0.6605,0.33038,-0.06406,0.50000,0.43796,-0.20150,0.000390,-0.000485,0.001532,0.001399,-0.000493
1641,61,conference,mask_conference,environment,network_actively,delayed,-0.4840,0.33043,-0.06357,0.49847,0.43693,-0.20108,0.000054,0.000481,-0.001533,-0.001034,0.000425
1642,61,conference,mask_conference,environment,network_actively,goal_achieved,0.6607,0.33082,-0.06406,0.50000,0.43833,-0.20157,0.000389,-0.000486,0.001533,0.001400,-0.000492
1643,61,conference,mask_conference,environment,network_actively,goal_achieved,0.6583,0.33121,-0.06454,0.50000,0.43973,-0.20206,0.000388,-0.000479,0.000000,0.001397,-0.000496
1644,61,conference,mask_conference,environment,deep_work,goal_achieved,0.9356,0.33173,-0.06421,0.50000,0.44020,-0.20266,0.000524,0.000328,0.000000,0.000468,-0.000596
1645,61,conference,mask_conference,environment,network_actively,goal_achieved,0.6537,0.33213,-0.06467,0.50000,0.44158,-0.20317,0.000397,-0.000457,0.000000,0.001381,-0.000507
1646,61,conference,mask_conference,environment,network_actively,goal_achieved,0.6540,0.33253,-0.06513,0.50000,0.44296,-0.20367,0.000396,-0.000457,0.000000,0.001381,-0.000506
1647,61,conference,mask_conference,environment,network_actively,goal_achieved,0.6543,0.33292,-0.06558,0.50000,0.44434,-0.20418,0.000396,-0.000458,0.000000,0.001382,-0.000506
1648,62,work,mask_work,environment,deep_work,goal_achieved,1.8042,0.33469,0.50000,-0.50000,-0.50000,-0.31679,0.000906,0.000000,0.000000,0.000000,-0.000929
1649,62,work,mask_work,environment,deep_work,goal_achieved,1.8041,0.33559,0.50000,-0.50000,-0.50000,-0.31772,0.000906,0.000000,0.000000,0.000000,-0.000929
1650,62,work,mask_work,environment,take_notes,delayed,-1.3686,0.33592,0.50000,-0.50000,-0.50000,-0.31842,0.000324,0.000000,0.000000,0.000000,-0.000693
1651,62,work,mask_work,environment,take_notes,goal_achieved,1.4390,0.33744,0.50000,-0.50000,-0.50000,-0.31886,0.001522,0.000000,0.000000,0.000000,-0.000444
1652,62,work,mask_work,environment,tidy_up,delayed,-1.4197,0.33842,0.50000,-0.50000,-0.50000,-0.31946,0.000983,0.000000,0.000000,0.000000,-0.000602
1653,62,work,mask_work,environment,network_actively,failed,-2.6115,0.33908,0.50000,-0.50000,-0.50000,-0.32024,0.000655,0.000000,0.000000,0.000000,-0.000772
1654,62,work,mask_work,environment,deep_work,goal_achieved,1.8029,0.33999,0.50000,-0.50000,-0.50000,-0.32116,0.000916,0.000000,0.000000,0.000000,-0.000929
1655,62,work,mask_work,environment,deep_work,goal_achieved,1.8029,0.34091,0.50000,-0.50000,-0.50000,-0.32209,0.000916,0.000000,0.000000,0.000000,-0.000929
1656,62,work,mask_work,environment,rest_deeply,failed,-2.5706,0.34173,0.50000,-0.50000,-0.50000,-0.32290,0.000824,0.000000,0.000000,0.000000,-0.000802
1657,62,home,mask_home,environment,rest_deeply,delayed,-0.3620,-0.50000,-0.17364,-0.50000,-0.20530,0.11114,0.000000,0.000918,0.000000,-0.000553,-0.000168
1658,62,home,mask_home,environment,rest_deeply,goal_achieved,1.9869,-0.50000,-0.17390,-0.50000,-0.20577,0.11126,0.000000,-0.000256,0.000000,-0.000475,0.000128
1659,62,home,mask_home,environment,tidy_up,delayed,-1.3106,-0.50000,-0.17531,-0.50000,-0.20628,0.11187,0.000000,-0.001410,0.000000,-0.000507,0.000603
1660,62,home,mask_home,environment,rest_deeply,goal_achieved,1.9882,-0.50000,-0.17556,-0.50000,-0.20676,0.11199,0.000000,-0.000256,0.000000,-0.000477,0.000124
1661,62,home,mask_home,environment,tidy_up,delayed,-1.3168,-0.50000,-0.17696,-0.50000,-0.20727,0.11258,0.000000,-0.001392,0.000000,-0.000510,0.000594
1662,62,home,mask_home,environment,zone_out,goal_achieved,1.8253,-0.50000,-0.17794,-0.50000,-0.20899,0.11335,0.000000,-0.000980,0.000000,-0.001725,0.000771
1663,62,home,mask_home,environment,zone_out,delayed,-1.3523,-0.50000,-0.17759,-0.50000,-0.20903,0.11315,0.000000,0.000351,0.000000,-0.000036,-0.000207
1664,62,home,mask_home,environment,zone_out,goal_achieved,1.8214,-0.50000,-0.17856,-0.50000,-0.21076,0.11392,0.000000,-0.000975,0.000000,-0.001731,0.000769
1665,62,home,mask_home,environment,zone_out,delayed,-1.3529,-0.50000,-0.17820,-0.50000,-0.21079,0.11371,0.000000,0.000358,0.000000,-0.000033,-0.000211
1666,62,conference,mask_conference,environment,network_actively,delayed,-0.4917,0.33299,-0.06507,0.49842,0.44329,-0.20377,0.000066,0.000515,-0.001578,-0.001054,0.000408
1667,62,conference,mask_conference,environment,network_actively,goal_achieved,0.6572,0.33339,-0.06553,0.50000,0.44467,-0.20427,0.000397,-0.000466,0.001578,0.001385,-0.000501
1668,62,conference,mask_conference,environment,network_actively,goal_achieved,0.6548,0.33378,-0.06599,0.50000,0.44605,-0.20478,0.000395,-0.000459,0.000000,0.001383,-0.000505
1669,62,conference,mask_conference,environment,quick_scan,goal_achieved,0.9638,0.33359,-0.06694,0.50000,0.44613,-0.20409,-0.000193,-0.000950,0.000000,0.000074,0.000690
1670,62,conference,mask_conference,environment,network_actively,goal_achieved,0.6480,0.33398,-0.06740,0.50000,0.44750,-0.20459,0.000388,-0.000456,0.000000,0.001370,-0.000498
1671,62,conference,mask_conference,environment,network_actively,delayed,-0.4971,0.33403,-0.06689,0.49842,0.44643,-0.20416,0.000057,0.000505,-0.001582,-0.001065,0.000422
1672,62,conference,mask_conference,environment,quick_scan,goal_achieved,0.9683,0.33384,-0.06784,0.49933,0.44650,-0.20347,-0.000193,-0.000945,0.000911,0.000071,0.000691
1673,62,conference,mask_conference,environment,quick_scan,failed,-3.2270,0.33475,-0.06726,0.50000,0.44824,-0.20493,0.000913,0.000576,0.000671,0.001734,-0.001453
1674,62,conference,mask_conference,environment,network_actively,goal_achieved,0.6498,0.33514,-0.06772,0.50000,0.44961,-0.20542,0.000387,-0.000459,0.000000,0.001373,-0.000497
1675,63,work,mask_work,environment,tidy_up,failed,-2.4887,0.34322,0.50000,-0.50000,-0.50000,-0.32346,0.001486,0.000000,0.000000,0.000000,-0.000568
1676,63,work,mask_work,environment,deep_work,goal_achieved,1.8085,0.34415,0.50000,-0.50000,-0.50000,-0.32439,0.000930,0.000000,0.000000,0.000000,-0.000931
1677,63,work,mask_work,environment,take_notes,failed,-2.3002,0.34410,0.50000,-0.50000,-0.50000,-0.32518,-0.000048,0.000000,0.000000,0.000000,-0.000786
1678,63,work,mask_work,environment,deep_work,goal_achieved,1.8131,0.34502,0.50000,-0.50000,-0.50000,-0.32611,0.000924,0.000000,0.000000,0.000000,-0.000932
1679,63,work,mask_work,environment,deep_work,goal_achieved,1.8131,0.34595,0.50000,-0.50000,-0.50000,-0.32704,0.000924,0.000000,0.000000,0.000000,-0.000932
1680,63,work,mask_work,environment,take_notes,failed,-2.3035,0.34591,0.50000,-0.50000,-0.50000,-0.32783,-0.000044,0.000000,0.000000,0.000000,-0.000790
1681,63,work,mask_work,environment,deep_work,goal_achieved,1.8176,0.34682,0.50000,-0.50000,-0.50000,-0.32877,0.000919,0.000000,0.000000,0.000000,-0.000933
1682,63,work,mask_work,environment,rest_deeply,failed,-2.5642,0.34765,0.50000,-0.50000,-0.50000,-0.32958,0.000831,0.000000,0.000000,0.000000,-0.000811
1683,63,work,mask_work,environment,network_actively,goal_achieved,1.8253,0.34820,0.49978,-0.49874,-0.49994,-0.32994,0.000542,-0.000221,0.001262,0.000064,-0.000357
1684,63,home,mask_home,environment,quick_scan,delayed,-1.4903,-0.50000,-0.17823,-0.50000,-0.21132,0.11376,0.000000,-0.000023,0.000000,-0.000525,0.000058
1685,63,home,mask_home,environment,rest_deeply,goal_achieved,1.9729,-0.50000,-0.17849,-0.50000,-0.21183,0.11389,0.000000,-0.000266,0.000000,-0.000514,0.000130
1686,63,home,mask_home,environment,rest_deeply,goal_achieved,1.9722,-0.50000,-0.17875,-0.50000,-0.21235,0.11402,0.000000,-0.000262,0.000000,-0.000514,0.000128
1687,63,home,mask_home,environment,deep_work,delayed,-1.7856,-0.50000,-0.17879,-0.50000,-0.21288,0.11410,0.000000,-0.000032,0.000000,-0.000532,0.000074
1688,63,home,mask_home,environment,rest_deeply,goal_achieved,1.9713,-0.50000,-0.17904,-0.50000,-0.21339,0.11422,0.000000,-0.000258,0.000000,-0.000513,0.000126
1689,63,home,mask_home,environment,network_actively,failed,-2.5834,-0.50000,-0.17914,-0.50000,-0.21451,0.11453,0.000000,-0.000096,0.000000,-0.001123,0.000309
1690,63,home,mask_home,environment,rest_deeply,goal_achieved,1.9714,-0.50000,-0.17939,-0.50000,-0.21503,0.11465,0.000000,-0.000253,0.000000,-0.000515,0.000123
1691,63,home,mask_home,environment,quick_scan,delayed,-1.4989,-0.50000,-0.17941,-0.50000,-0.21556,0.11471,0.000000,-0.000017,0.000000,-0.000526,0.000053
1692,63,home,mask_home,environment,network_actively,failed,-2.5868,-0.50000,-0.17951,-0.50000,-0.21668,0.11501,0.000000,-0.000095,0.000000,-0.001121,0.000307
1693,63,conference,mask_conference,environment,network_actively,delayed,-0.4970,0.33520,-0.06721,0.49841,0.44855,-0.20500,0.000059,0.000510,-0.001586,-0.001064,0.000418
1694,63,conference,mask_conference,environment,quick_scan,delayed,-2.1731,0.33583,-0.06702,0.49971,0.44986,-0.20591,0.000635,0.000187,0.001300,0.001313,-0.000907
1695,63,conference,mask_conference,environment,network_actively,delayed,-0.4948,0.33590,-0.06650,0.49813,0.44880,-0.20550,0.000067,0.000520,-0.001588,-0.001059,0.000408
1696,63,conference,mask_conference,environment,network_actively,goal_achieved,0.6578,0.33629,-0.06698,0.50000,0.45019,-0.20600,0.000391,-0.000473,0.001873,0.001386,-0.000494
1697,63,conference,mask_conference,environment,quick_scan,delayed,-2.1698,0.33693,-0.06679,0.50000,0.45150,-0.20690,0.000633,0.000187,0.000000,0.001310,-0.000905
1698,63,conference,mask_conference,environment,network_actively,goal_achieved,0.6594,0.33732,-0.06726,0.50000,0.45289,-0.20740,0.000393,-0.000467,0.000000,0.001391,-0.000502
1699,63,conference,mask_conference,environment,quick_scan,delayed,-2.1705,0.33795,-0.06707,0.50000,0.45420,-0.20831,0.000633,0.000182,0.000000,0.001312,-0.000902
1700,63,conference,mask_conference,environment,network_actively,goal_achieved,0.6640,0.33835,-0.06754,0.50000,0.45560,-0.20881,0.000395,-0.000469,0.000000,0.001400,-0.000505
1701,63,conference,mask_conference,environment,quick_scan,goal_achieved,0.9773,0.33815,-0.06850,0.50000,0.45568,-0.20811,-0.000197,-0.000959,0.000000,0.000077,0.000699
1702,64,work,mask_work,environment,handle_backlog,goal_achieved,1.9626,0.34863,0.50000,-0.49982,-0.50000,-0.33039,0.000435,0.000221,-0.001087,-0.000064,-0.000451
1703,64,work,mask_work,environment,take_notes,failed,-2.3101,0.34859,0.50000,-0.50000,-0.50000,-0.33118,-0.000043,0.000000,-0.000175,0.000000,-0.000788
1704,64,work,mask_work,environment,tidy_up,delayed,-1.4185,0.34957,0.50000,-0.50000,-0.50000,-0.33179,0.000979,0.000000,0.000000,0.000000,-0.000619
1705,64,work,mask_work,environment,tidy_up,delayed,-1.4186,0.35055,0.50000,-0.50000,-0.50000,-0.33241,0.000979,0.000000,0.000000,0.000000,-0.000619
1706,64,work,mask_work,environment,take_notes,goal_achieved,1.4355,0.35211,0.50000,-0.50000,-0.50000,-0.33287,0.001560,0.000000,0.000000,0.000000,-0.000454
1707,64,work,mask_work,environment,handle_backlog,delayed,-1.3448,0.35310,0.50000,-0.50000,-0.50000,-0.33387,0.000991,0.000000,0.000000,0.000000,-0.001008
1708,64,work,mask_work,environment,tidy_up,failed,-2.4884,0.35458,0.50000,-0.50000,-0.50000,-0.33446,0.001487,0.000000,0.000000,0.000000,-0.000582
1709,64,work,mask_work,environment,network_actively,goal_achieved,1.8321,0.35515,0.49977,-0.49874,-0.49994,-0.33481,0.000565,-0.000231,0.001263,0.000062,-0.000357
1710,64,work,mask_work,environment,deep_work,goal_achieved,1.8206,0.35609,0.50000,-0.50000,-0.50000,-0.33575,0.000944,0.000231,-0.001263,-0.000062,-0.000933
1711,64,home,mask_home,environment,network_actively,delayed,-1.6578,-0.50000,-0.17952,-0.50000,-0.21714,0.11505,0.000000,-0.000017,0.000000,-0.000459,0.000040
1712,64,home,mask_home,environment,network_actively,goal_achieved,1.1327,-0.49916,-0.17931,-0.49935,-0.21561,0.11430,0.000838,0.000214,0.000653,0.001527,-0.000757
1713,64,home,mask_home,environment,rest_deeply,goal_achieved,1.9689,-0.50000,-0.17956,-0.50000,-0.21612,0.11442,-0.000838,-0.000253,-0.000653,-0.000506,0.000120
1714,64,home,mask_home,environment,network_actively,delayed,-1.6587,-0.50000,-0.17958,-0.50000,-0.21657,0.11446,0.000000,-0.000021,0.000000,-0.000459,0.000042
1715,64,home,mask_home,environment,network_actively,failed,-2.5890,-0.50000,-0.17968,-0.50000,-0.21769,0.11477,0.000000,-0.000097,0.000000,-0.001120,0.000307
1716,64,home,mask_home,environment,tidy_up,goal_achieved,1.9607,-0.50000,-0.17900,-0.50000,-0.21821,0.11456,0.000000,0.000686,0.000000,-0.000514,-0.000208
1717,64,home,mask_home,environment,network_actively,delayed,-1.6610,-0.50000,-0.17901,-0.50000,-0.21866,0.11460,0.000000,-0.000016,0.000000,-0.000455,0.000040
1718,64,home,mask_home,environment,tidy_up,delayed,-1.3552,-0.50000,-0.18039,-0.50000,-0.21920,0.11519,0.000000,-0.001375,0.000000,-0.000542,0.000588
1719,64,home,mask_home,environment,rest_deeply,goal_achieved,1.9665,-0.50000,-0.18063,-0.50000,-0.21971,0.11530,0.000000,-0.000245,0.000000,-0.000504,0.000114
1720,64,conference,mask_conference,environment,network_actively,delayed,-0.4950,0.33822,-0.06798,0.49841,0.45462,-0.20771,0.000069,0.000527,-0.001593,-0.001058,0.000404
1721,64,conference,mask_conference,environment,network_actively,goal_achieved,0.6602,0.33861,-0.06845,0.50000,0.45601,-0.20820,0.000390,-0.000474,0.001593,0.001391,-0.000494
1722,64,conference,mask_conference,environment,quick_scan,goal_achieved,0.9790,0.33841,-0.06940,0.50000,0.45608,-0.20751,-0.000199,-0.000950,0.000000,0.000070,0.000697
1723,64,conference,mask_conference,environment,take_notes,goal_achieved,1.1238,0.33882,-0.06939,0.50000,0.45678,-0.20785,0.000410,0.000010,0.000000,0.000702,-0.000341
1724,64,conference,mask_conference,environment,network_actively,delayed,-0.5013,0.33888,-0.06887,0.49840,0.45571,-0.20743,0.000064,0.000524,-0.001605,-0.001071,0.000415
1725,64,conference,mask_conference,environment,network_actively,goal_achieved,0.6528,0.33927,-0.06934,0.50000,0.45709,-0.20792,0.000384,-0.000469,0.001605,0.001377,-0.000487
1726,64,conference,mask_conference,environment,quick_scan,delayed,-2.1668,0.33990,-0.06914,0.50000,0.45839,-0.20882,0.000632,0.000199,0.000000,0.001303,-0.000905
1727,64,conference,mask_conference,environment,quick_scan,goal_achieved,0.9814,0.33970,-0.07008,0.50000,0.45845,-0.20813,-0.000199,-0.000942,0.000000,0.000064,0.000698
1728,64,conference,mask_conference,environment,tidy_up,failed,-3.7679,0.34003,-0.07036,0.50000,0.45928,-0.20840,0.000332,-0.000281,0.000000,0.000830,-0.000270
1729,65,work,mask_work,environment,deep_work,goal_achieved,1.8203,0.35704,0.50000,-0.50000,-0.50000,-0.33668,0.000944,0.000000,0.000000,0.000000,-0.000933
1730,65,work,mask_work,environment,rest_deeply,failed,-2.5665,0.35789,0.50000,-0.50000,-0.50000,-0.33749,0.000857,0.000000,0.000000,0.000000,-0.000811
1731,65,work,mask_work,environment,rest_deeply,failed,-2.5666,0.35875,0.50000,-0.50000,-0.50000,-0.33830,0.000856,0.000000,0.000000,0.000000,-0.000811
1732,65,work,mask_work,environment,deep_work,goal_achieved,1.8231,0.35970,0.50000,-0.50000,-0.50000,-0.33924,0.000950,0.000000,0.000000,0.000000,-0.000938
1733,65,work,mask_work,environment,take_notes,failed,-2.3019,0.35970,0.50000,-0.50000,-0.50000,-0.34004,-0.000005,0.000000,0.000000,0.000000,-0.000803
1734,65,work,mask_work,environment,deep_work,delayed,-0.7655,0.35918,0.50000,-0.49980,-0.49992,-0.33955,-0.000519,0.000000,0.000196,0.000077,0.000489
1735,65,work,mask_work,environment,deep_work,delayed,-0.7655,0.35866,0.50000,-0.49961,-0.49985,-0.33906,-0.000519,0.000000,0.000196,0.000077,0.000489
1736,65,work,mask_work,environment,deep_work,goal_achieved,1.8276,0.35960,0.50000,-0.50000,-0.50000,-0.34000,0.000944,0.000000,-0.000391,-0.000154,-0.000939
1737,65,work,mask_work,environment,take_notes,delayed,-1.3556,0.35998,0.50000,-0.50000,-0.50000,-0.34071,0.000379,0.000000,0.000000,0.000000,-0.000706
1738,65,home,mask_home,environment,rest_deeply,goal_achieved,1.9659,-0.50000,-0.18087,-0.50000,-0.22021,0.11541,0.000000,-0.000242,0.000000,-0.000504,0.000112
1739,65,home,mask_home,environment,zone_out,goal_achieved,1.7881,-0.50000,-0.18184,-0.50000,-0.22197,0.11618,0.000000,-0.000970,0.000000,-0.001756,0.000763
1740,65,home,mask_home,environment,network_actively,failed,-2.6067,-0.50000,-0.18196,-0.50000,-0.22312,0.11649,0.000000,-0.000116,0.000000,-0.001148,0.000317
1741,65,home,mask_home,environment,tidy_up,failed,-2.4852,-0.50000,-0.18400,-0.50000,-0.22370,0.11734,0.000000,-0.002038,0.000000,-0.000589,0.000849
1742,65,home,mask_home,environment,rest_deeply,delayed,-0.3686,-0.50000,-0.18324,-0.50000,-0.22435,0.11726,0.000000,0.000759,0.000000,-0.000649,-0.000087
1743,65,home,mask_home,environment,network_actively,delayed,-1.6666,-0.50000,-0.18327,-0.50000,-0.22484,0.11730,0.000000,-0.000035,0.000000,-0.000489,0.000047
1744,65,home,mask_home,environment,tidy_up,goal_achieved,1.9509,-0.50000,-0.18258,-0.50000,-0.22539,0.11709,0.000000,0.000694,0.000000,-0.000547,-0.000211
1745,65,home,mask_home,environment,network_actively,failed,-2.6000,-0.50000,-0.18270,-0.50000,-0.22654,0.11741,0.000000,-0.000122,0.000000,-0.001147,0.000318
1746,65,home,mask_home,environment,tidy_up,goal_achieved,1.9522,-0.50000,-0.18201,-0.50000,-0.22708,0.11720,0.000000,0.000690,0.000000,-0.000546,-0.000208
1747,65,conference,mask_conference,environment,network_actively,goal_achieved,0.6488,0.34041,-0.07082,0.50000,0.46065,-0.20888,0.000380,-0.000462,0.000000,0.001371,-0.000488
1748,65,conference,mask_conference,environment,network_actively,delayed,-0.5034,0.34047,-0.07030,0.49839,0.45958,-0.20846,0.000062,0.000522,-0.001608,-0.001075,0.000419
1749,65,conference,mask_conference,environment,network_actively,goal_achieved,0.6517,0.34086,-0.07077,0.50000,0.46095,-0.20895,0.000381,-0.000471,0.001608,0.001375,-0.000483
1750,65,conference,mask_conference,environment,network_actively,goal_achieved,0.6493,0.34123,-0.07123,0.50000,0.46233,-0.20943,0.000379,-0.000464,0.000000,0.001372,-0.000487
1751,65,conference,mask_conference,environment,network_actively,delayed,-0.5039,0.34130,-0.07071,0.49839,0.46125,-0.20902,0.000063,0.000523,-0.001610,-0.001076,0.000419
1752,65,conference,mask_conference,environment,quick_scan,goal_achieved,0.9888,0.34110,-0.07165,0.49929,0.46131,-0.20832,-0.000199,-0.000938,0.000899,0.000061,0.000699
1753,65,conference,mask_conference,environment,network_actively,delayed,-0.5082,0.34115,-0.07113,0.49768,0.46023,-0.20789,0.000055,0.000514,-0.001612,-0.001085,0.000431
1754,65,conference,mask_conference,environment,network_actively,delayed,-0.5091,0.34121,-0.07062,0.49606,0.45914,-0.20746,0.000058,0.000518,-0.001616,-0.001086,0.000429
1755,65,conference,mask_conference,environment,quick_scan,goal_achieved,1.0008,0.34101,-0.07155,0.49695,0.45919,-0.20675,-0.000199,-0.000935,0.000893,0.000054,0.000703
1756,66,work,mask_work,environment,take_notes,delayed,-1.3556,0.36036,0.50000,-0.50000,-0.50000,-0.34142,0.000379,0.000000,0.000000,0.000000,-0.000706
1757,66,work,mask_work,environment,take_notes,failed,-2.2909,0.36034,0.50000,-0.50000,-0.50000,-0.34221,-0.000019,0.000000,0.000000,0.000000,-0.000790
1758,66,work,mask_work,environment,take_notes,delayed,-1.3556,0.36072,0.50000,-0.50000,-0.50000,-0.34291,0.000379,0.000000,0.000000,0.000000,-0.000706
1759,66,work,mask_work,environment,tidy_up,goal_achieved,1.8082,0.36021,0.50000,-0.50000,-0.50000,-0.34366,-0.000511,0.000000,0.000000,0.000000,-0.000750
1760,66,work,mask_work,environment,deep_work,goal_achieved,1.8317,0.36113,0.50000,-0.50000,-0.50000,-0.34461,0.000918,0.000000,0.000000,0.000000,-0.000943
1761,66,work,mask_work,environment,deep_work,goal_achieved,1.8316,0.36205,0.50000,-0.50000,-0.50000,-0.34555,0.000918,0.000000,0.000000,0.000000,-0.000943
1762,66,work,mask_work,environment,deep_work,goal_achieved,1.8316,0.36297,0.50000,-0.50000,-0.50000,-0.34649,0.000918,0.000000,0.000000,0.000000,-0.000943
1763,66,work,mask_work,environment,deep_work,goal_achieved,1.8316,0.36388,0.50000,-0.50000,-0.50000,-0.34743,0.000918,0.000000,0.000000,0.000000,-0.000943
1764,66,work,mask_work,environment,take_notes,failed,-2.3025,0.36386,0.50000,-0.50000,-0.50000,-0.34823,-0.000025,0.000000,0.000000,0.000000,-0.000799
1765,66,home,mask_home,environment,network_actively,goal_achieved,1.1270,-0.49914,-0.18177,-0.49939,-0.22558,0.11643,0.000859,0.000244,0.000615,0.001501,-0.000769
1766,66,home,mask_home,environment,network_actively,failed,-2.5987,-0.50000,-0.18189,-0.50000,-0.22673,0.11675,-0.000859,-0.000121,-0.000615,-0.001146,0.000319
1767,66,home,mask_home,environment,zone_out,goal_achieved,1.7842,-0.50000,-0.18285,-0.50000,-0.22849,0.11751,0.000000,-0.000965,0.000000,-0.001766,0.000761
1768,66,home,mask_home,environment,tidy_up,delayed,-1.3891,-0.50000,-0.18421,-0.50000,-0.22909,0.11810,0.000000,-0.001356,0.000000,-0.000599,0.000589
1769,66,home,mask_home,environment,network_actively,goal_achieved,1.1174,-0.49914,-0.18396,-0.49941,-0.22762,0.11733,0.000864,0.000251,0.000591,0.001471,-0.000771
1770,66,home,mask_home,environment,rest_deeply,goal_achieved,1.9377,-0.50000,-0.18422,-0.50000,-0.22817,0.11745,-0.000864,-0.000264,-0.000591,-0.000546,0.000123
1771,66,home,mask_home,environment,network_actively,failed,-2.6129,-0.50000,-0.18437,-0.50000,-0.22934,0.11779,0.000000,-0.000144,0.000000,-0.001176,0.000331
1772,66,home,mask_home,environment,network_actively,delayed,-1.6816,-0.50000,-0.18441,-0.50000,-0.22986,0.11784,0.000000,-0.000044,0.000000,-0.000513,0.000055
1773,66,home,mask_home,environment,rest_deeply,goal_achieved,1.9351,-0.50000,-0.18466,-0.50000,-0.23040,0.11796,0.000000,-0.000254,0.000000,-0.000545,0.000117
1774,66,conference,mask_conference,environment,network_actively,goal_achieved,0.6418,0.34138,-0.07202,0.49888,0.46055,-0.20722,0.000368,-0.000474,0.001925,0.001355,-0.000466
1775,66,conference,mask_conference,environment,deep_work,goal_achieved,0.9448,0.34188,-0.07168,0.49919,0.46095,-0.20778,0.000498,0.000346,0.000317,0.000399,-0.000558
1776,66,conference,mask_conference,environment,network_actively,goal_achieved,0.6337,0.34225,-0.07212,0.50000,0.46228,-0.20826,0.000375,-0.000443,0.000805,0.001335,-0.000482
1777,66,conference,mask_conference,environment,network_actively,goal_achieved,0.6326,0.34263,-0.07256,0.50000,0.46362,-0.20874,0.000374,-0.000440,0.000000,0.001334,-0.000484
1778,66,conference,mask_conference,environment,network_actively,goal_achieved,0.6328,0.34300,-0.07300,0.50000,0.46495,-0.20923,0.000374,-0.000440,0.000000,0.001335,-0.000484
1779,66,conference,mask_conference,environment,take_notes,goal_achieved,1.1207,0.34340,-0.07297,0.50000,0.46560,-0.20955,0.000399,0.000033,0.000000,0.000650,-0.000326
1780,66,conference,mask_conference,environment,network_actively,goal_achieved,0.6322,0.34377,-0.07341,0.50000,0.46694,-0.21004,0.000375,-0.000437,0.000000,0.001333,-0.000483
1781,66,conference,mask_conference,environment,network_actively,goal_achieved,0.6324,0.34415,-0.07384,0.50000,0.46827,-0.21052,0.000375,-0.000436,0.000000,0.001334,-0.000483
1782,66,conference,mask_conference,environment,quick_scan,failed,-3.2158,0.34507,-0.07322,0.50000,0.46996,-0.21197,0.000917,0.000623,0.000000,0.001690,-0.001455
1783,67,work,mask_work,environment,tidy_up,failed,-2.4712,0.36533,0.50000,-0.50000,-0.50000,-0.34882,0.001468,0.000000,0.000000,0.000000,-0.000590
1784,67,work,mask_work,environment,take_notes,delayed,-1.3633,0.36571,0.50000,-0.50000,-0.50000,-0.34954,0.000383,0.000000,0.000000,0.000000,-0.000714
1785,67,work,mask_work,environment,tidy_up,failed,-2.4699,0.36718,0.50000,-0.50000,-0.50000,-0.35013,0.001466,0.000000,0.000000,0.000000,-0.000591
1786,67,work,mask_work,environment,deep_work,goal_achieved,1.8447,0.36811,0.50000,-0.50000,-0.50000,-0.35107,0.000931,0.000000,0.000000,0.000000,-0.000943
1787,67,work,mask_work,environment,take_notes,failed,-2.2963,0.36811,0.50000,-0.50000,-0.50000,-0.35187,-0.000002,0.000000,0.000000,0.000000,-0.000799
1788,67,work,mask_work,environment,network_actively,failed,-2.5677,0.36879,0.50000,-0.50000,-0.50000,-0.35268,0.000684,0.000000,0.000000,0.000000,-0.000809
1789,67,work,mask_work,environment,tidy_up,failed,-2.4662,0.37025,0.50000,-0.50000,-0.50000,-0.35327,0.001462,0.000000,0.000000,0.000000,-0.000595
1790,67,work,mask_work,environment,take_notes,failed,-2.2912,0.37026,0.50000,-0.50000,-0.50000,-0.35407,0.000008,0.000000,0.000000,0.000000,-0.000800
1791,67,work,mask_work,environment,deep_work,goal_achieved,1.8578,0.37119,0.50000,-0.50000,-0.50000,-0.35502,0.000931,0.000000,0.000000,0.000000,-0.000946
1792,67,home,mask_home,environment,tidy_up,goal_achieved,1.9295,-0.50000,-0.18398,-0.50000,-0.23096,0.11775,0.000000,0.000680,0.000000,-0.000557,-0.000207
1793,67,home,mask_home,environment,quick_scan,failed,-2.6958,-0.50000,-0.18392,-0.50000,-0.23144,0.11762,0.000000,0.000069,0.000000,-0.000478,-0.000133
1794,67,home,mask_home,environment,rest_deeply,delayed,-0.3859,-0.50000,-0.18317,-0.50000,-0.23210,0.11754,0.000000,0.000743,0.000000,-0.000664,-0.000081
1795,67,home,mask_home,environment,rest_deeply,goal_achieved,1.9364,-0.50000,-0.18343,-0.50000,-0.23264,0.11765,0.000000,-0.000256,0.000000,-0.000536,0.000116
1796,67,home,mask_home,environment,rest_deeply,goal_achieved,1.9357,-0.50000,-0.18368,-0.50000,-0.23317,0.11777,0.000000,-0.000253,0.000000,-0.000536,0.000114
1797,67,home,mask_home,environment,tidy_up,goal_achieved,1.9348,-0.50000,-0.18301,-0.50000,-0.23372,0.11756,0.000000,0.000676,0.000000,-0.000548,-0.000208
1798,67,home,mask_home,environment,tidy_up,goal_achieved,1.9351,-0.50000,-0.18234,-0.50000,-0.23427,0.11736,0.000000,0.000670,0.000000,-0.000546,-0.000205
1799,67,home,mask_home,environment,network_actively,failed,-2.6173,-0.50000,-0.18246,-0.50000,-0.23542,0.11767,0.000000,-0.000126,0.000000,-0.001159,0.000320
1800,67,home,mask_home,environment,rest_deeply,goal_achieved,1.9335,-0.50000,-0.18271,-0.50000,-0.23596,0.11779,0.000000,-0.000245,0.000000,-0.000532,0.000112
1801,67,conference,mask_conference,environment,network_actively,delayed,-0.5170,0.34514,-0.07266,0.49833,0.46885,-0.21157,0.000072,0.000558,-0.001667,-0.001107,0.000409
1802,67,conference,mask_conference,environment,network_actively,goal_achieved,0.6434,0.34552,-0.07311,0.50000,0.47020,-0.21205,0.000382,-0.000450,0.001667,0.001352,-0.000483
1803,67,conference,mask_conference,environment,network_actively,goal_achieved,0.6409,0.34590,-0.07355,0.50000,0.47155,-0.21254,0.000380,-0.000443,0.000000,0.001349,-0.000487
1804,67,conference,mask_conference,environment,network_actively,goal_achieved,0.6411,0.34628,-0.07400,0.50000,0.47290,-0.21302,0.000380,-0.000443,0.000000,0.001350,-0.000487
1805,67,conference,mask_conference,environment,deep_work,goal_achieved,0.9401,0.34679,-0.07363,0.50000,0.47331,-0.21360,0.000512,0.000363,0.000000,0.000407,-0.000576
1806,67,conference,mask_conference,environment,network_actively,goal_achieved,0.6371,0.34718,-0.07406,0.50000,0.47464,-0.21410,0.000388,-0.000425,0.000000,0.001335,-0.000496
1807,67,conference,mask_conference,environment,tidy_up,failed,-3.7754,0.34752,-0.07429,0.50000,0.47543,-0.21438,0.000341,-0.000232,0.000000,0.000785,-0.000281
1808,67,conference,mask_conference,environment,network_actively,goal_achieved,0.6379,0.34791,-0.07472,0.50000,0.47677,-0.21487,0.000388,-0.000426,0.000000,0.001336,-0.000495
1809,67,conference,mask_conference,environment,quick_scan,delayed,-2.1725,0.34856,-0.07446,0.50000,0.47803,-0.21579,0.000647,0.000253,0.000000,0.001263,-0.000923
1810,68,work,mask_work,environment,take_notes,delayed,-1.3574,0.37160,0.50000,-0.50000,-0.50000,-0.35574,0.000407,0.000000,0.000000,0.000000,-0.000718
1811,68,work,mask_work,environment,deep_work,goal_achieved,1.8592,0.37253,0.50000,-0.50000,-0.50000,-0.35668,0.000929,0.000000,0.000000,0.000000,-0.000946
1812,68,work,mask_work,environment,handle_backlog,goal_achieved,2.0000,0.37297,0.50000,-0.50000,-0.50000,-0.35715,0.000446,0.000000,0.000000,0.000000,-0.000465
1813,68,work,mask_work,environment,deep_work,delayed,-0.7358,0.37244,0.50000,-0.49979,-0.49993,-0.35666,-0.000537,0.000000,0.000207,0.000071,0.000487
1814,68,work,mask_work,environment,take_notes,failed,-2.2913,0.37244,0.50000,-0.50000,-0.50000,-0.35745,0.000000,0.000000,-0.000207,-0.000071,-0.000792
1815,68,work,mask_work,environment,take_notes,failed,-2.2913,0.37244,0.50000,-0.50000,-0.50000,-0.35825,0.000000,0.000000,0.000000,0.000000,-0.000792
1816,68,work,mask_work,environment,tidy_up,failed,-2.4534,0.37387,0.50000,-0.50000,-0.50000,-0.35884,0.001438,0.000000,0.000000,0.000000,-0.000591
1817,68,work,mask_work,environment,take_notes,failed,-2.2878,0.37388,0.50000,-0.50000,-0.50000,-0.35963,0.000010,0.000000,0.000000,0.000000,-0.000791
1818,68,work,mask_work,environment,network_actively,goal_achieved,1.8799,0.37442,0.49974,-0.49869,-0.49993,-0.35999,0.000537,-0.000263,0.001313,0.000065,-0.000362
1819,68,home,mask_home,environment,network_actively,failed,-2.6207,-0.50000,-0.18283,-0.50000,-0.23711,0.11810,0.000000,-0.000124,0.000000,-0.001158,0.000318
1820,68,home,mask_home,environment,zone_out,goal_achieved,1.7662,-0.50000,-0.18378,-0.50000,-0.23889,0.11886,0.000000,-0.000952,0.000000,-0.001774,0.000752
1821,68,home,mask_home,environment,tidy_up,delayed,-1.4091,-0.50000,-0.18513,-0.50000,-0.23950,0.11944,0.000000,-0.001351,0.000000,-0.000616,0.000586
1822,68,home,mask_home,environment,rest_deeply,goal_achieved,1.9218,-0.50000,-0.18538,-0.50000,-0.24007,0.11956,0.000000,-0.000243,0.000000,-0.000564,0.000113
1823,68,home,mask_home,environment,network_actively,delayed,-1.6993,-0.50000,-0.18541,-0.50000,-0.24060,0.11961,0.000000,-0.000037,0.000000,-0.000529,0.000050
1824,68,home,mask_home,environment,rest_deeply,delayed,-0.3940,-0.50000,-0.18470,-0.50000,-0.24130,0.11955,0.000000,0.000709,0.000000,-0.000706,-0.000057
1825,68,home,mask_home,environment,network_actively,failed,-2.6287,-0.50000,-0.18485,-0.50000,-0.24249,0.11988,0.000000,-0.000143,0.000000,-0.001186,0.000328
1826,68,home,mask_home,environment,network_actively,failed,-2.6299,-0.50000,-0.18499,-0.50000,-0.24368,0.12020,0.000000,-0.000141,0.000000,-0.001186,0.000327
1827,68,home,mask_home,environment,network_actively,failed,-2.6312,-0.50000,-0.18513,-0.50000,-0.24486,0.12053,0.000000,-0.000140,0.000000,-0.001185,0.000326
1828,68,conference,mask_conference,environment,network_actively,goal_achieved,0.6425,0.34895,-0.07489,0.50000,0.47937,-0.21629,0.000391,-0.000429,0.000000,0.001344,-0.000498
1829,68,conference,mask_conference,environment,quick_scan,goal_achieved,0.9770,0.34876,-0.07578,0.50000,0.47941,-0.21562,-0.000183,-0.000890,0.000000,0.000037,0.000675
1830,68,conference,mask_conference,environment,network_actively,goal_achieved,0.6368,0.34915,-0.07621,0.50000,0.48074,-0.21611,0.000385,-0.000426,0.000000,0.001334,-0.000492
1831,68,conference,mask_conference,environment,network_actively,goal_achieved,0.6370,0.34953,-0.07664,0.50000,0.48208,-0.21660,0.000384,-0.000426,0.000000,0.001334,-0.000492
1832,68,conference,mask_conference,environment,network_actively,delayed,-0.5264,0.34961,-0.07605,0.49829,0.48095,-0.21620,0.000082,0.000589,-0.001712,-0.001130,0.000397
1833,68,conference,mask_conference,environment,deep_work,failed,-3.8175,0.34973,-0.07681,0.50000,0.48210,-0.21620,0.000119,-0.000767,0.001712,0.001150,0.000002
1834,68,conference,mask_conference,environment,network_actively,delayed,-0.5214,0.34981,-0.07625,0.49832,0.48098,-0.21579,0.000073,0.000566,-0.001681,-0.001114,0.000409
1835,68,conference,mask_conference,environment,network_actively,goal_achieved,0.6444,0.35018,-0.07670,0.50000,0.48234,-0.21627,0.000376,-0.000455,0.001681,0.001352,-0.000476
1836,68,conference,mask_conference,environment,quick_scan,delayed,-2.1636,0.35082,-0.07647,0.50000,0.48361,-0.21718,0.000636,0.000236,0.000000,0.001274,-0.000911
1837,69,work,mask_work,environment,network_actively,failed,-2.5425,0.37510,0.50000,-0.50000,-0.50000,-0.36079,0.000674,0.000263,-0.001313,-0.000065,-0.000805
1838,69,work,mask_work,environment,take_notes,delayed,-1.3541,0.37550,0.50000,-0.50000,-0.50000,-0.36150,0.000407,0.000000,0.000000,0.000000,-0.000706
1839,69,work,mask_work,environment,handle_backlog,goal_achieved,2.0208,0.37594,0.50000,-0.50000,-0.50000,-0.36196,0.000432,0.000000,0.000000,0.000000,-0.000459
1840,69,work,mask_work,environment,take_notes,delayed,-1.3571,0.37634,0.50000,-0.50000,-0.50000,-0.36266,0.000403,0.000000,0.000000,0.000000,-0.000702
1841,69,work,mask_work,environment,take_notes,failed,-2.2925,0.37634,0.50000,-0.50000,-0.50000,-0.36345,0.000006,0.000000,0.000000,0.000000,-0.000786
1842,69,work,mask_work,environment,take_notes,goal_achieved,1.4490,0.37794,0.50000,-0.50000,-0.50000,-0.36390,0.001594,0.000000,0.000000,0.000000,-0.000451
1843,69,work,mask_work,environment,tidy_up,delayed,-1.3843,0.37887,0.50000,-0.50000,-0.50000,-0.36453,0.000934,0.000000,0.000000,0.000000,-0.000629
1844,69,work,mask_work,environment,take_notes,delayed,-1.3559,0.37928,0.50000,-0.50000,-0.50000,-0.36523,0.000406,0.000000,0.000000,0.000000,-0.000702
1845,69,work,mask_work,environment,deep_work,goal_achieved,1.8693,0.38020,0.50000,-0.50000,-0.50000,-0.36617,0.000917,0.000000,0.000000,0.000000,-0.000940
1846,69,home,mask_home,environment,quick_scan,failed,-2.7002,-0.50000,-0.18506,-0.50000,-0.24537,0.12040,0.000000,0.000071,0.000000,-0.000511,-0.000128
1847,69,home,mask_home,environment,zone_out,failed,-2.3913,-0.49985,-0.18418,-0.50000,-0.24473,0.11979,0.000149,0.000880,0.000000,0.000643,-0.000616
1848,69,home,mask_home,environment,zone_out,failed,-2.3914,-0.49971,-0.18331,-0.50000,-0.24409,0.11918,0.000138,0.000870,0.000000,0.000639,-0.000610
1849,69,home,mask_home,environment,rest_deeply,goal_achieved,1.9472,-0.50000,-0.18353,-0.50000,-0.24460,0.11927,-0.000288,-0.000224,0.000000,-0.000506,0.000092
1850,69,home,mask_home,environment,rest_deeply,goal_achieved,1.9461,-0.50000,-0.18375,-0.50000,-0.24510,0.11936,0.000000,-0.000219,0.000000,-0.000506,0.000090
1851,69,home,mask_home,environment,rest_deeply,goal_achieved,1.9456,-0.50000,-0.18397,-0.50000,-0.24561,0.11945,0.000000,-0.000216,0.000000,-0.000506,0.000088
1852,69,home,mask_home,environment,network_actively,failed,-2.6156,-0.50000,-0.18408,-0.50000,-0.24673,0.11974,0.000000,-0.000111,0.000000,-0.001123,0.000297
1853,69,home,mask_home,environment,quick_scan,failed,-2.6851,-0.50000,-0.18398,-0.50000,-0.24719,0.11959,0.000000,0.000093,0.000000,-0.000455,-0.000148
1854,69,home,mask_home,environment,network_actively,failed,-2.6147,-0.50000,-0.18409,-0.50000,-0.24830,0.11989,0.000000,-0.000108,0.000000,-0.001119,0.000291
1855,69,conference,mask_conference,environment,network_actively,goal_achieved,0.6461,0.35120,-0.07692,0.50000,0.48497,-0.21766,0.000378,-0.000451,0.000000,0.001358,-0.000483
1856,69,conference,mask_conference,environment,network_actively,goal_achieved,0.6464,0.35157,-0.07737,0.50000,0.48633,-0.21815,0.000377,-0.000451,0.000000,0.001358,-0.000483
1857,69,conference,mask_conference,environment,network_actively,goal_achieved,0.6466,0.35195,-0.07782,0.50000,0.48768,-0.21863,0.000377,-0.000451,0.000000,0.001358,-0.000483
1858,69,conference,mask_conference,environment,quick_scan,goal_achieved,0.9832,0.35176,-0.07873,0.50000,0.48774,-0.21794,-0.000195,-0.000908,0.000000,0.000053,0.000686
1859,69,conference,mask_conference,environment,rest_deeply,failed,-3.6151,0.35211,-0.07891,0.50000,0.48855,-0.21824,0.000349,-0.000182,0.000000,0.000813,-0.000292
1860,69,conference,mask_conference,environment,take_notes,goal_achieved,1.1211,0.35251,-0.07888,0.50000,0.48922,-0.21856,0.000401,0.000031,0.000000,0.000666,-0.000327
1861,69,conference,mask_conference,environment,network_actively,goal_achieved,0.6411,0.35288,-0.07932,0.50000,0.49056,-0.21904,0.000374,-0.000443,0.000000,0.001347,-0.000478
1862,69,conference,mask_conference,environment,network_actively,goal_achieved,0.6414,0.35325,-0.07976,0.50000,0.49191,-0.21952,0.000374,-0.000443,0.000000,0.001348,-0.000478
1863,69,conference,mask_conference,environment,take_notes,goal_achieved,1.1187,0.35366,-0.07974,0.50000,0.49258,-0.21984,0.000401,0.000029,0.000000,0.000670,-0.000327
1864,70,work,mask_work,environment,take_notes,failed,-2.2926,0.38021,0.50000,-0.50000,-0.50000,-0.36696,0.000012,0.000000,0.000000,0.000000,-0.000788
1865,70,work,mask_work,environment,tidy_up,delayed,-1.3810,0.38114,0.50000,-0.50000,-0.50000,-0.36759,0.000929,0.000000,0.000000,0.000000,-0.000633
1866,70,work,mask_work,environment,network_actively,failed,-2.5393,0.38181,0.50000,-0.50000,-0.50000,-0.36840,0.000673,0.000000,0.000000,0.000000,-0.000804
1867,70,work,mask_work,environment,deep_work,delayed,-0.7154,0.38126,0.50000,-0.49978,-0.49993,-0.36791,-0.000545,0.000000,0.000221,0.000067,0.000487
1868,70,work,mask_work,environment,tidy_up,failed,-2.4438,0.38268,0.50000,-0.50000,-0.50000,-0.36849,0.001415,0.000000,-0.000221,-0.000067,-0.000585
1869,70,work,mask_work,environment,take_notes,failed,-2.2805,0.38270,0.50000,-0.50000,-0.50000,-0.36927,0.000017,0.000000,0.000000,0.000000,-0.000781
1870,70,work,mask_work,environment,tidy_up,goal_achieved,1.8403,0.38214,0.50000,-0.50000,-0.50000,-0.37003,-0.000561,0.000000,0.000000,0.000000,-0.000753
1871,70,work,mask_work,environment,network_actively,delayed,-1.4262,0.38276,0.50000,-0.50000,-0.50000,-0.37071,0.000622,0.000000,0.000000,0.000000,-0.000687
1872,70,work,mask_work,environment,deep_work,goal_achieved,1.8778,0.38367,0.50000,-0.50000,-0.50000,-0.37166,0.000908,0.000000,0.000000,0.000000,-0.000943
1873,70,home,mask_home,environment,quick_scan,failed,-2.6844,-0.50000,-0.18400,-0.50000,-0.24876,0.11974,0.000000,0.000093,0.000000,-0.000457,-0.000147
1874,70,home,mask_home,environment,zone_out,goal_achieved,1.7646,-0.50000,-0.18496,-0.50000,-0.25056,0.12049,0.000000,-0.000958,0.000000,-0.001798,0.000750
1875,70,home,mask_home,environment,network_actively,failed,-2.6255,-0.50000,-0.18507,-0.50000,-0.25170,0.12079,0.000000,-0.000118,0.000000,-0.001142,0.000296
1876,70,home,mask_home,environment,quick_scan,goal_achieved,1.9433,-0.50000,-0.18540,-0.50000,-0.25251,0.12141,0.000000,-0.000330,0.000000,-0.000805,0.000623
1877,70,home,mask_home,environment,network_actively,failed,-2.6339,-0.50000,-0.18552,-0.50000,-0.25365,0.12171,0.000000,-0.000119,0.000000,-0.001147,0.000305
1878,70,home,mask_home,environment,zone_out,failed,-2.3899,-0.49983,-0.18463,-0.50000,-0.25300,0.12109,0.000169,0.000890,0.000000,0.000654,-0.000622
1879,70,home,mask_home,environment,zone_out,failed,-2.3900,-0.49967,-0.18376,-0.50000,-0.25235,0.12048,0.000157,0.000879,0.000000,0.000651,-0.000615
1880,70,home,mask_home,environment,rest_deeply,goal_achieved,1.9532,-0.50000,-0.18395,-0.50000,-0.25283,0.12055,-0.000326,-0.000197,0.000000,-0.000486,0.000078
1881,70,home,mask_home,environment,zone_out,goal_achieved,1.7541,-0.50000,-0.18492,-0.50000,-0.25465,0.12132,0.000000,-0.000966,0.000000,-0.001812,0.000765
1882,70,conference,mask_conference,environment,network_actively,delayed,-0.5270,0.35374,-0.07915,0.49830,0.49146,-0.21944,0.000080,0.000584,-0.001702,-0.001124,0.000406
1883,70,conference,mask_conference,environment,network_actively,goal_achieved,0.6436,0.35411,-0.07960,0.50000,0.49281,-0.21991,0.000376,-0.000449,0.001702,0.001349,-0.000472
1884,70,conference,mask_conference,environment,network_actively,goal_achieved,0.6411,0.35449,-0.08004,0.50000,0.49415,-0.22039,0.000374,-0.000442,0.000000,0.001347,-0.000476
1885,70,conference,mask_conference,environment,network_actively,delayed,-0.5275,0.35457,-0.07946,0.49830,0.49303,-0.21998,0.000080,0.000586,-0.001705,-0.001125,0.000405
1886,70,conference,mask_conference,environment,network_actively,goal_achieved,0.6441,0.35494,-0.07991,0.50000,0.49438,-0.22045,0.000375,-0.000451,0.001705,0.001350,-0.000471
1887,70,conference,mask_conference,environment,network_actively,goal_achieved,0.6416,0.35531,-0.08035,0.50000,0.49573,-0.22093,0.000373,-0.000444,0.000000,0.001348,-0.000475
1888,70,conference,mask_conference,environment,network_actively,delayed,-0.5281,0.35540,-0.07976,0.49829,0.49460,-0.22052,0.000081,0.000588,-0.001707,-0.001126,0.000404
1889,70,conference,mask_conference,environment,quick_scan,goal_achieved,0.9907,0.35521,-0.08066,0.49917,0.49465,-0.21983,-0.000191,-0.000897,0.000877,0.000050,0.000687
1890,70,conference,mask_conference,environment,quick_scan,failed,-3.2130,0.35612,-0.08003,0.50000,0.49633,-0.22128,0.000915,0.000631,0.000830,0.001677,-0.001443
1891,71,work,mask_work,environment,deep_work,goal_achieved,1.8777,0.38457,0.50000,-0.50000,-0.50000,-0.37260,0.000907,0.000000,0.000000,0.000000,-0.000943
1892,71,work,mask_work,environment,deep_work,goal_achieved,1.8777,0.38548,0.50000,-0.50000,-0.50000,-0.37354,0.000907,0.000000,0.000000,0.000000,-0.000943
1893,71,work,mask_work,environment,tidy_up,goal_achieved,1.8364,0.38493,0.50000,-0.50000,-0.50000,-0.37430,-0.000555,0.000000,0.000000,0.000000,-0.000759
1894,71,work,mask_work,environment,handle_backlog,goal_achieved,2.0265,0.38534,0.50000,-0.50000,-0.50000,-0.37477,0.000412,0.000000,0.000000,0.000000,-0.000464
1895,71,work,mask_work,environment,rest_deeply,failed,-2.5154,0.38613,0.50000,-0.50000,-0.50000,-0.37557,0.000789,0.000000,0.000000,0.000000,-0.000806
1896,71,work,mask_work,environment,tidy_up,delayed,-1.3759,0.38705,0.50000,-0.50000,-0.50000,-0.37620,0.000922,0.000000,0.000000,0.000000,-0.000632
1897,71,work,mask_work,environment,tidy_up,delayed,-1.3759,0.38797,0.50000,-0.50000,-0.50000,-0.37684,0.000922,0.000000,0.000000,0.000000,-0.000632
1898,71,work,mask_work,environment,take_notes,goal_achieved,1.4476,0.38956,0.50000,-0.50000,-0.50000,-0.37729,0.001588,0.000000,0.000000,0.000000,-0.000451
1899,71,work,mask_work,environment,deep_work,goal_achieved,1.8681,0.39047,0.50000,-0.50000,-0.50000,-0.37823,0.000907,0.000000,0.000000,0.000000,-0.000941
1900,71,home,mask_home,environment,rest_deeply,goal_achieved,1.9404,-0.50000,-0.18511,-0.50000,-0.25516,0.12140,0.000000,-0.000196,0.000000,-0.000511,0.000080
1901,71,home,mask_home,environment,rest_deeply,goal_achieved,1.9399,-0.50000,-0.18531,-0.50000,-0.25567,0.12148,0.000000,-0.000193,0.000000,-0.000510,0.000079
1902,71,home,mask_home,environment,tidy_up,goal_achieved,1.9406,-0.50000,-0.18461,-0.50000,-0.25619,0.12125,0.000000,0.000697,0.000000,-0.000527,-0.000227
1903,71,home,mask_home,environment,quick_scan,delayed,-1.5340,-0.50000,-0.18461,-0.50000,-0.25673,0.12129,0.000000,0.000001,0.000000,-0.000537,0.000036
1904,71,home,mask_home,environment,tidy_up,delayed,-1.4032,-0.50000,-0.18589,-0.50000,-0.25731,0.12183,0.000000,-0.001283,0.000000,-0.000574,0.000547
1905,71,home,mask_home,environment,quick_scan,delayed,-1.5331,-0.50000,-0.18589,-0.50000,-0.25784,0.12187,0.000000,-0.000001,0.000000,-0.000539,0.000035
1906,71,home,mask_home,environment,network_actively,failed,-2.6332,-0.50000,-0.18600,-0.50000,-0.25896,0.12216,0.000000,-0.000109,0.000000,-0.001116,0.000291
1907,71,home,mask_home,environment,tidy_up,delayed,-1.4071,-0.50000,-0.18726,-0.50000,-0.25954,0.12270,0.000000,-0.001261,0.000000,-0.000578,0.000537
1908,71,home,mask_home,environment,rest_deeply,goal_achieved,1.9396,-0.50000,-0.18745,-0.50000,-0.26005,0.12277,0.000000,-0.000183,0.000000,-0.000512,0.000069
1909,71,conference,mask_conference,environment,network_actively,goal_achieved,0.6435,0.35649,-0.08048,0.50000,0.49768,-0.22175,0.000373,-0.000447,0.000000,0.001351,-0.000474
1910,71,conference,mask_conference,environment,deep_work,failed,-3.8137,0.35661,-0.08124,0.50000,0.49883,-0.22174,0.000113,-0.000762,0.000000,0.001150,0.000008
1911,71,conference,mask_conference,environment,network_actively,goal_achieved,0.6478,0.35697,-0.08170,0.50000,0.50000,-0.22221,0.000365,-0.000463,0.000000,0.001172,-0.000465
1912,71,conference,mask_conference,environment,deep_work,failed,-3.8158,0.35708,-0.08246,0.50000,0.50000,-0.22220,0.000112,-0.000757,0.000000,0.000000,0.000005
1913,71,conference,mask_conference,environment,network_actively,goal_achieved,0.6516,0.35744,-0.08294,0.50000,0.50000,-0.22266,0.000357,-0.000478,0.000000,0.000000,-0.000458
1914,71,conference,mask_conference,environment,take_notes,goal_achieved,1.1336,0.35782,-0.08294,0.50000,0.50000,-0.22297,0.000384,-0.000006,0.000000,0.000000,-0.000306
1915,71,conference,mask_conference,environment,network_actively,delayed,-0.5206,0.35789,-0.08239,0.49834,0.49890,-0.22255,0.000069,0.000556,-0.001663,-0.001100,0.000422
1916,71,conference,mask_conference,environment,network_actively,delayed,-0.5214,0.35796,-0.08183,0.49667,0.49780,-0.22213,0.000072,0.000560,-0.001667,-0.001101,0.000420
1917,71,conference,mask_conference,environment,network_actively,goal_achieved,0.6565,0.35833,-0.08232,0.49866,0.49918,-0.22257,0.000361,-0.000492,0.001988,0.001382,-0.000447
1918,72,work,mask_work,environment,network_actively,goal_achieved,1.8730,0.39099,0.49974,-0.49868,-0.49993,-0.37859,0.000524,-0.000261,0.001325,0.000065,-0.000358
1919,72,work,mask_work,environment,deep_work,goal_achieved,1.8652,0.39189,0.50000,-0.50000,-0.50000,-0.37953,0.000905,0.000261,-0.001325,-0.000065,-0.000939
1920,72,work,mask_work,environment,handle_backlog,goal_achieved,2.0189,0.39232,0.50000,-0.50000,-0.50000,-0.37999,0.000431,0.000000,0.000000,0.000000,-0.000466
1921,72,work,mask_work,environment,take_notes,failed,-2.3021,0.39233,0.50000,-0.50000,-0.50000,-0.38078,0.000002,0.000000,0.000000,0.000000,-0.000785
1922,72,work,mask_work,environment,tidy_up,failed,-2.4576,0.39374,0.50000,-0.50000,-0.50000,-0.38136,0.001415,0.000000,0.000000,0.000000,-0.000588
1923,72,work,mask_work,environment,deep_work,goal_achieved,1.8687,0.39465,0.50000,-0.50000,-0.50000,-0.38230,0.000906,0.000000,0.000000,0.000000,-0.000936
1924,72,work,mask_work,environment,network_actively,failed,-2.5450,0.39532,0.50000,-0.50000,-0.50000,-0.38310,0.000668,0.000000,0.000000,0.000000,-0.000804
1925,72,work,mask_work,environment,take_notes,goal_achieved,1.4415,0.39691,0.50000,-0.50000,-0.50000,-0.38356,0.001596,0.000000,0.000000,0.000000,-0.000450
1926,72,work,mask_work,environment,network_actively,failed,-2.5504,0.39759,0.50000,-0.50000,-0.50000,-0.38436,0.000675,0.000000,0.000000,0.000000,-0.000803
1927,72,home,mask_home,environment,rest_deeply,delayed,-0.3631,-0.50000,-0.18676,-0.50000,-0.26075,0.12271,0.000000,0.000691,0.000000,-0.000695,-0.000053
1928,72,home,mask_home,environment,network_actively,failed,-2.6290,-0.50000,-0.18687,-0.50000,-0.26186,0.12300,0.000000,-0.000114,0.000000,-0.001116,0.000291
1929,72,home,mask_home,environment,quick_scan,delayed,-1.5266,-0.50000,-0.18687,-0.50000,-0.26241,0.12304,0.000000,-0.000000,0.000000,-0.000544,0.000034
1930,72,home,mask_home,environment,network_actively,delayed,-1.6886,-0.50000,-0.18686,-0.50000,-0.26286,0.12304,0.000000,0.000011,0.000000,-0.000458,0.000006
1931,72,home,mask_home,environment,network_actively,delayed,-1.6888,-0.50000,-0.18685,-0.50000,-0.26332,0.12305,0.000000,0.000011,0.000000,-0.000457,0.000006
1932,72,home,mask_home,environment,zone_out,goal_achieved,1.7400,-0.50000,-0.18781,-0.50000,-0.26516,0.12381,0.000000,-0.000958,0.000000,-0.001844,0.000761
1933,72,home,mask_home,environment,network_actively,delayed,-1.7001,-0.50000,-0.18780,-0.50000,-0.26565,0.12382,0.000000,0.000004,0.000000,-0.000482,0.000013
1934,72,home,mask_home,environment,tidy_up,delayed,-1.4208,-0.50000,-0.18904,-0.50000,-0.26625,0.12436,0.000000,-0.001241,0.000000,-0.000604,0.000532
1935,72,home,mask_home,environment,rest_deeply,goal_achieved,1.9284,-0.50000,-0.18923,-0.50000,-0.26678,0.12443,0.000000,-0.000191,0.000000,-0.000531,0.000072
1936,72,conference,mask_conference,environment,network_actively,goal_achieved,0.6534,0.35868,-0.08280,0.50000,0.50000,-0.22303,0.000358,-0.000483,0.001342,0.000819,-0.000452
1937,72,conference,mask_conference,environment,quick_scan,failed,-3.2027,0.35958,-0.08221,0.50000,0.50000,-0.22444,0.000899,0.000595,0.000000,0.000000,-0.001419
1938,72,conference,mask_conference,environment,network_actively,goal_achieved,0.6587,0.35995,-0.08269,0.50000,0.50000,-0.22491,0.000363,-0.000482,0.000000,0.000000,-0.000461
1939,72,conference,mask_conference,environment,network_actively,goal_achieved,0.6589,0.36031,-0.08317,0.50000,0.50000,-0.22537,0.000362,-0.000481,0.000000,0.000000,-0.000461
1940,72,conference,mask_conference,environment,take_notes,goal_achieved,1.1441,0.36070,-0.08318,0.50000,0.50000,-0.22568,0.000389,-0.000006,0.000000,0.000000,-0.000310
1941,72,conference,mask_conference,environment,network_actively,delayed,-0.5191,0.36078,-0.08260,0.49832,0.49890,-0.22527,0.000083,0.000579,-0.001677,-0.001095,0.000404
1942,72,conference,mask_conference,environment,network_actively,goal_achieved,0.6611,0.36115,-0.08309,0.50000,0.50000,-0.22573,0.000365,-0.000487,0.001677,0.001095,-0.000455
1943,72,conference,mask_conference,environment,network_actively,goal_achieved,0.6585,0.36151,-0.08357,0.50000,0.50000,-0.22619,0.000363,-0.000480,0.000000,0.000000,-0.000459
1944,72,conference,mask_conference,environment,network_actively,goal_achieved,0.6587,0.36187,-0.08404,0.50000,0.50000,-0.22665,0.000363,-0.000479,0.000000,0.000000,-0.000459
1945,73,work,mask_work,environment,handle_backlog,goal_achieved,2.0216,0.39803,0.50000,-0.50000,-0.50000,-0.38483,0.000444,0.000000,0.000000,0.000000,-0.000469
1946,73,work,mask_work,environment,deep_work,goal_achieved,1.8632,0.39894,0.50000,-0.50000,-0.50000,-0.38576,0.000910,0.000000,0.000000,0.000000,-0.000933
1947,73,work,mask_work,environment,take_notes,delayed,-1.3664,0.39935,0.50000,-0.50000,-0.50000,-0.38646,0.000407,0.000000,0.000000,0.000000,-0.000703
1948,73,work,mask_work,environment,take_notes,failed,-2.3014,0.39936,0.50000,-0.50000,-0.50000,-0.38725,0.000011,0.000000,0.000000,0.000000,-0.000788
1949,73,work,mask_work,environment,deep_work,goal_achieved,1.8678,0.40026,0.50000,-0.50000,-0.50000,-0.38819,0.000904,0.000000,0.000000,0.000000,-0.000935
1950,73,work,mask_work,environment,handle_backlog,goal_achieved,2.0235,0.40070,0.50000,-0.50000,-0.50000,-0.38866,0.000441,0.000000,0.000000,0.000000,-0.000474
1951,73,work,mask_work,environment,deep_work,delayed,-0.7240,0.40015,0.50000,-0.49978,-0.49994,-0.38816,-0.000557,0.000000,0.000223,0.000059,0.000499
1952,73,work,mask_work,environment,take_notes,failed,-2.2998,0.40015,0.50000,-0.50000,-0.50000,-0.38894,0.000003,0.000000,-0.000223,-0.000059,-0.000779
1953,73,work,mask_work,environment,tidy_up,failed,-2.4568,0.40155,0.50000,-0.50000,-0.50000,-0.38952,0.001402,0.000000,0.000000,0.000000,-0.000583
1954,73,home,mask_home,environment,tidy_up,goal_achieved,1.9324,-0.50000,-0.18853,-0.50000,-0.26733,0.12419,0.000000,0.000704,0.000000,-0.000551,-0.000234
1955,73,home,mask_home,environment,rest_deeply,goal_achieved,1.9267,-0.50000,-0.18872,-0.50000,-0.26786,0.12426,0.000000,-0.000187,0.000000,-0.000528,0.000071
1956,73,home,mask_home,environment,rest_deeply,goal_achieved,1.9264,-0.50000,-0.18890,-0.50000,-0.26839,0.12433,0.000000,-0.000185,0.000000,-0.000527,0.000070
1957,73,home,mask_home,environment,network_actively,failed,-2.6485,-0.50000,-0.18903,-0.50000,-0.26952,0.12463,0.000000,-0.000130,0.000000,-0.001134,0.000296
1958,73,home,mask_home,environment,rest_deeply,goal_achieved,1.9267,-0.50000,-0.18921,-0.50000,-0.27005,0.12470,0.000000,-0.000183,0.000000,-0.000527,0.000068
1959,73,home,mask_home,environment,tidy_up,goal_achieved,1.9285,-0.50000,-0.18852,-0.50000,-0.27060,0.12447,0.000000,0.000697,0.000000,-0.000547,-0.000232
1960,73,home,mask_home,environment,network_actively,failed,-2.6530,-0.50000,-0.18864,-0.50000,-0.27173,0.12476,0.000000,-0.000125,0.000000,-0.001130,0.000293
1961,73,home,mask_home,environment,network_actively,failed,-2.6539,-0.50000,-0.18877,-0.50000,-0.27285,0.12505,0.000000,-0.000125,0.000000,-0.001128,0.000292
1962,73,home,mask_home,environment,rest_deeply,goal_achieved,1.9262,-0.50000,-0.18894,-0.50000,-0.27338,0.12512,0.000000,-0.000177,0.000000,-0.000526,0.000066
1963,73,conference,mask_conference,environment,network_actively,goal_achieved,0.6589,0.36223,-0.08452,0.50000,0.50000,-0.22710,0.000362,-0.000479,0.000000,0.000000,-0.000460
1964,73,conference,mask_conference,environment,take_notes,goal_achieved,1.1437,0.36262,-0.08453,0.50000,0.50000,-0.22741,0.000388,-0.000007,0.000000,0.000000,-0.000309
1965,73,conference,mask_conference,environment,quick_scan,goal_achieved,0.9970,0.36241,-0.08546,0.50000,0.50000,-0.22671,-0.000207,-0.000928,0.000000,0.000000,0.000707
1966,73,conference,mask_conference,environment,network_actively,delayed,-0.5249,0.36249,-0.08488,0.49831,0.49889,-0.22629,0.000077,0.000577,-0.001688,-0.001106,0.000413
1967,73,conference,mask_conference,environment,network_actively,goal_achieved,0.6553,0.36285,-0.08536,0.50000,0.50000,-0.22674,0.000359,-0.000480,0.001688,0.001106,-0.000450
1968,73,conference,mask_conference,environment,network_actively,goal_achieved,0.6527,0.36321,-0.08583,0.50000,0.50000,-0.22720,0.000357,-0.000473,0.000000,0.000000,-0.000454
1969,73,conference,mask_conference,environment,quick_scan,goal_achieved,0.9969,0.36300,-0.08675,0.50000,0.50000,-0.22649,-0.000209,-0.000919,0.000000,0.000000,0.000705
1970,73,conference,mask_conference,environment,deep_work,failed,-3.8169,0.36310,-0.08750,0.50000,0.50000,-0.22648,0.000105,-0.000748,0.000000,0.000000,0.000015
1971,73,conference,mask_conference,environment,network_actively,goal_achieved,0.6505,0.36345,-0.08798,0.50000,0.50000,-0.22692,0.000345,-0.000481,0.000000,0.000000,-0.000443
1972,74,work,mask_work,environment,rest_deeply,goal_achieved,2.1744,0.40166,0.50000,-0.50000,-0.50000,-0.38977,0.000108,0.000000,0.000000,0.000000,-0.000248
1973,74,work,mask_work,environment,take_notes,delayed,-1.3653,0.40206,0.50000,-0.50000,-0.50000,-0.39046,0.000399,0.000000,0.000000,0.000000,-0.000688
1974,74,work,mask_work,environment,tidy_up,failed,-2.4595,0.40345,0.50000,-0.50000,-0.50000,-0.39104,0.001392,0.000000,0.000000,0.000000,-0.000577
1975,74,work,mask_work,environment,handle_backlog,goal_achieved,2.0362,0.40389,0.50000,-0.50000,-0.50000,-0.39150,0.000437,0.000000,0.000000,0.000000,-0.000461
1976,74,work,mask_work,environment,take_notes,failed,-2.2997,0.40390,0.50000,-0.50000,-0.50000,-0.39226,0.000008,0.000000,0.000000,0.000000,-0.000768
1977,74,work,mask_work,environment,deep_work,goal_achieved,1.8729,0.40479,0.50000,-0.50000,-0.50000,-0.39319,0.000897,0.000000,0.000000,0.000000,-0.000923
1978,74,work,mask_work,environment,deep_work,delayed,-0.7159,0.40423,0.50000,-0.49978,-0.49994,-0.39268,-0.000561,0.000000,0.000224,0.000056,0.000507
1979,74,work,mask_work,environment,network_actively,failed,-2.5356,0.40488,0.50000,-0.50000,-0.50000,-0.39346,0.000650,0.000000,-0.000224,-0.000056,-0.000781
1980,74,work,mask_work,environment,network_actively,goal_achieved,1.8803,0.40539,0.49970,-0.49866,-0.49994,-0.39379,0.000507,-0.000298,0.001341,0.000064,-0.000332
1981,74,home,mask_home,environment,rest_deeply,goal_achieved,1.9260,-0.50000,-0.18912,-0.50000,-0.27391,0.12518,0.000000,-0.000176,0.000000,-0.000525,0.000065
1982,74,home,mask_home,environment,rest_deeply,delayed,-0.3689,-0.50000,-0.18847,-0.50000,-0.27465,0.12516,0.000000,0.000645,0.000000,-0.000740,-0.000025
1983,74,home,mask_home,environment,network_actively,delayed,-1.7073,-0.50000,-0.18847,-0.50000,-0.27511,0.12516,0.000000,0.000007,0.000000,-0.000469,0.000005
1984,74,home,mask_home,environment,network_actively,failed,-2.6532,-0.50000,-0.18859,-0.50000,-0.27624,0.12545,0.000000,-0.000125,0.000000,-0.001123,0.000291
1985,74,home,mask_home,environment,zone_out,failed,-2.3736,-0.49975,-0.18768,-0.50000,-0.27553,0.12480,0.000247,0.000913,0.000000,0.000711,-0.000652
1986,74,home,mask_home,environment,rest_deeply,goal_achieved,1.9356,-0.50000,-0.18785,-0.50000,-0.27602,0.12486,-0.000247,-0.000170,0.000000,-0.000497,0.000059
1987,74,home,mask_home,environment,network_actively,failed,-2.6466,-0.50000,-0.18796,-0.50000,-0.27712,0.12514,0.000000,-0.000111,0.000000,-0.001095,0.000279
1988,74,home,mask_home,environment,network_actively,goal_achieved,1.1386,-0.49902,-0.18755,-0.49956,-0.27560,0.12428,0.000982,0.000414,0.000443,0.001519,-0.000860
1989,74,home,mask_home,environment,rest_deeply,goal_achieved,1.9341,-0.49992,-0.18772,-0.50000,-0.27609,0.12434,-0.000899,-0.000174,-0.000443,-0.000491,0.000059
1990,74,conference,mask_conference,environment,quick_scan,failed,-3.2039,0.36434,-0.08739,0.50000,0.50000,-0.22834,0.000893,0.000594,0.000000,0.000000,-0.001416
1991,74,conference,mask_conference,environment,network_actively,goal_achieved,0.6580,0.36469,-0.08787,0.50000,0.50000,-0.22878,0.000350,-0.000486,0.000000,0.000000,-0.000448
1992,74,conference,mask_conference,environment,take_notes,goal_achieved,1.1432,0.36507,-0.08790,0.50000,0.50000,-0.22908,0.000374,-0.000022,0.000000,0.000000,-0.000295
1993,74,conference,mask_conference,environment,network_actively,goal_achieved,0.6574,0.36542,-0.08838,0.50000,0.50000,-0.22953,0.000351,-0.000483,0.000000,0.000000,-0.000448
1994,74,conference,mask_conference,environment,network_actively,delayed,-0.5226,0.36549,-0.08781,0.49833,0.49890,-0.22911,0.000073,0.000569,-0.001674,-0.001096,0.000419
1995,74,conference,mask_conference,environment,quick_scan,goal_achieved,1.0038,0.36528,-0.08875,0.49928,0.49900,-0.22839,-0.000214,-0.000937,0.000954,0.000092,0.000716
1996,74,conference,mask_conference,environment,network_actively,goal_achieved,0.6530,0.36562,-0.08923,0.50000,0.50000,-0.22883,0.000346,-0.000483,0.000720,0.001004,-0.000441
1997,74,conference,mask_conference,environment,network_actively,goal_achieved,0.6520,0.36597,-0.08971,0.50000,0.50000,-0.22928,0.000345,-0.000479,0.000000,0.000000,-0.000443
1998,74,conference,mask_conference,environment,rest_deeply,failed,-3.6003,0.36630,-0.08991,0.50000,0.50000,-0.22954,0.000332,-0.000203,0.000000,0.000000,-0.000261
1999,75,work,mask_work,environment,deep_work,goal_achieved,1.8716,0.40628,0.50000,-0.50000,-0.50000,-0.39471,0.000896,0.000298,-0.001341,-0.000064,-0.000922
2000,75,work,mask_work,environment,tidy_up,delayed,-1.3867,0.40717,0.50000,-0.50000,-0.50000,-0.39533,0.000889,0.000000,0.000000,0.000000,-0.000612
2001,75,work,mask_work,environment,deep_work,goal_achieved,1.8723,0.40807,0.50000,-0.50000,-0.50000,-0.39625,0.000899,0.000000,0.000000,0.000000,-0.000921
2002,75,work,mask_work,environment,deep_work,delayed,-0.7162,0.40751,0.50000,-0.49977,-0.49994,-0.39574,-0.000558,0.000000,0.000234,0.000060,0.000509
2003,75,work,mask_work,environment,take_notes,failed,-2.2933,0.40752,0.50000,-0.50000,-0.50000,-0.39650,0.000002,0.000000,-0.000234,-0.000060,-0.000759
2004,75,work,mask_work,environment,take_notes,failed,-2.2934,0.40752,0.50000,-0.50000,-0.50000,-0.39726,0.000003,0.000000,0.000000,0.000000,-0.000759
2005,75,work,mask_work,environment,tidy_up,goal_achieved,1.8375,0.40692,0.50000,-0.50000,-0.50000,-0.39799,-0.000596,0.000000,0.000000,0.000000,-0.000732
2006,75,work,mask_work,environment,network_actively,delayed,-1.4260,0.40752,0.50000,-0.50000,-0.50000,-0.39866,0.000593,0.000000,0.000000,0.000000,-0.000668
2007,75,work,mask_work,environment,deep_work,goal_achieved,1.8746,0.40839,0.50000,-0.50000,-0.50000,-0.39958,0.000879,0.000000,0.000000,0.000000,-0.000924
2008,75,home,mask_home,environment,rest_deeply,delayed,-0.3637,-0.50000,-0.18706,-0.50000,-0.27680,0.12430,-0.000083,0.000664,0.000000,-0.000708,-0.000040
2009,75,home,mask_home,environment,zone_out,delayed,-1.3505,-0.50000,-0.18662,-0.50000,-0.27672,0.12400,0.000000,0.000439,0.000000,0.000075,-0.000295
2010,75,home,mask_home,environment,tidy_up,goal_achieved,1.9451,-0.50000,-0.18591,-0.50000,-0.27722,0.12376,0.000000,0.000710,0.000000,-0.000498,-0.000243
2011,75,home,mask_home,environment,zone_out,failed,-2.3771,-0.49976,-0.18500,-0.50000,-0.27650,0.12311,0.000236,0.000909,0.000000,0.000717,-0.000647
2012,75,home,mask_home,environment,tidy_up,delayed,-1.4001,-0.50000,-0.18622,-0.50000,-0.27704,0.12363,-0.000236,-0.001226,0.000000,-0.000531,0.000513
2013,75,home,mask_home,environment,rest_deeply,goal_achieved,1.9459,-0.50000,-0.18639,-0.50000,-0.27749,0.12368,0.000000,-0.000164,0.000000,-0.000451,0.000048
2014,75,home,mask_home,environment,network_actively,failed,-2.6307,-0.50000,-0.18649,-0.50000,-0.27854,0.12394,0.000000,-0.000099,0.000000,-0.001056,0.000268
2015,75,home,mask_home,environment,network_actively,goal_achieved,1.1571,-0.49900,-0.18608,-0.49953,-0.27699,0.12308,0.000998,0.000409,0.000470,0.001555,-0.000860
2016,75,home,mask_home,environment,zone_out,delayed,-1.3521,-0.49934,-0.18566,-0.50000,-0.27691,0.12280,-0.000340,0.000419,-0.000470,0.000081,-0.000286
2017,75,conference,mask_conference,environment,take_notes,delayed,-2.3243,0.36621,-0.09110,0.50000,0.50000,-0.22959,-0.000091,-0.001190,0.000000,0.000000,-0.000049
2018,75,conference,mask_conference,environment,take_notes,goal_achieved,1.1394,0.36658,-0.09112,0.50000,0.50000,-0.22988,0.000368,-0.000014,0.000000,0.000000,-0.000292
2019,75,conference,mask_conference,environment,network_actively,goal_achieved,0.6561,0.36692,-0.09160,0.50000,0.50000,-0.23032,0.000340,-0.000485,0.000000,0.000000,-0.000444
2020,75,conference,mask_conference,environment,network_actively,goal_achieved,0.6562,0.36725,-0.09209,0.50000,0.50000,-0.23077,0.000340,-0.000485,0.000000,0.000000,-0.000444
2021,75,conference,mask_conference,environment,network_actively,goal_achieved,0.6564,0.36759,-0.09257,0.50000,0.50000,-0.23121,0.000339,-0.000484,0.000000,0.000000,-0.000444
2022,75,conference,mask_conference,environment,network_actively,goal_achieved,0.6566,0.36793,-0.09306,0.50000,0.50000,-0.23166,0.000339,-0.000483,0.000000,0.000000,-0.000444
2023,75,conference,mask_conference,environment,rest_deeply,failed,-3.6012,0.36826,-0.09327,0.50000,0.50000,-0.23192,0.000327,-0.000211,0.000000,0.000000,-0.000264
2024,75,conference,mask_conference,environment,network_actively,goal_achieved,0.6578,0.36860,-0.09375,0.50000,0.50000,-0.23236,0.000340,-0.000482,0.000000,0.000000,-0.000445
2025,75,conference,mask_conference,environment,quick_scan,delayed,-2.1559,0.36921,-0.09354,0.50000,0.50000,-0.23325,0.000612,0.000210,0.000000,0.000000,-0.000887
2026,76,work,mask_work,environment,take_notes,delayed,-1.3640,0.40878,0.50000,-0.50000,-0.50000,-0.40026,0.000387,0.000000,0.000000,0.000000,-0.000677
2027,76,work,mask_work,environment,deep_work,delayed,-0.7129,0.40820,0.50000,-0.49976,-0.49994,-0.39975,-0.000580,0.000000,0.000238,0.000064,0.000505
2028,76,work,mask_work,environment,rest_deeply,failed,-2.4985,0.40897,0.50000,-0.50000,-0.50000,-0.40053,0.000768,0.000000,-0.000238,-0.000064,-0.000780
2029,76,work,mask_work,environment,tidy_up,delayed,-1.3695,0.40984,0.50000,-0.50000,-0.50000,-0.40114,0.000873,0.000000,0.000000,0.000000,-0.000606
2030,76,work,mask_work,environment,tidy_up,delayed,-1.3696,0.41072,0.50000,-0.50000,-0.50000,-0.40175,0.000873,0.000000,0.000000,0.000000,-0.000606
2031,76,work,mask_work,environment,deep_work,goal_achieved,1.8790,0.41160,0.50000,-0.50000,-0.50000,-0.40267,0.000886,0.000000,0.000000,0.000000,-0.000927
2032,76,work,mask_work,environment,take_notes,delayed,-1.3566,0.41199,0.50000,-0.50000,-0.50000,-0.40335,0.000391,0.000000,0.000000,0.000000,-0.000674
2033,76,work,mask_work,environment,rest_deeply,failed,-2.4971,0.41277,0.50000,-0.50000,-0.50000,-0.40413,0.000773,0.000000,0.000000,0.000000,-0.000781
2034,76,work,mask_work,environment,tidy_up,failed,-2.4406,0.41413,0.50000,-0.50000,-0.50000,-0.40470,0.001365,0.000000,0.000000,0.000000,-0.000570
2035,76,home,mask_home,environment,zone_out,goal_achieved,1.7259,-0.50000,-0.18665,-0.50000,-0.27874,0.12357,-0.000658,-0.000995,0.000000,-0.001831,0.000777
2036,76,home,mask_home,environment,rest_deeply,goal_achieved,1.9371,-0.50000,-0.18682,-0.50000,-0.27919,0.12362,0.000000,-0.000170,0.000000,-0.000454,0.000051
2037,76,home,mask_home,environment,rest_deeply,goal_achieved,1.9368,-0.50000,-0.18699,-0.50000,-0.27964,0.12367,0.000000,-0.000169,0.000000,-0.000453,0.000050
2038,76,home,mask_home,environment,quick_scan,delayed,-1.5337,-0.50000,-0.18699,-0.50000,-0.28014,0.12369,0.000000,0.000006,0.000000,-0.000494,0.000017
2039,76,home,mask_home,environment,network_actively,delayed,-1.6923,-0.50000,-0.18697,-0.50000,-0.28055,0.12368,0.000000,0.000017,0.000000,-0.000413,-0.000008
2040,76,home,mask_home,environment,zone_out,goal_achieved,1.7133,-0.50000,-0.18795,-0.50000,-0.28239,0.12445,0.000000,-0.000983,0.000000,-0.001841,0.000770
2041,76,home,mask_home,environment,network_actively,failed,-2.6500,-0.50000,-0.18808,-0.50000,-0.28348,0.12474,0.000000,-0.000125,0.000000,-0.001086,0.000283
2042,76,home,mask_home,environment,network_actively,failed,-2.6509,-0.50000,-0.18820,-0.50000,-0.28456,0.12502,0.000000,-0.000125,0.000000,-0.001085,0.000282
2043,76,home,mask_home,environment,zone_out,goal_achieved,1.7084,-0.50000,-0.18918,-0.50000,-0.28642,0.12579,0.000000,-0.000979,0.000000,-0.001854,0.000767
2044,76,conference,mask_conference,environment,network_actively,goal_achieved,0.6620,0.36955,-0.09402,0.50000,0.50000,-0.23370,0.000343,-0.000484,0.000000,0.000000,-0.000447
2045,76,conference,mask_conference,environment,network_actively,goal_achieved,0.6622,0.36990,-0.09451,0.50000,0.50000,-0.23414,0.000343,-0.000484,0.000000,0.000000,-0.000447
2046,76,conference,mask_conference,environment,network_actively,goal_achieved,0.6623,0.37024,-0.09499,0.50000,0.50000,-0.23459,0.000342,-0.000483,0.000000,0.000000,-0.000447
2047,76,conference,mask_conference,environment,network_actively,delayed,-0.5205,0.37031,-0.09443,0.49835,0.49891,-0.23417,0.000066,0.000558,-0.001650,-0.001091,0.000423
2048,76,conference,mask_conference,environment,network_actively,goal_achieved,0.6653,0.37065,-0.09492,0.50000,0.50000,-0.23461,0.000343,-0.000491,0.001650,0.001091,-0.000442
2049,76,conference,mask_conference,environment,quick_scan,failed,-3.2062,0.37154,-0.09434,0.50000,0.50000,-0.23603,0.000888,0.000585,0.000000,0.000000,-0.001414
2050,76,conference,mask_conference,environment,network_actively,goal_achieved,0.6698,0.37188,-0.09483,0.50000,0.50000,-0.23648,0.000347,-0.000489,0.000000,0.000000,-0.000451
2051,76,conference,mask_conference,environment,tidy_up,failed,-3.7567,0.37219,-0.09511,0.50000,0.50000,-0.23672,0.000304,-0.000281,0.000000,0.000000,-0.000247
2052,76,conference,mask_conference,environment,quick_scan,failed,-3.2065,0.37307,-0.09453,0.50000,0.50000,-0.23813,0.000888,0.000575,0.000000,0.000000,-0.001407
2053,77,work,mask_work,environment,network_actively,failed,-2.5174,0.41477,0.50000,-0.50000,-0.50000,-0.40548,0.000642,0.000000,0.000000,0.000000,-0.000782
2054,77,work,mask_work,environment,deep_work,goal_achieved,1.8853,0.41567,0.50000,-0.50000,-0.50000,-0.40641,0.000894,0.000000,0.000000,0.000000,-0.000930
2055,77,work,mask_work,environment,network_actively,goal_achieved,1.8951,0.41617,0.49970,-0.49864,-0.49993,-0.40674,0.000498,-0.000302,0.001362,0.000070,-0.000333
2056,77,work,mask_work,environment,handle_backlog,goal_achieved,2.0577,0.41659,0.50000,-0.49966,-0.50000,-0.40720,0.000420,0.000302,-0.001025,-0.000070,-0.000457
2057,77,work,mask_work,environment,deep_work,delayed,-0.7076,0.41602,0.50000,-0.49941,-0.49994,-0.40669,-0.000565,0.000000,0.000252,0.000061,0.000506
2058,77,work,mask_work,environment,deep_work,goal_achieved,1.8799,0.41691,0.50000,-0.50000,-0.50000,-0.40762,0.000890,0.000000,-0.000588,-0.000061,-0.000925
2059,77,work,mask_work,environment,take_notes,failed,-2.2885,0.41691,0.50000,-0.50000,-0.50000,-0.40837,-0.000001,0.000000,0.000000,0.000000,-0.000754
2060,77,work,mask_work,environment,network_actively,failed,-2.5143,0.41754,0.50000,-0.50000,-0.50000,-0.40915,0.000632,0.000000,0.000000,0.000000,-0.000777
2061,77,work,mask_work,environment,network_actively,delayed,-1.4109,0.41814,0.50000,-0.50000,-0.50000,-0.40981,0.000595,0.000000,0.000000,0.000000,-0.000664
2062,77,home,mask_home,environment,zone_out,goal_achieved,1.7043,-0.50000,-0.19015,-0.50000,-0.28828,0.12655,0.000000,-0.000973,0.000000,-0.001860,0.000763
2063,77,home,mask_home,environment,zone_out,goal_achieved,1.7001,-0.50000,-0.19112,-0.50000,-0.29014,0.12731,0.000000,-0.000968,0.000000,-0.001865,0.000759
2064,77,home,mask_home,environment,zone_out,delayed,-1.3538,-0.50000,-0.19067,-0.50000,-0.29004,0.12699,0.000000,0.000455,0.000000,0.000108,-0.000321
2065,77,home,mask_home,environment,network_actively,failed,-2.6761,-0.50000,-0.19083,-0.50000,-0.29117,0.12729,0.000000,-0.000157,0.000000,-0.001134,0.000300
2066,77,home,mask_home,environment,network_actively,failed,-2.6770,-0.50000,-0.19098,-0.50000,-0.29230,0.12759,0.000000,-0.000157,0.000000,-0.001132,0.000299
2067,77,home,mask_home,environment,network_actively,delayed,-1.7264,-0.50000,-0.19100,-0.50000,-0.29278,0.12760,0.000000,-0.000014,0.000000,-0.000481,0.000009
2068,77,home,mask_home,environment,zone_out,goal_achieved,1.6951,-0.50000,-0.19196,-0.50000,-0.29466,0.12835,0.000000,-0.000968,0.000000,-0.001875,0.000758
2069,77,home,mask_home,environment,rest_deeply,delayed,-0.3899,-0.50000,-0.19141,-0.50000,-0.29546,0.12838,0.000000,0.000553,0.000000,-0.000806,0.000026
2070,77,home,mask_home,environment,network_actively,failed,-2.6821,-0.50000,-0.19158,-0.50000,-0.29661,0.12868,0.000000,-0.000168,0.000000,-0.001148,0.000306
2071,77,conference,mask_conference,environment,network_actively,goal_achieved,0.6773,0.37343,-0.09503,0.50000,0.50000,-0.23858,0.000352,-0.000495,0.000000,0.000000,-0.000454
2072,77,conference,mask_conference,environment,quick_scan,goal_achieved,1.0000,0.37321,-0.09599,0.50000,0.50000,-0.23787,-0.000220,-0.000957,0.000000,0.000000,0.000716
2073,77,conference,mask_conference,environment,take_notes,goal_achieved,1.1422,0.37359,-0.09600,0.50000,0.50000,-0.23817,0.000379,-0.000014,0.000000,0.000000,-0.000306
2074,77,conference,mask_conference,environment,network_actively,goal_achieved,0.6711,0.37393,-0.09649,0.50000,0.50000,-0.23863,0.000348,-0.000487,0.000000,0.000000,-0.000451
2075,77,conference,mask_conference,environment,quick_scan,goal_achieved,0.9957,0.37371,-0.09743,0.50000,0.50000,-0.23791,-0.000220,-0.000945,0.000000,0.000000,0.000712
2076,77,conference,mask_conference,environment,network_actively,goal_achieved,0.6657,0.37406,-0.09791,0.50000,0.50000,-0.23836,0.000343,-0.000482,0.000000,0.000000,-0.000448
2077,77,conference,mask_conference,environment,rest_deeply,failed,-3.6005,0.37439,-0.09812,0.50000,0.50000,-0.23863,0.000335,-0.000206,0.000000,0.000000,-0.000273
2078,77,conference,mask_conference,environment,network_actively,goal_achieved,0.6670,0.37473,-0.09860,0.50000,0.50000,-0.23908,0.000344,-0.000480,0.000000,0.000000,-0.000448
2079,77,conference,mask_conference,environment,network_actively,goal_achieved,0.6672,0.37508,-0.09908,0.50000,0.50000,-0.23953,0.000344,-0.000480,0.000000,0.000000,-0.000448
2080,78,work,mask_work,environment,rest_deeply,goal_achieved,2.2024,0.41822,0.50000,-0.50000,-0.50000,-0.41005,0.000081,0.000000,0.000000,0.000000,-0.000234
2081,78,work,mask_work,environment,handle_backlog,goal_achieved,2.0626,0.41862,0.50000,-0.50000,-0.50000,-0.41049,0.000404,0.000000,0.000000,0.000000,-0.000448
2082,78,work,mask_work,environment,tidy_up,delayed,-1.3720,0.41947,0.50000,-0.50000,-0.50000,-0.41109,0.000853,0.000000,0.000000,0.000000,-0.000597
2083,78,work,mask_work,environment,handle_backlog,goal_achieved,2.0635,0.41988,0.50000,-0.50000,-0.50000,-0.41154,0.000406,0.000000,0.000000,0.000000,-0.000448
2084,78,work,mask_work,environment,network_actively,delayed,-1.4180,0.42046,0.50000,-0.50000,-0.50000,-0.41219,0.000584,0.000000,0.000000,0.000000,-0.000652
2085,78,work,mask_work,environment,take_notes,delayed,-1.3590,0.42085,0.50000,-0.50000,-0.50000,-0.41285,0.000383,0.000000,0.000000,0.000000,-0.000659
2086,78,work,mask_work,environment,deep_work,goal_achieved,1.8785,0.42172,0.50000,-0.50000,-0.50000,-0.41377,0.000874,0.000000,0.000000,0.000000,-0.000916
2087,78,work,mask_work,environment,take_notes,delayed,-1.3604,0.42211,0.50000,-0.50000,-0.50000,-0.41443,0.000385,0.000000,0.000000,0.000000,-0.000661
2088,78,work,mask_work,environment,tidy_up,delayed,-1.3737,0.42295,0.50000,-0.50000,-0.50000,-0.41502,0.000848,0.000000,0.000000,0.000000,-0.000597
2089,78,home,mask_home,environment,network_actively,failed,-2.6831,-0.50000,-0.19175,-0.50000,-0.29776,0.12899,0.000000,-0.000167,0.000000,-0.001147,0.000304
2090,78,home,mask_home,environment,rest_deeply,goal_achieved,1.8958,-0.50000,-0.19194,-0.50000,-0.29830,0.12905,0.000000,-0.000195,0.000000,-0.000539,0.000064
2091,78,home,mask_home,environment,rest_deeply,delayed,-0.3881,-0.50000,-0.19140,-0.50000,-0.29911,0.12908,0.000000,0.000545,0.000000,-0.000813,0.000031
2092,78,home,mask_home,environment,network_actively,failed,-2.6808,-0.50000,-0.19156,-0.50000,-0.30025,0.12939,0.000000,-0.000167,0.000000,-0.001143,0.000303
2093,78,home,mask_home,environment,network_actively,failed,-2.6818,-0.50000,-0.19173,-0.50000,-0.30140,0.12969,0.000000,-0.000166,0.000000,-0.001141,0.000302
2094,78,home,mask_home,environment,rest_deeply,delayed,-0.3864,-0.50000,-0.19119,-0.50000,-0.30221,0.12973,0.000000,0.000538,0.000000,-0.000819,0.000036
2095,78,home,mask_home,environment,zone_out,goal_achieved,1.7022,-0.50000,-0.19216,-0.50000,-0.30411,0.13049,0.000000,-0.000966,0.000000,-0.001893,0.000761
2096,78,home,mask_home,environment,network_actively,failed,-2.6867,-0.50000,-0.19233,-0.50000,-0.30527,0.13079,0.000000,-0.000176,0.000000,-0.001158,0.000308
2097,78,home,mask_home,environment,network_actively,delayed,-1.7317,-0.50000,-0.19236,-0.50000,-0.30578,0.13081,0.000000,-0.000025,0.000000,-0.000510,0.000016
2098,78,conference,mask_conference,environment,network_actively,goal_achieved,0.6674,0.37542,-0.09956,0.50000,0.50000,-0.23998,0.000343,-0.000479,0.000000,0.000000,-0.000448
2099,78,conference,mask_conference,environment,rest_deeply,delayed,-2.3731,0.37572,-0.09979,0.50000,0.50000,-0.24024,0.000298,-0.000233,0.000000,0.000000,-0.000261
2100,78,conference,mask_conference,environment,quick_scan,delayed,-2.1626,0.37633,-0.09959,0.50000,0.50000,-0.24112,0.000612,0.000207,0.000000,0.000000,-0.000884
2101,78,conference,mask_conference,environment,take_notes,delayed,-2.3244,0.37624,-0.10078,0.50000,0.50000,-0.24119,-0.000087,-0.001195,0.000000,0.000000,-0.000065
2102,78,conference,mask_conference,environment,network_actively,goal_achieved,0.6751,0.37658,-0.10127,0.50000,0.50000,-0.24164,0.000339,-0.000491,0.000000,0.000000,-0.000451
2103,78,conference,mask_conference,environment,network_actively,goal_achieved,0.6752,0.37692,-0.10176,0.50000,0.50000,-0.24209,0.000339,-0.000490,0.000000,0.000000,-0.000451
2104,78,conference,mask_conference,environment,network_actively,goal_achieved,0.6754,0.37726,-0.10225,0.50000,0.50000,-0.24254,0.000338,-0.000489,0.000000,0.000000,-0.000451
2105,78,conference,mask_conference,environment,network_actively,goal_achieved,0.6756,0.37760,-0.10274,0.50000,0.50000,-0.24299,0.000338,-0.000489,0.000000,0.000000,-0.000451
2106,78,conference,mask_conference,environment,network_actively,goal_achieved,0.6757,0.37794,-0.10323,0.50000,0.50000,-0.24344,0.000338,-0.000488,0.000000,0.000000,-0.000451
2107,79,work,mask_work,environment,tidy_up,goal_achieved,1.8439,0.42234,0.50000,-0.50000,-0.50000,-0.41574,-0.000617,0.000000,0.000000,0.000000,-0.000720
2108,79,work,mask_work,environment,rest_deeply,delayed,-1.3242,0.42292,0.50000,-0.50000,-0.50000,-0.41638,0.000583,0.000000,0.000000,0.000000,-0.000637
2109,79,work,mask_work,environment,take_notes,goal_achieved,1.4387,0.42448,0.50000,-0.50000,-0.50000,-0.41679,0.001560,0.000000,0.000000,0.000000,-0.000406
2110,79,work,mask_work,environment,take_notes,failed,-2.2976,0.42446,0.50000,-0.50000,-0.50000,-0.41754,-0.000019,0.000000,0.000000,0.000000,-0.000747
2111,79,work,mask_work,environment,take_notes,failed,-2.2976,0.42444,0.50000,-0.50000,-0.50000,-0.41828,-0.000019,0.000000,0.000000,0.000000,-0.000747
2112,79,work,mask_work,environment,deep_work,goal_achieved,1.8769,0.42530,0.50000,-0.50000,-0.50000,-0.41920,0.000862,0.000000,0.000000,0.000000,-0.000918
2113,79,work,mask_work,environment,rest_deeply,delayed,-1.3248,0.42589,0.50000,-0.50000,-0.50000,-0.41984,0.000583,0.000000,0.000000,0.000000,-0.000639
2114,79,work,mask_work,environment,network_actively,goal_achieved,1.8881,0.42635,0.49968,-0.49863,-0.49993,-0.42016,0.000463,-0.000321,0.001368,0.000075,-0.000319
2115,79,work,mask_work,environment,network_actively,failed,-2.5235,0.42696,0.50000,-0.50000,-0.50000,-0.42093,0.000611,0.000321,-0.001368,-0.000075,-0.000772
2116,79,home,mask_home,environment,network_actively,delayed,-1.7319,-0.50000,-0.19238,-0.50000,-0.30629,0.13083,0.000000,-0.000025,0.000000,-0.000509,0.000016
2117,79,home,mask_home,environment,rest_deeply,goal_achieved,1.8861,-0.50000,-0.19258,-0.50000,-0.30684,0.13089,0.000000,-0.000200,0.000000,-0.000551,0.000066
2118,79,home,mask_home,environment,network_actively,failed,-2.6905,-0.50000,-0.19276,-0.50000,-0.30799,0.13120,0.000000,-0.000177,0.000000,-0.001154,0.000306
2119,79,home,mask_home,environment,network_actively,failed,-2.6915,-0.50000,-0.19294,-0.50000,-0.30914,0.13150,0.000000,-0.000177,0.000000,-0.001152,0.000305
2120,79,home,mask_home,environment,rest_deeply,goal_achieved,1.8862,-0.50000,-0.19313,-0.50000,-0.30969,0.13157,0.000000,-0.000195,0.000000,-0.000551,0.000062
2121,79,home,mask_home,environment,tidy_up,goal_achieved,1.9182,-0.50000,-0.19251,-0.50000,-0.31028,0.13136,0.000000,0.000618,0.000000,-0.000587,-0.000204
2122,79,home,mask_home,environment,zone_out,delayed,-1.3328,-0.50000,-0.19203,-0.50000,-0.31015,0.13102,0.000000,0.000480,0.000000,0.000131,-0.000340
2123,79,home,mask_home,environment,rest_deeply,goal_achieved,1.8892,-0.50000,-0.19222,-0.50000,-0.31068,0.13108,0.000000,-0.000189,0.000000,-0.000536,0.000059
2124,79,home,mask_home,environment,network_actively,delayed,-1.7355,-0.50000,-0.19224,-0.50000,-0.31117,0.13109,0.000000,-0.000015,0.000000,-0.000489,0.000006
2125,79,conference,mask_conference,environment,network_actively,delayed,-0.5156,0.37801,-0.10266,0.49837,0.49892,-0.24303,0.000069,0.000563,-0.001634,-0.001078,0.000411
2126,79,conference,mask_conference,environment,network_actively,goal_achieved,0.6787,0.37834,-0.10316,0.50000,0.50000,-0.24348,0.000339,-0.000496,0.001634,0.001078,-0.000447
2127,79,conference,mask_conference,environment,network_actively,goal_achieved,0.6761,0.37868,-0.10365,0.50000,0.50000,-0.24393,0.000337,-0.000489,0.000000,0.000000,-0.000451
2128,79,conference,mask_conference,environment,network_actively,goal_achieved,0.6763,0.37902,-0.10414,0.50000,0.50000,-0.24438,0.000337,-0.000488,0.000000,0.000000,-0.000451
2129,79,conference,mask_conference,environment,network_actively,goal_achieved,0.6764,0.37936,-0.10463,0.50000,0.50000,-0.24483,0.000337,-0.000487,0.000000,0.000000,-0.000451
2130,79,conference,mask_conference,environment,network_actively,goal_achieved,0.6766,0.37969,-0.10511,0.50000,0.50000,-0.24528,0.000336,-0.000487,0.000000,0.000000,-0.000451
2131,79,conference,mask_conference,environment,network_actively,delayed,-0.5164,0.37976,-0.10455,0.49836,0.49892,-0.24487,0.000069,0.000565,-0.001637,-0.001079,0.000410
2132,79,conference,mask_conference,environment,take_notes,delayed,-2.3251,0.37967,-0.10574,0.50000,0.50000,-0.24494,-0.000089,-0.001195,0.001637,0.001079,-0.000066
2133,79,conference,mask_conference,environment,network_actively,goal_achieved,0.6799,0.38000,-0.10624,0.50000,0.50000,-0.24539,0.000329,-0.000497,0.000000,0.000000,-0.000451
2134,80,work,mask_work,environment,deep_work,goal_achieved,1.8753,0.42782,0.50000,-0.50000,-0.50000,-0.42185,0.000861,0.000000,0.000000,0.000000,-0.000917
2135,80,work,mask_work,environment,deep_work,delayed,-0.7105,0.42723,0.50000,-0.49975,-0.49994,-0.42133,-0.000591,0.000000,0.000250,0.000062,0.000515
2136,80,work,mask_work,environment,deep_work,goal_achieved,1.8754,0.42809,0.50000,-0.50000,-0.50000,-0.42225,0.000861,0.000000,-0.000250,-0.000062,-0.000917
2137,80,work,mask_work,environment,handle_backlog,goal_achieved,2.0615,0.42848,0.50000,-0.50000,-0.50000,-0.42270,0.000392,0.000000,0.000000,0.000000,-0.000450
2138,80,work,mask_work,environment,take_notes,delayed,-1.3661,0.42885,0.50000,-0.50000,-0.50000,-0.42335,0.000370,0.000000,0.000000,0.000000,-0.000657
2139,80,work,mask_work,environment,tidy_up,delayed,-1.3750,0.42969,0.50000,-0.50000,-0.50000,-0.42395,0.000840,0.000000,0.000000,0.000000,-0.000593
2140,80,work,mask_work,environment,rest_deeply,delayed,-1.3244,0.43027,0.50000,-0.50000,-0.50000,-0.42458,0.000578,0.000000,0.000000,0.000000,-0.000633
2141,80,work,mask_work,environment,tidy_up,delayed,-1.3750,0.43111,0.50000,-0.50000,-0.50000,-0.42517,0.000839,0.000000,0.000000,0.000000,-0.000594
2142,80,work,mask_work,environment,deep_work,goal_achieved,1.8758,0.43197,0.50000,-0.50000,-0.50000,-0.42609,0.000862,0.000000,0.000000,0.000000,-0.000914
2143,80,home,mask_home,environment,zone_out,delayed,-1.3345,-0.50000,-0.19176,-0.50000,-0.31104,0.13075,0.000000,0.000478,0.000000,0.000134,-0.000339
2144,80,home,mask_home,environment,rest_deeply,goal_achieved,1.8930,-0.50000,-0.19194,-0.50000,-0.31156,0.13080,0.000000,-0.000184,0.000000,-0.000522,0.000054
2145,80,home,mask_home,environment,network_actively,goal_achieved,1.1421,-0.49905,-0.19150,-0.49962,-0.31011,0.12994,0.000954,0.000443,0.000377,0.001457,-0.000867
2146,80,home,mask_home,environment,tidy_up,goal_achieved,1.9205,-0.50000,-0.19088,-0.50000,-0.31066,0.12973,-0.000954,0.000622,-0.000377,-0.000551,-0.000210
2147,80,home,mask_home,environment,network_actively,delayed,-1.7332,-0.50000,-0.19089,-0.50000,-0.31113,0.12973,0.000000,-0.000012,0.000000,-0.000474,0.000006
2148,80,home,mask_home,environment,zone_out,goal_achieved,1.6822,-0.50000,-0.19186,-0.50000,-0.31301,0.13049,0.000000,-0.000971,0.000000,-0.001884,0.000761
2149,80,home,mask_home,environment,rest_deeply,delayed,-0.3993,-0.50000,-0.19134,-0.50000,-0.31385,0.13054,0.000000,0.000518,0.000000,-0.000838,0.000048
2150,80,home,mask_home,environment,rest_deeply,goal_achieved,1.8794,-0.50000,-0.19154,-0.50000,-0.31438,0.13060,0.000000,-0.000194,0.000000,-0.000525,0.000060
2151,80,home,mask_home,environment,rest_deeply,goal_achieved,1.8791,-0.50000,-0.19173,-0.50000,-0.31490,0.13066,0.000000,-0.000193,0.000000,-0.000524,0.000058
2152,80,conference,mask_conference,environment,network_actively,goal_achieved,0.6801,0.38033,-0.10673,0.50000,0.50000,-0.24584,0.000329,-0.000496,0.000000,0.000000,-0.000452
2153,80,conference,mask_conference,environment,take_notes,goal_achieved,1.1298,0.38070,-0.10673,0.50000,0.50000,-0.24616,0.000374,0.000001,0.000000,0.000000,-0.000316
2154,80,conference,mask_conference,environment,network_actively,goal_achieved,0.6795,0.38103,-0.10723,0.50000,0.50000,-0.24661,0.000330,-0.000493,0.000000,0.000000,-0.000451
2155,80,conference,mask_conference,environment,network_actively,delayed,-0.5138,0.38110,-0.10667,0.49838,0.49893,-0.24620,0.000063,0.000554,-0.001621,-0.001073,0.000413
2156,80,conference,mask_conference,environment,quick_scan,failed,-3.2067,0.38197,-0.10611,0.49990,0.50000,-0.24761,0.000875,0.000560,0.001518,0.001073,-0.001408
2157,80,conference,mask_conference,environment,quick_scan,goal_achieved,0.9987,0.38174,-0.10708,0.50000,0.50000,-0.24689,-0.000236,-0.000968,0.000104,0.000000,0.000713
2158,80,conference,mask_conference,environment,quick_scan,goal_achieved,0.9961,0.38150,-0.10804,0.50000,0.50000,-0.24618,-0.000238,-0.000958,0.000000,0.000000,0.000710
2159,80,conference,mask_conference,environment,network_actively,goal_achieved,0.6755,0.38182,-0.10853,0.50000,0.50000,-0.24663,0.000325,-0.000489,0.000000,0.000000,-0.000448
2160,80,conference,mask_conference,environment,network_actively,goal_achieved,0.6757,0.38215,-0.10902,0.50000,0.50000,-0.24708,0.000325,-0.000489,0.000000,0.000000,-0.000448
2161,81,work,mask_work,environment,tidy_up,delayed,-1.3765,0.43281,0.50000,-0.50000,-0.50000,-0.42668,0.000840,0.000000,0.000000,0.000000,-0.000595
2162,81,work,mask_work,environment,handle_backlog,goal_achieved,2.0640,0.43321,0.50000,-0.50000,-0.50000,-0.42714,0.000400,0.000000,0.000000,0.000000,-0.000452
2163,81,work,mask_work,environment,rest_deeply,failed,-2.5002,0.43396,0.50000,-0.50000,-0.50000,-0.42790,0.000752,0.000000,0.000000,0.000000,-0.000766
2164,81,work,mask_work,environment,network_actively,failed,-2.5222,0.43458,0.50000,-0.50000,-0.50000,-0.42867,0.000614,0.000000,0.000000,0.000000,-0.000767
2165,81,work,mask_work,environment,deep_work,goal_achieved,1.8770,0.43544,0.50000,-0.50000,-0.50000,-0.42958,0.000864,0.000000,0.000000,0.000000,-0.000915
2166,81,work,mask_work,environment,deep_work,goal_achieved,1.8769,0.43631,0.50000,-0.50000,-0.50000,-0.43050,0.000863,0.000000,0.000000,0.000000,-0.000915
2167,81,work,mask_work,environment,take_notes,delayed,-1.3667,0.43669,0.50000,-0.50000,-0.50000,-0.43116,0.000383,0.000000,0.000000,0.000000,-0.000662
2168,81,work,mask_work,environment,deep_work,goal_achieved,1.8777,0.43755,0.50000,-0.50000,-0.50000,-0.43208,0.000862,0.000000,0.000000,0.000000,-0.000915
2169,81,work,mask_work,environment,take_notes,failed,-2.3011,0.43754,0.50000,-0.50000,-0.50000,-0.43283,-0.000010,0.000000,0.000000,0.000000,-0.000750
2170,81,home,mask_home,environment,rest_deeply,delayed,-0.3997,-0.50000,-0.19122,-0.50000,-0.31574,0.13071,0.000000,0.000514,0.000000,-0.000838,0.000049
2171,81,home,mask_home,environment,zone_out,failed,-2.3392,-0.49963,-0.19025,-0.50000,-0.31490,0.13000,0.000370,0.000968,0.000000,0.000833,-0.000712
2172,81,home,mask_home,environment,rest_deeply,goal_achieved,1.8878,-0.50000,-0.19044,-0.50000,-0.31540,0.13005,-0.000370,-0.000191,0.000000,-0.000500,0.000056
2173,81,home,mask_home,environment,rest_deeply,goal_achieved,1.8870,-0.50000,-0.19063,-0.50000,-0.31590,0.13011,0.000000,-0.000188,0.000000,-0.000499,0.000054
2174,81,home,mask_home,environment,rest_deeply,goal_achieved,1.8867,-0.50000,-0.19081,-0.50000,-0.31640,0.13016,0.000000,-0.000187,0.000000,-0.000498,0.000052
2175,81,home,mask_home,environment,zone_out,goal_achieved,1.6796,-0.50000,-0.19179,-0.50000,-0.31828,0.13092,0.000000,-0.000977,0.000000,-0.001884,0.000764
2176,81,home,mask_home,environment,rest_deeply,goal_achieved,1.8777,-0.50000,-0.19198,-0.50000,-0.31880,0.13098,0.000000,-0.000190,0.000000,-0.000514,0.000054
2177,81,home,mask_home,environment,network_actively,failed,-2.7019,-0.50000,-0.19215,-0.50000,-0.31992,0.13127,0.000000,-0.000172,0.000000,-0.001124,0.000297
2178,81,home,mask_home,environment,tidy_up,goal_achieved,1.9134,-0.50000,-0.19155,-0.50000,-0.32048,0.13107,0.000000,0.000605,0.000000,-0.000554,-0.000205
2179,81,conference,mask_conference,environment,quick_scan,goal_achieved,0.9915,0.38191,-0.10997,0.50000,0.50000,-0.24637,-0.000239,-0.000949,0.000000,0.000000,0.000705
2180,81,conference,mask_conference,environment,quick_scan,goal_achieved,0.9891,0.38167,-0.11091,0.50000,0.50000,-0.24567,-0.000241,-0.000940,0.000000,0.000000,0.000702
2181,81,conference,mask_conference,environment,network_actively,goal_achieved,0.6650,0.38198,-0.11138,0.50000,0.50000,-0.24611,0.000315,-0.000477,0.000000,0.000000,-0.000443
2182,81,conference,mask_conference,environment,network_actively,goal_achieved,0.6652,0.38230,-0.11186,0.50000,0.50000,-0.24656,0.000315,-0.000476,0.000000,0.000000,-0.000443
2183,81,conference,mask_conference,environment,network_actively,goal_achieved,0.6654,0.38261,-0.11233,0.50000,0.50000,-0.24700,0.000315,-0.000476,0.000000,0.000000,-0.000443
2184,81,conference,mask_conference,environment,take_notes,goal_achieved,1.1148,0.38297,-0.11233,0.50000,0.50000,-0.24731,0.000357,0.000006,0.000000,0.000000,-0.000304
2185,81,conference,mask_conference,environment,network_actively,goal_achieved,0.6649,0.38329,-0.11280,0.50000,0.50000,-0.24775,0.000316,-0.000473,0.000000,0.000000,-0.000443
2186,81,conference,mask_conference,environment,network_actively,delayed,-0.5248,0.38333,-0.11226,0.49837,0.49890,-0.24731,0.000044,0.000538,-0.001632,-0.001095,0.000439
2187,81,conference,mask_conference,environment,network_actively,delayed,-0.5255,0.38338,-0.11172,0.49673,0.49781,-0.24687,0.000046,0.000541,-0.001635,-0.001095,0.000437
2188,82,work,mask_work,environment,take_notes,failed,-2.3011,0.43753,0.50000,-0.50000,-0.50000,-0.43358,-0.000010,0.000000,0.000000,0.000000,-0.000750
2189,82,work,mask_work,environment,take_notes,goal_achieved,1.4313,0.43910,0.50000,-0.50000,-0.50000,-0.43398,0.001566,0.000000,0.000000,0.000000,-0.000407
2190,82,work,mask_work,environment,take_notes,delayed,-1.3680,0.43948,0.50000,-0.50000,-0.50000,-0.43465,0.000384,0.000000,0.000000,0.000000,-0.000664
2191,82,work,mask_work,environment,take_notes,failed,-2.3010,0.43947,0.50000,-0.50000,-0.50000,-0.43540,-0.000010,0.000000,0.000000,0.000000,-0.000750
2192,82,work,mask_work,environment,network_actively,goal_achieved,1.8896,0.43993,0.49968,-0.49862,-0.49993,-0.43572,0.000459,-0.000320,0.001376,0.000069,-0.000319
2193,82,work,mask_work,environment,deep_work,goal_achieved,1.8794,0.44078,0.50000,-0.49999,-0.50000,-0.43663,0.000854,0.000320,-0.001365,-0.000069,-0.000915
2194,82,work,mask_work,environment,deep_work,goal_achieved,1.8790,0.44164,0.50000,-0.50000,-0.50000,-0.43755,0.000854,0.000000,-0.000010,0.000000,-0.000915
2195,82,work,mask_work,environment,take_notes,failed,-2.3062,0.44163,0.50000,-0.50000,-0.50000,-0.43830,-0.000008,0.000000,0.000000,0.000000,-0.000751
2196,82,work,mask_work,environment,tidy_up,delayed,-1.3781,0.44246,0.50000,-0.50000,-0.50000,-0.43890,0.000835,0.000000,0.000000,0.000000,-0.000604
2197,82,home,mask_home,environment,quick_scan,goal_achieved,1.8893,-0.50000,-0.19186,-0.50000,-0.32127,0.13167,0.000000,-0.000309,0.000000,-0.000796,0.000607
2198,82,home,mask_home,environment,rest_deeply,goal_achieved,1.8700,-0.50000,-0.19204,-0.50000,-0.32179,0.13173,0.000000,-0.000185,0.000000,-0.000515,0.000059
2199,82,home,mask_home,environment,tidy_up,delayed,-1.4895,-0.50000,-0.19323,-0.50000,-0.32242,0.13225,0.000000,-0.001187,0.000000,-0.000635,0.000515
2200,82,home,mask_home,environment,zone_out,goal_achieved,1.6610,-0.50000,-0.19420,-0.50000,-0.32433,0.13301,0.000000,-0.000976,0.000000,-0.001903,0.000766
2201,82,home,mask_home,environment,rest_deeply,goal_achieved,1.8621,-0.50000,-0.19439,-0.50000,-0.32486,0.13307,0.000000,-0.000190,0.000000,-0.000532,0.000057
2202,82,home,mask_home,environment,network_actively,goal_achieved,1.1301,-0.49906,-0.19394,-0.49965,-0.32344,0.13221,0.000944,0.000453,0.000346,0.001420,-0.000861
2203,82,home,mask_home,environment,zone_out,goal_achieved,1.6561,-0.50000,-0.19491,-0.50000,-0.32533,0.13297,-0.000944,-0.000974,-0.000346,-0.001896,0.000762
2204,82,home,mask_home,environment,rest_deeply,goal_achieved,1.8509,-0.50000,-0.19511,-0.50000,-0.32587,0.13303,0.000000,-0.000197,0.000000,-0.000540,0.000060
2205,82,home,mask_home,environment,quick_scan,delayed,-1.6011,-0.50000,-0.19516,-0.50000,-0.32648,0.13308,0.000000,-0.000053,0.000000,-0.000602,0.000044
2206,82,conference,mask_conference,environment,quick_scan,goal_achieved,0.9958,0.38314,-0.11266,0.49781,0.49795,-0.24617,-0.000237,-0.000936,0.001076,0.000141,0.000703
2207,82,conference,mask_conference,environment,quick_scan,failed,-3.2076,0.38402,-0.11206,0.49931,0.49970,-0.24760,0.000876,0.000595,0.001497,0.001752,-0.001428
2208,82,conference,mask_conference,environment,network_actively,goal_achieved,0.6677,0.38433,-0.11254,0.50000,0.50000,-0.24804,0.000316,-0.000479,0.000693,0.000298,-0.000441
2209,82,conference,mask_conference,environment,network_actively,delayed,-0.5246,0.38438,-0.11200,0.49837,0.49891,-0.24760,0.000046,0.000542,-0.001635,-0.001094,0.000436
2210,82,conference,mask_conference,environment,deep_work,failed,-3.8143,0.38445,-0.11278,0.50000,0.50000,-0.24758,0.000073,-0.000782,0.001635,0.001094,0.000025
2211,82,conference,mask_conference,environment,quick_scan,failed,-3.2016,0.38532,-0.11220,0.50000,0.50000,-0.24899,0.000867,0.000578,0.000000,0.000000,-0.001418
2212,82,conference,mask_conference,environment,network_actively,goal_achieved,0.6766,0.38563,-0.11270,0.50000,0.50000,-0.24943,0.000313,-0.000497,0.000000,0.000000,-0.000438
2213,82,conference,mask_conference,environment,deep_work,failed,-3.8119,0.38571,-0.11348,0.50000,0.50000,-0.24942,0.000076,-0.000776,0.000000,0.000000,0.000015
2214,82,conference,mask_conference,environment,network_actively,goal_achieved,0.6797,0.38601,-0.11398,0.50000,0.50000,-0.24985,0.000307,-0.000507,0.000000,0.000000,-0.000432
2215,83,work,mask_work,environment,deep_work,goal_achieved,1.8826,0.44332,0.50000,-0.50000,-0.50000,-0.43982,0.000853,0.000000,0.000000,0.000000,-0.000915
2216,83,work,mask_work,environment,network_actively,failed,-2.5208,0.44393,0.50000,-0.50000,-0.50000,-0.44060,0.000614,0.000000,0.000000,0.000000,-0.000779
2217,83,work,mask_work,environment,take_notes,goal_achieved,1.4256,0.44550,0.50000,-0.50000,-0.50000,-0.44101,0.001570,0.000000,0.000000,0.000000,-0.000410
2218,83,work,mask_work,environment,take_notes,delayed,-1.3725,0.44589,0.50000,-0.50000,-0.50000,-0.44167,0.000389,0.000000,0.000000,0.000000,-0.000668
2219,83,work,mask_work,environment,rest_deeply,delayed,-1.3294,0.44647,0.50000,-0.50000,-0.50000,-0.44232,0.000585,0.000000,0.000000,0.000000,-0.000642
2220,83,work,mask_work,environment,handle_backlog,goal_achieved,2.0622,0.44688,0.50000,-0.50000,-0.50000,-0.44278,0.000406,0.000000,0.000000,0.000000,-0.000465
2221,83,work,mask_work,environment,deep_work,goal_achieved,1.8776,0.44773,0.50000,-0.50000,-0.50000,-0.44369,0.000855,0.000000,0.000000,0.000000,-0.000913
2222,83,work,mask_work,environment,take_notes,failed,-2.3081,0.44773,0.50000,-0.50000,-0.50000,-0.44445,-0.000006,0.000000,0.000000,0.000000,-0.000753
2223,83,work,mask_work,environment,handle_backlog,goal_achieved,2.0636,0.44813,0.50000,-0.50000,-0.50000,-0.44492,0.000403,0.000000,0.000000,0.000000,-0.000467
2224,83,home,mask_home,environment,zone_out,delayed,-1.3496,-0.50000,-0.19467,-0.50000,-0.32629,0.13272,0.000000,0.000492,0.000000,0.000183,-0.000359
2225,83,home,mask_home,environment,tidy_up,delayed,-1.5135,-0.50000,-0.19585,-0.50000,-0.32694,0.13322,0.000000,-0.001174,0.000000,-0.000649,0.000507
2226,83,home,mask_home,environment,rest_deeply,goal_achieved,1.8560,-0.50000,-0.19604,-0.50000,-0.32747,0.13328,0.000000,-0.000194,0.000000,-0.000528,0.000053
2227,83,home,mask_home,environment,network_actively,goal_achieved,1.1280,-0.49905,-0.19559,-0.49967,-0.32606,0.13241,0.000948,0.000453,0.000327,0.001413,-0.000865
2228,83,home,mask_home,environment,rest_deeply,goal_achieved,1.8551,-0.49993,-0.19579,-0.50000,-0.32658,0.13247,-0.000874,-0.000202,-0.000327,-0.000521,0.000056
2229,83,home,mask_home,environment,quick_scan,delayed,-1.6014,-0.50000,-0.19584,-0.50000,-0.32716,0.13251,-0.000074,-0.000056,0.000000,-0.000582,0.000038
2230,83,home,mask_home,environment,rest_deeply,goal_achieved,1.8530,-0.50000,-0.19604,-0.50000,-0.32768,0.13256,0.000000,-0.000196,0.000000,-0.000518,0.000051
2231,83,home,mask_home,environment,zone_out,goal_achieved,1.6392,-0.50000,-0.19702,-0.50000,-0.32957,0.13331,0.000000,-0.000977,0.000000,-0.001894,0.000755
2232,83,home,mask_home,environment,rest_deeply,goal_achieved,1.8441,-0.50000,-0.19722,-0.50000,-0.33010,0.13336,0.000000,-0.000197,0.000000,-0.000533,0.000052
2233,83,conference,mask_conference,environment,network_actively,goal_achieved,0.6798,0.38632,-0.11449,0.50000,0.50000,-0.25028,0.000307,-0.000506,0.000000,0.000000,-0.000433
2234,83,conference,mask_conference,environment,network_actively,goal_achieved,0.6800,0.38663,-0.11500,0.50000,0.50000,-0.25071,0.000306,-0.000505,0.000000,0.000000,-0.000433
2235,83,conference,mask_conference,environment,take_notes,delayed,-2.3277,0.38651,-0.11620,0.50000,0.50000,-0.25076,-0.000114,-0.001202,0.000000,0.000000,-0.000050
2236,83,conference,mask_conference,environment,quick_scan,goal_achieved,1.0008,0.38625,-0.11717,0.50000,0.50000,-0.25004,-0.000264,-0.000973,0.000000,0.000000,0.000720
2237,83,conference,mask_conference,environment,network_actively,goal_achieved,0.6774,0.38655,-0.11768,0.50000,0.50000,-0.25048,0.000296,-0.000505,0.000000,0.000000,-0.000433
2238,83,conference,mask_conference,environment,quick_scan,delayed,-2.1501,0.38712,-0.11750,0.50000,0.50000,-0.25136,0.000575,0.000175,0.000000,0.000000,-0.000883
2239,83,conference,mask_conference,environment,rest_deeply,delayed,-2.3637,0.38738,-0.11778,0.50000,0.50000,-0.25160,0.000255,-0.000274,0.000000,0.000000,-0.000245
2240,83,conference,mask_conference,environment,quick_scan,failed,-3.1985,0.38823,-0.11723,0.50000,0.50000,-0.25302,0.000855,0.000550,0.000000,0.000000,-0.001412
2241,83,conference,mask_conference,environment,network_actively,goal_achieved,0.6883,0.38853,-0.11774,0.50000,0.50000,-0.25345,0.000303,-0.000514,0.000000,0.000000,-0.000437
2242,84,work,mask_work,environment,take_notes,goal_achieved,1.4195,0.44970,0.50000,-0.50000,-0.50000,-0.44532,0.001565,0.000000,0.000000,0.000000,-0.000406
2243,84,work,mask_work,environment,deep_work,goal_achieved,1.8734,0.45055,0.50000,-0.50000,-0.50000,-0.44623,0.000854,0.000000,0.000000,0.000000,-0.000910
2244,84,work,mask_work,environment,deep_work,goal_achieved,1.8733,0.45141,0.50000,-0.50000,-0.50000,-0.44714,0.000854,0.000000,0.000000,0.000000,-0.000910
2245,84,work,mask_work,environment,handle_backlog,goal_achieved,2.0562,0.45182,0.50000,-0.50000,-0.50000,-0.44761,0.000411,0.000000,0.000000,0.000000,-0.000469
2246,84,work,mask_work,environment,deep_work,goal_achieved,1.8712,0.45267,0.50000,-0.50000,-0.50000,-0.44852,0.000851,0.000000,0.000000,0.000000,-0.000908
2247,84,work,mask_work,environment,network_actively,failed,-2.5377,0.45329,0.50000,-0.50000,-0.50000,-0.44930,0.000619,0.000000,0.000000,0.000000,-0.000777
2248,84,work,mask_work,environment,tidy_up,delayed,-1.3947,0.45413,0.50000,-0.50000,-0.50000,-0.44990,0.000839,0.000000,0.000000,0.000000,-0.000606
2249,84,work,mask_work,environment,take_notes,failed,-2.3131,0.45412,0.50000,-0.50000,-0.50000,-0.45066,-0.000004,0.000000,0.000000,0.000000,-0.000754
2250,84,work,mask_work,environment,deep_work,goal_achieved,1.8760,0.45497,0.50000,-0.50000,-0.50000,-0.45157,0.000850,0.000000,0.000000,0.000000,-0.000910
2251,84,home,mask_home,environment,network_actively,goal_achieved,1.1190,-0.49906,-0.19676,-0.49970,-0.32871,0.13250,0.000938,0.000451,0.000303,0.001397,-0.000863
2252,84,home,mask_home,environment,quick_scan,failed,-2.7675,-0.50000,-0.19674,-0.50000,-0.32922,0.13235,-0.000938,0.000022,-0.000303,-0.000515,-0.000149
2253,84,home,mask_home,environment,network_actively,failed,-2.7363,-0.50000,-0.19696,-0.50000,-0.33038,0.13267,0.000000,-0.000219,0.000000,-0.001159,0.000317
2254,84,home,mask_home,environment,rest_deeply,goal_achieved,1.8437,-0.50000,-0.19716,-0.50000,-0.33090,0.13272,0.000000,-0.000199,0.000000,-0.000522,0.000048
2255,84,home,mask_home,environment,rest_deeply,goal_achieved,1.8433,-0.50000,-0.19736,-0.50000,-0.33142,0.13276,0.000000,-0.000197,0.000000,-0.000522,0.000046
2256,84,home,mask_home,environment,zone_out,failed,-2.3545,-0.49953,-0.19638,-0.50000,-0.33051,0.13202,0.000467,0.000976,0.000000,0.000914,-0.000747
2257,84,home,mask_home,environment,rest_deeply,delayed,-0.4181,-0.50000,-0.19594,-0.50000,-0.33137,0.13210,-0.000467,0.000439,0.000000,-0.000857,0.000083
2258,84,home,mask_home,environment,zone_out,goal_achieved,1.6362,-0.50000,-0.19693,-0.50000,-0.33325,0.13285,0.000000,-0.000983,0.000000,-0.001883,0.000752
2259,84,home,mask_home,environment,tidy_up,delayed,-1.5345,-0.50000,-0.19808,-0.50000,-0.33389,0.13334,0.000000,-0.001155,0.000000,-0.000641,0.000489
2260,84,conference,mask_conference,environment,network_actively,goal_achieved,0.6885,0.38884,-0.11825,0.50000,0.50000,-0.25389,0.000303,-0.000513,0.000000,0.000000,-0.000437
2261,84,conference,mask_conference,environment,quick_scan,failed,-3.1997,0.38969,-0.11771,0.50000,0.50000,-0.25530,0.000854,0.000541,0.000000,0.000000,-0.001405
2262,84,conference,mask_conference,environment,network_actively,goal_achieved,0.6951,0.39000,-0.11823,0.50000,0.50000,-0.25574,0.000307,-0.000519,0.000000,0.000000,-0.000440
2263,84,conference,mask_conference,environment,take_notes,goal_achieved,1.1392,0.39035,-0.11825,0.50000,0.50000,-0.25604,0.000357,-0.000016,0.000000,0.000000,-0.000307
2264,84,conference,mask_conference,environment,network_actively,goal_achieved,0.6946,0.39066,-0.11876,0.50000,0.50000,-0.25648,0.000308,-0.000516,0.000000,0.000000,-0.000440
2265,84,conference,mask_conference,environment,network_actively,delayed,-0.5060,0.39071,-0.11824,0.49843,0.49896,-0.25606,0.000047,0.000524,-0.001574,-0.001045,0.000424
2266,84,conference,mask_conference,environment,network_actively,goal_achieved,0.6974,0.39102,-0.11876,0.50000,0.50000,-0.25649,0.000309,-0.000523,0.001574,0.001045,-0.000436
2267,84,conference,mask_conference,environment,network_actively,goal_achieved,0.6948,0.39133,-0.11928,0.50000,0.50000,-0.25693,0.000308,-0.000515,0.000000,0.000000,-0.000440
2268,84,conference,mask_conference,environment,network_actively,goal_achieved,0.6949,0.39163,-0.11979,0.50000,0.50000,-0.25738,0.000307,-0.000515,0.000000,0.000000,-0.000440
2269,85,work,mask_work,environment,network_actively,failed,-2.5352,0.45559,0.50000,-0.50000,-0.50000,-0.45235,0.000619,0.000000,0.000000,0.000000,-0.000779
2270,85,work,mask_work,environment,handle_backlog,delayed,-1.2542,0.45655,0.50000,-0.50000,-0.50000,-0.45338,0.000964,0.000000,0.000000,0.000000,-0.001029
2271,85,work,mask_work,environment,take_notes,goal_achieved,1.4192,0.45813,0.50000,-0.50000,-0.50000,-0.45379,0.001575,0.000000,0.000000,0.000000,-0.000417
2272,85,work,mask_work,environment,deep_work,delayed,-0.7043,0.45755,0.50000,-0.49976,-0.49995,-0.45327,-0.000582,0.000000,0.000237,0.000047,0.000519
2273,85,work,mask_work,environment,handle_backlog,goal_achieved,2.0600,0.45796,0.50000,-0.50000,-0.50000,-0.45374,0.000412,0.000000,-0.000237,-0.000047,-0.000468
2274,85,work,mask_work,environment,deep_work,goal_achieved,1.8751,0.45882,0.50000,-0.50000,-0.50000,-0.45466,0.000858,0.000000,0.000000,0.000000,-0.000913
2275,85,work,mask_work,environment,rest_deeply,delayed,-1.3362,0.45941,0.50000,-0.50000,-0.50000,-0.45530,0.000589,0.000000,0.000000,0.000000,-0.000642
2276,85,work,mask_work,environment,take_notes,delayed,-1.3746,0.45980,0.50000,-0.50000,-0.50000,-0.45597,0.000389,0.000000,0.000000,0.000000,-0.000670
2277,85,work,mask_work,environment,take_notes,goal_achieved,1.4203,0.46136,0.50000,-0.50000,-0.50000,-0.45638,0.001567,0.000000,0.000000,0.000000,-0.000410
2278,85,home,mask_home,environment,zone_out,goal_achieved,1.6312,-0.50000,-0.19906,-0.50000,-0.33579,0.13408,0.000000,-0.000979,0.000000,-0.001895,0.000746
2279,85,home,mask_home,environment,rest_deeply,delayed,-0.4292,-0.50000,-0.19867,-0.50000,-0.33669,0.13420,0.000000,0.000385,0.000000,-0.000903,0.000113
2280,85,home,mask_home,environment,rest_deeply,goal_achieved,1.8355,-0.50000,-0.19888,-0.50000,-0.33722,0.13424,0.000000,-0.000202,0.000000,-0.000528,0.000043
2281,85,home,mask_home,environment,tidy_up,delayed,-1.5445,-0.50000,-0.20001,-0.50000,-0.33787,0.13472,0.000000,-0.001136,0.000000,-0.000657,0.000481
2282,85,home,mask_home,environment,network_actively,goal_achieved,1.1296,-0.49905,-0.19955,-0.49971,-0.33649,0.13385,0.000946,0.000461,0.000287,0.001383,-0.000874
2283,85,home,mask_home,environment,network_actively,failed,-2.7360,-0.50000,-0.19979,-0.50000,-0.33766,0.13417,-0.000946,-0.000244,-0.000287,-0.001169,0.000324
2284,85,home,mask_home,environment,rest_deeply,goal_achieved,1.8340,-0.50000,-0.20000,-0.50000,-0.33818,0.13421,0.000000,-0.000204,0.000000,-0.000521,0.000040
2285,85,home,mask_home,environment,network_actively,failed,-2.7408,-0.50000,-0.20024,-0.50000,-0.33935,0.13453,0.000000,-0.000240,0.000000,-0.001166,0.000319
2286,85,home,mask_home,environment,rest_deeply,goal_achieved,1.8337,-0.50000,-0.20044,-0.50000,-0.33987,0.13457,0.000000,-0.000200,0.000000,-0.000521,0.000037
2287,85,conference,mask_conference,environment,quick_scan,delayed,-2.1506,0.39221,-0.11964,0.50000,0.50000,-0.25824,0.000575,0.000157,0.000000,0.000000,-0.000869
2288,85,conference,mask_conference,environment,network_actively,goal_achieved,0.6985,0.39252,-0.12015,0.50000,0.50000,-0.25869,0.000309,-0.000517,0.000000,0.000000,-0.000442
2289,85,conference,mask_conference,environment,take_notes,delayed,-2.3180,0.39241,-0.12136,0.50000,0.50000,-0.25875,-0.000107,-0.001206,0.000000,0.000000,-0.000066
2290,85,conference,mask_conference,environment,take_notes,delayed,-2.3197,0.39230,-0.12256,0.50000,0.50000,-0.25882,-0.000106,-0.001197,0.000000,0.000000,-0.000070
2291,85,conference,mask_conference,environment,quick_scan,goal_achieved,1.0063,0.39203,-0.12356,0.50000,0.50000,-0.25810,-0.000275,-0.001006,0.000000,0.000000,0.000726
2292,85,conference,mask_conference,environment,deep_work,delayed,-2.6219,0.39220,-0.12405,0.50000,0.50000,-0.25825,0.000172,-0.000485,0.000000,0.000000,-0.000158
2293,85,conference,mask_conference,environment,network_actively,goal_achieved,0.6995,0.39249,-0.12457,0.50000,0.50000,-0.25870,0.000291,-0.000526,0.000000,0.000000,-0.000442
2294,85,conference,mask_conference,environment,network_actively,goal_achieved,0.6996,0.39278,-0.12510,0.50000,0.50000,-0.25914,0.000291,-0.000525,0.000000,0.000000,-0.000442
2295,85,conference,mask_conference,environment,network_actively,goal_achieved,0.6997,0.39308,-0.12562,0.50000,0.50000,-0.25958,0.000291,-0.000524,0.000000,0.000000,-0.000442
2296,86,work,mask_work,environment,deep_work,goal_achieved,1.8711,0.46223,0.50000,-0.50000,-0.50000,-0.45729,0.000862,0.000000,0.000000,0.000000,-0.000913
2297,86,work,mask_work,environment,rest_deeply,failed,-2.5168,0.46299,0.50000,-0.50000,-0.50000,-0.45807,0.000764,0.000000,0.000000,0.000000,-0.000775
2298,86,work,mask_work,environment,handle_backlog,goal_achieved,2.0548,0.46341,0.50000,-0.50000,-0.50000,-0.45854,0.000421,0.000000,0.000000,0.000000,-0.000472
2299,86,work,mask_work,environment,take_notes,delayed,-1.3766,0.46380,0.50000,-0.50000,-0.50000,-0.45921,0.000390,0.000000,0.000000,0.000000,-0.000672
2300,86,work,mask_work,environment,network_actively,delayed,-1.4366,0.46439,0.50000,-0.50000,-0.50000,-0.45987,0.000589,0.000000,0.000000,0.000000,-0.000664
2301,86,work,mask_work,environment,deep_work,goal_achieved,1.8713,0.46525,0.50000,-0.50000,-0.50000,-0.46079,0.000861,0.000000,0.000000,0.000000,-0.000913
2302,86,work,mask_work,environment,handle_backlog,delayed,-1.2599,0.46622,0.50000,-0.50000,-0.50000,-0.46182,0.000973,0.000000,0.000000,0.000000,-0.001028
2303,86,work,mask_work,environment,take_notes,failed,-2.3042,0.46623,0.50000,-0.50000,-0.50000,-0.46258,0.000004,0.000000,0.000000,0.000000,-0.000766
2304,86,work,mask_work,environment,tidy_up,delayed,-1.3899,0.46707,0.50000,-0.50000,-0.50000,-0.46320,0.000847,0.000000,0.000000,0.000000,-0.000616
2305,86,home,mask_home,environment,rest_deeply,delayed,-0.4293,-0.50000,-0.20008,-0.50000,-0.34077,0.13469,0.000000,0.000363,0.000000,-0.000905,0.000121
2306,86,home,mask_home,environment,tidy_up,goal_achieved,1.8736,-0.50000,-0.19951,-0.50000,-0.34134,0.13448,0.000000,0.000561,0.000000,-0.000566,-0.000205
2307,86,home,mask_home,environment,network_actively,failed,-2.7408,-0.50000,-0.19975,-0.50000,-0.34250,0.13480,0.000000,-0.000234,0.000000,-0.001159,0.000316
2308,86,home,mask_home,environment,rest_deeply,delayed,-0.4307,-0.50000,-0.19938,-0.50000,-0.34341,0.13492,0.000000,0.000366,0.000000,-0.000908,0.000122
2309,86,home,mask_home,environment,rest_deeply,goal_achieved,1.8321,-0.50000,-0.19958,-0.50000,-0.34392,0.13496,0.000000,-0.000199,0.000000,-0.000511,0.000034
2310,86,home,mask_home,environment,quick_scan,goal_achieved,1.8432,-0.50000,-0.19991,-0.50000,-0.34472,0.13556,0.000000,-0.000329,0.000000,-0.000803,0.000604
2311,86,home,mask_home,environment,rest_deeply,goal_achieved,1.8259,-0.50000,-0.20011,-0.50000,-0.34523,0.13560,0.000000,-0.000196,0.000000,-0.000512,0.000037
2312,86,home,mask_home,environment,zone_out,delayed,-1.3468,-0.50000,-0.19961,-0.50000,-0.34499,0.13521,0.000000,0.000494,0.000000,0.000241,-0.000382
2313,86,home,mask_home,environment,rest_deeply,goal_achieved,1.8303,-0.50000,-0.19981,-0.50000,-0.34549,0.13525,0.000000,-0.000193,0.000000,-0.000500,0.000034
2314,86,conference,mask_conference,environment,deep_work,failed,-3.8072,0.39314,-0.12642,0.50000,0.50000,-0.25958,0.000062,-0.000795,0.000000,0.000000,-0.000001
2315,86,conference,mask_conference,environment,network_actively,goal_achieved,0.7024,0.39342,-0.12695,0.50000,0.50000,-0.26002,0.000286,-0.000532,0.000000,0.000000,-0.000438
2316,86,conference,mask_conference,environment,network_actively,delayed,-0.4954,0.39344,-0.12648,0.49850,0.49898,-0.25957,0.000017,0.000466,-0.001502,-0.001018,0.000448
2317,86,conference,mask_conference,environment,network_actively,delayed,-0.4959,0.39346,-0.12601,0.49699,0.49796,-0.25912,0.000019,0.000468,-0.001505,-0.001018,0.000446
2318,86,conference,mask_conference,environment,network_actively,goal_achieved,0.7075,0.39375,-0.12656,0.49925,0.49946,-0.25955,0.000287,-0.000547,0.002254,0.001500,-0.000429
2319,86,conference,mask_conference,environment,quick_scan,delayed,-2.1379,0.39430,-0.12643,0.50000,0.50000,-0.26042,0.000554,0.000129,0.000753,0.000537,-0.000864
2320,86,conference,mask_conference,environment,take_notes,goal_achieved,1.1445,0.39465,-0.12645,0.50000,0.50000,-0.26073,0.000346,-0.000014,0.000000,0.000000,-0.000308
2321,86,conference,mask_conference,environment,network_actively,goal_achieved,0.7051,0.39493,-0.12698,0.50000,0.50000,-0.26116,0.000288,-0.000533,0.000000,0.000000,-0.000439
2322,86,conference,mask_conference,environment,network_actively,delayed,-0.4954,0.39496,-0.12650,0.49849,0.49898,-0.26072,0.000024,0.000478,-0.001512,-0.001017,0.000440
2323,87,work,mask_work,environment,tidy_up,delayed,-1.3900,0.46792,0.50000,-0.50000,-0.50000,-0.46381,0.000847,0.000000,0.000000,0.000000,-0.000617
2324,87,work,mask_work,environment,take_notes,delayed,-1.3713,0.46832,0.50000,-0.50000,-0.50000,-0.46449,0.000401,0.000000,0.000000,0.000000,-0.000679
2325,87,work,mask_work,environment,deep_work,goal_achieved,1.8808,0.46919,0.50000,-0.50000,-0.50000,-0.46541,0.000866,0.000000,0.000000,0.000000,-0.000920
2326,87,work,mask_work,environment,rest_deeply,failed,-2.5107,0.46996,0.50000,-0.50000,-0.50000,-0.46620,0.000767,0.000000,0.000000,0.000000,-0.000782
2327,87,work,mask_work,environment,deep_work,goal_achieved,1.8817,0.47082,0.50000,-0.50000,-0.50000,-0.46712,0.000868,0.000000,0.000000,0.000000,-0.000922
2328,87,work,mask_work,environment,network_actively,failed,-2.5310,0.47146,0.50000,-0.50000,-0.50000,-0.46791,0.000640,0.000000,0.000000,0.000000,-0.000792
2329,87,work,mask_work,environment,handle_backlog,goal_achieved,2.0598,0.47189,0.50000,-0.50000,-0.50000,-0.46839,0.000426,0.000000,0.000000,0.000000,-0.000481
2330,87,work,mask_work,environment,network_actively,goal_achieved,1.8729,0.47237,0.49969,-0.49863,-0.49994,-0.46872,0.000477,-0.000307,0.001369,0.000057,-0.000330
2331,87,work,mask_work,environment,tidy_up,failed,-2.4713,0.47369,0.50000,-0.49973,-0.50000,-0.46930,0.001325,0.000307,-0.001103,-0.000057,-0.000579
2332,87,home,mask_home,environment,rest_deeply,goal_achieved,1.8300,-0.50000,-0.20000,-0.50000,-0.34599,0.13528,0.000000,-0.000192,0.000000,-0.000498,0.000033
2333,87,home,mask_home,environment,network_actively,delayed,-1.7753,-0.50000,-0.20005,-0.50000,-0.34650,0.13530,0.000000,-0.000055,0.000000,-0.000507,0.000017
2334,87,home,mask_home,environment,quick_scan,goal_achieved,1.8415,-0.50000,-0.20037,-0.50000,-0.34728,0.13589,0.000000,-0.000319,0.000000,-0.000784,0.000592
2335,87,home,mask_home,environment,network_actively,delayed,-1.7810,-0.50000,-0.20043,-0.50000,-0.34779,0.13591,0.000000,-0.000055,0.000000,-0.000508,0.000022
2336,87,home,mask_home,environment,rest_deeply,goal_achieved,1.8235,-0.50000,-0.20062,-0.50000,-0.34828,0.13595,0.000000,-0.000188,0.000000,-0.000495,0.000033
2337,87,home,mask_home,environment,rest_deeply,goal_achieved,1.8232,-0.50000,-0.20080,-0.50000,-0.34878,0.13598,0.000000,-0.000187,0.000000,-0.000494,0.000032
2338,87,home,mask_home,environment,network_actively,delayed,-1.7842,-0.50000,-0.20086,-0.50000,-0.34928,0.13600,0.000000,-0.000055,0.000000,-0.000505,0.000019
2339,87,home,mask_home,environment,zone_out,goal_achieved,1.6018,-0.50000,-0.20184,-0.50000,-0.35118,0.13674,0.000000,-0.000979,0.000000,-0.001899,0.000745
2340,87,home,mask_home,environment,quick_scan,delayed,-1.6263,-0.50000,-0.20190,-0.50000,-0.35176,0.13676,0.000000,-0.000064,0.000000,-0.000579,0.000019
2341,87,conference,mask_conference,environment,quick_scan,delayed,-2.1346,0.39551,-0.12637,0.50000,0.50000,-0.26158,0.000555,0.000126,0.001512,0.001017,-0.000858
2342,87,conference,mask_conference,environment,network_actively,delayed,-0.4938,0.39554,-0.12589,0.49849,0.49899,-0.26115,0.000028,0.000484,-0.001513,-0.001013,0.000434
2343,87,conference,mask_conference,environment,take_notes,goal_achieved,1.1559,0.39589,-0.12591,0.49950,0.49979,-0.26145,0.000349,-0.000018,0.001016,0.000802,-0.000304
2344,87,conference,mask_conference,environment,quick_scan,failed,-3.1823,0.39672,-0.12540,0.50000,0.50000,-0.26284,0.000834,0.000509,0.000497,0.000212,-0.001386
2345,87,conference,mask_conference,environment,network_actively,goal_achieved,0.7140,0.39702,-0.12594,0.50000,0.50000,-0.26328,0.000295,-0.000542,0.000000,0.000000,-0.000441
2346,87,conference,mask_conference,environment,rest_deeply,delayed,-2.3307,0.39727,-0.12624,0.50000,0.50000,-0.26354,0.000255,-0.000297,0.000000,0.000000,-0.000256
2347,87,conference,mask_conference,environment,network_actively,delayed,-0.4920,0.39731,-0.12574,0.49848,0.49899,-0.26311,0.000039,0.000500,-0.001520,-0.001009,0.000421
2348,87,conference,mask_conference,environment,network_actively,goal_achieved,0.7171,0.39761,-0.12629,0.50000,0.50000,-0.26355,0.000296,-0.000548,0.001520,0.001009,-0.000437
2349,87,conference,mask_conference,environment,network_actively,goal_achieved,0.7145,0.39790,-0.12683,0.50000,0.50000,-0.26399,0.000294,-0.000540,0.000000,0.000000,-0.000441
2350,88,work,mask_work,environment,deep_work,goal_achieved,1.8806,0.47456,0.50000,-0.50000,-0.50000,-0.47022,0.000871,0.000000,-0.000266,0.000000,-0.000918
2351,88,work,mask_work,environment,take_notes,delayed,-1.3746,0.47497,0.50000,-0.50000,-0.50000,-0.47090,0.000410,0.000000,0.000000,0.000000,-0.000681
2352,88,work,mask_work,environment,deep_work,goal_achieved,1.8813,0.47584,0.50000,-0.50000,-0.50000,-0.47182,0.000869,0.000000,0.000000,0.000000,-0.000918
2353,88,work,mask_work,environment,take_notes,delayed,-1.3758,0.47625,0.50000,-0.50000,-0.50000,-0.47250,0.000411,0.000000,0.000000,0.000000,-0.000683
2354,88,work,mask_work,environment,take_notes,delayed,-1.3758,0.47666,0.50000,-0.50000,-0.50000,-0.47318,0.000411,0.000000,0.000000,0.000000,-0.000683
2355,88,work,mask_work,environment,deep_work,delayed,-0.6959,0.47609,0.50000,-0.49975,-0.49996,-0.47267,-0.000571,0.000000,0.000249,0.000045,0.000518
2356,88,work,mask_work,environment,rest_deeply,failed,-2.5085,0.47686,0.50000,-0.50000,-0.50000,-0.47344,0.000764,0.000000,-0.000249,-0.000045,-0.000777
2357,88,work,mask_work,environment,deep_work,goal_achieved,1.8838,0.47773,0.50000,-0.50000,-0.50000,-0.47436,0.000869,0.000000,0.000000,0.000000,-0.000921
2358,88,work,mask_work,environment,deep_work,goal_achieved,1.8837,0.47860,0.50000,-0.50000,-0.50000,-0.47528,0.000869,0.000000,0.000000,0.000000,-0.000921
2359,88,home,mask_home,environment,quick_scan,failed,-2.7777,-0.50000,-0.20188,-0.50000,-0.35227,0.13659,0.000000,0.000019,0.000000,-0.000508,-0.000170
2360,88,home,mask_home,environment,rest_deeply,goal_achieved,1.8171,-0.50000,-0.20207,-0.50000,-0.35277,0.13661,0.000000,-0.000186,0.000000,-0.000498,0.000023
2361,88,home,mask_home,environment,zone_out,failed,-2.3397,-0.49944,-0.20108,-0.50000,-0.35179,0.13585,0.000563,0.000988,0.000000,0.000979,-0.000766
2362,88,home,mask_home,environment,quick_scan,delayed,-1.6191,-0.50000,-0.20114,-0.50000,-0.35234,0.13586,-0.000563,-0.000062,0.000000,-0.000556,0.000016
2363,88,home,mask_home,environment,rest_deeply,goal_achieved,1.8256,-0.50000,-0.20132,-0.50000,-0.35282,0.13588,0.000000,-0.000181,0.000000,-0.000477,0.000019
2364,88,home,mask_home,environment,network_actively,failed,-2.7581,-0.50000,-0.20155,-0.50000,-0.35394,0.13619,0.000000,-0.000231,0.000000,-0.001124,0.000309
2365,88,home,mask_home,environment,network_actively,delayed,-1.7847,-0.50000,-0.20160,-0.50000,-0.35443,0.13620,0.000000,-0.000050,0.000000,-0.000489,0.000006
2366,88,home,mask_home,environment,network_actively,delayed,-1.7848,-0.50000,-0.20165,-0.50000,-0.35492,0.13620,0.000000,-0.000050,0.000000,-0.000488,0.000006
2367,88,home,mask_home,environment,rest_deeply,goal_achieved,1.8252,-0.50000,-0.20183,-0.50000,-0.35539,0.13622,0.000000,-0.000177,0.000000,-0.000471,0.000013
2368,88,conference,mask_conference,environment,network_actively,goal_achieved,0.7146,0.39820,-0.12737,0.50000,0.50000,-0.26443,0.000294,-0.000539,0.000000,0.000000,-0.000442
2369,88,conference,mask_conference,environment,network_actively,goal_achieved,0.7147,0.39849,-0.12790,0.50000,0.50000,-0.26488,0.000294,-0.000538,0.000000,0.000000,-0.000442
2370,88,conference,mask_conference,environment,deep_work,delayed,-2.6037,0.39867,-0.12838,0.50000,0.50000,-0.26504,0.000180,-0.000473,0.000000,0.000000,-0.000167
2371,88,conference,mask_conference,environment,network_actively,delayed,-0.4914,0.39871,-0.12788,0.49849,0.49899,-0.26462,0.000036,0.000496,-0.001514,-0.001006,0.000423
2372,88,conference,mask_conference,environment,network_actively,goal_achieved,0.7183,0.39900,-0.12843,0.50000,0.50000,-0.26506,0.000293,-0.000548,0.001514,0.001006,-0.000436
2373,88,conference,mask_conference,environment,quick_scan,goal_achieved,1.0234,0.39872,-0.12945,0.50000,0.50000,-0.26431,-0.000287,-0.001020,0.000000,0.000000,0.000742
2374,88,conference,mask_conference,environment,network_actively,goal_achieved,0.7104,0.39900,-0.12998,0.50000,0.50000,-0.26475,0.000288,-0.000533,0.000000,0.000000,-0.000439
2375,88,conference,mask_conference,environment,network_actively,goal_achieved,0.7105,0.39929,-0.13051,0.50000,0.50000,-0.26519,0.000287,-0.000532,0.000000,0.000000,-0.000440
2376,88,conference,mask_conference,environment,network_actively,delayed,-0.4945,0.39932,-0.13002,0.49848,0.49899,-0.26476,0.000029,0.000489,-0.001515,-0.001012,0.000432
2377,89,work,mask_work,environment,deep_work,delayed,-0.6947,0.47803,0.50000,-0.49975,-0.49996,-0.47477,-0.000568,0.000000,0.000250,0.000044,0.000516
2378,89,work,mask_work,environment,handle_backlog,delayed,-1.2477,0.47901,0.50000,-0.50000,-0.50000,-0.47580,0.000977,0.000000,-0.000250,-0.000044,-0.001029
2379,89,work,mask_work,environment,deep_work,goal_achieved,1.8880,0.47988,0.50000,-0.50000,-0.50000,-0.47672,0.000874,0.000000,0.000000,0.000000,-0.000927
2380,89,work,mask_work,environment,rest_deeply,goal_achieved,2.2013,0.47998,0.50000,-0.50000,-0.50000,-0.47698,0.000096,0.000000,0.000000,0.000000,-0.000258
2381,89,work,mask_work,environment,deep_work,goal_achieved,1.8850,0.48084,0.50000,-0.50000,-0.50000,-0.47790,0.000867,0.000000,0.000000,0.000000,-0.000922
2382,89,work,mask_work,environment,rest_deeply,goal_achieved,2.2003,0.48094,0.50000,-0.50000,-0.50000,-0.47816,0.000097,0.000000,0.000000,0.000000,-0.000259
2383,89,work,mask_work,environment,deep_work,goal_achieved,1.8821,0.48180,0.50000,-0.50000,-0.50000,-0.47908,0.000861,0.000000,0.000000,0.000000,-0.000917
2384,89,work,mask_work,environment,rest_deeply,failed,-2.5058,0.48257,0.50000,-0.50000,-0.50000,-0.47986,0.000770,0.000000,0.000000,0.000000,-0.000784
2385,89,work,mask_work,environment,take_notes,failed,-2.3017,0.48258,0.50000,-0.50000,-0.50000,-0.48063,0.000011,0.000000,0.000000,0.000000,-0.000766
2386,89,home,mask_home,environment,zone_out,goal_achieved,1.5943,-0.50000,-0.20281,-0.50000,-0.35728,0.13695,0.000000,-0.000979,0.000000,-0.001890,0.000733
2387,89,home,mask_home,environment,quick_scan,goal_achieved,1.8227,-0.50000,-0.20312,-0.50000,-0.35805,0.13752,0.000000,-0.000309,0.000000,-0.000770,0.000573
2388,89,home,mask_home,environment,rest_deeply,delayed,-0.4501,-0.50000,-0.20281,-0.50000,-0.35900,0.13770,0.000000,0.000310,0.000000,-0.000945,0.000175
2389,89,home,mask_home,environment,rest_deeply,goal_achieved,1.8116,-0.50000,-0.20299,-0.50000,-0.35948,0.13771,0.000000,-0.000176,0.000000,-0.000480,0.000013
2390,89,home,mask_home,environment,network_actively,failed,-2.7730,-0.50000,-0.20322,-0.50000,-0.36061,0.13802,0.000000,-0.000238,0.000000,-0.001131,0.000313
2391,89,home,mask_home,environment,rest_deeply,delayed,-0.4503,-0.50000,-0.20292,-0.50000,-0.36156,0.13821,0.000000,0.000303,0.000000,-0.000950,0.000180
2392,89,home,mask_home,environment,rest_deeply,goal_achieved,1.8114,-0.50000,-0.20309,-0.50000,-0.36203,0.13821,0.000000,-0.000173,0.000000,-0.000475,0.000009
2393,89,home,mask_home,environment,tidy_up,goal_achieved,1.8621,-0.50000,-0.20257,-0.50000,-0.36257,0.13801,0.000000,0.000528,0.000000,-0.000536,-0.000202
2394,89,home,mask_home,environment,zone_out,goal_achieved,1.5869,-0.50000,-0.20353,-0.50000,-0.36446,0.13874,0.000000,-0.000968,0.000000,-0.001889,0.000726
2395,89,conference,mask_conference,environment,network_actively,goal_achieved,0.7132,0.39961,-0.13056,0.50000,0.50000,-0.26520,0.000288,-0.000538,0.001515,0.001012,-0.000436
2396,89,conference,mask_conference,environment,quick_scan,delayed,-2.1288,0.40016,-0.13043,0.50000,0.50000,-0.26605,0.000550,0.000133,0.000000,0.000000,-0.000855
2397,89,conference,mask_conference,environment,network_actively,goal_achieved,0.7140,0.40045,-0.13096,0.50000,0.50000,-0.26649,0.000289,-0.000534,0.000000,0.000000,-0.000441
2398,89,conference,mask_conference,environment,network_actively,goal_achieved,0.7141,0.40073,-0.13150,0.50000,0.50000,-0.26694,0.000289,-0.000533,0.000000,0.000000,-0.000442
2399,89,conference,mask_conference,environment,network_actively,goal_achieved,0.7142,0.40102,-0.13203,0.50000,0.50000,-0.26738,0.000288,-0.000532,0.000000,0.000000,-0.000442
2400,89,conference,mask_conference,environment,network_actively,goal_achieved,0.7143,0.40131,-0.13256,0.50000,0.50000,-0.26782,0.000288,-0.000531,0.000000,0.000000,-0.000442
2401,89,conference,mask_conference,environment,network_actively,goal_achieved,0.7144,0.40160,-0.13309,0.50000,0.50000,-0.26826,0.000288,-0.000530,0.000000,0.000000,-0.000443
2402,89,conference,mask_conference,environment,network_actively,goal_achieved,0.7145,0.40189,-0.13362,0.50000,0.50000,-0.26870,0.000288,-0.000529,0.000000,0.000000,-0.000443
2403,89,conference,mask_conference,environment,network_actively,delayed,-0.4937,0.40192,-0.13312,0.49848,0.49899,-0.26828,0.000032,0.000495,-0.001517,-0.001009,0.000426
2404,90,work,mask_work,environment,take_notes,failed,-2.3017,0.48259,0.50000,-0.50000,-0.50000,-0.48139,0.000011,0.000000,0.000000,0.000000,-0.000766
2405,90,work,mask_work,environment,tidy_up,delayed,-1.3855,0.48342,0.50000,-0.50000,-0.50000,-0.48201,0.000830,0.000000,0.000000,0.000000,-0.000619
2406,90,work,mask_work,environment,network_actively,failed,-2.5199,0.48405,0.50000,-0.50000,-0.50000,-0.48280,0.000632,0.000000,0.000000,0.000000,-0.000790
2407,90,work,mask_work,environment,take_notes,goal_achieved,1.4206,0.48563,0.50000,-0.50000,-0.50000,-0.48322,0.001580,0.000000,0.000000,0.000000,-0.000416
2408,90,work,mask_work,environment,tidy_up,failed,-2.4675,0.48694,0.50000,-0.50000,-0.50000,-0.48380,0.001311,0.000000,0.000000,0.000000,-0.000580
2409,90,work,mask_work,environment,deep_work,goal_achieved,1.8878,0.48781,0.50000,-0.50000,-0.50000,-0.48472,0.000870,0.000000,0.000000,0.000000,-0.000919
2410,90,work,mask_work,environment,deep_work,goal_achieved,1.8877,0.48868,0.50000,-0.50000,-0.50000,-0.48564,0.000869,0.000000,0.000000,0.000000,-0.000920
2411,90,work,mask_work,environment,handle_backlog,delayed,-1.2535,0.48966,0.50000,-0.50000,-0.50000,-0.48667,0.000980,0.000000,0.000000,0.000000,-0.001029
2412,90,work,mask_work,environment,handle_backlog,delayed,-1.2536,0.49064,0.50000,-0.50000,-0.50000,-0.48770,0.000980,0.000000,0.000000,0.000000,-0.001029
2413,90,home,mask_home,environment,rest_deeply,goal_achieved,1.8026,-0.50000,-0.20371,-0.50000,-0.36494,0.13874,0.000000,-0.000172,0.000000,-0.000482,0.000006
2414,90,home,mask_home,environment,network_actively,failed,-2.7828,-0.50000,-0.20394,-0.50000,-0.36608,0.13905,0.000000,-0.000239,0.000000,-0.001135,0.000311
2415,90,home,mask_home,environment,tidy_up,delayed,-1.5940,-0.50000,-0.20499,-0.50000,-0.36672,0.13950,0.000000,-0.001048,0.000000,-0.000646,0.000442
2416,90,home,mask_home,environment,rest_deeply,goal_achieved,1.8036,-0.50000,-0.20516,-0.50000,-0.36720,0.13949,0.000000,-0.000168,0.000000,-0.000480,-0.000002
2417,90,home,mask_home,environment,zone_out,delayed,-1.3530,-0.50000,-0.20465,-0.50000,-0.36691,0.13909,0.000000,0.000509,0.000000,0.000288,-0.000405
2418,90,home,mask_home,environment,quick_scan,goal_achieved,1.8206,-0.50000,-0.20495,-0.50000,-0.36767,0.13964,0.000000,-0.000296,0.000000,-0.000756,0.000556
2419,90,home,mask_home,environment,network_actively,failed,-2.7857,-0.50000,-0.20519,-0.50000,-0.36879,0.13995,0.000000,-0.000240,0.000000,-0.001123,0.000310
2420,90,home,mask_home,environment,rest_deeply,goal_achieved,1.8030,-0.50000,-0.20535,-0.50000,-0.36926,0.13995,0.000000,-0.000161,0.000000,-0.000468,-0.000004
2421,90,home,mask_home,environment,rest_deeply,delayed,-0.4582,-0.50000,-0.20508,-0.50000,-0.37024,0.14016,0.000000,0.000266,0.000000,-0.000979,0.000211
2422,90,conference,mask_conference,environment,take_notes,goal_achieved,1.1605,0.40227,-0.13314,0.49952,0.49981,-0.26859,0.000347,-0.000013,0.001039,0.000815,-0.000308
2423,90,conference,mask_conference,environment,network_actively,goal_achieved,0.7147,0.40255,-0.13367,0.50000,0.50000,-0.26903,0.000289,-0.000529,0.000479,0.000194,-0.000441
2424,90,conference,mask_conference,environment,network_actively,goal_achieved,0.7140,0.40284,-0.13419,0.50000,0.50000,-0.26947,0.000289,-0.000526,0.000000,0.000000,-0.000443
2425,90,conference,mask_conference,environment,deep_work,delayed,-2.6073,0.40302,-0.13465,0.50000,0.50000,-0.26964,0.000176,-0.000460,0.000000,0.000000,-0.000169
2426,90,conference,mask_conference,environment,network_actively,goal_achieved,0.7150,0.40331,-0.13518,0.50000,0.50000,-0.27008,0.000287,-0.000527,0.000000,0.000000,-0.000442
2427,90,conference,mask_conference,environment,network_actively,delayed,-0.4943,0.40334,-0.13468,0.49848,0.49899,-0.26965,0.000031,0.000496,-0.001519,-0.001009,0.000427
2428,90,conference,mask_conference,environment,network_actively,delayed,-0.4948,0.40337,-0.13419,0.49696,0.49798,-0.26923,0.000034,0.000499,-0.001521,-0.001009,0.000426
2429,90,conference,mask_conference,environment,rest_deeply,delayed,-2.3217,0.40362,-0.13448,0.49846,0.49895,-0.26947,0.000250,-0.000296,0.001496,0.000968,-0.000248
2430,90,conference,mask_conference,environment,network_actively,delayed,-0.4947,0.40366,-0.13398,0.49694,0.49794,-0.26905,0.000035,0.000500,-0.001520,-0.001009,0.000426
2431,91,work,mask_work,environment,tidy_up,failed,-2.4623,0.49197,0.50000,-0.50000,-0.50000,-0.48829,0.001322,0.000000,0.000000,0.000000,-0.000594
2432,91,work,mask_work,environment,deep_work,goal_achieved,1.8980,0.49285,0.50000,-0.50000,-0.50000,-0.48922,0.000885,0.000000,0.000000,0.000000,-0.000930
2433,91,work,mask_work,environment,tidy_up,delayed,-1.3847,0.49370,0.50000,-0.50000,-0.50000,-0.48985,0.000847,0.000000,0.000000,0.000000,-0.000634
2434,91,work,mask_work,environment,rest_deeply,failed,-2.4938,0.49450,0.50000,-0.50000,-0.50000,-0.49065,0.000797,0.000000,0.000000,0.000000,-0.000798
2435,91,work,mask_work,environment,tidy_up,goal_achieved,1.8539,0.49392,0.50000,-0.50000,-0.50000,-0.49140,-0.000575,0.000000,0.000000,0.000000,-0.000751
2436,91,work,mask_work,environment,network_actively,failed,-2.5168,0.49458,0.50000,-0.50000,-0.50000,-0.49221,0.000657,0.000000,0.000000,0.000000,-0.000806
2437,91,work,mask_work,environment,take_notes,goal_achieved,1.4273,0.49618,0.50000,-0.50000,-0.50000,-0.49264,0.001599,0.000000,0.000000,0.000000,-0.000433
2438,91,work,mask_work,environment,take_notes,delayed,-1.3608,0.49660,0.50000,-0.50000,-0.50000,-0.49334,0.000425,0.000000,0.000000,0.000000,-0.000697
2439,91,work,mask_work,environment,rest_deeply,failed,-2.5002,0.49739,0.50000,-0.50000,-0.50000,-0.49414,0.000791,0.000000,0.000000,0.000000,-0.000799
2440,91,home,mask_home,environment,network_actively,failed,-2.7846,-0.50000,-0.20532,-0.50000,-0.37136,0.14047,0.000000,-0.000238,0.000000,-0.001118,0.000307
2441,91,home,mask_home,environment,zone_out,delayed,-1.3520,-0.50000,-0.20481,-0.50000,-0.37107,0.14007,0.000000,0.000509,0.000000,0.000290,-0.000400
2442,91,home,mask_home,environment,quick_scan,goal_achieved,1.8274,-0.50000,-0.20510,-0.50000,-0.37181,0.14061,0.000000,-0.000283,0.000000,-0.000740,0.000544
2443,91,home,mask_home,environment,rest_deeply,goal_achieved,1.8020,-0.50000,-0.20525,-0.50000,-0.37226,0.14061,0.000000,-0.000155,0.000000,-0.000453,-0.000006
2444,91,home,mask_home,environment,tidy_up,delayed,-1.6005,-0.50000,-0.20626,-0.50000,-0.37288,0.14104,0.000000,-0.001010,0.000000,-0.000625,0.000429
2445,91,home,mask_home,environment,rest_deeply,goal_achieved,1.8034,-0.50000,-0.20642,-0.50000,-0.37333,0.14103,0.000000,-0.000158,0.000000,-0.000450,-0.000009
2446,91,home,mask_home,environment,zone_out,goal_achieved,1.5655,-0.50000,-0.20739,-0.50000,-0.37523,0.14174,0.000000,-0.000970,0.000000,-0.001895,0.000717
2447,91,home,mask_home,environment,rest_deeply,delayed,-0.4640,-0.50000,-0.20716,-0.50000,-0.37623,0.14199,0.000000,0.000225,0.000000,-0.001000,0.000242
2448,91,home,mask_home,environment,rest_deeply,goal_achieved,1.7968,-0.50000,-0.20733,-0.50000,-0.37668,0.14198,0.000000,-0.000167,0.000000,-0.000453,-0.000009
2449,91,conference,mask_conference,environment,deep_work,failed,-3.7715,0.40372,-0.13477,0.49901,0.49922,-0.26904,0.000062,-0.000794,0.002069,0.001273,0.000008
2450,91,conference,mask_conference,environment,take_notes,goal_achieved,1.1718,0.40406,-0.13480,0.50000,0.50000,-0.26934,0.000337,-0.000022,0.000995,0.000784,-0.000298
2451,91,conference,mask_conference,environment,network_actively,goal_achieved,0.7168,0.40434,-0.13533,0.50000,0.50000,-0.26978,0.000282,-0.000535,0.000000,0.000000,-0.000436
2452,91,conference,mask_conference,environment,network_actively,delayed,-0.4925,0.40437,-0.13484,0.49849,0.49900,-0.26934,0.000029,0.000489,-0.001507,-0.001002,0.000433
2453,91,conference,mask_conference,environment,quick_scan,goal_achieved,1.0356,0.40407,-0.13586,0.49974,0.49921,-0.26859,-0.000294,-0.001017,0.001245,0.000214,0.000751
2454,91,conference,mask_conference,environment,quick_scan,delayed,-2.1186,0.40462,-0.13572,0.50000,0.50000,-0.26944,0.000543,0.000138,0.000262,0.000788,-0.000849
2455,91,conference,mask_conference,environment,network_actively,goal_achieved,0.7148,0.40490,-0.13625,0.50000,0.50000,-0.26988,0.000280,-0.000532,0.000000,0.000000,-0.000436
2456,91,conference,mask_conference,environment,network_actively,goal_achieved,0.7149,0.40517,-0.13678,0.50000,0.50000,-0.27031,0.000280,-0.000531,0.000000,0.000000,-0.000436
2457,91,conference,mask_conference,environment,network_actively,goal_achieved,0.7150,0.40545,-0.13731,0.50000,0.50000,-0.27075,0.000279,-0.000530,0.000000,0.000000,-0.000436
2458,92,work,mask_work,environment,deep_work,goal_achieved,1.8942,0.49828,0.50000,-0.50000,-0.50000,-0.49507,0.000885,0.000000,0.000000,0.000000,-0.000935
2459,92,work,mask_work,environment,tidy_up,failed,-2.4663,0.49961,0.50000,-0.50000,-0.50000,-0.49567,0.001330,0.000000,0.000000,0.000000,-0.000601
2460,92,work,mask_work,environment,network_actively,delayed,-1.4179,0.50000,0.50000,-0.50000,-0.50000,-0.49636,0.000395,0.000000,0.000000,0.000000,-0.000692
2461,92,work,mask_work,environment,deep_work,delayed,-0.6789,0.49946,0.50000,-0.49978,-0.49996,-0.49586,-0.000540,0.000000,0.000225,0.000043,0.000505
2462,92,work,mask_work,environment,tidy_up,delayed,-1.3821,0.50000,0.50000,-0.50000,-0.50000,-0.49649,0.000540,0.000000,-0.000225,-0.000043,-0.000634
2463,92,work,mask_work,environment,take_notes,failed,-2.2823,0.50000,0.50000,-0.50000,-0.50000,-0.49728,0.000000,0.000000,0.000000,0.000000,-0.000783
2464,92,work,mask_work,environment,take_notes,goal_achieved,1.4337,0.50000,0.50000,-0.50000,-0.50000,-0.49771,0.000000,0.000000,0.000000,0.000000,-0.000430
2465,92,work,mask_work,environment,deep_work,goal_achieved,1.8954,0.50000,0.50000,-0.50000,-0.50000,-0.49864,0.000000,0.000000,0.000000,0.000000,-0.000934
2466,92,work,mask_work,environment,deep_work,goal_achieved,1.8954,0.50000,0.50000,-0.50000,-0.50000,-0.49957,0.000000,0.000000,0.000000,0.000000,-0.000934
2467,92,home,mask_home,environment,zone_out,delayed,-1.3515,-0.50000,-0.20683,-0.50000,-0.37638,0.14158,0.000000,0.000497,0.000000,0.000303,-0.000396
2468,92,home,mask_home,environment,network_actively,failed,-2.7893,-0.50000,-0.20708,-0.50000,-0.37748,0.14189,0.000000,-0.000246,0.000000,-0.001101,0.000307
2469,92,home,mask_home,environment,tidy_up,delayed,-1.6061,-0.50000,-0.20807,-0.50000,-0.37810,0.14231,0.000000,-0.000989,0.000000,-0.000622,0.000416
2470,92,home,mask_home,environment,network_actively,failed,-2.7883,-0.50000,-0.20833,-0.50000,-0.37920,0.14261,0.000000,-0.000257,0.000000,-0.001096,0.000309
2471,92,home,mask_home,environment,rest_deeply,goal_achieved,1.8040,-0.50000,-0.20849,-0.50000,-0.37964,0.14260,0.000000,-0.000168,0.000000,-0.000437,-0.000015
2472,92,home,mask_home,environment,quick_scan,goal_achieved,1.8243,-0.50000,-0.20879,-0.50000,-0.38036,0.14314,0.000000,-0.000295,0.000000,-0.000723,0.000538
2473,92,home,mask_home,environment,rest_deeply,goal_achieved,1.7997,-0.50000,-0.20896,-0.50000,-0.38079,0.14313,0.000000,-0.000170,0.000000,-0.000434,-0.000010
2474,92,home,mask_home,environment,zone_out,failed,-2.3226,-0.49933,-0.20799,-0.50000,-0.37975,0.14237,0.000673,0.000971,0.000000,0.001042,-0.000756
2475,92,home,mask_home,environment,rest_deeply,goal_achieved,1.8065,-0.50000,-0.20815,-0.50000,-0.38017,0.14235,-0.000673,-0.000159,0.000000,-0.000421,-0.000016
2476,92,conference,mask_conference,environment,network_actively,goal_achieved,0.7151,0.40573,-0.13784,0.50000,0.50000,-0.27119,0.000279,-0.000528,0.000000,0.000000,-0.000437
2477,92,conference,mask_conference,environment,network_actively,goal_achieved,0.7152,0.40601,-0.13837,0.50000,0.50000,-0.27162,0.000279,-0.000527,0.000000,0.000000,-0.000437
2478,92,conference,mask_conference,environment,take_notes,goal_achieved,1.1669,0.40635,-0.13839,0.50000,0.50000,-0.27192,0.000333,-0.000016,0.000000,0.000000,-0.000300
2479,92,conference,mask_conference,environment,network_actively,delayed,-0.4955,0.40637,-0.13789,0.49848,0.49899,-0.27149,0.000027,0.000492,-0.001516,-0.001007,0.000435
2480,92,conference,mask_conference,environment,network_actively,goal_achieved,0.7173,0.40665,-0.13843,0.50000,0.50000,-0.27192,0.000281,-0.000532,0.001516,0.001007,-0.000433
2481,92,conference,mask_conference,environment,network_actively,goal_achieved,0.7148,0.40693,-0.13895,0.50000,0.50000,-0.27236,0.000280,-0.000524,0.000000,0.000000,-0.000437
2482,92,conference,mask_conference,environment,network_actively,delayed,-0.4957,0.40696,-0.13846,0.49848,0.49899,-0.27192,0.000027,0.000493,-0.001516,-0.001007,0.000435
2483,92,conference,mask_conference,environment,network_actively,goal_achieved,0.7175,0.40724,-0.13899,0.50000,0.50000,-0.27235,0.000280,-0.000531,0.001516,0.001007,-0.000433
2484,92,conference,mask_conference,environment,network_actively,goal_achieved,0.7149,0.40752,-0.13951,0.50000,0.50000,-0.27279,0.000279,-0.000524,0.000000,0.000000,-0.000437
2485,93,work,mask_work,environment,network_actively,failed,-2.5171,0.50000,0.50000,-0.50000,-0.50000,-0.50000,0.000000,0.000000,0.000000,0.000000,-0.000427
2486,93,work,mask_work,environment,deep_work,goal_achieved,1.8966,0.50000,0.50000,-0.50000,-0.50000,-0.50000,0.000000,0.000000,0.000000,0.000000,0.000000
2487,93,work,mask_work,environment,network_actively,failed,-2.5182,0.50000,0.50000,-0.50000,-0.50000,-0.50000,0.000000,0.000000,0.000000,0.000000,0.000000
2488,93,work,mask_work,environment,take_notes,goal_achieved,1.4330,0.50000,0.50000,-0.50000,-0.50000,-0.50000,0.000000,0.000000,0.000000,0.000000,0.000000
2489,93,work,mask_work,environment,handle_backlog,goal_achieved,2.0591,0.50000,0.50000,-0.50000,-0.50000,-0.50000,0.000000,0.000000,0.000000,0.000000,0.000000
2490,93,work,mask_work,environment,network_actively,delayed,-1.4239,0.50000,0.50000,-0.50000,-0.50000,-0.50000,0.000000,0.000000,0.000000,0.000000,0.000000
2491,93,work,mask_work,environment,deep_work,goal_achieved,1.8919,0.50000,0.50000,-0.50000,-0.50000,-0.50000,0.000000,0.000000,0.000000,0.000000,0.000000
2492,93,work,mask_work,environment,deep_work,goal_achieved,1.8919,0.50000,0.50000,-0.50000,-0.50000,-0.50000,0.000000,0.000000,0.000000,0.000000,0.000000
2493,93,work,mask_work,environment,take_notes,goal_achieved,1.4294,0.50000,0.50000,-0.50000,-0.50000,-0.50000,0.000000,0.000000,0.000000,0.000000,0.000000
2494,93,home,mask_home,environment,network_actively,goal_achieved,1.1580,-0.49899,-0.20761,-0.49972,-0.37874,0.14142,0.001010,0.000537,0.000283,0.001428,-0.000936
2495,93,home,mask_home,environment,zone_out,goal_achieved,1.5569,-0.50000,-0.20859,-0.50000,-0.38063,0.14214,-0.001010,-0.000982,-0.000283,-0.001887,0.000721
2496,93,home,mask_home,environment,zone_out,failed,-2.3282,-0.49932,-0.20762,-0.50000,-0.37958,0.14138,0.000678,0.000975,0.000000,0.001048,-0.000760
2497,93,home,mask_home,environment,network_actively,failed,-2.7892,-0.50000,-0.20786,-0.50000,-0.38066,0.14168,-0.000678,-0.000246,0.000000,-0.001075,0.000305
2498,93,home,mask_home,environment,network_actively,goal_achieved,1.1586,-0.49899,-0.20733,-0.49972,-0.37923,0.14075,0.001013,0.000538,0.000284,0.001430,-0.000935
2499,93,home,mask_home,environment,rest_deeply,goal_achieved,1.8018,-0.49969,-0.20748,-0.50000,-0.37964,0.14073,-0.000702,-0.000154,-0.000284,-0.000413,-0.000019
2500,93,home,mask_home,environment,rest_deeply,goal_achieved,1.8010,-0.50000,-0.20763,-0.50000,-0.38005,0.14071,-0.000310,-0.000153,0.000000,-0.000409,-0.000021
2501,93,home,mask_home,environment,network_actively,delayed,-1.8057,-0.50000,-0.20768,-0.50000,-0.38050,0.14070,0.000000,-0.000050,0.000000,-0.000447,-0.000006
2502,93,home,mask_home,environment,rest_deeply,goal_achieved,1.8006,-0.50000,-0.20784,-0.50000,-0.38090,0.14068,0.000000,-0.000152,0.000000,-0.000405,-0.000023
2503,93,conference,mask_conference,environment,quick_scan,goal_achieved,1.0292,0.40722,-0.14051,0.50000,0.50000,-0.27205,-0.000298,-0.000999,0.000000,0.000000,0.000745
2504,93,conference,mask_conference,environment,network_actively,goal_achieved,0.7098,0.40750,-0.14103,0.50000,0.50000,-0.27248,0.000275,-0.000515,0.000000,0.000000,-0.000436
2505,93,conference,mask_conference,environment,network_actively,goal_achieved,0.7099,0.40777,-0.14154,0.50000,0.50000,-0.27292,0.000275,-0.000514,0.000000,0.000000,-0.000437
2506,93,conference,mask_conference,environment,quick_scan,delayed,-2.1237,0.40831,-0.14139,0.50000,0.50000,-0.27378,0.000543,0.000151,0.000000,0.000000,-0.000856
2507,93,conference,mask_conference,environment,network_actively,delayed,-0.4972,0.40834,-0.14090,0.49848,0.49899,-0.27334,0.000023,0.000491,-0.001518,-0.001010,0.000438
2508,93,conference,mask_conference,environment,network_actively,goal_achieved,0.7160,0.40862,-0.14142,0.50000,0.50000,-0.27377,0.000278,-0.000525,0.001518,0.001010,-0.000433
2509,93,conference,mask_conference,environment,network_actively,goal_achieved,0.7134,0.40889,-0.14194,0.50000,0.50000,-0.27421,0.000276,-0.000517,0.000000,0.000000,-0.000438
2510,93,conference,mask_conference,environment,network_actively,goal_achieved,0.7135,0.40917,-0.14246,0.50000,0.50000,-0.27465,0.000276,-0.000516,0.000000,0.000000,-0.000438
2511,93,conference,mask_conference,environment,network_actively,goal_achieved,0.7136,0.40944,-0.14297,0.50000,0.50000,-0.27509,0.000276,-0.000515,0.000000,0.000000,-0.000438
2512,94,work,mask_work,environment,handle_backlog,goal_achieved,2.0530,0.50000,0.50000,-0.50000,-0.50000,-0.50000,0.000000,0.000000,0.000000,0.000000,0.000000
2513,94,work,mask_work,environment,handle_backlog,goal_achieved,2.0530,0.50000,0.50000,-0.50000,-0.50000,-0.50000,0.000000,0.000000,0.000000,0.000000,0.000000
2514,94,work,mask_work,environment,deep_work,goal_achieved,1.8840,0.50000,0.50000,-0.50000,-0.50000,-0.50000,0.000000,0.000000,0.000000,0.000000,0.000000
2515,94,work,mask_work,environment,take_notes,goal_achieved,1.4247,0.50000,0.50000,-0.50000,-0.50000,-0.50000,0.000000,0.000000,0.000000,0.000000,0.000000
2516,94,work,mask_work,environment,take_notes,failed,-2.2912,0.50000,0.50000,-0.50000,-0.50000,-0.50000,0.000000,0.000000,0.000000,0.000000,0.000000
2517,94,work,mask_work,environment,deep_work,goal_achieved,1.8824,0.50000,0.50000,-0.50000,-0.50000,-0.50000,0.000000,0.000000,0.000000,0.000000,0.000000
2518,94,work,mask_work,environment,take_notes,delayed,-1.3632,0.50000,0.50000,-0.50000,-0.50000,-0.50000,0.000000,0.000000,0.000000,0.000000,0.000000
2519,94,work,mask_work,environment,deep_work,goal_achieved,1.8832,0.50000,0.50000,-0.50000,-0.50000,-0.50000,0.000000,0.000000,0.000000,0.000000,0.000000
2520,94,work,mask_work,environment,tidy_up,goal_achieved,1.8348,0.49945,0.50000,-0.50000,-0.50000,-0.50000,-0.000553,0.000000,0.000000,0.000000,0.000000
2521,94,home,mask_home,environment,tidy_up,delayed,-1.6168,-0.50000,-0.20881,-0.50000,-0.38149,0.14108,0.000000,-0.000971,0.000000,-0.000584,0.000402
2522,94,home,mask_home,environment,rest_deeply,delayed,-0.4595,-0.50000,-0.20859,-0.50000,-0.38246,0.14133,0.000000,0.000213,0.000000,-0.000969,0.000246
2523,94,home,mask_home,environment,rest_deeply,goal_achieved,1.8022,-0.50000,-0.20875,-0.50000,-0.38285,0.14130,0.000000,-0.000159,0.000000,-0.000398,-0.000025
2524,94,home,mask_home,environment,zone_out,delayed,-1.3591,-0.49997,-0.20827,-0.50000,-0.38253,0.14091,0.000027,0.000480,0.000000,0.000326,-0.000392
2525,94,home,mask_home,environment,rest_deeply,goal_achieved,1.8055,-0.50000,-0.20843,-0.50000,-0.38292,0.14088,-0.000027,-0.000153,0.000000,-0.000389,-0.000029
2526,94,home,mask_home,environment,zone_out,delayed,-1.3608,-0.49997,-0.20794,-0.50000,-0.38259,0.14049,0.000026,0.000481,0.000000,0.000325,-0.000393
2527,94,home,mask_home,environment,zone_out,failed,-2.3315,-0.49929,-0.20697,-0.50000,-0.38154,0.13973,0.000686,0.000972,0.000000,0.001056,-0.000762
2528,94,home,mask_home,environment,rest_deeply,goal_achieved,1.8166,-0.49996,-0.20712,-0.50000,-0.38190,0.13970,-0.000670,-0.000147,0.000000,-0.000368,-0.000031
2529,94,home,mask_home,environment,rest_deeply,goal_achieved,1.8158,-0.50000,-0.20726,-0.50000,-0.38227,0.13966,-0.000042,-0.000143,0.000000,-0.000367,-0.000034
2530,94,conference,mask_conference,environment,quick_scan,delayed,-2.1232,0.40999,-0.14282,0.50000,0.50000,-0.27594,0.000542,0.000148,0.000000,0.000000,-0.000854
2531,94,conference,mask_conference,environment,rest_deeply,failed,-3.5447,0.41028,-0.14306,0.50000,0.50000,-0.27621,0.000294,-0.000238,0.000000,0.000000,-0.000269
2532,94,conference,mask_conference,environment,network_actively,goal_achieved,0.7183,0.41056,-0.14358,0.50000,0.50000,-0.27665,0.000280,-0.000517,0.000000,0.000000,-0.000440
2533,94,conference,mask_conference,environment,network_actively,delayed,-0.4952,0.41059,-0.14308,0.49849,0.49899,-0.27622,0.000029,0.000499,-0.001513,-0.001005,0.000431
2534,94,conference,mask_conference,environment,take_notes,goal_achieved,1.1745,0.41092,-0.14309,0.49955,0.49982,-0.27652,0.000334,-0.000012,0.001065,0.000823,-0.000299
2535,94,conference,mask_conference,environment,network_actively,goal_achieved,0.7186,0.41120,-0.14361,0.50000,0.50000,-0.27695,0.000281,-0.000517,0.000448,0.000182,-0.000438
2536,94,conference,mask_conference,environment,network_actively,goal_achieved,0.7179,0.41148,-0.14412,0.50000,0.50000,-0.27739,0.000280,-0.000514,0.000000,0.000000,-0.000440
2537,94,conference,mask_conference,environment,network_actively,delayed,-0.4967,0.41151,-0.14362,0.49848,0.49899,-0.27696,0.000031,0.000505,-0.001520,-0.001008,0.000430
2538,94,conference,mask_conference,environment,network_actively,delayed,-0.4972,0.41155,-0.14311,0.49696,0.49798,-0.27653,0.000033,0.000507,-0.001522,-0.001008,0.000429
2539,95,work,mask_work,environment,network_actively,failed,-2.5418,0.50000,0.50000,-0.50000,-0.50000,-0.50000,0.000553,0.000000,0.000000,0.000000,0.000000
2540,95,work,mask_work,environment,take_notes,goal_achieved,1.4203,0.50000,0.50000,-0.50000,-0.50000,-0.50000,0.000000,0.000000,0.000000,0.000000,0.000000
2541,95,work,mask_work,environment,handle_backlog,failed,-2.3786,0.50000,0.50000,-0.50000,-0.50000,-0.50000,0.000000,0.000000,0.000000,0.000000,0.000000
2542,95,work,mask_work,environment,deep_work,goal_achieved,1.8824,0.50000,0.50000,-0.50000,-0.50000,-0.50000,0.000000,0.000000,0.000000,0.000000,0.000000
2543,95,work,mask_work,environment,deep_work,goal_achieved,1.8824,0.50000,0.50000,-0.50000,-0.50000,-0.50000,0.000000,0.000000,0.000000,0.000000,0.000000
2544,95,work,mask_work,environment,take_notes,delayed,-1.3628,0.50000,0.50000,-0.50000,-0.50000,-0.50000,0.000000,0.000000,0.000000,0.000000,0.000000
2545,95,work,mask_work,environment,take_notes,goal_achieved,1.4241,0.50000,0.50000,-0.50000,-0.50000,-0.50000,0.000000,0.000000,0.000000,0.000000,0.000000
2546,95,work,mask_work,environment,handle_backlog,goal_achieved,2.0373,0.50000,0.50000,-0.50000,-0.50000,-0.50000,0.000000,0.000000,0.000000,0.000000,0.000000
2547,95,work,mask_work,environment,tidy_up,delayed,-1.4086,0.50000,0.50000,-0.50000,-0.50000,-0.50000,0.000000,0.000000,0.000000,0.000000,0.000000
2548,95,home,mask_home,environment,rest_deeply,goal_achieved,1.8156,-0.50000,-0.20740,-0.50000,-0.38264,0.13963,0.000000,-0.000142,0.000000,-0.000366,-0.000035
2549,95,home,mask_home,environment,zone_out,failed,-2.3357,-0.49932,-0.20643,-0.50000,-0.38158,0.13887,0.000682,0.000970,0.000000,0.001056,-0.000760
2550,95,home,mask_home,environment,rest_deeply,delayed,-0.4393,-0.50000,-0.20617,-0.50000,-0.38249,0.13908,-0.000682,0.000260,0.000000,-0.000908,0.000213
2551,95,home,mask_home,environment,rest_deeply,goal_achieved,1.8229,-0.50000,-0.20632,-0.50000,-0.38284,0.13905,0.000000,-0.000142,0.000000,-0.000347,-0.000036
2552,95,home,mask_home,environment,rest_deeply,goal_achieved,1.8228,-0.50000,-0.20646,-0.50000,-0.38318,0.13901,0.000000,-0.000141,0.000000,-0.000346,-0.000036
2553,95,home,mask_home,environment,network_actively,delayed,-1.7843,-0.50000,-0.20649,-0.50000,-0.38357,0.13899,0.000000,-0.000036,0.000000,-0.000388,-0.000022
2554,95,home,mask_home,environment,tidy_up,goal_achieved,1.8706,-0.50000,-0.20596,-0.50000,-0.38399,0.13875,0.000000,0.000538,0.000000,-0.000417,-0.000234
2555,95,home,mask_home,environment,rest_deeply,goal_achieved,1.8217,-0.50000,-0.20610,-0.50000,-0.38433,0.13872,0.000000,-0.000140,0.000000,-0.000342,-0.000037
2556,95,home,mask_home,environment,rest_deeply,goal_achieved,1.8216,-0.50000,-0.20623,-0.50000,-0.38467,0.13868,0.000000,-0.000139,0.000000,-0.000341,-0.000038
2557,95,conference,mask_conference,environment,network_actively,goal_achieved,0.7233,0.41183,-0.14364,0.49927,0.49952,-0.27697,0.000282,-0.000530,0.002311,0.001533,-0.000431
2558,95,conference,mask_conference,environment,network_actively,delayed,-0.4971,0.41186,-0.14314,0.49775,0.49851,-0.27654,0.000032,0.000507,-0.001522,-0.001008,0.000429
2559,95,conference,mask_conference,environment,network_actively,goal_achieved,0.7219,0.41214,-0.14366,0.50000,0.50000,-0.27697,0.000281,-0.000526,0.002254,0.001490,-0.000432
2560,95,conference,mask_conference,environment,deep_work,goal_achieved,0.9437,0.41266,-0.14310,0.50000,0.50000,-0.27764,0.000515,0.000559,0.000000,0.000000,-0.000670
2561,95,conference,mask_conference,environment,network_actively,goal_achieved,0.7145,0.41294,-0.14360,0.50000,0.50000,-0.27808,0.000286,-0.000501,0.000000,0.000000,-0.000446
2562,95,conference,mask_conference,environment,network_actively,goal_achieved,0.7146,0.41323,-0.14410,0.50000,0.50000,-0.27853,0.000286,-0.000500,0.000000,0.000000,-0.000446
2563,95,conference,mask_conference,environment,take_notes,goal_achieved,1.1733,0.41357,-0.14409,0.50000,0.50000,-0.27884,0.000339,0.000012,0.000000,0.000000,-0.000308
2564,95,conference,mask_conference,environment,network_actively,goal_achieved,0.7143,0.41385,-0.14459,0.50000,0.50000,-0.27928,0.000287,-0.000497,0.000000,0.000000,-0.000446
2565,95,conference,mask_conference,environment,network_actively,goal_achieved,0.7144,0.41414,-0.14509,0.50000,0.50000,-0.27973,0.000287,-0.000497,0.000000,0.000000,-0.000446
2566,96,work,mask_work,environment,network_actively,goal_achieved,1.8553,0.50000,0.49969,-0.49866,-0.49994,-0.50000,0.000000,-0.000314,0.001343,0.000055,0.000000
2567,96,work,mask_work,environment,take_notes,goal_achieved,1.4208,0.50000,0.50000,-0.50000,-0.50000,-0.50000,0.000000,0.000314,-0.001343,-0.000055,0.000000
2568,96,work,mask_work,environment,deep_work,goal_achieved,1.8714,0.50000,0.50000,-0.50000,-0.50000,-0.50000,0.000000,0.000000,0.000000,0.000000,0.000000
2569,96,work,mask_work,environment,deep_work,goal_achieved,1.8714,0.50000,0.50000,-0.50000,-0.50000,-0.50000,0.000000,0.000000,0.000000,0.000000,0.000000
2570,96,work,mask_work,environment,network_actively,failed,-2.5525,0.50000,0.50000,-0.50000,-0.50000,-0.50000,0.000000,0.000000,0.000000,0.000000,0.000000
2571,96,work,mask_work,environment,deep_work,goal_achieved,1.8726,0.50000,0.50000,-0.50000,-0.50000,-0.50000,0.000000,0.000000,0.000000,0.000000,0.000000
2572,96,work,mask_work,environment,tidy_up,failed,-2.4968,0.50000,0.50000,-0.50000,-0.50000,-0.50000,0.000000,0.000000,0.000000,0.000000,0.000000
2573,96,work,mask_work,environment,deep_work,goal_achieved,1.8748,0.50000,0.50000,-0.50000,-0.50000,-0.50000,0.000000,0.000000,0.000000,0.000000,0.000000
2574,96,work,mask_work,environment,take_notes,failed,-2.2959,0.50000,0.50000,-0.50000,-0.50000,-0.50000,0.000000,0.000000,0.000000,0.000000,0.000000
2575,96,home,mask_home,environment,rest_deeply,goal_achieved,1.8215,-0.50000,-0.20637,-0.50000,-0.38501,0.13864,0.000000,-0.000139,0.000000,-0.000340,-0.000039
2576,96,home,mask_home,environment,rest_deeply,goal_achieved,1.8214,-0.50000,-0.20651,-0.50000,-0.38535,0.13860,0.000000,-0.000138,0.000000,-0.000339,-0.000040
2577,96,home,mask_home,environment,network_actively,failed,-2.7790,-0.50000,-0.20674,-0.50000,-0.38635,0.13888,0.000000,-0.000226,0.000000,-0.001003,0.000281
2578,96,home,mask_home,environment,tidy_up,goal_achieved,1.8670,-0.50000,-0.20621,-0.50000,-0.38676,0.13865,0.000000,0.000532,0.000000,-0.000410,-0.000234
2579,96,home,mask_home,environment,rest_deeply,delayed,-0.4434,-0.50000,-0.20594,-0.50000,-0.38767,0.13886,0.000000,0.000262,0.000000,-0.000912,0.000215
2580,96,home,mask_home,environment,rest_deeply,goal_achieved,1.8205,-0.50000,-0.20608,-0.50000,-0.38801,0.13882,0.000000,-0.000135,0.000000,-0.000332,-0.000043
2581,96,home,mask_home,environment,zone_out,goal_achieved,1.5435,-0.50000,-0.20708,-0.50000,-0.38986,0.13954,0.000000,-0.001007,0.000000,-0.001857,0.000725
2582,96,home,mask_home,environment,tidy_up,goal_achieved,1.8642,-0.50000,-0.20657,-0.50000,-0.39028,0.13931,0.000000,0.000520,0.000000,-0.000418,-0.000230
2583,96,home,mask_home,environment,rest_deeply,goal_achieved,1.8124,-0.50000,-0.20670,-0.50000,-0.39062,0.13927,0.000000,-0.000133,0.000000,-0.000338,-0.000046
2584,96,conference,mask_conference,environment,take_notes,goal_achieved,1.1718,0.41448,-0.14507,0.50000,0.50000,-0.28004,0.000339,0.000011,0.000000,0.000000,-0.000308
2585,96,conference,mask_conference,environment,network_actively,goal_achieved,0.7141,0.41477,-0.14557,0.50000,0.50000,-0.28048,0.000288,-0.000494,0.000000,0.000000,-0.000446
2586,96,conference,mask_conference,environment,network_actively,goal_achieved,0.7143,0.41506,-0.14606,0.50000,0.50000,-0.28093,0.000288,-0.000494,0.000000,0.000000,-0.000446
2587,96,conference,mask_conference,environment,network_actively,goal_achieved,0.7144,0.41534,-0.14656,0.50000,0.50000,-0.28138,0.000288,-0.000493,0.000000,0.000000,-0.000446
2588,96,conference,mask_conference,environment,network_actively,goal_achieved,0.7146,0.41563,-0.14705,0.50000,0.50000,-0.28182,0.000288,-0.000492,0.000000,0.000000,-0.000447
2589,96,conference,mask_conference,environment,network_actively,delayed,-0.5057,0.41568,-0.14650,0.49843,0.49897,-0.28141,0.000045,0.000543,-0.001569,-0.001029,0.000413
2590,96,conference,mask_conference,environment,deep_work,failed,-3.7694,0.41573,-0.14728,0.50000,0.50000,-0.28140,0.000057,-0.000772,0.001569,0.001029,0.000010
2591,96,conference,mask_conference,environment,take_notes,goal_achieved,1.1744,0.41607,-0.14728,0.50000,0.50000,-0.28170,0.000332,0.000001,0.000000,0.000000,-0.000302
2592,96,conference,mask_conference,environment,network_actively,goal_achieved,0.7165,0.41635,-0.14778,0.50000,0.50000,-0.28214,0.000283,-0.000500,0.000000,0.000000,-0.000441
2593,97,work,mask_work,environment,tidy_up,failed,-2.4952,0.50000,0.50000,-0.50000,-0.50000,-0.50000,0.000000,0.000000,0.000000,0.000000,0.000000
2594,97,work,mask_work,environment,take_notes,goal_achieved,1.4222,0.50000,0.50000,-0.50000,-0.50000,-0.50000,0.000000,0.000000,0.000000,0.000000,0.000000
2595,97,work,mask_work,environment,take_notes,failed,-2.2938,0.50000,0.50000,-0.50000,-0.50000,-0.50000,0.000000,0.000000,0.000000,0.000000,0.000000
2596,97,work,mask_work,environment,take_notes,failed,-2.2938,0.50000,0.50000,-0.50000,-0.50000,-0.50000,0.000000,0.000000,0.000000,0.000000,0.000000
2597,97,work,mask_work,environment,deep_work,goal_achieved,1.8804,0.50000,0.50000,-0.50000,-0.50000,-0.50000,0.000000,0.000000,0.000000,0.000000,0.000000
2598,97,work,mask_work,environment,tidy_up,goal_achieved,1.8239,0.49947,0.50000,-0.50000,-0.50000,-0.50000,-0.000530,0.000000,0.000000,0.000000,0.000000
2599,97,work,mask_work,environment,deep_work,delayed,-0.6985,0.49895,0.50000,-0.49981,-0.49997,-0.49949,-0.000522,0.000000,0.000192,0.000032,0.000509
2600,97,work,mask_work,environment,tidy_up,failed,-2.4908,0.50000,0.50000,-0.50000,-0.50000,-0.50000,0.001052,0.000000,-0.000192,-0.000032,-0.000509
2601,97,work,mask_work,environment,tidy_up,failed,-2.4910,0.50000,0.50000,-0.50000,-0.50000,-0.50000,0.000000,0.000000,0.000000,0.000000,0.000000
2602,97,home,mask_home,environment,rest_deeply,goal_achieved,1.8123,-0.50000,-0.20683,-0.50000,-0.39096,0.13922,0.000000,-0.000133,0.000000,-0.000337,-0.000047
2603,97,home,mask_home,environment,rest_deeply,delayed,-0.4520,-0.50000,-0.20658,-0.50000,-0.39189,0.13945,0.000000,0.000247,0.000000,-0.000932,0.000227
2604,97,home,mask_home,environment,tidy_up,goal_achieved,1.8660,-0.50000,-0.20607,-0.50000,-0.39230,0.13922,0.000000,0.000515,0.000000,-0.000413,-0.000229
2605,97,home,mask_home,environment,zone_out,goal_achieved,1.5389,-0.50000,-0.20707,-0.50000,-0.39415,0.13993,0.000000,-0.000997,0.000000,-0.001849,0.000716
2606,97,home,mask_home,environment,step_away,delayed,-1.6962,-0.50000,-0.20713,-0.50000,-0.39455,0.13988,0.000000,-0.000061,0.000000,-0.000402,-0.000050
2607,97,home,mask_home,environment,rest_deeply,delayed,-0.4392,-0.50000,-0.20690,-0.50000,-0.39544,0.14006,0.000000,0.000229,0.000000,-0.000886,0.000179
2608,97,home,mask_home,environment,rest_deeply,goal_achieved,1.8249,-0.50000,-0.20704,-0.50000,-0.39571,0.13995,0.000000,-0.000137,0.000000,-0.000270,-0.000112
2609,97,home,mask_home,environment,tidy_up,goal_achieved,1.8848,-0.50000,-0.20654,-0.50000,-0.39606,0.13967,0.000000,0.000497,0.000000,-0.000354,-0.000285
2610,97,home,mask_home,environment,rest_deeply,goal_achieved,1.8243,-0.50000,-0.20668,-0.50000,-0.39633,0.13955,0.000000,-0.000137,0.000000,-0.000267,-0.000111
2611,97,conference,mask_conference,environment,network_actively,goal_achieved,0.7166,0.41663,-0.14827,0.50000,0.50000,-0.28259,0.000283,-0.000499,0.000000,0.000000,-0.000441
2612,97,conference,mask_conference,environment,network_actively,delayed,-0.5039,0.41667,-0.14774,0.49844,0.49898,-0.28217,0.000041,0.000534,-0.001557,-0.001022,0.000420
2613,97,conference,mask_conference,environment,take_notes,delayed,-2.2765,0.41654,-0.14895,0.50000,0.50000,-0.28222,-0.000138,-0.001212,0.001557,0.001022,-0.000050
2614,97,conference,mask_conference,environment,network_actively,goal_achieved,0.7188,0.41681,-0.14946,0.50000,0.50000,-0.28266,0.000278,-0.000504,0.000000,0.000000,-0.000443
2615,97,conference,mask_conference,environment,network_actively,goal_achieved,0.7189,0.41709,-0.14996,0.50000,0.50000,-0.28310,0.000278,-0.000503,0.000000,0.000000,-0.000443
2616,97,conference,mask_conference,environment,network_actively,goal_achieved,0.7191,0.41737,-0.15046,0.50000,0.50000,-0.28355,0.000278,-0.000502,0.000000,0.000000,-0.000443
2617,97,conference,mask_conference,environment,deep_work,delayed,-2.5949,0.41754,-0.15089,0.50000,0.50000,-0.28371,0.000168,-0.000429,0.000000,0.000000,-0.000168
2618,97,conference,mask_conference,environment,network_actively,goal_achieved,0.7200,0.41781,-0.15139,0.50000,0.50000,-0.28416,0.000276,-0.000504,0.000000,0.000000,-0.000442
2619,97,conference,mask_conference,environment,network_actively,goal_achieved,0.7201,0.41809,-0.15190,0.50000,0.50000,-0.28460,0.000276,-0.000503,0.000000,0.000000,-0.000443
2620,98,work,mask_work,environment,rest_deeply,delayed,-1.3439,0.50000,0.50000,-0.50000,-0.50000,-0.50000,0.000000,0.000000,0.000000,0.000000,0.000000
2621,98,work,mask_work,environment,handle_backlog,delayed,-1.2754,0.50000,0.50000,-0.50000,-0.50000,-0.50000,0.000000,0.000000,0.000000,0.000000,0.000000
2622,98,work,mask_work,environment,deep_work,goal_achieved,1.8849,0.50000,0.50000,-0.50000,-0.50000,-0.50000,0.000000,0.000000,0.000000,0.000000,0.000000
2623,98,work,mask_work,environment,deep_work,goal_achieved,1.8849,0.50000,0.50000,-0.50000,-0.50000,-0.50000,0.000000,0.000000,0.000000,0.000000,0.000000
2624,98,work,mask_work,environment,take_notes,goal_achieved,1.4280,0.50000,0.50000,-0.50000,-0.50000,-0.50000,0.000000,0.000000,0.000000,0.000000,0.000000
2625,98,work,mask_work,environment,deep_work,goal_achieved,1.8809,0.50000,0.50000,-0.50000,-0.50000,-0.50000,0.000000,0.000000,0.000000,0.000000,0.000000
2626,98,work,mask_work,environment,handle_backlog,goal_achieved,2.0337,0.50000,0.50000,-0.50000,-0.50000,-0.50000,0.000000,0.000000,0.000000,0.000000,0.000000
2627,98,work,mask_work,environment,deep_work,goal_achieved,1.8792,0.50000,0.50000,-0.50000,-0.50000,-0.50000,0.000000,0.000000,0.000000,0.000000,0.000000
2628,98,work,mask_work,environment,take_notes,goal_achieved,1.4244,0.50000,0.50000,-0.50000,-0.50000,-0.50000,0.000000,0.000000,0.000000,0.000000,0.000000
2629,98,home,mask_home,environment,zone_out,delayed,-1.3417,-0.49996,-0.20618,-0.50000,-0.39591,0.13909,0.000036,0.000494,0.000000,0.000425,-0.000466
2630,98,home,mask_home,environment,zone_out,goal_achieved,1.5577,-0.50000,-0.20718,-0.50000,-0.39768,0.13974,-0.000036,-0.001001,0.000000,-0.001777,0.000653
2631,98,home,mask_home,environment,network_actively,failed,-2.7771,-0.50000,-0.20741,-0.50000,-0.39862,0.13996,0.000000,-0.000232,0.000000,-0.000938,0.000215
2632,98,home,mask_home,environment,rest_deeply,delayed,-0.4417,-0.50000,-0.20720,-0.50000,-0.39951,0.14014,0.000000,0.000220,0.000000,-0.000892,0.000182
2633,98,home,mask_home,environment,rest_deeply,delayed,-0.4419,-0.50000,-0.20698,-0.50000,-0.40040,0.14032,0.000000,0.000218,0.000000,-0.000892,0.000182
2634,98,home,mask_home,environment,rest_deeply,delayed,-0.4420,-0.50000,-0.20676,-0.50000,-0.40129,0.14050,0.000000,0.000217,0.000000,-0.000891,0.000183
2635,98,home,mask_home,environment,network_actively,goal_achieved,1.2201,-0.49900,-0.20622,-0.49963,-0.39976,0.13949,0.001001,0.000544,0.000370,0.001534,-0.001013
2636,98,home,mask_home,environment,zone_out,goal_achieved,1.5671,-0.50000,-0.20722,-0.50000,-0.40153,0.14014,-0.001001,-0.001001,-0.000370,-0.001767,0.000647
2637,98,home,mask_home,environment,rest_deeply,goal_achieved,1.8143,-0.50000,-0.20736,-0.50000,-0.40179,0.14002,0.000000,-0.000143,0.000000,-0.000258,-0.000122
2638,98,conference,mask_conference,environment,take_notes,goal_achieved,1.1718,0.41842,-0.15189,0.50000,0.50000,-0.28490,0.000329,0.000005,0.000000,0.000000,-0.000306
2639,98,conference,mask_conference,environment,quick_scan,delayed,-2.1209,0.41896,-0.15173,0.50000,0.50000,-0.28576,0.000542,0.000162,0.000000,0.000000,-0.000854
2640,98,conference,mask_conference,environment,network_actively,goal_achieved,0.7231,0.41924,-0.15223,0.50000,0.50000,-0.28620,0.000279,-0.000504,0.000000,0.000000,-0.000443
2641,98,conference,mask_conference,environment,network_actively,goal_achieved,0.7232,0.41952,-0.15274,0.50000,0.50000,-0.28664,0.000279,-0.000504,0.000000,0.000000,-0.000443
2642,98,conference,mask_conference,environment,network_actively,goal_achieved,0.7234,0.41980,-0.15324,0.50000,0.50000,-0.28709,0.000279,-0.000503,0.000000,0.000000,-0.000444
2643,98,conference,mask_conference,environment,quick_scan,failed,-3.1732,0.42062,-0.15270,0.50000,0.50000,-0.28847,0.000822,0.000538,0.000000,0.000000,-0.001382
2644,98,conference,mask_conference,environment,network_actively,goal_achieved,0.7295,0.42090,-0.15321,0.50000,0.50000,-0.28892,0.000282,-0.000510,0.000000,0.000000,-0.000445
2645,98,conference,mask_conference,environment,network_actively,delayed,-0.4971,0.42095,-0.15268,0.49846,0.49900,-0.28851,0.000044,0.000534,-0.001541,-0.001004,0.000408
2646,98,conference,mask_conference,environment,network_actively,delayed,-0.4977,0.42099,-0.15214,0.49692,0.49799,-0.28810,0.000047,0.000537,-0.001543,-0.001004,0.000407
2647,99,work,mask_work,environment,deep_work,goal_achieved,1.8752,0.50000,0.50000,-0.50000,-0.50000,-0.50000,0.000000,0.000000,0.000000,0.000000,0.000000
2648,99,work,mask_work,environment,network_actively,goal_achieved,1.8486,0.50000,0.49969,-0.49867,-0.49996,-0.50000,0.000000,-0.000306,0.001327,0.000044,0.000000
2649,99,work,mask_work,environment,network_actively,failed,-2.5525,0.50000,0.50000,-0.50000,-0.50000,-0.50000,0.000000,0.000306,-0.001327,-0.000044,0.000000
2650,99,work,mask_work,environment,deep_work,goal_achieved,1.8739,0.50000,0.50000,-0.50000,-0.50000,-0.50000,0.000000,0.000000,0.000000,0.000000,0.000000
2651,99,work,mask_work,environment,take_notes,delayed,-1.3658,0.50000,0.50000,-0.50000,-0.50000,-0.50000,0.000000,0.000000,0.000000,0.000000,0.000000
2652,99,work,mask_work,environment,handle_backlog,delayed,-1.2893,0.50000,0.50000,-0.50000,-0.50000,-0.50000,0.000000,0.000000,0.000000,0.000000,0.000000
2653,99,work,mask_work,environment,take_notes,delayed,-1.3621,0.50000,0.50000,-0.50000,-0.50000,-0.50000,0.000000,0.000000,0.000000,0.000000,0.000000
2654,99,work,mask_work,environment,network_actively,goal_achieved,1.8531,0.50000,0.49969,-0.49867,-0.49995,-0.50000,0.000000,-0.000308,0.001327,0.000046,0.000000
2655,99,work,mask_work,environment,tidy_up,goal_achieved,1.8185,0.49949,0.50000,-0.49977,-0.50000,-0.50000,-0.000515,0.000308,-0.001102,-0.000046,0.000000
2656,99,home,mask_home,environment,zone_out,goal_achieved,1.5611,-0.50000,-0.20835,-0.50000,-0.40355,0.14065,0.000000,-0.000990,0.000000,-0.001761,0.000631
2657,99,home,mask_home,environment,rest_deeply,goal_achieved,1.8086,-0.50000,-0.20849,-0.50000,-0.40381,0.14052,0.000000,-0.000142,0.000000,-0.000263,-0.000128
2658,99,home,mask_home,environment,rest_deeply,goal_achieved,1.8087,-0.50000,-0.20863,-0.50000,-0.40407,0.14039,0.000000,-0.000142,0.000000,-0.000262,-0.000129
2659,99,home,mask_home,environment,rest_deeply,delayed,-0.4558,-0.50000,-0.20845,-0.50000,-0.40499,0.14059,0.000000,0.000188,0.000000,-0.000913,0.000196
2660,99,home,mask_home,environment,network_actively,goal_achieved,1.2150,-0.49902,-0.20791,-0.49964,-0.40347,0.13957,0.000981,0.000539,0.000364,0.001514,-0.001017
2661,99,home,mask_home,environment,network_actively,goal_achieved,1.2124,-0.49805,-0.20738,-0.49926,-0.40196,0.13857,0.000973,0.000523,0.000372,0.001510,-0.001001
2662,99,home,mask_home,environment,rest_deeply,goal_achieved,1.8063,-0.49872,-0.20755,-0.50000,-0.40223,0.13846,-0.000678,-0.000165,-0.000736,-0.000264,-0.000106
2663,99,home,mask_home,environment,zone_out,delayed,-1.3340,-0.49867,-0.20706,-0.50000,-0.40177,0.13799,0.000057,0.000493,0.000000,0.000459,-0.000477
2664,99,home,mask_home,environment,quick_scan,goal_achieved,1.8488,-0.49922,-0.20734,-0.50000,-0.40231,0.13842,-0.000549,-0.000282,0.000000,-0.000538,0.000430
2665,99,conference,mask_conference,environment,take_notes,goal_achieved,1.1862,0.42133,-0.15215,0.49801,0.49883,-0.28840,0.000340,-0.000007,0.001096,0.000840,-0.000303
2666,99,conference,mask_conference,environment,quick_scan,delayed,-2.1144,0.42187,-0.15200,0.49957,0.50000,-0.28924,0.000542,0.000145,0.001559,0.001169,-0.000838
2667,99,conference,mask_conference,environment,network_actively,delayed,-0.4971,0.42193,-0.15146,0.49802,0.49900,-0.28884,0.000052,0.000545,-0.001549,-0.001003,0.000401
2668,99,conference,mask_conference,environment,network_actively,goal_achieved,0.7357,0.42221,-0.15198,0.50000,0.50000,-0.28928,0.000286,-0.000524,0.001978,0.001003,-0.000438
2669,99,conference,mask_conference,environment,quick_scan,delayed,-2.1132,0.42275,-0.15183,0.50000,0.50000,-0.29012,0.000540,0.000147,0.000000,0.000000,-0.000838
2670,99,conference,mask_conference,environment,take_notes,goal_achieved,1.1905,0.42309,-0.15184,0.50000,0.50000,-0.29043,0.000341,-0.000003,0.000000,0.000000,-0.000310
2671,99,conference,mask_conference,environment,network_actively,goal_achieved,0.7351,0.42338,-0.15235,0.50000,0.50000,-0.29087,0.000287,-0.000517,0.000000,0.000000,-0.000443
2672,99,conference,mask_conference,environment,network_actively,goal_achieved,0.7352,0.42367,-0.15287,0.50000,0.50000,-0.29131,0.000287,-0.000516,0.000000,0.000000,-0.000444
2673,99,conference,mask_conference,environment,network_actively,goal_achieved,0.7353,0.42395,-0.15339,0.50000,0.50000,-0.29176,0.000286,-0.000516,0.000000,0.000000,-0.000444
2674,100,work,mask_work,environment,tidy_up,failed,-2.5008,0.50000,0.50000,-0.50000,-0.50000,-0.50000,0.000515,0.000000,-0.000225,0.000000,0.000000
2675,100,work,mask_work,environment,deep_work,goal_achieved,1.8753,0.50000,0.50000,-0.50000,-0.50000,-0.50000,0.000000,0.000000,0.000000,0.000000,0.000000
2676,100,work,mask_work,environment,take_notes,delayed,-1.3670,0.50000,0.50000,-0.50000,-0.50000,-0.50000,0.000000,0.000000,0.000000,0.000000,0.000000
2677,100,work,mask_work,environment,tidy_up,delayed,-1.4212,0.50000,0.50000,-0.50000,-0.50000,-0.50000,0.000000,0.000000,0.000000,0.000000,0.000000
2678,100,work,mask_work,environment,deep_work,goal_achieved,1.8768,0.50000,0.50000,-0.50000,-0.50000,-0.50000,0.000000,0.000000,0.000000,0.000000,0.000000
2679,100,work,mask_work,environment,deep_work,goal_achieved,1.8768,0.50000,0.50000,-0.50000,-0.50000,-0.50000,0.000000,0.000000,0.000000,0.000000,0.000000
2680,100,work,mask_work,environment,take_notes,failed,-2.2970,0.50000,0.50000,-0.50000,-0.50000,-0.50000,0.000000,0.000000,0.000000,0.000000,0.000000
2681,100,work,mask_work,environment,deep_work,goal_achieved,1.8792,0.50000,0.50000,-0.50000,-0.50000,-0.50000,0.000000,0.000000,0.000000,0.000000,0.000000
2682,100,work,mask_work,environment,deep_work,goal_achieved,1.8792,0.50000,0.50000,-0.50000,-0.50000,-0.50000,0.000000,0.000000,0.000000,0.000000,0.000000
2683,100,home,mask_home,environment,rest_deeply,goal_achieved,1.8042,-0.49988,-0.20750,-0.50000,-0.40256,0.13831,-0.000662,-0.000161,0.000000,-0.000250,-0.000107
2684,100,home,mask_home,environment,zone_out,failed,-2.3036,-0.49914,-0.20651,-0.50000,-0.40136,0.13746,0.000735,0.000994,0.000000,0.001195,-0.000844
2685,100,home,mask_home,environment,rest_deeply,goal_achieved,1.8110,-0.49980,-0.20667,-0.50000,-0.40160,0.13736,-0.000658,-0.000162,0.000000,-0.000239,-0.000103
2686,100,home,mask_home,environment,rest_deeply,goal_achieved,1.8104,-0.50000,-0.20683,-0.50000,-0.40184,0.13726,-0.000199,-0.000158,0.000000,-0.000238,-0.000106
2687,100,home,mask_home,environment,network_actively,goal_achieved,1.2121,-0.49902,-0.20632,-0.49962,-0.40031,0.13627,0.000984,0.000509,0.000384,0.001529,-0.000982
2688,100,home,mask_home,environment,rest_deeply,goal_achieved,1.8090,-0.49968,-0.20648,-0.50000,-0.40055,0.13618,-0.000660,-0.000167,-0.000384,-0.000241,-0.000095
2689,100,home,mask_home,environment,rest_deeply,goal_achieved,1.8082,-0.50000,-0.20665,-0.50000,-0.40079,0.13608,-0.000324,-0.000165,0.000000,-0.000236,-0.000099
2690,100,home,mask_home,environment,quick_scan,failed,-2.7594,-0.50000,-0.20663,-0.50000,-0.40108,0.13579,0.000000,0.000023,0.000000,-0.000290,-0.000288
2691,100,home,mask_home,environment,rest_deeply,goal_achieved,1.8102,-0.50000,-0.20679,-0.50000,-0.40131,0.13569,0.000000,-0.000163,0.000000,-0.000233,-0.000103
2692,100,conference,mask_conference,environment,network_actively,goal_achieved,0.7355,0.42424,-0.15390,0.50000,0.50000,-0.29220,0.000286,-0.000515,0.000000,0.000000,-0.000444
2693,100,conference,mask_conference,environment,network_actively,delayed,-0.4972,0.42430,-0.15335,0.49844,0.49900,-0.29181,0.000056,0.000555,-0.001556,-0.001002,0.000395
2694,100,conference,mask_conference,environment,network_actively,goal_achieved,0.7383,0.42458,-0.15387,0.50000,0.50000,-0.29225,0.000287,-0.000522,0.001556,0.001002,-0.000440
2695,100,conference,mask_conference,environment,quick_scan,delayed,-2.1143,0.42512,-0.15372,0.50000,0.50000,-0.29308,0.000541,0.000146,0.000000,0.000000,-0.000835
2696,100,conference,mask_conference,environment,network_actively,goal_achieved,0.7388,0.42541,-0.15424,0.50000,0.50000,-0.29353,0.000287,-0.000518,0.000000,0.000000,-0.000445
2697,100,conference,mask_conference,environment,network_actively,goal_achieved,0.7389,0.42570,-0.15476,0.50000,0.50000,-0.29397,0.000287,-0.000518,0.000000,0.000000,-0.000445
2698,100,conference,mask_conference,environment,network_actively,goal_achieved,0.7391,0.42598,-0.15527,0.50000,0.50000,-0.29442,0.000287,-0.000517,0.000000,0.000000,-0.000445
2699,100,conference,mask_conference,environment,network_actively,delayed,-0.4963,0.42604,-0.15471,0.49844,0.49900,-0.29403,0.000060,0.000561,-0.001558,-0.000999,0.000389
2700,100,conference,mask_conference,environment,network_actively,delayed,-0.4968,0.42611,-0.15415,0.49688,0.49800,-0.29364,0.000062,0.000563,-0.001560,-0.000999,0.000388
2701,101,work,mask_work,environment,take_notes,delayed,-1.3698,0.50000,0.50000,-0.50000,-0.50000,-0.50000,0.000000,0.000000,0.000000,0.000000,0.000000
2702,101,work,mask_work,environment,deep_work,goal_achieved,1.8801,0.50000,0.50000,-0.50000,-0.50000,-0.50000,0.000000,0.000000,0.000000,0.000000,0.000000
2703,101,work,mask_work,environment,deep_work,goal_achieved,1.8801,0.50000,0.50000,-0.50000,-0.50000,-0.50000,0.000000,0.000000,0.000000,0.000000,0.000000
2704,101,work,mask_work,environment,take_notes,delayed,-1.3715,0.50000,0.50000,-0.50000,-0.50000,-0.50000,0.000000,0.000000,0.000000,0.000000,0.000000
2705,101,work,mask_work,environment,deep_work,goal_achieved,1.8809,0.50000,0.50000,-0.50000,-0.50000,-0.50000,0.000000,0.000000,0.000000,0.000000,0.000000
2706,101,work,mask_work,environment,deep_work,goal_achieved,1.8809,0.50000,0.50000,-0.50000,-0.50000,-0.50000,0.000000,0.000000,0.000000,0.000000,0.000000
2707,101,work,mask_work,environment,handle_backlog,goal_achieved,2.0213,0.50000,0.50000,-0.50000,-0.50000,-0.50000,0.000000,0.000000,0.000000,0.000000,0.000000
2708,101,work,mask_work,environment,network_actively,failed,-2.5540,0.50000,0.50000,-0.50000,-0.50000,-0.50000,0.000000,0.000000,0.000000,0.000000,0.000000
2709,101,work,mask_work,environment,deep_work,goal_achieved,1.8804,0.50000,0.50000,-0.50000,-0.50000,-0.50000,0.000000,0.000000,0.000000,0.000000,0.000000
2710,101,home,mask_home,environment,network_actively,goal_achieved,1.2104,-0.49902,-0.20629,-0.49962,-0.39978,0.13472,0.000975,0.000495,0.000376,0.001529,-0.000973
2711,101,home,mask_home,environment,zone_out,delayed,-1.3499,-0.49898,-0.20582,-0.50000,-0.39932,0.13426,0.000049,0.000479,-0.000376,0.000460,-0.000459
2712,101,home,mask_home,environment,quick_scan,delayed,-1.6070,-0.49970,-0.20588,-0.50000,-0.39966,0.13416,-0.000726,-0.000061,0.000000,-0.000337,-0.000100
2713,101,home,mask_home,environment,rest_deeply,goal_achieved,1.8122,-0.50000,-0.20605,-0.50000,-0.39988,0.13406,-0.000298,-0.000172,0.000000,-0.000225,-0.000094
2714,101,home,mask_home,environment,rest_deeply,goal_achieved,1.8119,-0.50000,-0.20622,-0.50000,-0.40011,0.13397,0.000000,-0.000170,0.000000,-0.000224,-0.000096
2715,101,home,mask_home,environment,tidy_up,goal_achieved,1.8715,-0.50000,-0.20574,-0.50000,-0.40042,0.13369,0.000000,0.000478,0.000000,-0.000309,-0.000276
2716,101,home,mask_home,environment,rest_deeply,goal_achieved,1.8113,-0.50000,-0.20591,-0.50000,-0.40064,0.13360,0.000000,-0.000170,0.000000,-0.000222,-0.000095
2717,101,home,mask_home,environment,network_actively,failed,-2.7730,-0.50000,-0.20616,-0.50000,-0.40156,0.13383,0.000000,-0.000254,0.000000,-0.000926,0.000238
2718,101,home,mask_home,environment,network_actively,goal_achieved,1.2107,-0.49903,-0.20568,-0.49962,-0.40003,0.13287,0.000969,0.000483,0.000375,0.001538,-0.000963
2719,101,conference,mask_conference,environment,network_actively,goal_achieved,0.7446,0.42640,-0.15468,0.49925,0.49957,-0.29408,0.000289,-0.000533,0.002369,0.001568,-0.000436
2720,101,conference,mask_conference,environment,network_actively,delayed,-0.4968,0.42646,-0.15412,0.49769,0.49857,-0.29369,0.000062,0.000563,-0.001560,-0.001000,0.000388
2721,101,conference,mask_conference,environment,take_notes,goal_achieved,1.2009,0.42680,-0.15413,0.49879,0.49942,-0.29399,0.000343,-0.000008,0.001103,0.000849,-0.000305
2722,101,conference,mask_conference,environment,quick_scan,goal_achieved,1.0512,0.42651,-0.15513,0.50000,0.49965,-0.29324,-0.000295,-0.001004,0.001206,0.000233,0.000756
2723,101,conference,mask_conference,environment,quick_scan,delayed,-2.1091,0.42705,-0.15498,0.50000,0.50000,-0.29407,0.000540,0.000154,0.000000,0.000349,-0.000834
2724,101,conference,mask_conference,environment,network_actively,goal_achieved,0.7371,0.42733,-0.15549,0.50000,0.50000,-0.29451,0.000285,-0.000516,0.000000,0.000000,-0.000442
2725,101,conference,mask_conference,environment,network_actively,goal_achieved,0.7372,0.42761,-0.15601,0.50000,0.50000,-0.29495,0.000285,-0.000515,0.000000,0.000000,-0.000442
2726,101,conference,mask_conference,environment,network_actively,goal_achieved,0.7373,0.42790,-0.15652,0.50000,0.50000,-0.29540,0.000284,-0.000514,0.000000,0.000000,-0.000442
2727,101,conference,mask_conference,environment,take_notes,delayed,-2.2554,0.42776,-0.15775,0.50000,0.50000,-0.29545,-0.000139,-0.001223,0.000000,0.000000,-0.000058
2728,102,work,mask_work,environment,rest_deeply,failed,-2.5359,0.50000,0.50000,-0.50000,-0.50000,-0.50000,0.000000,0.000000,0.000000,0.000000,0.000000
2729,102,work,mask_work,environment,deep_work,goal_achieved,1.8813,0.50000,0.50000,-0.50000,-0.50000,-0.50000,0.000000,0.000000,0.000000,0.000000,0.000000
2730,102,work,mask_work,environment,rest_deeply,goal_achieved,2.1715,0.50000,0.50000,-0.50000,-0.50000,-0.50000,0.000000,0.000000,0.000000,0.000000,0.000000
2731,102,work,mask_work,environment,network_actively,delayed,-1.4568,0.50000,0.50000,-0.50000,-0.50000,-0.50000,0.000000,0.000000,0.000000,0.000000,0.000000
2732,102,work,mask_work,environment,take_notes,goal_achieved,1.4102,0.50000,0.50000,-0.50000,-0.50000,-0.50000,0.000000,0.000000,0.000000,0.000000,0.000000
2733,102,work,mask_work,environment,deep_work,delayed,-0.7002,0.49949,0.50000,-0.49980,-0.49996,-0.49949,-0.000505,0.000000,0.000200,0.000039,0.000511
2734,102,work,mask_work,environment,rest_deeply,failed,-2.5363,0.50000,0.50000,-0.50000,-0.50000,-0.50000,0.000505,0.000000,-0.000200,-0.000039,-0.000511
2735,102,work,mask_work,environment,network_actively,failed,-2.5562,0.50000,0.50000,-0.50000,-0.50000,-0.50000,0.000000,0.000000,0.000000,0.000000,0.000000
2736,102,work,mask_work,environment,deep_work,goal_achieved,1.8774,0.50000,0.50000,-0.50000,-0.50000,-0.50000,0.000000,0.000000,0.000000,0.000000,0.000000
2737,102,home,mask_home,environment,tidy_up,goal_achieved,1.8694,-0.49977,-0.20521,-0.50000,-0.40033,0.13260,-0.000744,0.000470,-0.000375,-0.000307,-0.000268
2738,102,home,mask_home,environment,network_actively,delayed,-1.7777,-0.50000,-0.20529,-0.50000,-0.40064,0.13255,-0.000225,-0.000075,0.000000,-0.000312,-0.000054
2739,102,home,mask_home,environment,zone_out,goal_achieved,1.5450,-0.50000,-0.20632,-0.50000,-0.40236,0.13322,0.000000,-0.001036,0.000000,-0.001719,0.000670
2740,102,home,mask_home,environment,network_actively,failed,-2.7796,-0.50000,-0.20658,-0.50000,-0.40330,0.13346,0.000000,-0.000259,0.000000,-0.000933,0.000240
2741,102,home,mask_home,environment,rest_deeply,goal_achieved,1.8042,-0.50000,-0.20675,-0.50000,-0.40352,0.13336,0.000000,-0.000170,0.000000,-0.000220,-0.000101
2742,102,home,mask_home,environment,network_actively,failed,-2.7811,-0.50000,-0.20701,-0.50000,-0.40445,0.13359,0.000000,-0.000259,0.000000,-0.000929,0.000236
2743,102,home,mask_home,environment,zone_out,failed,-2.3187,-0.49927,-0.20602,-0.50000,-0.40323,0.13275,0.000730,0.000993,0.000000,0.001215,-0.000848
2744,102,home,mask_home,environment,zone_out,failed,-2.3208,-0.49855,-0.20503,-0.50000,-0.40203,0.13191,0.000716,0.000984,0.000000,0.001206,-0.000838
2745,102,home,mask_home,environment,step_away,goal_achieved,1.9888,-0.49924,-0.20511,-0.50000,-0.40254,0.13204,-0.000691,-0.000075,0.000000,-0.000517,0.000135
2746,102,conference,mask_conference,environment,network_actively,goal_achieved,0.7394,0.42804,-0.15826,0.50000,0.50000,-0.29590,0.000280,-0.000517,0.000000,0.000000,-0.000445
2747,102,conference,mask_conference,environment,network_actively,goal_achieved,0.7395,0.42832,-0.15878,0.50000,0.50000,-0.29634,0.000280,-0.000516,0.000000,0.000000,-0.000445
2748,102,conference,mask_conference,environment,network_actively,goal_achieved,0.7397,0.42860,-0.15930,0.50000,0.50000,-0.29679,0.000280,-0.000515,0.000000,0.000000,-0.000446
2749,102,conference,mask_conference,environment,network_actively,goal_achieved,0.7398,0.42888,-0.15981,0.50000,0.50000,-0.29724,0.000279,-0.000514,0.000000,0.000000,-0.000446
2750,102,conference,mask_conference,environment,network_actively,goal_achieved,0.7399,0.42916,-0.16032,0.50000,0.50000,-0.29768,0.000279,-0.000514,0.000000,0.000000,-0.000446
2751,102,conference,mask_conference,environment,take_notes,delayed,-2.2616,0.42902,-0.16154,0.50000,0.50000,-0.29775,-0.000138,-0.001212,0.000000,0.000000,-0.000065
2752,102,conference,mask_conference,environment,network_actively,delayed,-0.4929,0.42906,-0.16100,0.49847,0.49901,-0.29735,0.000045,0.000537,-0.001530,-0.000992,0.000398
2753,102,conference,mask_conference,environment,network_actively,goal_achieved,0.7445,0.42934,-0.16152,0.50000,0.50000,-0.29779,0.000276,-0.000524,0.001530,0.000992,-0.000444
2754,102,conference,mask_conference,environment,quick_scan,failed,-3.1591,0.43015,-0.16100,0.50000,0.50000,-0.29916,0.000809,0.000520,0.000000,0.000000,-0.001366
2755,103,work,mask_work,environment,take_notes,goal_achieved,1.4155,0.50000,0.50000,-0.50000,-0.50000,-0.50000,0.000000,0.000000,0.000000,0.000000,0.000000
2756,103,work,mask_work,environment,deep_work,delayed,-0.7018,0.49950,0.50000,-0.49981,-0.49997,-0.49949,-0.000498,0.000000,0.000190,0.000035,0.000510
2757,103,work,mask_work,environment,network_actively,failed,-2.5569,0.50000,0.50000,-0.50000,-0.50000,-0.50000,0.000498,0.000000,-0.000190,-0.000035,-0.000510
2758,103,work,mask_work,environment,tidy_up,failed,-2.5047,0.50000,0.50000,-0.50000,-0.50000,-0.50000,0.000000,0.000000,0.000000,0.000000,0.000000
2759,103,work,mask_work,environment,deep_work,goal_achieved,1.8768,0.50000,0.50000,-0.50000,-0.50000,-0.50000,0.000000,0.000000,0.000000,0.000000,0.000000
2760,103,work,mask_work,environment,rest_deeply,failed,-2.5336,0.50000,0.50000,-0.50000,-0.50000,-0.50000,0.000000,0.000000,0.000000,0.000000,0.000000
2761,103,work,mask_work,environment,network_actively,failed,-2.5549,0.50000,0.50000,-0.50000,-0.50000,-0.50000,0.000000,0.000000,0.000000,0.000000,0.000000
2762,103,work,mask_work,environment,handle_backlog,goal_achieved,2.0254,0.50000,0.50000,-0.50000,-0.50000,-0.50000,0.000000,0.000000,0.000000,0.000000,0.000000
2763,103,work,mask_work,environment,take_notes,goal_achieved,1.4220,0.50000,0.50000,-0.50000,-0.50000,-0.50000,0.000000,0.000000,0.000000,0.000000,0.000000
2764,103,home,mask_home,environment,zone_out,goal_achieved,1.5159,-0.50000,-0.20615,-0.50000,-0.40435,0.13281,-0.000756,-0.001041,0.000000,-0.001810,0.000763
2765,103,home,mask_home,environment,rest_deeply,goal_achieved,1.7796,-0.50000,-0.20631,-0.50000,-0.40465,0.13279,0.000000,-0.000160,0.000000,-0.000302,-0.000012
2766,103,home,mask_home,environment,rest_deeply,goal_achieved,1.7794,-0.50000,-0.20647,-0.50000,-0.40496,0.13278,0.000000,-0.000159,0.000000,-0.000301,-0.000013
2767,103,home,mask_home,environment,rest_deeply,goal_achieved,1.7792,-0.50000,-0.20662,-0.50000,-0.40526,0.13277,0.000000,-0.000158,0.000000,-0.000301,-0.000014
2768,103,home,mask_home,environment,zone_out,goal_achieved,1.5053,-0.50000,-0.20765,-0.50000,-0.40707,0.13352,0.000000,-0.001026,0.000000,-0.001812,0.000749
2769,103,home,mask_home,environment,tidy_up,delayed,-1.6443,-0.50000,-0.20863,-0.50000,-0.40759,0.13394,0.000000,-0.000975,0.000000,-0.000519,0.000419
2770,103,home,mask_home,environment,zone_out,goal_achieved,1.5000,-0.50000,-0.20964,-0.50000,-0.40940,0.13467,0.000000,-0.001015,0.000000,-0.001817,0.000737
2771,103,home,mask_home,environment,zone_out,goal_achieved,1.4955,-0.50000,-0.21064,-0.50000,-0.41122,0.13540,0.000000,-0.001004,0.000000,-0.001819,0.000729
2772,103,home,mask_home,environment,zone_out,goal_achieved,1.4911,-0.50000,-0.21164,-0.50000,-0.41304,0.13612,0.000000,-0.000994,0.000000,-0.001820,0.000720
2773,103,conference,mask_conference,environment,network_actively,delayed,-0.4904,0.43020,-0.16046,0.49847,0.49901,-0.29877,0.000052,0.000546,-0.001531,-0.000986,0.000388
2774,103,conference,mask_conference,environment,network_actively,delayed,-0.4910,0.43025,-0.15991,0.49694,0.49803,-0.29838,0.000054,0.000548,-0.001533,-0.000986,0.000387
2775,103,conference,mask_conference,environment,quick_scan,goal_achieved,1.0614,0.42995,-0.16093,0.49828,0.49828,-0.29762,-0.000305,-0.001024,0.001342,0.000250,0.000760
2776,103,conference,mask_conference,environment,quick_scan,failed,-3.1515,0.43076,-0.16042,0.49995,0.50000,-0.29898,0.000808,0.000515,0.001670,0.001722,-0.001357
2777,103,conference,mask_conference,environment,deep_work,delayed,-2.5602,0.43093,-0.16086,0.50000,0.50000,-0.29916,0.000170,-0.000444,0.000052,0.000000,-0.000174
2778,103,conference,mask_conference,environment,network_actively,goal_achieved,0.7492,0.43120,-0.16139,0.50000,0.50000,-0.29960,0.000275,-0.000530,0.000000,0.000000,-0.000446
2779,103,conference,mask_conference,environment,network_actively,goal_achieved,0.7493,0.43148,-0.16192,0.50000,0.50000,-0.30005,0.000275,-0.000529,0.000000,0.000000,-0.000446
2780,103,conference,mask_conference,environment,network_actively,goal_achieved,0.7494,0.43175,-0.16245,0.50000,0.50000,-0.30049,0.000275,-0.000528,0.000000,0.000000,-0.000447
2781,103,conference,mask_conference,environment,network_actively,goal_achieved,0.7495,0.43203,-0.16298,0.50000,0.50000,-0.30094,0.000275,-0.000527,0.000000,0.000000,-0.000447
2782,104,work,mask_work,environment,tidy_up,failed,-2.5088,0.50000,0.50000,-0.50000,-0.50000,-0.50000,0.000000,0.000000,0.000000,0.000000,0.000000
2783,104,work,mask_work,environment,network_actively,failed,-2.5583,0.50000,0.50000,-0.50000,-0.50000,-0.50000,0.000000,0.000000,0.000000,0.000000,0.000000
2784,104,work,mask_work,environment,deep_work,goal_achieved,1.8765,0.50000,0.50000,-0.50000,-0.50000,-0.50000,0.000000,0.000000,0.000000,0.000000,0.000000
2785,104,work,mask_work,environment,handle_backlog,delayed,-1.2919,0.50000,0.50000,-0.50000,-0.50000,-0.50000,0.000000,0.000000,0.000000,0.000000,0.000000
2786,104,work,mask_work,environment,take_notes,delayed,-1.3592,0.50000,0.50000,-0.50000,-0.50000,-0.50000,0.000000,0.000000,0.000000,0.000000,0.000000
2787,104,work,mask_work,environment,deep_work,goal_achieved,1.8809,0.50000,0.50000,-0.50000,-0.50000,-0.50000,0.000000,0.000000,0.000000,0.000000,0.000000
2788,104,work,mask_work,environment,take_notes,failed,-2.2890,0.50000,0.50000,-0.50000,-0.50000,-0.50000,0.000000,0.000000,0.000000,0.000000,0.000000
2789,104,work,mask_work,environment,tidy_up,failed,-2.5026,0.50000,0.50000,-0.50000,-0.50000,-0.50000,0.000000,0.000000,0.000000,0.000000,0.000000
2790,104,work,mask_work,environment,deep_work,goal_achieved,1.8852,0.50000,0.50000,-0.50000,-0.50000,-0.50000,0.000000,0.000000,0.000000,0.000000,0.000000
2791,104,home,mask_home,environment,network_actively,failed,-2.8418,-0.50000,-0.21190,-0.50000,-0.41409,0.13645,0.000000,-0.000259,0.000000,-0.001051,0.000326
2792,104,home,mask_home,environment,zone_out,failed,-2.3476,-0.49921,-0.21088,-0.50000,-0.41296,0.13568,0.000792,0.001015,0.000000,0.001136,-0.000768
2793,104,home,mask_home,environment,network_actively,failed,-2.8341,-0.50000,-0.21114,-0.50000,-0.41399,0.13600,-0.000792,-0.000257,0.000000,-0.001035,0.000324
2794,104,home,mask_home,environment,zone_out,delayed,-1.3882,-0.49989,-0.21063,-0.50000,-0.41360,0.13561,0.000107,0.000511,0.000000,0.000394,-0.000394
2795,104,home,mask_home,environment,rest_deeply,goal_achieved,1.7628,-0.50000,-0.21077,-0.50000,-0.41392,0.13558,-0.000107,-0.000140,0.000000,-0.000316,-0.000032
2796,104,home,mask_home,environment,rest_deeply,goal_achieved,1.7625,-0.50000,-0.21091,-0.50000,-0.41423,0.13554,0.000000,-0.000139,0.000000,-0.000316,-0.000034
2797,104,home,mask_home,environment,zone_out,failed,-2.3490,-0.49922,-0.20990,-0.50000,-0.41310,0.13478,0.000783,0.001008,0.000000,0.001134,-0.000764
2798,104,home,mask_home,environment,rest_deeply,delayed,-0.4992,-0.50000,-0.20969,-0.50000,-0.41408,0.13507,-0.000783,0.000203,0.000000,-0.000979,0.000290
2799,104,home,mask_home,environment,step_away,failed,-2.9345,-0.50000,-0.20978,-0.50000,-0.41431,0.13492,0.000000,-0.000086,0.000000,-0.000239,-0.000151
2800,104,conference,mask_conference,environment,deep_work,goal_achieved,0.9559,0.43256,-0.16237,0.50000,0.50000,-0.30166,0.000535,0.000613,0.000000,0.000000,-0.000715
2801,104,conference,mask_conference,environment,network_actively,goal_achieved,0.7463,0.43285,-0.16288,0.50000,0.50000,-0.30211,0.000282,-0.000513,0.000000,0.000000,-0.000454
2802,104,conference,mask_conference,environment,network_actively,goal_achieved,0.7465,0.43313,-0.16339,0.50000,0.50000,-0.30256,0.000282,-0.000512,0.000000,0.000000,-0.000454
2803,104,conference,mask_conference,environment,network_actively,delayed,-0.4955,0.43319,-0.16282,0.49844,0.49900,-0.30219,0.000060,0.000569,-0.001560,-0.000998,0.000376
2804,104,conference,mask_conference,environment,quick_scan,delayed,-2.1036,0.43372,-0.16268,0.50000,0.50000,-0.30302,0.000534,0.000141,0.001560,0.000998,-0.000831
2805,104,conference,mask_conference,environment,network_actively,goal_achieved,0.7496,0.43400,-0.16320,0.50000,0.50000,-0.30347,0.000283,-0.000517,0.000000,0.000000,-0.000454
2806,104,conference,mask_conference,environment,network_actively,goal_achieved,0.7497,0.43429,-0.16371,0.50000,0.50000,-0.30393,0.000283,-0.000516,0.000000,0.000000,-0.000454
2807,104,conference,mask_conference,environment,network_actively,goal_achieved,0.7499,0.43457,-0.16423,0.50000,0.50000,-0.30438,0.000283,-0.000516,0.000000,0.000000,-0.000454
2808,104,conference,mask_conference,environment,take_notes,goal_achieved,1.1971,0.43492,-0.16420,0.50000,0.50000,-0.30471,0.000348,0.000027,0.000000,0.000000,-0.000328
2809,105,work,mask_work,environment,take_notes,failed,-2.2878,0.50000,0.50000,-0.50000,-0.50000,-0.50000,0.000000,0.000000,0.000000,0.000000,0.000000
2810,105,work,mask_work,environment,deep_work,delayed,-0.6879,0.49952,0.50000,-0.49983,-0.49998,-0.49950,-0.000478,0.000000,0.000171,0.000021,0.000504
2811,105,work,mask_work,environment,deep_work,goal_achieved,1.8876,0.50000,0.50000,-0.50000,-0.50000,-0.50000,0.000478,0.000000,-0.000171,-0.000021,-0.000504
2812,105,work,mask_work,environment,handle_backlog,goal_achieved,2.0328,0.50000,0.50000,-0.50000,-0.50000,-0.50000,0.000000,0.000000,0.000000,0.000000,0.000000
2813,105,work,mask_work,environment,deep_work,goal_achieved,1.8858,0.50000,0.50000,-0.50000,-0.50000,-0.50000,0.000000,0.000000,0.000000,0.000000,0.000000
2814,105,work,mask_work,environment,take_notes,delayed,-1.3584,0.50000,0.50000,-0.50000,-0.50000,-0.50000,0.000000,0.000000,0.000000,0.000000,0.000000
2815,105,work,mask_work,environment,take_notes,delayed,-1.3584,0.50000,0.50000,-0.50000,-0.50000,-0.50000,0.000000,0.000000,0.000000,0.000000,0.000000
2816,105,work,mask_work,environment,tidy_up,failed,-2.4990,0.50000,0.50000,-0.50000,-0.50000,-0.50000,0.000000,0.000000,0.000000,0.000000,0.000000
2817,105,work,mask_work,environment,take_notes,delayed,-1.3565,0.50000,0.50000,-0.50000,-0.50000,-0.50000,0.000000,0.000000,0.000000,0.000000,0.000000
2818,105,home,mask_home,environment,network_actively,failed,-2.8025,-0.50000,-0.21003,-0.50000,-0.41525,0.13517,0.000000,-0.000252,0.000000,-0.000940,0.000253
2819,105,home,mask_home,environment,zone_out,goal_achieved,1.5149,-0.50000,-0.21105,-0.50000,-0.41700,0.13584,0.000000,-0.001012,0.000000,-0.001749,0.000664
2820,105,home,mask_home,environment,rest_deeply,goal_achieved,1.7860,-0.50000,-0.21119,-0.50000,-0.41724,0.13573,0.000000,-0.000141,0.000000,-0.000236,-0.000104
2821,105,home,mask_home,environment,zone_out,goal_achieved,1.5103,-0.50000,-0.21219,-0.50000,-0.41899,0.13638,0.000000,-0.001002,0.000000,-0.001747,0.000652
2822,105,home,mask_home,environment,step_away,delayed,-1.7213,-0.50000,-0.21227,-0.50000,-0.41932,0.13630,0.000000,-0.000082,0.000000,-0.000329,-0.000089
2823,105,home,mask_home,environment,network_actively,failed,-2.8126,-0.50000,-0.21253,-0.50000,-0.42025,0.13653,0.000000,-0.000259,0.000000,-0.000936,0.000234
2824,105,home,mask_home,environment,tidy_up,goal_achieved,1.8518,-0.50000,-0.21209,-0.50000,-0.42058,0.13626,0.000000,0.000437,0.000000,-0.000325,-0.000268
2825,105,home,mask_home,environment,rest_deeply,goal_achieved,1.7850,-0.50000,-0.21223,-0.50000,-0.42080,0.13614,0.000000,-0.000138,0.000000,-0.000222,-0.000125
2826,105,home,mask_home,environment,rest_deeply,goal_achieved,1.7851,-0.50000,-0.21237,-0.50000,-0.42102,0.13601,0.000000,-0.000138,0.000000,-0.000222,-0.000126
2827,105,conference,mask_conference,environment,network_actively,goal_achieved,0.7496,0.43520,-0.16472,0.50000,0.50000,-0.30516,0.000284,-0.000513,0.000000,0.000000,-0.000454
2828,105,conference,mask_conference,environment,quick_scan,goal_achieved,1.0498,0.43490,-0.16572,0.50000,0.50000,-0.30442,-0.000303,-0.001002,0.000000,0.000000,0.000748
2829,105,conference,mask_conference,environment,network_actively,goal_achieved,0.7449,0.43518,-0.16622,0.50000,0.50000,-0.30487,0.000280,-0.000506,0.000000,0.000000,-0.000454
2830,105,conference,mask_conference,environment,network_actively,delayed,-0.4983,0.43524,-0.16565,0.49843,0.49900,-0.30449,0.000059,0.000572,-0.001567,-0.001003,0.000378
2831,105,conference,mask_conference,environment,network_actively,goal_achieved,0.7478,0.43552,-0.16617,0.50000,0.50000,-0.30494,0.000281,-0.000513,0.001567,0.001003,-0.000449
2832,105,conference,mask_conference,environment,network_actively,delayed,-0.4984,0.43558,-0.16559,0.49843,0.49900,-0.30456,0.000059,0.000573,-0.001568,-0.001003,0.000378
2833,105,conference,mask_conference,environment,network_actively,goal_achieved,0.7480,0.43586,-0.16611,0.50000,0.50000,-0.30501,0.000281,-0.000515,0.001568,0.001003,-0.000448
2834,105,conference,mask_conference,environment,network_actively,goal_achieved,0.7455,0.43614,-0.16662,0.50000,0.50000,-0.30546,0.000279,-0.000508,0.000000,0.000000,-0.000452
2835,105,conference,mask_conference,environment,network_actively,goal_achieved,0.7456,0.43642,-0.16712,0.50000,0.50000,-0.30592,0.000279,-0.000507,0.000000,0.000000,-0.000452
2836,106,work,mask_work,environment,network_actively,goal_achieved,1.8568,0.50000,0.49969,-0.49868,-0.49996,-0.50000,0.000000,-0.000308,0.001323,0.000035,0.000000
2837,106,work,mask_work,environment,deep_work,delayed,-0.6875,0.49952,0.49977,-0.49849,-0.49994,-0.49949,-0.000479,0.000082,0.000188,0.000026,0.000508
2838,106,work,mask_work,environment,deep_work,goal_achieved,1.8880,0.50000,0.50000,-0.49995,-0.50000,-0.50000,0.000479,0.000226,-0.001463,-0.000061,-0.000508
2839,106,work,mask_work,environment,take_notes,goal_achieved,1.4309,0.50000,0.50000,-0.50000,-0.50000,-0.50000,0.000000,0.000000,-0.000049,0.000000,0.000000
2840,106,work,mask_work,environment,take_notes,failed,-2.2850,0.50000,0.50000,-0.50000,-0.50000,-0.50000,0.000000,0.000000,0.000000,0.000000,0.000000
2841,106,work,mask_work,environment,network_actively,failed,-2.5434,0.50000,0.50000,-0.50000,-0.50000,-0.50000,0.000000,0.000000,0.000000,0.000000,0.000000
2842,106,work,mask_work,environment,deep_work,goal_achieved,1.8875,0.50000,0.50000,-0.50000,-0.50000,-0.50000,0.000000,0.000000,0.000000,0.000000,0.000000
2843,106,work,mask_work,environment,take_notes,delayed,-1.3557,0.50000,0.50000,-0.50000,-0.50000,-0.50000,0.000000,0.000000,0.000000,0.000000,0.000000
2844,106,work,mask_work,environment,handle_backlog,failed,-2.3847,0.50000,0.50000,-0.50000,-0.50000,-0.50000,0.000000,0.000000,0.000000,0.000000,0.000000
2845,106,home,mask_home,environment,rest_deeply,goal_achieved,1.7851,-0.50000,-0.21251,-0.50000,-0.42124,0.13588,0.000000,-0.000138,0.000000,-0.000221,-0.000126
2846,106,home,mask_home,environment,network_actively,failed,-2.8173,-0.50000,-0.21276,-0.50000,-0.42217,0.13611,0.000000,-0.000257,0.000000,-0.000927,0.000230
2847,106,home,mask_home,environment,zone_out,delayed,-1.3583,-0.49988,-0.21225,-0.50000,-0.42167,0.13563,0.000119,0.000509,0.000000,0.000498,-0.000484
2848,106,home,mask_home,environment,rest_deeply,goal_achieved,1.7894,-0.50000,-0.21239,-0.50000,-0.42188,0.13550,-0.000119,-0.000138,0.000000,-0.000213,-0.000126
2849,106,home,mask_home,environment,zone_out,goal_achieved,1.5073,-0.50000,-0.21339,-0.50000,-0.42361,0.13613,0.000000,-0.001000,0.000000,-0.001725,0.000628
2850,106,home,mask_home,environment,rest_deeply,delayed,-0.4853,-0.50000,-0.21324,-0.50000,-0.42455,0.13638,0.000000,0.000149,0.000000,-0.000944,0.000245
2851,106,home,mask_home,environment,network_actively,goal_achieved,1.2088,-0.49903,-0.21271,-0.49971,-0.42305,0.13538,0.000965,0.000532,0.000289,0.001503,-0.000999
2852,106,home,mask_home,environment,rest_deeply,goal_achieved,1.7831,-0.49966,-0.21286,-0.50000,-0.42327,0.13525,-0.000626,-0.000146,-0.000289,-0.000216,-0.000124
2853,106,home,mask_home,environment,zone_out,delayed,-1.3585,-0.49954,-0.21235,-0.50000,-0.42276,0.13477,0.000122,0.000506,0.000000,0.000507,-0.000484
2854,106,conference,mask_conference,environment,network_actively,goal_achieved,0.7458,0.43670,-0.16763,0.50000,0.50000,-0.30637,0.000279,-0.000506,0.000000,0.000000,-0.000453
2855,106,conference,mask_conference,environment,quick_scan,goal_achieved,1.0488,0.43639,-0.16862,0.50000,0.50000,-0.30562,-0.000305,-0.000992,0.000000,0.000000,0.000745
2856,106,conference,mask_conference,environment,network_actively,goal_achieved,0.7411,0.43667,-0.16912,0.50000,0.50000,-0.30607,0.000275,-0.000498,0.000000,0.000000,-0.000452
2857,106,conference,mask_conference,environment,network_actively,goal_achieved,0.7413,0.43694,-0.16962,0.50000,0.50000,-0.30653,0.000275,-0.000497,0.000000,0.000000,-0.000452
2858,106,conference,mask_conference,environment,network_actively,delayed,-0.5014,0.43700,-0.16905,0.49843,0.49899,-0.30614,0.000052,0.000567,-0.001569,-0.001009,0.000386
2859,106,conference,mask_conference,environment,quick_scan,delayed,-2.1061,0.43753,-0.16889,0.50000,0.50000,-0.30698,0.000533,0.000158,0.001569,0.001009,-0.000839
2860,106,conference,mask_conference,environment,network_actively,goal_achieved,0.7444,0.43781,-0.16939,0.50000,0.50000,-0.30743,0.000276,-0.000503,0.000000,0.000000,-0.000452
2861,106,conference,mask_conference,environment,quick_scan,goal_achieved,1.0487,0.43750,-0.17038,0.50000,0.50000,-0.30669,-0.000307,-0.000987,0.000000,0.000000,0.000744
2862,106,conference,mask_conference,environment,deep_work,failed,-3.7430,0.43754,-0.17117,0.50000,0.50000,-0.30668,0.000037,-0.000790,0.000000,0.000000,0.000012
2863,107,work,mask_work,environment,rest_deeply,goal_achieved,2.1921,0.50000,0.50000,-0.50000,-0.50000,-0.50000,0.000000,0.000000,0.000000,0.000000,0.000000
2864,107,work,mask_work,environment,deep_work,goal_achieved,1.8909,0.50000,0.50000,-0.50000,-0.50000,-0.50000,0.000000,0.000000,0.000000,0.000000,0.000000
2865,107,work,mask_work,environment,handle_backlog,goal_achieved,2.0333,0.50000,0.50000,-0.50000,-0.50000,-0.50000,0.000000,0.000000,0.000000,0.000000,0.000000
2866,107,work,mask_work,environment,deep_work,goal_achieved,1.8893,0.50000,0.50000,-0.50000,-0.50000,-0.50000,0.000000,0.000000,0.000000,0.000000,0.000000
2867,107,work,mask_work,environment,deep_work,delayed,-0.6861,0.49952,0.50000,-0.49982,-0.49997,-0.49949,-0.000479,0.000000,0.000177,0.000027,0.000507
2868,107,work,mask_work,environment,take_notes,goal_achieved,1.4344,0.50000,0.50000,-0.50000,-0.50000,-0.49995,0.000479,0.000000,-0.000177,-0.000027,-0.000454
2869,107,work,mask_work,environment,rest_deeply,goal_achieved,2.1888,0.50000,0.50000,-0.50000,-0.50000,-0.50000,0.000000,0.000000,0.000000,0.000000,-0.000053
2870,107,work,mask_work,environment,take_notes,goal_achieved,1.4318,0.50000,0.50000,-0.50000,-0.50000,-0.50000,0.000000,0.000000,0.000000,0.000000,0.000000
2871,107,work,mask_work,environment,network_actively,failed,-2.5500,0.50000,0.50000,-0.50000,-0.50000,-0.50000,0.000000,0.000000,0.000000,0.000000,0.000000
2872,107,home,mask_home,environment,zone_out,goal_achieved,1.5086,-0.50000,-0.21336,-0.50000,-0.42448,0.13540,-0.000461,-0.001006,0.000000,-0.001716,0.000630
2873,107,home,mask_home,environment,zone_out,failed,-2.3123,-0.49919,-0.21235,-0.50000,-0.42322,0.13454,0.000812,0.001011,0.000000,0.001253,-0.000857
2874,107,home,mask_home,environment,network_actively,goal_achieved,1.2109,-0.49823,-0.21184,-0.49970,-0.42171,0.13356,0.000957,0.000508,0.000302,0.001511,-0.000980
2875,107,home,mask_home,environment,zone_out,goal_achieved,1.5114,-0.50000,-0.21286,-0.50000,-0.42342,0.13421,-0.001769,-0.001020,-0.000302,-0.001710,0.000642
2876,107,home,mask_home,environment,network_actively,delayed,-1.8118,-0.50000,-0.21293,-0.50000,-0.42374,0.13414,0.000000,-0.000074,0.000000,-0.000321,-0.000068
2877,107,home,mask_home,environment,quick_scan,failed,-2.7988,-0.50000,-0.21292,-0.50000,-0.42403,0.13385,0.000000,0.000010,0.000000,-0.000287,-0.000287
2878,107,home,mask_home,environment,rest_deeply,goal_achieved,1.7813,-0.50000,-0.21307,-0.50000,-0.42423,0.13373,0.000000,-0.000149,0.000000,-0.000205,-0.000127
2879,107,home,mask_home,environment,network_actively,goal_achieved,1.2085,-0.49905,-0.21256,-0.49971,-0.42273,0.13274,0.000948,0.000506,0.000291,0.001502,-0.000981
2880,107,home,mask_home,environment,network_actively,delayed,-1.8085,-0.49971,-0.21265,-0.50000,-0.42305,0.13268,-0.000659,-0.000085,-0.000291,-0.000323,-0.000060
2881,107,conference,mask_conference,environment,network_actively,goal_achieved,0.7419,0.43780,-0.17167,0.50000,0.50000,-0.30712,0.000268,-0.000502,0.000000,0.000000,-0.000448
2882,107,conference,mask_conference,environment,network_actively,goal_achieved,0.7421,0.43807,-0.17217,0.50000,0.50000,-0.30757,0.000268,-0.000502,0.000000,0.000000,-0.000448
2883,107,conference,mask_conference,environment,network_actively,goal_achieved,0.7422,0.43834,-0.17267,0.50000,0.50000,-0.30802,0.000268,-0.000501,0.000000,0.000000,-0.000448
2884,107,conference,mask_conference,environment,deep_work,failed,-3.7463,0.43838,-0.17346,0.50000,0.50000,-0.30801,0.000036,-0.000784,0.000000,0.000000,0.000008
2885,107,conference,mask_conference,environment,network_actively,goal_achieved,0.7443,0.43864,-0.17396,0.50000,0.50000,-0.30846,0.000264,-0.000507,0.000000,0.000000,-0.000445
2886,107,conference,mask_conference,environment,network_actively,goal_achieved,0.7444,0.43890,-0.17447,0.50000,0.50000,-0.30890,0.000264,-0.000506,0.000000,0.000000,-0.000445
2887,107,conference,mask_conference,environment,network_actively,goal_achieved,0.7446,0.43917,-0.17498,0.50000,0.50000,-0.30935,0.000263,-0.000505,0.000000,0.000000,-0.000446
2888,107,conference,mask_conference,environment,network_actively,delayed,-0.4973,0.43920,-0.17444,0.49847,0.49901,-0.30895,0.000037,0.000538,-0.001535,-0.000994,0.000403
2889,107,conference,mask_conference,environment,network_actively,goal_achieved,0.7473,0.43947,-0.17495,0.50000,0.50000,-0.30939,0.000264,-0.000513,0.001535,0.000994,-0.000441
2890,108,work,mask_work,environment,tidy_up,goal_achieved,1.8156,0.49949,0.50000,-0.50000,-0.50000,-0.50000,-0.000515,0.000000,0.000000,0.000000,0.000000
2891,108,work,mask_work,environment,take_notes,failed,-2.2864,0.49956,0.50000,-0.50000,-0.50000,-0.50000,0.000074,0.000000,0.000000,0.000000,0.000000
2892,108,work,mask_work,environment,deep_work,goal_achieved,1.8798,0.50000,0.50000,-0.50000,-0.50000,-0.50000,0.000441,0.000000,0.000000,0.000000,0.000000
2893,108,work,mask_work,environment,take_notes,goal_achieved,1.4288,0.50000,0.50000,-0.50000,-0.50000,-0.50000,0.000000,0.000000,0.000000,0.000000,0.000000
2894,108,work,mask_work,environment,tidy_up,failed,-2.5055,0.50000,0.50000,-0.50000,-0.50000,-0.50000,0.000000,0.000000,0.000000,0.000000,0.000000
2895,108,work,mask_work,environment,deep_work,goal_achieved,1.8781,0.50000,0.50000,-0.50000,-0.50000,-0.50000,0.000000,0.000000,0.000000,0.000000,0.000000
2896,108,work,mask_work,environment,tidy_up,goal_achieved,1.8128,0.49949,0.50000,-0.50000,-0.50000,-0.50000,-0.000511,0.000000,0.000000,0.000000,0.000000
2897,108,work,mask_work,environment,take_notes,goal_achieved,1.4267,0.50000,0.50000,-0.50000,-0.50000,-0.50000,0.000511,0.000000,0.000000,0.000000,0.000000
2898,108,work,mask_work,environment,handle_backlog,goal_achieved,2.0167,0.50000,0.50000,-0.50000,-0.50000,-0.50000,0.000000,0.000000,0.000000,0.000000,0.000000
2899,108,home,mask_home,environment,zone_out,goal_achieved,1.5058,-0.50000,-0.21366,-0.50000,-0.42475,0.13331,-0.000289,-0.001013,0.000000,-0.001699,0.000630
2900,108,home,mask_home,environment,quick_scan,failed,-2.8066,-0.50000,-0.21366,-0.50000,-0.42504,0.13303,0.000000,0.000002,0.000000,-0.000289,-0.000285
2901,108,home,mask_home,environment,network_actively,failed,-2.8194,-0.50000,-0.21393,-0.50000,-0.42597,0.13326,0.000000,-0.000276,0.000000,-0.000932,0.000235
2902,108,home,mask_home,environment,zone_out,failed,-2.3127,-0.49918,-0.21292,-0.50000,-0.42470,0.13240,0.000816,0.001012,0.000000,0.001270,-0.000867
2903,108,home,mask_home,environment,deep_work,delayed,-1.9617,-0.49987,-0.21302,-0.50000,-0.42505,0.13235,-0.000683,-0.000094,0.000000,-0.000344,-0.000051
2904,108,home,mask_home,environment,network_actively,failed,-2.8133,-0.50000,-0.21329,-0.50000,-0.42597,0.13258,-0.000134,-0.000272,0.000000,-0.000918,0.000233
2905,108,home,mask_home,environment,network_actively,goal_achieved,1.2138,-0.49906,-0.21279,-0.49971,-0.42446,0.13160,0.000942,0.000499,0.000289,0.001508,-0.000980
2906,108,home,mask_home,environment,quick_scan,goal_achieved,1.8050,-0.49956,-0.21308,-0.50000,-0.42494,0.13202,-0.000505,-0.000287,-0.000289,-0.000478,0.000418
2907,108,home,mask_home,environment,rest_deeply,goal_achieved,1.7784,-0.50000,-0.21324,-0.50000,-0.42513,0.13190,-0.000437,-0.000160,0.000000,-0.000192,-0.000120
2908,108,conference,mask_conference,environment,network_actively,delayed,-0.4974,0.43951,-0.17441,0.49846,0.49901,-0.30898,0.000037,0.000539,-0.001536,-0.000994,0.000403
2909,108,conference,mask_conference,environment,network_actively,goal_achieved,0.7475,0.43977,-0.17492,0.50000,0.50000,-0.30942,0.000264,-0.000513,0.001536,0.000994,-0.000441
2910,108,conference,mask_conference,environment,network_actively,goal_achieved,0.7450,0.44003,-0.17543,0.50000,0.50000,-0.30987,0.000262,-0.000506,0.000000,0.000000,-0.000445
2911,108,conference,mask_conference,environment,network_actively,goal_achieved,0.7451,0.44029,-0.17594,0.50000,0.50000,-0.31031,0.000262,-0.000505,0.000000,0.000000,-0.000445
2912,108,conference,mask_conference,environment,network_actively,goal_achieved,0.7452,0.44056,-0.17644,0.50000,0.50000,-0.31076,0.000262,-0.000504,0.000000,0.000000,-0.000445
2913,108,conference,mask_conference,environment,network_actively,goal_achieved,0.7454,0.44082,-0.17694,0.50000,0.50000,-0.31120,0.000262,-0.000504,0.000000,0.000000,-0.000446
2914,108,conference,mask_conference,environment,network_actively,goal_achieved,0.7455,0.44108,-0.17745,0.50000,0.50000,-0.31165,0.000262,-0.000503,0.000000,0.000000,-0.000446
2915,108,conference,mask_conference,environment,network_actively,delayed,-0.4979,0.44112,-0.17691,0.49846,0.49901,-0.31125,0.000037,0.000540,-0.001537,-0.000994,0.000402
2916,108,conference,mask_conference,environment,network_actively,goal_achieved,0.7483,0.44138,-0.17742,0.50000,0.50000,-0.31169,0.000263,-0.000510,0.001537,0.000994,-0.000441
2917,109,work,mask_work,environment,deep_work,goal_achieved,1.8698,0.50000,0.50000,-0.50000,-0.50000,-0.50000,0.000000,0.000000,0.000000,0.000000,0.000000
2918,109,work,mask_work,environment,tidy_up,failed,-2.5122,0.50000,0.50000,-0.50000,-0.50000,-0.50000,0.000000,0.000000,0.000000,0.000000,0.000000
2919,109,work,mask_work,environment,take_notes,delayed,-1.3609,0.50000,0.50000,-0.50000,-0.50000,-0.50000,0.000000,0.000000,0.000000,0.000000,0.000000
2920,109,work,mask_work,environment,take_notes,failed,-2.2899,0.50000,0.50000,-0.50000,-0.50000,-0.50000,0.000000,0.000000,0.000000,0.000000,0.000000
2921,109,work,mask_work,environment,handle_backlog,goal_achieved,2.0208,0.50000,0.50000,-0.50000,-0.50000,-0.50000,0.000000,0.000000,0.000000,0.000000,0.000000
2922,109,work,mask_work,environment,deep_work,goal_achieved,1.8731,0.50000,0.50000,-0.50000,-0.50000,-0.50000,0.000000,0.000000,0.000000,0.000000,0.000000
2923,109,work,mask_work,environment,deep_work,goal_achieved,1.8731,0.50000,0.50000,-0.50000,-0.50000,-0.50000,0.000000,0.000000,0.000000,0.000000,0.000000
2924,109,work,mask_work,environment,handle_backlog,delayed,-1.2967,0.50000,0.50000,-0.50000,-0.50000,-0.50000,0.000000,0.000000,0.000000,0.000000,0.000000
2925,109,work,mask_work,environment,tidy_up,goal_achieved,1.8100,0.49949,0.50000,-0.50000,-0.50000,-0.50000,-0.000508,0.000000,0.000000,0.000000,0.000000
2926,109,home,mask_home,environment,rest_deeply,goal_achieved,1.7780,-0.50000,-0.21339,-0.50000,-0.42532,0.13178,0.000000,-0.000157,0.000000,-0.000191,-0.000122
2927,109,home,mask_home,environment,network_actively,goal_achieved,1.2074,-0.49906,-0.21290,-0.49970,-0.42381,0.13081,0.000942,0.000490,0.000298,0.001506,-0.000969
2928,109,home,mask_home,environment,rest_deeply,goal_achieved,1.7777,-0.49968,-0.21307,-0.50000,-0.42401,0.13070,-0.000626,-0.000169,-0.000298,-0.000193,-0.000111
2929,109,home,mask_home,environment,quick_scan,failed,-2.8068,-0.50000,-0.21308,-0.50000,-0.42427,0.13042,-0.000316,-0.000002,0.000000,-0.000267,-0.000280
2930,109,home,mask_home,environment,network_actively,failed,-2.8164,-0.50000,-0.21336,-0.50000,-0.42519,0.13066,0.000000,-0.000281,0.000000,-0.000921,0.000243
2931,109,home,mask_home,environment,quick_scan,goal_achieved,1.8001,-0.50000,-0.21364,-0.50000,-0.42566,0.13107,0.000000,-0.000285,0.000000,-0.000467,0.000412
2932,109,home,mask_home,environment,zone_out,failed,-2.3254,-0.49918,-0.21264,-0.50000,-0.42439,0.13022,0.000817,0.001003,0.000000,0.001274,-0.000855
2933,109,home,mask_home,environment,tidy_up,delayed,-1.6498,-0.49980,-0.21359,-0.50000,-0.42479,0.13053,-0.000616,-0.000949,0.000000,-0.000402,0.000318
2934,109,home,mask_home,environment,quick_scan,failed,-2.7993,-0.50000,-0.21359,-0.50000,-0.42504,0.13025,-0.000201,-0.000000,0.000000,-0.000255,-0.000285
2935,109,conference,mask_conference,environment,network_actively,goal_achieved,0.7458,0.44164,-0.17792,0.50000,0.50000,-0.31214,0.000261,-0.000503,0.000000,0.000000,-0.000446
2936,109,conference,mask_conference,environment,quick_scan,failed,-3.1578,0.44244,-0.17739,0.50000,0.50000,-0.31350,0.000801,0.000534,0.000000,0.000000,-0.001369
2937,109,conference,mask_conference,environment,network_actively,goal_achieved,0.7515,0.44271,-0.17790,0.50000,0.50000,-0.31395,0.000265,-0.000510,0.000000,0.000000,-0.000446
2938,109,conference,mask_conference,environment,network_actively,goal_achieved,0.7516,0.44297,-0.17841,0.50000,0.50000,-0.31440,0.000265,-0.000509,0.000000,0.000000,-0.000447
2939,109,conference,mask_conference,environment,network_actively,delayed,-0.4957,0.44301,-0.17786,0.49846,0.49901,-0.31400,0.000043,0.000548,-0.001538,-0.000989,0.000393
2940,109,conference,mask_conference,environment,network_actively,goal_achieved,0.7544,0.44328,-0.17837,0.50000,0.50000,-0.31445,0.000265,-0.000517,0.001538,0.000989,-0.000442
2941,109,conference,mask_conference,environment,quick_scan,failed,-3.1563,0.44408,-0.17785,0.50000,0.50000,-0.31581,0.000800,0.000526,0.000000,0.000000,-0.001362
2942,109,conference,mask_conference,environment,quick_scan,delayed,-2.1033,0.44460,-0.17771,0.50000,0.50000,-0.31664,0.000519,0.000135,0.000000,0.000000,-0.000827
2943,109,conference,mask_conference,environment,deep_work,failed,-3.7315,0.44464,-0.17851,0.50000,0.50000,-0.31663,0.000040,-0.000798,0.000000,0.000000,0.000005
2944,110,work,mask_work,environment,deep_work,goal_achieved,1.8732,0.50000,0.50000,-0.50000,-0.50000,-0.50000,0.000508,0.000000,0.000000,0.000000,0.000000
2945,110,work,mask_work,environment,tidy_up,failed,-2.5098,0.50000,0.50000,-0.50000,-0.50000,-0.50000,0.000000,0.000000,0.000000,0.000000,0.000000
2946,110,work,mask_work,environment,tidy_up,failed,-2.5098,0.50000,0.50000,-0.50000,-0.50000,-0.50000,0.000000,0.000000,0.000000,0.000000,0.000000
2947,110,work,mask_work,environment,rest_deeply,failed,-2.5305,0.50000,0.50000,-0.50000,-0.50000,-0.50000,0.000000,0.000000,0.000000,0.000000,0.000000
2948,110,work,mask_work,environment,handle_backlog,goal_achieved,2.0199,0.50000,0.50000,-0.50000,-0.50000,-0.50000,0.000000,0.000000,0.000000,0.000000,0.000000
2949,110,work,mask_work,environment,deep_work,goal_achieved,1.8762,0.50000,0.50000,-0.50000,-0.50000,-0.50000,0.000000,0.000000,0.000000,0.000000,0.000000
2950,110,work,mask_work,environment,tidy_up,goal_achieved,1.8078,0.49949,0.50000,-0.50000,-0.50000,-0.50000,-0.000506,0.000000,0.000000,0.000000,0.000000
2951,110,work,mask_work,environment,deep_work,goal_achieved,1.8731,0.50000,0.50000,-0.50000,-0.50000,-0.50000,0.000506,0.000000,0.000000,0.000000,0.000000
2952,110,work,mask_work,environment,handle_backlog,delayed,-1.3007,0.50000,0.50000,-0.50000,-0.50000,-0.50000,0.000000,0.000000,0.000000,0.000000,0.000000
2953,110,home,mask_home,environment,rest_deeply,goal_achieved,1.7841,-0.50000,-0.21375,-0.50000,-0.42522,0.13013,0.000000,-0.000163,0.000000,-0.000176,-0.000120
2954,110,home,mask_home,environment,zone_out,goal_achieved,1.4987,-0.50000,-0.21478,-0.50000,-0.42691,0.13077,0.000000,-0.001032,0.000000,-0.001687,0.000638
2955,110,home,mask_home,environment,step_away,failed,-2.9530,-0.50000,-0.21489,-0.50000,-0.42710,0.13059,0.000000,-0.000111,0.000000,-0.000190,-0.000180
2956,110,home,mask_home,environment,step_away,goal_achieved,1.9243,-0.50000,-0.21497,-0.50000,-0.42766,0.13075,0.000000,-0.000075,0.000000,-0.000559,0.000159
2957,110,home,mask_home,environment,zone_out,delayed,-1.3720,-0.49986,-0.21447,-0.50000,-0.42713,0.13027,0.000141,0.000496,0.000000,0.000525,-0.000474
2958,110,home,mask_home,environment,zone_out,goal_achieved,1.4915,-0.50000,-0.21550,-0.50000,-0.42883,0.13092,-0.000141,-0.001027,0.000000,-0.001698,0.000645
2959,110,home,mask_home,environment,rest_deeply,goal_achieved,1.7717,-0.50000,-0.21565,-0.50000,-0.42902,0.13080,0.000000,-0.000155,0.000000,-0.000193,-0.000118
2960,110,home,mask_home,environment,network_actively,failed,-2.8279,-0.50000,-0.21594,-0.50000,-0.42995,0.13105,0.000000,-0.000282,0.000000,-0.000925,0.000249
2961,110,home,mask_home,environment,rest_deeply,goal_achieved,1.7721,-0.50000,-0.21609,-0.50000,-0.43014,0.13093,0.000000,-0.000152,0.000000,-0.000191,-0.000122
2962,110,conference,mask_conference,environment,network_actively,goal_achieved,0.7620,0.44490,-0.17904,0.50000,0.50000,-0.31707,0.000265,-0.000527,0.000000,0.000000,-0.000444
2963,110,conference,mask_conference,environment,network_actively,goal_achieved,0.7622,0.44517,-0.17956,0.50000,0.50000,-0.31752,0.000265,-0.000526,0.000000,0.000000,-0.000444
2964,110,conference,mask_conference,environment,quick_scan,delayed,-2.1018,0.44568,-0.17944,0.50000,0.50000,-0.31834,0.000515,0.000123,0.000000,0.000000,-0.000822
2965,110,conference,mask_conference,environment,deep_work,failed,-3.7310,0.44572,-0.18024,0.50000,0.50000,-0.31834,0.000041,-0.000796,0.000000,0.000000,0.000001
2966,110,conference,mask_conference,environment,network_actively,goal_achieved,0.7668,0.44599,-0.18077,0.50000,0.50000,-0.31878,0.000262,-0.000535,0.000000,0.000000,-0.000442
2967,110,conference,mask_conference,environment,network_actively,goal_achieved,0.7669,0.44625,-0.18130,0.50000,0.50000,-0.31922,0.000262,-0.000534,0.000000,0.000000,-0.000442
2968,110,conference,mask_conference,environment,network_actively,delayed,-0.4859,0.44629,-0.18076,0.49849,0.49904,-0.31884,0.000045,0.000539,-0.001508,-0.000962,0.000388
2969,110,conference,mask_conference,environment,quick_scan,goal_achieved,1.0620,0.44597,-0.18180,0.49992,0.49933,-0.31807,-0.000326,-0.001037,0.001425,0.000290,0.000769
2970,110,conference,mask_conference,environment,network_actively,delayed,-0.4883,0.44601,-0.18127,0.49841,0.49836,-0.31767,0.000039,0.000533,-0.001508,-0.000967,0.000396
2971,111,work,mask_work,environment,deep_work,goal_achieved,1.8762,0.50000,0.50000,-0.50000,-0.50000,-0.50000,0.000000,0.000000,0.000000,0.000000,0.000000
2972,111,work,mask_work,environment,take_notes,delayed,-1.3640,0.50000,0.50000,-0.50000,-0.50000,-0.50000,0.000000,0.000000,0.000000,0.000000,0.000000
2973,111,work,mask_work,environment,network_actively,failed,-2.5608,0.50000,0.50000,-0.50000,-0.50000,-0.50000,0.000000,0.000000,0.000000,0.000000,0.000000
2974,111,work,mask_work,environment,deep_work,goal_achieved,1.8781,0.50000,0.50000,-0.50000,-0.50000,-0.50000,0.000000,0.000000,0.000000,0.000000,0.000000
2975,111,work,mask_work,environment,deep_work,goal_achieved,1.8781,0.50000,0.50000,-0.50000,-0.50000,-0.50000,0.000000,0.000000,0.000000,0.000000,0.000000
2976,111,work,mask_work,environment,deep_work,goal_achieved,1.8781,0.50000,0.50000,-0.50000,-0.50000,-0.50000,0.000000,0.000000,0.000000,0.000000,0.000000
2977,111,work,mask_work,environment,rest_deeply,goal_achieved,2.1735,0.50000,0.50000,-0.50000,-0.50000,-0.50000,0.000000,0.000000,0.000000,0.000000,0.000000
2978,111,work,mask_work,environment,deep_work,goal_achieved,1.8758,0.50000,0.50000,-0.50000,-0.50000,-0.50000,0.000000,0.000000,0.000000,0.000000,0.000000
2979,111,work,mask_work,environment,network_actively,delayed,-1.4657,0.50000,0.50000,-0.50000,-0.50000,-0.50000,0.000000,0.000000,0.000000,0.000000,0.000000
2980,111,home,mask_home,environment,zone_out,failed,-2.3245,-0.49916,-0.21509,-0.50000,-0.42886,0.13008,0.000837,0.001003,0.000000,0.001274,-0.000850
2981,111,home,mask_home,environment,network_actively,goal_achieved,1.2092,-0.49822,-0.21460,-0.49972,-0.42736,0.12912,0.000948,0.000484,0.000278,0.001508,-0.000957
2982,111,home,mask_home,environment,rest_deeply,goal_achieved,1.7792,-0.49883,-0.21477,-0.50000,-0.42754,0.12902,-0.000612,-0.000173,-0.000278,-0.000184,-0.000103
2983,111,home,mask_home,environment,zone_out,goal_achieved,1.4900,-0.50000,-0.21581,-0.50000,-0.42923,0.12967,-0.001172,-0.001039,0.000000,-0.001690,0.000651
2984,111,home,mask_home,environment,rest_deeply,delayed,-0.5022,-0.50000,-0.21567,-0.50000,-0.43015,0.12992,0.000000,0.000143,0.000000,-0.000924,0.000251
2985,111,home,mask_home,environment,rest_deeply,goal_achieved,1.7714,-0.50000,-0.21583,-0.50000,-0.43034,0.12980,0.000000,-0.000158,0.000000,-0.000182,-0.000118
2986,111,home,mask_home,environment,zone_out,goal_achieved,1.4860,-0.50000,-0.21685,-0.50000,-0.43203,0.13043,0.000000,-0.001022,0.000000,-0.001689,0.000635
2987,111,home,mask_home,environment,deep_work,goal_achieved,1.7529,-0.50000,-0.21687,-0.50000,-0.43238,0.13034,0.000000,-0.000020,0.000000,-0.000359,-0.000090
2988,111,home,mask_home,environment,network_actively,delayed,-1.8231,-0.50000,-0.21696,-0.50000,-0.43271,0.13029,0.000000,-0.000090,0.000000,-0.000322,-0.000057
2989,111,conference,mask_conference,environment,network_actively,goal_achieved,0.7650,0.44626,-0.18180,0.50000,0.49998,-0.31811,0.000259,-0.000535,0.001591,0.001615,-0.000437
2990,111,conference,mask_conference,environment,quick_scan,goal_achieved,1.0590,0.44593,-0.18283,0.50000,0.50000,-0.31734,-0.000331,-0.001022,0.000000,0.000025,0.000765
2991,111,conference,mask_conference,environment,quick_scan,goal_achieved,1.0563,0.44560,-0.18384,0.50000,0.50000,-0.31658,-0.000332,-0.001012,0.000000,0.000000,0.000761
2992,111,conference,mask_conference,environment,network_actively,delayed,-0.4931,0.44563,-0.18332,0.49849,0.49902,-0.31617,0.000027,0.000521,-0.001509,-0.000978,0.000411
2993,111,conference,mask_conference,environment,quick_scan,goal_achieved,1.0593,0.44530,-0.18432,0.49988,0.49929,-0.31541,-0.000331,-0.001007,0.001385,0.000270,0.000761
2994,111,conference,mask_conference,environment,quick_scan,goal_achieved,1.0543,0.44496,-0.18532,0.50000,0.49955,-0.31465,-0.000334,-0.000992,0.000124,0.000261,0.000756
2995,111,conference,mask_conference,environment,network_actively,goal_achieved,0.7433,0.44521,-0.18581,0.50000,0.50000,-0.31509,0.000245,-0.000497,0.000000,0.000447,-0.000440
2996,111,conference,mask_conference,environment,network_actively,goal_achieved,0.7434,0.44545,-0.18631,0.50000,0.50000,-0.31553,0.000245,-0.000496,0.000000,0.000000,-0.000440
2997,111,conference,mask_conference,environment,quick_scan,goal_achieved,1.0500,0.44512,-0.18729,0.50000,0.50000,-0.31478,-0.000336,-0.000981,0.000000,0.000000,0.000751
2998,112,work,mask_work,environment,deep_work,goal_achieved,1.8760,0.50000,0.50000,-0.50000,-0.50000,-0.50000,0.000000,0.000000,0.000000,0.000000,0.000000
2999,112,work,mask_work,environment,deep_work,goal_achieved,1.8760,0.50000,0.50000,-0.50000,-0.50000,-0.50000,0.000000,0.000000,0.000000,0.000000,0.000000
3000,112,work,mask_work,environment,deep_work,goal_achieved,1.8760,0.50000,0.50000,-0.50000,-0.50000,-0.50000,0.000000,0.000000,0.000000,0.000000,0.000000
3001,112,work,mask_work,environment,take_notes,delayed,-1.3702,0.50000,0.50000,-0.50000,-0.50000,-0.50000,0.000000,0.000000,0.000000,0.000000,0.000000
3002,112,work,mask_work,environment,network_actively,failed,-2.5676,0.50000,0.50000,-0.50000,-0.50000,-0.50000,0.000000,0.000000,0.000000,0.000000,0.000000
3003,112,work,mask_work,environment,take_notes,failed,-2.2981,0.50000,0.50000,-0.50000,-0.50000,-0.50000,0.000000,0.000000,0.000000,0.000000,0.000000
3004,112,work,mask_work,environment,tidy_up,failed,-2.5109,0.50000,0.50000,-0.50000,-0.50000,-0.50000,0.000000,0.000000,0.000000,0.000000,0.000000
3005,112,work,mask_work,environment,deep_work,goal_achieved,1.8819,0.50000,0.50000,-0.50000,-0.50000,-0.50000,0.000000,0.000000,0.000000,0.000000,0.000000
3006,112,work,mask_work,environment,tidy_up,failed,-2.5116,0.50000,0.50000,-0.50000,-0.50000,-0.50000,0.000000,0.000000,0.000000,0.000000,0.000000
3007,112,home,mask_home,environment,rest_deeply,goal_achieved,1.7658,-0.50000,-0.21711,-0.50000,-0.43289,0.13016,0.000000,-0.000153,0.000000,-0.000185,-0.000127
3008,112,home,mask_home,environment,rest_deeply,delayed,-0.5077,-0.50000,-0.21699,-0.50000,-0.43383,0.13042,0.000000,0.000127,0.000000,-0.000940,0.000261
3009,112,home,mask_home,environment,zone_out,failed,-2.3199,-0.49915,-0.21598,-0.50000,-0.43254,0.12956,0.000853,0.001009,0.000000,0.001289,-0.000857
3010,112,home,mask_home,environment,zone_out,failed,-2.3215,-0.49831,-0.21498,-0.50000,-0.43126,0.12872,0.000839,0.000999,0.000000,0.001281,-0.000849
3011,112,home,mask_home,environment,quick_scan,goal_achieved,1.8039,-0.49879,-0.21527,-0.50000,-0.43171,0.12913,-0.000478,-0.000289,0.000000,-0.000447,0.000418
3012,112,home,mask_home,environment,quick_scan,failed,-2.8036,-0.49953,-0.21527,-0.50000,-0.43196,0.12886,-0.000741,-0.000003,0.000000,-0.000250,-0.000278
3013,112,home,mask_home,environment,rest_deeply,goal_achieved,1.7762,-0.50000,-0.21543,-0.50000,-0.43212,0.12874,-0.000473,-0.000160,0.000000,-0.000163,-0.000117
3014,112,home,mask_home,environment,network_actively,failed,-2.8211,-0.50000,-0.21571,-0.50000,-0.43302,0.12899,0.000000,-0.000279,0.000000,-0.000902,0.000248
3015,112,home,mask_home,environment,network_actively,goal_achieved,1.2173,-0.49905,-0.21522,-0.49971,-0.43151,0.12803,0.000950,0.000486,0.000289,0.001513,-0.000958
3016,112,conference,mask_conference,environment,network_actively,goal_achieved,0.7389,0.44536,-0.18778,0.50000,0.50000,-0.31522,0.000241,-0.000488,0.000000,0.000000,-0.000441
3017,112,conference,mask_conference,environment,quick_scan,goal_achieved,1.0466,0.44502,-0.18875,0.50000,0.50000,-0.31448,-0.000337,-0.000971,0.000000,0.000000,0.000747
3018,112,conference,mask_conference,environment,network_actively,goal_achieved,0.7344,0.44526,-0.18923,0.50000,0.50000,-0.31492,0.000238,-0.000479,0.000000,0.000000,-0.000441
3019,112,conference,mask_conference,environment,network_actively,goal_achieved,0.7346,0.44550,-0.18971,0.50000,0.50000,-0.31536,0.000238,-0.000478,0.000000,0.000000,-0.000441
3020,112,conference,mask_conference,environment,quick_scan,failed,-3.1532,0.44629,-0.18915,0.50000,0.50000,-0.31675,0.000793,0.000557,0.000000,0.000000,-0.001387
3021,112,conference,mask_conference,environment,network_actively,goal_achieved,0.7403,0.44653,-0.18964,0.50000,0.50000,-0.31719,0.000241,-0.000486,0.000000,0.000000,-0.000441
3022,112,conference,mask_conference,environment,network_actively,goal_achieved,0.7404,0.44677,-0.19012,0.50000,0.50000,-0.31763,0.000241,-0.000486,0.000000,0.000000,-0.000442
3023,112,conference,mask_conference,environment,network_actively,goal_achieved,0.7406,0.44702,-0.19061,0.50000,0.50000,-0.31807,0.000241,-0.000485,0.000000,0.000000,-0.000442
3024,112,conference,mask_conference,environment,network_actively,goal_achieved,0.7407,0.44726,-0.19109,0.50000,0.50000,-0.31851,0.000241,-0.000484,0.000000,0.000000,-0.000442
3025,113,work,mask_work,environment,deep_work,goal_achieved,1.8837,0.50000,0.50000,-0.50000,-0.50000,-0.50000,0.000000,0.000000,0.000000,0.000000,0.000000
3026,113,work,mask_work,environment,network_actively,failed,-2.5632,0.50000,0.50000,-0.50000,-0.50000,-0.50000,0.000000,0.000000,0.000000,0.000000,0.000000
3027,113,work,mask_work,environment,take_notes,goal_achieved,1.4211,0.50000,0.50000,-0.50000,-0.50000,-0.50000,0.000000,0.000000,0.000000,0.000000,0.000000
3028,113,work,mask_work,environment,handle_backlog,delayed,-1.3029,0.50000,0.50000,-0.50000,-0.50000,-0.50000,0.000000,0.000000,0.000000,0.000000,0.000000
3029,113,work,mask_work,environment,handle_backlog,goal_achieved,2.0130,0.50000,0.50000,-0.50000,-0.50000,-0.50000,0.000000,0.000000,0.000000,0.000000,0.000000
3030,113,work,mask_work,environment,network_actively,failed,-2.5651,0.50000,0.50000,-0.50000,-0.50000,-0.50000,0.000000,0.000000,0.000000,0.000000,0.000000
3031,113,work,mask_work,environment,deep_work,goal_achieved,1.8839,0.50000,0.50000,-0.50000,-0.50000,-0.50000,0.000000,0.000000,0.000000,0.000000,0.000000
3032,113,work,mask_work,environment,take_notes,goal_achieved,1.4229,0.50000,0.50000,-0.50000,-0.50000,-0.50000,0.000000,0.000000,0.000000,0.000000,0.000000
3033,113,work,mask_work,environment,take_notes,delayed,-1.3640,0.50000,0.50000,-0.50000,-0.50000,-0.50000,0.000000,0.000000,0.000000,0.000000,0.000000
3034,113,home,mask_home,environment,rest_deeply,goal_achieved,1.7760,-0.49964,-0.21539,-0.50000,-0.43167,0.12792,-0.000594,-0.000166,-0.000289,-0.000163,-0.000112
3035,113,home,mask_home,environment,rest_deeply,goal_achieved,1.7751,-0.50000,-0.21555,-0.50000,-0.43183,0.12780,-0.000356,-0.000164,0.000000,-0.000161,-0.000115
3036,113,home,mask_home,environment,step_away,goal_achieved,1.9227,-0.50000,-0.21563,-0.50000,-0.43236,0.12796,0.000000,-0.000076,0.000000,-0.000531,0.000159
3037,113,home,mask_home,environment,network_actively,failed,-2.8330,-0.50000,-0.21591,-0.50000,-0.43330,0.12824,0.000000,-0.000279,0.000000,-0.000932,0.000278
3038,113,home,mask_home,environment,rest_deeply,delayed,-0.5113,-0.50000,-0.21576,-0.50000,-0.43424,0.12852,0.000000,0.000151,0.000000,-0.000940,0.000278
3039,113,home,mask_home,environment,zone_out,delayed,-1.3815,-0.49984,-0.21526,-0.50000,-0.43372,0.12807,0.000157,0.000495,0.000000,0.000514,-0.000446
3040,113,home,mask_home,environment,network_actively,failed,-2.8277,-0.50000,-0.21554,-0.50000,-0.43465,0.12835,-0.000157,-0.000276,0.000000,-0.000923,0.000276
3041,113,home,mask_home,environment,rest_deeply,goal_achieved,1.7674,-0.50000,-0.21569,-0.50000,-0.43483,0.12825,0.000000,-0.000152,0.000000,-0.000180,-0.000095
3042,113,home,mask_home,environment,zone_out,goal_achieved,1.4739,-0.50000,-0.21673,-0.50000,-0.43654,0.12892,0.000000,-0.001034,0.000000,-0.001711,0.000671
3043,113,conference,mask_conference,environment,network_actively,goal_achieved,0.7409,0.44750,-0.19157,0.50000,0.50000,-0.31896,0.000241,-0.000484,0.000000,0.000000,-0.000442
3044,113,conference,mask_conference,environment,take_notes,delayed,-2.2709,0.44733,-0.19276,0.50000,0.50000,-0.31901,-0.000170,-0.001187,0.000000,0.000000,-0.000056
3045,113,conference,mask_conference,environment,network_actively,goal_achieved,0.7427,0.44757,-0.19325,0.50000,0.50000,-0.31946,0.000237,-0.000486,0.000000,0.000000,-0.000445
3046,113,conference,mask_conference,environment,take_notes,goal_achieved,1.1825,0.44787,-0.19322,0.50000,0.50000,-0.31977,0.000300,0.000031,0.000000,0.000000,-0.000310
3047,113,conference,mask_conference,environment,quick_scan,failed,-3.1546,0.44865,-0.19267,0.50000,0.50000,-0.32115,0.000789,0.000545,0.000000,0.000000,-0.001384
3048,113,conference,mask_conference,environment,network_actively,goal_achieved,0.7480,0.44890,-0.19316,0.50000,0.50000,-0.32159,0.000241,-0.000493,0.000000,0.000000,-0.000444
3049,113,conference,mask_conference,environment,network_actively,goal_achieved,0.7481,0.44914,-0.19366,0.50000,0.50000,-0.32204,0.000241,-0.000492,0.000000,0.000000,-0.000444
3050,113,conference,mask_conference,environment,quick_scan,goal_achieved,1.0437,0.44880,-0.19464,0.50000,0.50000,-0.32129,-0.000340,-0.000984,0.000000,0.000000,0.000747
3051,113,conference,mask_conference,environment,network_actively,delayed,-0.4984,0.44880,-0.19414,0.49850,0.49901,-0.32086,0.000003,0.000496,-0.001498,-0.000988,0.000434
3052,114,work,mask_work,environment,network_actively,goal_achieved,1.8334,0.50000,0.49968,-0.49871,-0.49997,-0.50000,0.000000,-0.000321,0.001289,0.000032,0.000000
3053,114,work,mask_work,environment,deep_work,goal_achieved,1.8792,0.50000,0.50000,-0.50000,-0.50000,-0.50000,0.000000,0.000321,-0.001289,-0.000032,0.000000
3054,114,work,mask_work,environment,network_actively,delayed,-1.4686,0.50000,0.50000,-0.50000,-0.50000,-0.50000,0.000000,0.000000,0.000000,0.000000,0.000000
3055,114,work,mask_work,environment,deep_work,goal_achieved,1.8791,0.50000,0.50000,-0.50000,-0.50000,-0.50000,0.000000,0.000000,0.000000,0.000000,0.000000
3056,114,work,mask_work,environment,deep_work,goal_achieved,1.8791,0.50000,0.50000,-0.50000,-0.50000,-0.50000,0.000000,0.000000,0.000000,0.000000,0.000000
3057,114,work,mask_work,environment,network_actively,delayed,-1.4700,0.50000,0.50000,-0.50000,-0.50000,-0.50000,0.000000,0.000000,0.000000,0.000000,0.000000
3058,114,work,mask_work,environment,deep_work,goal_achieved,1.8794,0.50000,0.50000,-0.50000,-0.50000,-0.50000,0.000000,0.000000,0.000000,0.000000,0.000000
3059,114,work,mask_work,environment,deep_work,goal_achieved,1.8794,0.50000,0.50000,-0.50000,-0.50000,-0.50000,0.000000,0.000000,0.000000,0.000000,0.000000
3060,114,work,mask_work,environment,take_notes,failed,-2.2985,0.50000,0.50000,-0.50000,-0.50000,-0.50000,0.000000,0.000000,0.000000,0.000000,0.000000
3061,114,home,mask_home,environment,rest_deeply,goal_achieved,1.7618,-0.50000,-0.21687,-0.50000,-0.43672,0.12882,0.000000,-0.000147,0.000000,-0.000185,-0.000101
3062,114,home,mask_home,environment,network_actively,goal_achieved,1.2088,-0.49905,-0.21638,-0.49975,-0.43524,0.12789,0.000951,0.000494,0.000253,0.001480,-0.000934
3063,114,home,mask_home,environment,rest_deeply,goal_achieved,1.7620,-0.49963,-0.21654,-0.50000,-0.43543,0.12780,-0.000584,-0.000159,-0.000253,-0.000185,-0.000092
3064,114,home,mask_home,environment,rest_deeply,goal_achieved,1.7611,-0.50000,-0.21669,-0.50000,-0.43561,0.12770,-0.000367,-0.000156,0.000000,-0.000182,-0.000094
3065,114,home,mask_home,environment,zone_out,failed,-2.3373,-0.49915,-0.21569,-0.50000,-0.43434,0.12688,0.000854,0.001004,0.000000,0.001265,-0.000822
3066,114,home,mask_home,environment,network_actively,failed,-2.8292,-0.50000,-0.21597,-0.50000,-0.43526,0.12716,-0.000854,-0.000283,0.000000,-0.000918,0.000279
3067,114,home,mask_home,environment,rest_deeply,delayed,-0.5095,-0.50000,-0.21582,-0.50000,-0.43619,0.12743,0.000000,0.000155,0.000000,-0.000929,0.000274
3068,114,home,mask_home,environment,rest_deeply,goal_achieved,1.7667,-0.50000,-0.21597,-0.50000,-0.43636,0.12734,0.000000,-0.000154,0.000000,-0.000169,-0.000096
3069,114,home,mask_home,environment,network_actively,goal_achieved,1.2150,-0.49905,-0.21549,-0.49973,-0.43487,0.12641,0.000950,0.000481,0.000267,0.001491,-0.000924
3070,114,conference,mask_conference,environment,network_actively,goal_achieved,0.7462,0.44904,-0.19463,0.50000,0.50000,-0.32130,0.000239,-0.000491,0.001498,0.000988,-0.000440
3071,114,conference,mask_conference,environment,take_notes,goal_achieved,1.1841,0.44934,-0.19460,0.50000,0.50000,-0.32161,0.000300,0.000030,0.000000,0.000000,-0.000309
3072,114,conference,mask_conference,environment,network_actively,goal_achieved,0.7433,0.44958,-0.19509,0.50000,0.50000,-0.32205,0.000239,-0.000482,0.000000,0.000000,-0.000444
3073,114,conference,mask_conference,environment,network_actively,goal_achieved,0.7435,0.44982,-0.19557,0.50000,0.50000,-0.32250,0.000239,-0.000482,0.000000,0.000000,-0.000444
3074,114,conference,mask_conference,environment,network_actively,goal_achieved,0.7437,0.45006,-0.19605,0.50000,0.50000,-0.32294,0.000239,-0.000481,0.000000,0.000000,-0.000444
3075,114,conference,mask_conference,environment,network_actively,delayed,-0.4997,0.45006,-0.19555,0.49850,0.49901,-0.32251,0.000005,0.000501,-0.001504,-0.000990,0.000432
3076,114,conference,mask_conference,environment,network_actively,goal_achieved,0.7463,0.45030,-0.19604,0.50000,0.50000,-0.32295,0.000240,-0.000488,0.001504,0.000990,-0.000440
3077,114,conference,mask_conference,environment,network_actively,goal_achieved,0.7439,0.45054,-0.19652,0.50000,0.50000,-0.32339,0.000238,-0.000481,0.000000,0.000000,-0.000444
3078,114,conference,mask_conference,environment,network_actively,goal_achieved,0.7441,0.45078,-0.19700,0.50000,0.50000,-0.32384,0.000238,-0.000480,0.000000,0.000000,-0.000444
3079,115,work,mask_work,environment,handle_backlog,delayed,-1.3084,0.50000,0.50000,-0.50000,-0.50000,-0.50000,0.000000,0.000000,0.000000,0.000000,0.000000
3080,115,work,mask_work,environment,deep_work,delayed,-0.6909,0.49953,0.50000,-0.49986,-0.49998,-0.49949,-0.000473,0.000000,0.000141,0.000023,0.000505
3081,115,work,mask_work,environment,deep_work,goal_achieved,1.8846,0.50000,0.50000,-0.50000,-0.50000,-0.50000,0.000473,0.000000,-0.000141,-0.000023,-0.000505
3082,115,work,mask_work,environment,tidy_up,failed,-2.5129,0.50000,0.50000,-0.50000,-0.50000,-0.50000,0.000000,0.000000,0.000000,0.000000,0.000000
3083,115,work,mask_work,environment,rest_deeply,failed,-2.5300,0.50000,0.50000,-0.50000,-0.50000,-0.50000,0.000000,0.000000,0.000000,0.000000,0.000000
3084,115,work,mask_work,environment,deep_work,goal_achieved,1.8872,0.50000,0.50000,-0.50000,-0.50000,-0.50000,0.000000,0.000000,0.000000,0.000000,0.000000
3085,115,work,mask_work,environment,take_notes,goal_achieved,1.4252,0.50000,0.50000,-0.50000,-0.50000,-0.50000,0.000000,0.000000,0.000000,0.000000,0.000000
3086,115,work,mask_work,environment,tidy_up,delayed,-1.4362,0.50000,0.50000,-0.50000,-0.50000,-0.50000,0.000000,0.000000,0.000000,0.000000,0.000000
3087,115,work,mask_work,environment,deep_work,delayed,-0.6909,0.49954,0.50000,-0.49986,-0.49998,-0.49950,-0.000461,0.000000,0.000139,0.000020,0.000505
3088,115,home,mask_home,environment,step_away,goal_achieved,1.9269,-0.49967,-0.21557,-0.50000,-0.43538,0.12657,-0.000623,-0.000081,-0.000267,-0.000513,0.000161
3089,115,home,mask_home,environment,rest_deeply,goal_achieved,1.7576,-0.50000,-0.21573,-0.50000,-0.43557,0.12651,-0.000326,-0.000159,0.000000,-0.000190,-0.000069
3090,115,home,mask_home,environment,zone_out,goal_achieved,1.4623,-0.50000,-0.21677,-0.50000,-0.43729,0.12720,0.000000,-0.001041,0.000000,-0.001720,0.000697
3091,115,home,mask_home,environment,zone_out,goal_achieved,1.4584,-0.50000,-0.21780,-0.50000,-0.43901,0.12789,0.000000,-0.001031,0.000000,-0.001720,0.000687
3092,115,home,mask_home,environment,network_actively,failed,-2.8501,-0.50000,-0.21808,-0.50000,-0.43997,0.12819,0.000000,-0.000281,0.000000,-0.000953,0.000297
3093,115,home,mask_home,environment,rest_deeply,delayed,-0.5299,-0.50000,-0.21796,-0.50000,-0.44095,0.12850,0.000000,0.000129,0.000000,-0.000981,0.000316
3094,115,home,mask_home,environment,network_actively,failed,-2.8488,-0.50000,-0.21823,-0.50000,-0.44190,0.12880,0.000000,-0.000278,0.000000,-0.000950,0.000295
3095,115,home,mask_home,environment,rest_deeply,goal_achieved,1.7453,-0.50000,-0.21837,-0.50000,-0.44209,0.12871,0.000000,-0.000140,0.000000,-0.000196,-0.000089
3096,115,home,mask_home,environment,rest_deeply,goal_achieved,1.7453,-0.50000,-0.21851,-0.50000,-0.44229,0.12862,0.000000,-0.000139,0.000000,-0.000196,-0.000089
3097,115,conference,mask_conference,environment,quick_scan,goal_achieved,1.0414,0.45044,-0.19797,0.50000,0.50000,-0.32309,-0.000341,-0.000970,0.000000,0.000000,0.000743
3098,115,conference,mask_conference,environment,network_actively,goal_achieved,0.7396,0.45067,-0.19844,0.50000,0.50000,-0.32354,0.000235,-0.000472,0.000000,0.000000,-0.000445
3099,115,conference,mask_conference,environment,network_actively,goal_achieved,0.7398,0.45091,-0.19891,0.50000,0.50000,-0.32398,0.000235,-0.000471,0.000000,0.000000,-0.000445
3100,115,conference,mask_conference,environment,network_actively,goal_achieved,0.7400,0.45114,-0.19938,0.50000,0.50000,-0.32443,0.000235,-0.000471,0.000000,0.000000,-0.000445
3101,115,conference,mask_conference,environment,network_actively,goal_achieved,0.7403,0.45138,-0.19985,0.50000,0.50000,-0.32487,0.000235,-0.000471,0.000000,0.000000,-0.000445
3102,115,conference,mask_conference,environment,network_actively,delayed,-0.5022,0.45137,-0.19936,0.49850,0.49901,-0.32443,-0.000002,0.000495,-0.001504,-0.000994,0.000439
3103,115,conference,mask_conference,environment,take_notes,goal_achieved,1.1809,0.45167,-0.19933,0.49966,0.49987,-0.32474,0.000297,0.000031,0.001162,0.000864,-0.000306
3104,115,conference,mask_conference,environment,network_actively,goal_achieved,0.7405,0.45191,-0.19980,0.50000,0.50000,-0.32518,0.000236,-0.000471,0.000342,0.000130,-0.000443
3105,115,conference,mask_conference,environment,network_actively,goal_achieved,0.7402,0.45214,-0.20027,0.50000,0.50000,-0.32563,0.000236,-0.000470,0.000000,0.000000,-0.000444
3106,116,work,mask_work,environment,deep_work,goal_achieved,1.8845,0.50000,0.50000,-0.50000,-0.50000,-0.50000,0.000461,0.000000,-0.000139,-0.000020,-0.000505
3107,116,work,mask_work,environment,tidy_up,failed,-2.5133,0.50000,0.50000,-0.50000,-0.50000,-0.50000,0.000000,0.000000,0.000000,0.000000,0.000000
3108,116,work,mask_work,environment,tidy_up,delayed,-1.4336,0.50000,0.50000,-0.50000,-0.50000,-0.50000,0.000000,0.000000,0.000000,0.000000,0.000000
3109,116,work,mask_work,environment,take_notes,delayed,-1.3563,0.50000,0.50000,-0.50000,-0.50000,-0.50000,0.000000,0.000000,0.000000,0.000000,0.000000
3110,116,work,mask_work,environment,take_notes,delayed,-1.3563,0.50000,0.50000,-0.50000,-0.50000,-0.50000,0.000000,0.000000,0.000000,0.000000,0.000000
3111,116,work,mask_work,environment,take_notes,failed,-2.2853,0.50000,0.50000,-0.50000,-0.50000,-0.50000,0.000000,0.000000,0.000000,0.000000,0.000000
3112,116,work,mask_work,environment,tidy_up,delayed,-1.4299,0.50000,0.50000,-0.50000,-0.50000,-0.50000,0.000000,0.000000,0.000000,0.000000,0.000000
3113,116,work,mask_work,environment,deep_work,delayed,-0.6845,0.49954,0.50000,-0.49986,-0.49998,-0.49950,-0.000458,0.000000,0.000143,0.000019,0.000505
3114,116,work,mask_work,environment,tidy_up,failed,-2.5062,0.50000,0.50000,-0.50000,-0.50000,-0.50000,0.000458,0.000000,-0.000143,-0.000019,-0.000505
3115,116,home,mask_home,environment,rest_deeply,delayed,-0.5304,-0.50000,-0.21839,-0.50000,-0.44328,0.12894,0.000000,0.000122,0.000000,-0.000987,0.000321
3116,116,home,mask_home,environment,network_actively,failed,-2.8496,-0.50000,-0.21867,-0.50000,-0.44422,0.12923,0.000000,-0.000275,0.000000,-0.000945,0.000291
3117,116,home,mask_home,environment,tidy_up,goal_achieved,1.8164,-0.50000,-0.21826,-0.50000,-0.44453,0.12902,0.000000,0.000401,0.000000,-0.000309,-0.000214
3118,116,home,mask_home,environment,zone_out,goal_achieved,1.4534,-0.50000,-0.21928,-0.50000,-0.44625,0.12969,0.000000,-0.001011,0.000000,-0.001720,0.000669
3119,116,home,mask_home,environment,rest_deeply,goal_achieved,1.7385,-0.50000,-0.21941,-0.50000,-0.44645,0.12959,0.000000,-0.000130,0.000000,-0.000195,-0.000099
3120,116,home,mask_home,environment,quick_scan,delayed,-1.6869,-0.50000,-0.21946,-0.50000,-0.44679,0.12952,0.000000,-0.000056,0.000000,-0.000346,-0.000073
3121,116,home,mask_home,environment,network_actively,failed,-2.8586,-0.50000,-0.21973,-0.50000,-0.44774,0.12980,0.000000,-0.000273,0.000000,-0.000946,0.000286
3122,116,home,mask_home,environment,rest_deeply,goal_achieved,1.7390,-0.50000,-0.21986,-0.50000,-0.44793,0.12970,0.000000,-0.000127,0.000000,-0.000193,-0.000103
3123,116,home,mask_home,environment,network_actively,goal_achieved,1.2063,-0.49906,-0.21935,-0.49979,-0.44649,0.12877,0.000944,0.000516,0.000208,0.001440,-0.000928
3124,116,conference,mask_conference,environment,quick_scan,goal_achieved,1.0374,0.45180,-0.20122,0.50000,0.50000,-0.32489,-0.000340,-0.000958,0.000000,0.000000,0.000739
3125,116,conference,mask_conference,environment,network_actively,goal_achieved,0.7373,0.45204,-0.20169,0.50000,0.50000,-0.32533,0.000236,-0.000467,0.000000,0.000000,-0.000442
3126,116,conference,mask_conference,environment,network_actively,goal_achieved,0.7376,0.45228,-0.20216,0.50000,0.50000,-0.32577,0.000237,-0.000467,0.000000,0.000000,-0.000442
3127,116,conference,mask_conference,environment,network_actively,delayed,-0.5052,0.45227,-0.20167,0.49849,0.49900,-0.32533,-0.000005,0.000491,-0.001507,-0.001000,0.000446
3128,116,conference,mask_conference,environment,network_actively,goal_achieved,0.7395,0.45251,-0.20214,0.50000,0.50000,-0.32577,0.000236,-0.000471,0.001507,0.001000,-0.000439
3129,116,conference,mask_conference,environment,quick_scan,delayed,-2.1087,0.45302,-0.20195,0.50000,0.50000,-0.32663,0.000510,0.000184,0.000000,0.000000,-0.000862
3130,116,conference,mask_conference,environment,network_actively,goal_achieved,0.7403,0.45325,-0.20242,0.50000,0.50000,-0.32707,0.000237,-0.000469,0.000000,0.000000,-0.000443
3131,116,conference,mask_conference,environment,network_actively,goal_achieved,0.7406,0.45349,-0.20289,0.50000,0.50000,-0.32751,0.000237,-0.000469,0.000000,0.000000,-0.000443
3132,116,conference,mask_conference,environment,quick_scan,goal_achieved,1.0370,0.45315,-0.20385,0.50000,0.50000,-0.32677,-0.000338,-0.000957,0.000000,0.000000,0.000738
3133,117,work,mask_work,environment,network_actively,goal_achieved,1.8511,0.50000,0.49967,-0.49870,-0.49997,-0.50000,0.000000,-0.000330,0.001299,0.000034,0.000000
3134,117,work,mask_work,environment,take_notes,goal_achieved,1.4342,0.50000,0.50000,-0.50000,-0.50000,-0.50000,0.000000,0.000330,-0.001299,-0.000034,0.000000
3135,117,work,mask_work,environment,deep_work,goal_achieved,1.8870,0.50000,0.50000,-0.50000,-0.50000,-0.50000,0.000000,0.000000,0.000000,0.000000,0.000000
3136,117,work,mask_work,environment,take_notes,goal_achieved,1.4331,0.50000,0.50000,-0.50000,-0.50000,-0.50000,0.000000,0.000000,0.000000,0.000000,0.000000
3137,117,work,mask_work,environment,handle_backlog,goal_achieved,2.0140,0.50000,0.50000,-0.50000,-0.50000,-0.50000,0.000000,0.000000,0.000000,0.000000,0.000000
3138,117,work,mask_work,environment,tidy_up,delayed,-1.4377,0.50000,0.50000,-0.50000,-0.50000,-0.50000,0.000000,0.000000,0.000000,0.000000,0.000000
3139,117,work,mask_work,environment,take_notes,failed,-2.2839,0.50000,0.50000,-0.50000,-0.50000,-0.50000,0.000000,0.000000,0.000000,0.000000,0.000000
3140,117,work,mask_work,environment,tidy_up,goal_achieved,1.8038,0.49951,0.50000,-0.50000,-0.50000,-0.50000,-0.000490,0.000000,0.000000,0.000000,0.000000
3141,117,work,mask_work,environment,deep_work,goal_achieved,1.8818,0.50000,0.50000,-0.50000,-0.50000,-0.50000,0.000490,0.000000,0.000000,0.000000,0.000000
3142,117,home,mask_home,environment,rest_deeply,goal_achieved,1.7396,-0.49962,-0.21948,-0.50000,-0.44668,0.12868,-0.000562,-0.000139,-0.000208,-0.000192,-0.000094
3143,117,home,mask_home,environment,step_away,delayed,-1.7386,-0.50000,-0.21959,-0.50000,-0.44690,0.12854,-0.000382,-0.000102,0.000000,-0.000218,-0.000136
3144,117,home,mask_home,environment,rest_deeply,goal_achieved,1.7436,-0.50000,-0.21972,-0.50000,-0.44707,0.12843,0.000000,-0.000136,0.000000,-0.000174,-0.000112
3145,117,home,mask_home,environment,rest_deeply,delayed,-0.5325,-0.50000,-0.21962,-0.50000,-0.44806,0.12875,0.000000,0.000107,0.000000,-0.000985,0.000317
3146,117,home,mask_home,environment,zone_out,goal_achieved,1.4527,-0.50000,-0.22062,-0.50000,-0.44976,0.12939,0.000000,-0.001007,0.000000,-0.001696,0.000644
3147,117,home,mask_home,environment,zone_out,failed,-2.3258,-0.49909,-0.21960,-0.50000,-0.44846,0.12856,0.000912,0.001026,0.000000,0.001295,-0.000832
3148,117,home,mask_home,environment,zone_out,failed,-2.3270,-0.49819,-0.21858,-0.50000,-0.44717,0.12773,0.000897,0.001016,0.000000,0.001288,-0.000824
3149,117,home,mask_home,environment,zone_out,delayed,-1.3812,-0.49800,-0.21808,-0.50000,-0.44663,0.12729,0.000186,0.000498,0.000000,0.000538,-0.000447
3150,117,home,mask_home,environment,rest_deeply,delayed,-0.5221,-0.49886,-0.21796,-0.50000,-0.44759,0.12759,-0.000856,0.000122,0.000000,-0.000957,0.000305
3151,117,conference,mask_conference,environment,network_actively,goal_achieved,0.7377,0.45339,-0.20432,0.50000,0.50000,-0.32722,0.000237,-0.000466,0.000000,0.000000,-0.000441
3152,117,conference,mask_conference,environment,network_actively,goal_achieved,0.7380,0.45363,-0.20478,0.50000,0.50000,-0.32766,0.000237,-0.000466,0.000000,0.000000,-0.000441
3153,117,conference,mask_conference,environment,network_actively,goal_achieved,0.7383,0.45387,-0.20525,0.50000,0.50000,-0.32810,0.000238,-0.000466,0.000000,0.000000,-0.000441
3154,117,conference,mask_conference,environment,network_actively,goal_achieved,0.7386,0.45410,-0.20571,0.50000,0.50000,-0.32854,0.000238,-0.000466,0.000000,0.000000,-0.000441
3155,117,conference,mask_conference,environment,take_notes,goal_achieved,1.1727,0.45440,-0.20569,0.50000,0.50000,-0.32884,0.000295,0.000029,0.000000,0.000000,-0.000305
3156,117,conference,mask_conference,environment,quick_scan,goal_achieved,1.0330,0.45406,-0.20664,0.50000,0.50000,-0.32811,-0.000334,-0.000951,0.000000,0.000000,0.000735
3157,117,conference,mask_conference,environment,network_actively,goal_achieved,0.7352,0.45430,-0.20710,0.50000,0.50000,-0.32855,0.000239,-0.000462,0.000000,0.000000,-0.000439
3158,117,conference,mask_conference,environment,network_actively,goal_achieved,0.7355,0.45454,-0.20756,0.50000,0.50000,-0.32899,0.000239,-0.000462,0.000000,0.000000,-0.000439
3159,117,conference,mask_conference,environment,network_actively,goal_achieved,0.7358,0.45478,-0.20802,0.50000,0.50000,-0.32943,0.000239,-0.000462,0.000000,0.000000,-0.000439
3160,118,work,mask_work,environment,take_notes,failed,-2.2876,0.50000,0.50000,-0.50000,-0.50000,-0.50000,0.000000,0.000000,0.000000,0.000000,0.000000
3161,118,work,mask_work,environment,deep_work,goal_achieved,1.8839,0.50000,0.50000,-0.50000,-0.50000,-0.50000,0.000000,0.000000,0.000000,0.000000,0.000000
3162,118,work,mask_work,environment,deep_work,goal_achieved,1.8839,0.50000,0.50000,-0.50000,-0.50000,-0.50000,0.000000,0.000000,0.000000,0.000000,0.000000
3163,118,work,mask_work,environment,deep_work,delayed,-0.6915,0.49954,0.50000,-0.49985,-0.49998,-0.49949,-0.000460,0.000000,0.000155,0.000024,0.000509
3164,118,work,mask_work,environment,network_actively,failed,-2.5564,0.50000,0.50000,-0.50000,-0.50000,-0.50000,0.000460,0.000000,-0.000155,-0.000024,-0.000509
3165,118,work,mask_work,environment,deep_work,goal_achieved,1.8849,0.50000,0.50000,-0.50000,-0.50000,-0.50000,0.000000,0.000000,0.000000,0.000000,0.000000
3166,118,work,mask_work,environment,deep_work,goal_achieved,1.8849,0.50000,0.50000,-0.50000,-0.50000,-0.50000,0.000000,0.000000,0.000000,0.000000,0.000000
3167,118,work,mask_work,environment,take_notes,goal_achieved,1.4300,0.50000,0.50000,-0.50000,-0.50000,-0.50000,0.000000,0.000000,0.000000,0.000000,0.000000
3168,118,work,mask_work,environment,take_notes,goal_achieved,1.4300,0.50000,0.50000,-0.50000,-0.50000,-0.50000,0.000000,0.000000,0.000000,0.000000,0.000000
3169,118,home,mask_home,environment,tidy_up,goal_achieved,1.8292,-0.49951,-0.21757,-0.50000,-0.44786,0.12737,-0.000645,0.000388,0.000000,-0.000272,-0.000224
3170,118,home,mask_home,environment,rest_deeply,goal_achieved,1.7530,-0.50000,-0.21772,-0.50000,-0.44801,0.12726,-0.000494,-0.000143,0.000000,-0.000150,-0.000107
3171,118,home,mask_home,environment,network_actively,goal_achieved,1.2253,-0.49906,-0.21722,-0.49975,-0.44654,0.12634,0.000936,0.000491,0.000253,0.001475,-0.000922
3172,118,home,mask_home,environment,tidy_up,goal_achieved,1.8261,-0.49971,-0.21684,-0.50000,-0.44681,0.12612,-0.000649,0.000389,-0.000253,-0.000267,-0.000222
3173,118,home,mask_home,environment,zone_out,goal_achieved,1.4599,-0.50000,-0.21787,-0.50000,-0.44849,0.12679,-0.000287,-0.001035,0.000000,-0.001682,0.000668
3174,118,home,mask_home,environment,rest_deeply,goal_achieved,1.7456,-0.50000,-0.21801,-0.50000,-0.44864,0.12668,0.000000,-0.000143,0.000000,-0.000151,-0.000107
3175,118,home,mask_home,environment,zone_out,goal_achieved,1.4546,-0.50000,-0.21904,-0.50000,-0.45032,0.12733,0.000000,-0.001023,0.000000,-0.001682,0.000657
3176,118,home,mask_home,environment,rest_deeply,goal_achieved,1.7403,-0.50000,-0.21918,-0.50000,-0.45047,0.12722,0.000000,-0.000138,0.000000,-0.000155,-0.000113
3177,118,home,mask_home,environment,rest_deeply,goal_achieved,1.7404,-0.50000,-0.21931,-0.50000,-0.45063,0.12711,0.000000,-0.000138,0.000000,-0.000155,-0.000114
3178,118,conference,mask_conference,environment,quick_scan,failed,-3.1625,0.45558,-0.20745,0.50000,0.50000,-0.33083,0.000799,0.000569,0.000000,0.000000,-0.001402
3179,118,conference,mask_conference,environment,rest_deeply,goal_achieved,1.3119,0.45556,-0.20786,0.50000,0.50000,-0.33100,-0.000020,-0.000406,0.000000,0.000000,-0.000176
3180,118,conference,mask_conference,environment,network_actively,goal_achieved,0.7374,0.45579,-0.20833,0.50000,0.50000,-0.33144,0.000235,-0.000468,0.000000,0.000000,-0.000439
3181,118,conference,mask_conference,environment,quick_scan,goal_achieved,1.0283,0.45546,-0.20928,0.50000,0.50000,-0.33071,-0.000338,-0.000957,0.000000,0.000000,0.000736
3182,118,conference,mask_conference,environment,network_actively,delayed,-0.5114,0.45544,-0.20880,0.49848,0.49899,-0.33025,-0.000015,0.000481,-0.001525,-0.001008,0.000456
3183,118,conference,mask_conference,environment,network_actively,goal_achieved,0.7361,0.45568,-0.20927,0.50000,0.50000,-0.33069,0.000234,-0.000470,0.001525,0.001008,-0.000435
3184,118,conference,mask_conference,environment,network_actively,goal_achieved,0.7346,0.45591,-0.20974,0.50000,0.50000,-0.33112,0.000235,-0.000466,0.000000,0.000000,-0.000437
3185,118,conference,mask_conference,environment,quick_scan,goal_achieved,1.0285,0.45557,-0.21069,0.50000,0.50000,-0.33039,-0.000337,-0.000952,0.000000,0.000000,0.000734
3186,118,conference,mask_conference,environment,network_actively,goal_achieved,0.7317,0.45581,-0.21115,0.50000,0.50000,-0.33082,0.000235,-0.000463,0.000000,0.000000,-0.000436
3187,119,work,mask_work,environment,take_notes,goal_achieved,1.4300,0.50000,0.50000,-0.50000,-0.50000,-0.50000,0.000000,0.000000,0.000000,0.000000,0.000000
3188,119,work,mask_work,environment,network_actively,goal_achieved,1.8344,0.50000,0.49968,-0.49871,-0.49997,-0.50000,0.000000,-0.000318,0.001287,0.000031,0.000000
3189,119,work,mask_work,environment,deep_work,goal_achieved,1.8733,0.50000,0.50000,-0.50000,-0.50000,-0.50000,0.000000,0.000318,-0.001287,-0.000031,0.000000
3190,119,work,mask_work,environment,network_actively,goal_achieved,1.8337,0.50000,0.49968,-0.49871,-0.49997,-0.50000,0.000000,-0.000317,0.001286,0.000031,0.000000
3191,119,work,mask_work,environment,deep_work,goal_achieved,1.8711,0.50000,0.50000,-0.50000,-0.50000,-0.50000,0.000000,0.000317,-0.001286,-0.000031,0.000000
3192,119,work,mask_work,environment,take_notes,goal_achieved,1.4241,0.50000,0.50000,-0.50000,-0.50000,-0.50000,0.000000,0.000000,0.000000,0.000000,0.000000
3193,119,work,mask_work,environment,tidy_up,goal_achieved,1.7882,0.49952,0.50000,-0.50000,-0.50000,-0.50000,-0.000476,0.000000,0.000000,0.000000,0.000000
3194,119,work,mask_work,environment,take_notes,failed,-2.2948,0.49962,0.50000,-0.50000,-0.50000,-0.50000,0.000100,0.000000,0.000000,0.000000,0.000000
3195,119,work,mask_work,environment,deep_work,delayed,-0.7085,0.49917,0.50000,-0.49983,-0.49997,-0.49949,-0.000456,0.000000,0.000167,0.000035,0.000514
3196,119,home,mask_home,environment,zone_out,delayed,-1.3854,-0.49979,-0.21880,-0.50000,-0.45007,0.12665,0.000205,0.000516,0.000000,0.000556,-0.000462
3197,119,home,mask_home,environment,zone_out,failed,-2.3308,-0.49890,-0.21777,-0.50000,-0.44878,0.12582,0.000897,0.001023,0.000000,0.001299,-0.000828
3198,119,home,mask_home,environment,network_actively,failed,-2.8432,-0.50000,-0.21806,-0.50000,-0.44968,0.12610,-0.001103,-0.000281,0.000000,-0.000904,0.000278
3199,119,home,mask_home,environment,zone_out,goal_achieved,1.4534,-0.50000,-0.21908,-0.50000,-0.45136,0.12676,0.000000,-0.001029,0.000000,-0.001680,0.000660
3200,119,home,mask_home,environment,network_actively,delayed,-1.8336,-0.50000,-0.21917,-0.50000,-0.45167,0.12673,0.000000,-0.000083,0.000000,-0.000313,-0.000028
3201,119,home,mask_home,environment,rest_deeply,goal_achieved,1.7445,-0.50000,-0.21931,-0.50000,-0.45182,0.12661,0.000000,-0.000137,0.000000,-0.000145,-0.000115
3202,119,home,mask_home,environment,tidy_up,delayed,-1.6981,-0.50000,-0.22017,-0.50000,-0.45222,0.12692,0.000000,-0.000867,0.000000,-0.000398,0.000309
3203,119,home,mask_home,environment,rest_deeply,goal_achieved,1.7451,-0.50000,-0.22031,-0.50000,-0.45236,0.12680,0.000000,-0.000136,0.000000,-0.000145,-0.000119
3204,119,home,mask_home,environment,rest_deeply,goal_achieved,1.7451,-0.50000,-0.22044,-0.50000,-0.45250,0.12668,0.000000,-0.000136,0.000000,-0.000145,-0.000119
3205,119,conference,mask_conference,environment,deep_work,failed,-3.7842,0.45582,-0.21189,0.50000,0.50000,-0.33082,0.000014,-0.000736,0.000000,0.000000,0.000005
3206,119,conference,mask_conference,environment,deep_work,failed,-3.7847,0.45584,-0.21262,0.50000,0.50000,-0.33082,0.000016,-0.000733,0.000000,0.000000,0.000003
3207,119,conference,mask_conference,environment,network_actively,delayed,-0.5082,0.45581,-0.21217,0.49851,0.49900,-0.33034,-0.000028,0.000449,-0.001492,-0.000998,0.000475
3208,119,conference,mask_conference,environment,deep_work,delayed,-2.6060,0.45595,-0.21256,0.50000,0.50000,-0.33051,0.000136,-0.000385,0.001492,0.000998,-0.000173
3209,119,conference,mask_conference,environment,network_actively,delayed,-0.5077,0.45592,-0.21211,0.49851,0.49900,-0.33004,-0.000029,0.000446,-0.001489,-0.000997,0.000476
3210,119,conference,mask_conference,environment,network_actively,goal_achieved,0.7382,0.45615,-0.21260,0.50000,0.50000,-0.33046,0.000230,-0.000484,0.001489,0.000997,-0.000425
3211,119,conference,mask_conference,environment,take_notes,delayed,-2.2872,0.45597,-0.21378,0.50000,0.50000,-0.33050,-0.000181,-0.001188,0.000000,0.000000,-0.000038
3212,119,conference,mask_conference,environment,quick_scan,failed,-3.1510,0.45675,-0.21324,0.50000,0.50000,-0.33190,0.000788,0.000543,0.000000,0.000000,-0.001396
3213,119,conference,mask_conference,environment,network_actively,delayed,-0.5026,0.45673,-0.21280,0.49853,0.49901,-0.33143,-0.000029,0.000441,-0.001474,-0.000986,0.000471
3214,120,work,mask_work,environment,take_notes,goal_achieved,1.4246,0.50000,0.50000,-0.50000,-0.50000,-0.49995,0.000833,0.000000,-0.000167,-0.000035,-0.000464
3215,120,work,mask_work,environment,take_notes,goal_achieved,1.4243,0.50000,0.50000,-0.50000,-0.50000,-0.50000,0.000000,0.000000,0.000000,0.000000,-0.000050
3216,120,work,mask_work,environment,take_notes,failed,-2.2916,0.50000,0.50000,-0.50000,-0.50000,-0.50000,0.000000,0.000000,0.000000,0.000000,0.000000
3217,120,work,mask_work,environment,handle_backlog,delayed,-1.3196,0.50000,0.50000,-0.50000,-0.50000,-0.50000,0.000000,0.000000,0.000000,0.000000,0.000000
3218,120,work,mask_work,environment,deep_work,goal_achieved,1.8657,0.50000,0.50000,-0.50000,-0.50000,-0.50000,0.000000,0.000000,0.000000,0.000000,0.000000
3219,120,work,mask_work,environment,take_notes,goal_achieved,1.4266,0.50000,0.50000,-0.50000,-0.50000,-0.50000,0.000000,0.000000,0.000000,0.000000,0.000000
3220,120,work,mask_work,environment,deep_work,goal_achieved,1.8627,0.50000,0.50000,-0.50000,-0.50000,-0.50000,0.000000,0.000000,0.000000,0.000000,0.000000
3221,120,work,mask_work,environment,tidy_up,delayed,-1.4513,0.50000,0.50000,-0.50000,-0.50000,-0.50000,0.000000,0.000000,0.000000,0.000000,0.000000
3222,120,work,mask_work,environment,deep_work,goal_achieved,1.8632,0.50000,0.50000,-0.50000,-0.50000,-0.50000,0.000000,0.000000,0.000000,0.000000,0.000000
3223,120,home,mask_home,environment,zone_out,goal_achieved,1.4458,-0.50000,-0.22146,-0.50000,-0.45418,0.12733,0.000000,-0.001018,0.000000,-0.001680,0.000645
3224,120,home,mask_home,environment,rest_deeply,goal_achieved,1.7399,-0.50000,-0.22159,-0.50000,-0.45433,0.12720,0.000000,-0.000131,0.000000,-0.000149,-0.000125
3225,120,home,mask_home,environment,network_actively,failed,-2.8609,-0.50000,-0.22187,-0.50000,-0.45524,0.12747,0.000000,-0.000280,0.000000,-0.000910,0.000267
3226,120,home,mask_home,environment,zone_out,goal_achieved,1.4404,-0.50000,-0.22288,-0.50000,-0.45692,0.12810,0.000000,-0.001005,0.000000,-0.001679,0.000632
3227,120,home,mask_home,environment,rest_deeply,goal_achieved,1.7349,-0.50000,-0.22300,-0.50000,-0.45707,0.12797,0.000000,-0.000123,0.000000,-0.000152,-0.000134
3228,120,home,mask_home,environment,zone_out,delayed,-1.3855,-0.49977,-0.22248,-0.50000,-0.45650,0.12749,0.000233,0.000523,0.000000,0.000569,-0.000474
3229,120,home,mask_home,environment,rest_deeply,goal_achieved,1.7385,-0.50000,-0.22261,-0.50000,-0.45665,0.12736,-0.000233,-0.000127,0.000000,-0.000147,-0.000130
3230,120,home,mask_home,environment,zone_out,goal_achieved,1.4366,-0.50000,-0.22361,-0.50000,-0.45833,0.12799,0.000000,-0.001002,0.000000,-0.001677,0.000627
3231,120,home,mask_home,environment,zone_out,delayed,-1.3860,-0.49976,-0.22308,-0.50000,-0.45776,0.12751,0.000238,0.000524,0.000000,0.000573,-0.000477
3232,120,conference,mask_conference,environment,network_actively,delayed,-0.5032,0.45670,-0.21236,0.49705,0.49803,-0.33096,-0.000028,0.000444,-0.001477,-0.000986,0.000470
3233,120,conference,mask_conference,environment,network_actively,delayed,-0.5039,0.45667,-0.21191,0.49557,0.49704,-0.33049,-0.000027,0.000447,-0.001480,-0.000987,0.000469
3234,120,conference,mask_conference,environment,network_actively,goal_achieved,0.7479,0.45690,-0.21241,0.49803,0.49862,-0.33091,0.000226,-0.000502,0.002463,0.001584,-0.000422
3235,120,conference,mask_conference,environment,network_actively,goal_achieved,0.7451,0.45712,-0.21291,0.50000,0.50000,-0.33134,0.000227,-0.000495,0.001969,0.001375,-0.000426
3236,120,conference,mask_conference,environment,rest_deeply,delayed,-2.2999,0.45732,-0.21317,0.50000,0.50000,-0.33157,0.000200,-0.000260,0.000000,0.000000,-0.000239
3237,120,conference,mask_conference,environment,network_actively,goal_achieved,0.7435,0.45755,-0.21366,0.50000,0.50000,-0.33200,0.000229,-0.000490,0.000000,0.000000,-0.000430
3238,120,conference,mask_conference,environment,quick_scan,delayed,-2.0969,0.45806,-0.21349,0.50000,0.50000,-0.33286,0.000502,0.000161,0.000000,0.000000,-0.000854
3239,120,conference,mask_conference,environment,network_actively,goal_achieved,0.7461,0.45829,-0.21399,0.50000,0.50000,-0.33329,0.000230,-0.000492,0.000000,0.000000,-0.000431
3240,120,conference,mask_conference,environment,take_notes,goal_achieved,1.1853,0.45857,-0.21398,0.50000,0.50000,-0.33358,0.000286,0.000009,0.000000,0.000000,-0.000292
