update,episode,circumstance,mask,partner,style,outcome,chosen_regret,o,c,e,a,n,step_o,step_c,step_e,step_a,step_n
1,1,work,mask_work,environment,network_actively,failed,-1.2101,-0.00046,0.00105,-0.00371,-0.00172,0.00026,-0.000465,0.001055,-0.003714,-0.001716,0.000263
2,1,work,mask_work,environment,take_notes,delayed,0.1106,-0.00115,0.00168,-0.00693,-0.00323,0.00060,-0.000685,0.000622,-0.003214,-0.001509,0.000333
3,1,work,mask_work,environment,deep_work,goal_achieved,3.5174,-0.00144,0.00319,-0.01115,-0.00532,0.00046,-0.000290,0.001518,-0.004224,-0.002090,-0.000140
4,1,work,mask_work,environment,rest_deeply,delayed,0.2111,-0.00146,0.00504,-0.01470,-0.00732,0.00016,-0.000016,0.001848,-0.003548,-0.002000,-0.000295
5,1,work,mask_work,environment,quick_scan,failed,-0.8193,-0.00116,0.00754,-0.01851,-0.00892,-0.00087,0.000295,0.002494,-0.003815,-0.001607,-0.001029
6,1,work,mask_work,environment,take_notes,goal_achieved,3.6094,-0.00015,0.01144,-0.02393,-0.01119,-0.00215,0.001008,0.003901,-0.005418,-0.002267,-0.001282
7,1,work,mask_work,environment,deep_work,delayed,0.2711,-0.00012,0.01328,-0.02701,-0.01223,-0.00258,0.000036,0.001842,-0.003083,-0.001040,-0.000432
8,1,work,mask_work,environment,network_actively,failed,-1.0035,0.00025,0.01586,-0.03092,-0.01375,-0.00340,0.000365,0.002579,-0.003907,-0.001524,-0.000816
9,1,work,mask_work,environment,take_notes,failed,-0.7217,0.00001,0.01729,-0.03352,-0.01475,-0.00403,-0.000236,0.001434,-0.002596,-0.000994,-0.000631
10,1,home,mask_home,environment,take_notes,failed,-2.3087,-0.00052,-0.00102,0.00104,0.00043,0.00024,-0.000519,-0.001023,0.001043,0.000428,0.000240
11,1,home,mask_home,environment,network_actively,delayed,-0.3622,-0.00123,-0.00145,0.00022,-0.00001,0.00057,-0.000714,-0.000428,-0.000828,-0.000440,0.000333
12,1,home,mask_home,environment,network_actively,delayed,-0.3628,-0.00195,-0.00188,-0.00061,-0.00045,0.00091,-0.000714,-0.000428,-0.000830,-0.000440,0.000334
13,1,home,mask_home,environment,quick_scan,goal_achieved,3.2406,-0.00297,-0.00293,-0.00122,-0.00133,0.00198,-0.001025,-0.001055,-0.000605,-0.000875,0.001077
14,1,home,mask_home,environment,network_actively,failed,-1.2247,-0.00420,-0.00341,-0.00369,-0.00307,0.00316,-0.001227,-0.000473,-0.002473,-0.001743,0.001179
15,1,home,mask_home,environment,deep_work,goal_achieved,2.9630,-0.00491,-0.00341,-0.00590,-0.00479,0.00383,-0.000714,-0.000004,-0.002202,-0.001725,0.000663
16,1,home,mask_home,environment,network_actively,failed,-1.4381,-0.00576,-0.00302,-0.00935,-0.00709,0.00455,-0.000846,0.000390,-0.003451,-0.002301,0.000722
17,1,home,mask_home,environment,network_actively,failed,-1.4418,-0.00660,-0.00262,-0.01281,-0.00939,0.00526,-0.000841,0.000402,-0.003461,-0.002300,0.000708
18,1,home,mask_home,environment,network_actively,delayed,-0.8389,-0.00724,-0.00280,-0.01440,-0.01083,0.00586,-0.000638,-0.000177,-0.001593,-0.001435,0.000605
19,1,conference,mask_conference,environment,network_actively,goal_achieved,1.1944,0.00032,-0.00133,0.00376,0.00175,-0.00010,0.000317,-0.001331,0.003764,0.001749,-0.000099
20,1,conference,mask_conference,environment,network_actively,goal_achieved,1.1871,0.00064,-0.00264,0.00751,0.00349,-0.00021,0.000323,-0.001313,0.003749,0.001746,-0.000109
21,1,conference,mask_conference,environment,rest_deeply,failed,-3.3876,0.00148,-0.00337,0.01265,0.00544,-0.00058,0.000838,-0.000729,0.005138,0.001948,-0.000375
22,1,conference,mask_conference,environment,network_actively,delayed,-0.3012,0.00171,-0.00238,0.01222,0.00480,-0.00065,0.000228,0.000995,-0.000426,-0.000644,-0.000062
23,1,conference,mask_conference,environment,network_actively,goal_achieved,1.4705,0.00254,-0.00311,0.01734,0.00675,-0.00102,0.000835,-0.000730,0.005117,0.001947,-0.000377
24,1,conference,mask_conference,environment,network_actively,goal_achieved,1.4593,0.00338,-0.00383,0.02244,0.00869,-0.00141,0.000835,-0.000723,0.005096,0.001945,-0.000384
25,1,conference,mask_conference,environment,network_actively,goal_achieved,1.4481,0.00421,-0.00455,0.02751,0.01063,-0.00180,0.000835,-0.000716,0.005074,0.001943,-0.000391
26,1,conference,mask_conference,environment,network_actively,goal_achieved,1.4369,0.00505,-0.00526,0.03256,0.01257,-0.00219,0.000836,-0.000709,0.005051,0.001940,-0.000398
27,1,conference,mask_conference,environment,network_actively,goal_achieved,1.4258,0.00588,-0.00596,0.03759,0.01451,-0.00260,0.000836,-0.000702,0.005028,0.001938,-0.000405
28,2,work,mask_work,environment,network_actively,failed,-0.9114,0.00019,0.01952,-0.03702,-0.01611,-0.00479,0.000174,0.002229,-0.003500,-0.001365,-0.000765
29,2,work,mask_work,environment,deep_work,goal_achieved,3.7142,0.00071,0.02252,-0.04138,-0.01799,-0.00597,0.000522,0.003002,-0.004362,-0.001877,-0.001171
30,2,work,mask_work,environment,quick_scan,goal_achieved,3.6745,0.00047,0.02389,-0.04468,-0.02023,-0.00559,-0.000238,0.001369,-0.003300,-0.002238,0.000374
31,2,work,mask_work,environment,network_actively,failed,-1.2281,0.00051,0.02586,-0.04825,-0.02213,-0.00587,0.000040,0.001967,-0.003574,-0.001903,-0.000283
32,2,work,mask_work,environment,tidy_up,goal_achieved,3.5403,0.00008,0.02855,-0.05242,-0.02415,-0.00639,-0.000427,0.002688,-0.004170,-0.002022,-0.000514
33,2,work,mask_work,environment,rest_deeply,goal_achieved,3.1999,-0.00117,0.03022,-0.05860,-0.02643,-0.00645,-0.001251,0.001670,-0.006175,-0.002274,-0.000065
34,2,work,mask_work,environment,network_actively,goal_achieved,0.9329,-0.00143,0.02949,-0.05595,-0.02508,-0.00676,-0.000266,-0.000731,0.002644,0.001351,-0.000305
35,2,work,mask_work,environment,tidy_up,goal_achieved,2.8095,-0.00216,0.03111,-0.05958,-0.02653,-0.00707,-0.000724,0.001622,-0.003625,-0.001450,-0.000308
36,2,work,mask_work,environment,network_actively,failed,-1.7160,-0.00300,0.03333,-0.06478,-0.02868,-0.00739,-0.000840,0.002225,-0.005202,-0.002151,-0.000319
37,2,home,mask_home,environment,rest_deeply,delayed,-0.2288,-0.00771,-0.00237,-0.01621,-0.01259,0.00637,-0.000469,0.000423,-0.001813,-0.001764,0.000512
38,2,home,mask_home,environment,quick_scan,goal_achieved,3.5023,-0.00817,-0.00194,-0.01803,-0.01436,0.00688,-0.000465,0.000431,-0.001817,-0.001764,0.000504
39,2,home,mask_home,environment,network_actively,delayed,-0.6827,-0.00854,-0.00180,-0.01891,-0.01569,0.00733,-0.000363,0.000141,-0.000880,-0.001331,0.000453
40,2,home,mask_home,environment,network_actively,delayed,-0.6828,-0.00890,-0.00166,-0.01979,-0.01702,0.00778,-0.000362,0.000144,-0.000881,-0.001332,0.000451
41,2,home,mask_home,environment,rest_deeply,goal_achieved,2.9623,-0.01014,-0.00221,-0.02355,-0.01898,0.00868,-0.001241,-0.000552,-0.003756,-0.001964,0.000893
42,2,home,mask_home,environment,network_actively,delayed,-0.9234,-0.01090,-0.00252,-0.02552,-0.02047,0.00933,-0.000763,-0.000312,-0.001971,-0.001484,0.000650
43,2,home,mask_home,environment,deep_work,failed,-1.6879,-0.01253,-0.00443,-0.02612,-0.02107,0.01094,-0.001628,-0.001909,-0.000599,-0.000604,0.001619
44,2,home,mask_home,environment,network_actively,goal_achieved,1.1313,-0.01310,-0.00741,-0.02144,-0.01939,0.01181,-0.000570,-0.002986,0.004677,0.001686,0.000864
45,2,home,mask_home,environment,network_actively,failed,-1.3202,-0.01447,-0.00806,-0.02431,-0.02118,0.01305,-0.001370,-0.000644,-0.002868,-0.001789,0.001246
46,2,conference,mask_conference,environment,network_actively,goal_achieved,1.4147,0.00672,-0.00665,0.04259,0.01645,-0.00301,0.000836,-0.000694,0.005004,0.001935,-0.000412
47,2,conference,mask_conference,environment,network_actively,goal_achieved,1.4037,0.00756,-0.00734,0.04757,0.01838,-0.00343,0.000836,-0.000686,0.004979,0.001932,-0.000419
48,2,conference,mask_conference,environment,network_actively,goal_achieved,1.3927,0.00839,-0.00802,0.05253,0.02031,-0.00386,0.000837,-0.000677,0.004954,0.001929,-0.000426
49,2,conference,mask_conference,environment,network_actively,delayed,-0.2945,0.00857,-0.00715,0.05212,0.01967,-0.00385,0.000175,0.000869,-0.000407,-0.000639,0.000009
50,2,conference,mask_conference,environment,tidy_up,delayed,-1.9539,0.00947,-0.00786,0.05643,0.02123,-0.00411,0.000899,-0.000717,0.004313,0.001559,-0.000260
51,2,conference,mask_conference,environment,deep_work,delayed,-2.0329,0.01021,-0.00894,0.06115,0.02302,-0.00418,0.000740,-0.001076,0.004718,0.001795,-0.000075
52,2,conference,mask_conference,environment,network_actively,goal_achieved,1.5239,0.01106,-0.01025,0.06672,0.02523,-0.00435,0.000853,-0.001308,0.005569,0.002213,-0.000164
53,2,conference,mask_conference,environment,quick_scan,goal_achieved,1.6452,0.01146,-0.01196,0.07159,0.02651,-0.00362,0.000398,-0.001714,0.004866,0.001272,0.000726
54,2,conference,mask_conference,environment,deep_work,delayed,-2.4061,0.01186,-0.01365,0.07641,0.02776,-0.00290,0.000398,-0.001688,0.004819,0.001249,0.000718
55,3,work,mask_work,environment,take_notes,delayed,-0.8157,-0.00392,0.03476,-0.06832,-0.03009,-0.00766,-0.000923,0.001423,-0.003536,-0.001417,-0.000279
56,3,work,mask_work,environment,network_actively,failed,-1.7146,-0.00481,0.03694,-0.07345,-0.03221,-0.00800,-0.000885,0.002180,-0.005131,-0.002114,-0.000332
57,3,work,mask_work,environment,network_actively,failed,-1.7285,-0.00569,0.03914,-0.07859,-0.03432,-0.00834,-0.000886,0.002201,-0.005141,-0.002114,-0.000346
58,3,work,mask_work,environment,deep_work,delayed,-0.6414,-0.00704,0.03986,-0.08153,-0.03525,-0.00810,-0.001348,0.000725,-0.002936,-0.000926,0.000247
59,3,work,mask_work,environment,network_actively,failed,-1.6725,-0.00806,0.04181,-0.08637,-0.03717,-0.00831,-0.001022,0.001948,-0.004848,-0.001924,-0.000217
60,3,work,mask_work,environment,rest_deeply,failed,-1.3940,-0.00831,0.04440,-0.08872,-0.03852,-0.00896,-0.000244,0.002589,-0.002343,-0.001348,-0.000645
61,3,work,mask_work,environment,rest_deeply,delayed,-0.3144,-0.00884,0.04662,-0.09172,-0.03994,-0.00944,-0.000535,0.002218,-0.003004,-0.001423,-0.000483
62,3,work,mask_work,environment,deep_work,goal_achieved,2.8084,-0.00911,0.04951,-0.09600,-0.04199,-0.01031,-0.000272,0.002892,-0.004274,-0.002041,-0.000864
63,3,work,mask_work,environment,tidy_up,failed,-1.3690,-0.00860,0.05025,-0.09835,-0.04335,-0.01037,0.000509,0.000741,-0.002359,-0.001368,-0.000066
64,3,home,mask_home,environment,take_notes,failed,-1.9541,-0.01565,-0.00923,-0.02548,-0.02218,0.01421,-0.001186,-0.001168,-0.001168,-0.001004,0.001156
65,3,home,mask_home,environment,network_actively,delayed,-0.7169,-0.01682,-0.01045,-0.02648,-0.02311,0.01536,-0.001168,-0.001223,-0.001003,-0.000929,0.001151
66,3,home,mask_home,environment,tidy_up,goal_achieved,2.8976,-0.01839,-0.01100,-0.02818,-0.02423,0.01632,-0.001566,-0.000547,-0.001703,-0.001120,0.000962
67,3,home,mask_home,environment,rest_deeply,goal_achieved,2.7913,-0.02037,-0.01201,-0.03103,-0.02551,0.01749,-0.001983,-0.001014,-0.002845,-0.001285,0.001172
68,3,home,mask_home,environment,rest_deeply,goal_achieved,2.7865,-0.02236,-0.01303,-0.03389,-0.02680,0.01867,-0.001987,-0.001019,-0.002860,-0.001287,0.001174
69,3,home,mask_home,environment,network_actively,failed,-1.6373,-0.02434,-0.01331,-0.03791,-0.02879,0.01984,-0.001976,-0.000278,-0.004018,-0.001993,0.001167
70,3,home,mask_home,environment,network_actively,failed,-1.6428,-0.02632,-0.01359,-0.04193,-0.03078,0.02100,-0.001981,-0.000278,-0.004029,-0.001989,0.001162
71,3,home,mask_home,environment,network_actively,failed,-1.6483,-0.02830,-0.01386,-0.04597,-0.03277,0.02216,-0.001987,-0.000279,-0.004040,-0.001985,0.001158
72,3,home,mask_home,environment,tidy_up,goal_achieved,2.8699,-0.03014,-0.01455,-0.04864,-0.03412,0.02323,-0.001835,-0.000689,-0.002667,-0.001352,0.001079
73,3,conference,mask_conference,environment,network_actively,goal_achieved,1.1634,0.01236,-0.01552,0.08197,0.02937,-0.00228,0.000506,-0.001871,0.005565,0.001616,0.000626
74,3,conference,mask_conference,environment,network_actively,goal_achieved,1.1390,0.01287,-0.01735,0.08747,0.03096,-0.00166,0.000508,-0.001832,0.005501,0.001588,0.000613
75,3,conference,mask_conference,environment,network_actively,goal_achieved,1.1147,0.01338,-0.01914,0.09291,0.03252,-0.00107,0.000510,-0.001792,0.005435,0.001560,0.000598
76,3,conference,mask_conference,environment,rest_deeply,failed,-3.5034,0.01380,-0.02074,0.09765,0.03374,-0.00040,0.000418,-0.001599,0.004742,0.001218,0.000664
77,3,conference,mask_conference,environment,rest_deeply,failed,-3.5230,0.01422,-0.02231,0.10233,0.03493,0.00025,0.000418,-0.001566,0.004686,0.001192,0.000654
78,3,conference,mask_conference,environment,network_actively,delayed,-0.4802,0.01396,-0.02286,0.10267,0.03392,0.00151,-0.000260,-0.000554,0.000334,-0.001009,0.001255
79,3,conference,mask_conference,environment,rest_deeply,goal_achieved,1.0617,0.01350,-0.02508,0.10435,0.03451,0.00253,-0.000453,-0.002216,0.001686,0.000584,0.001019
80,3,conference,mask_conference,environment,network_actively,goal_achieved,0.9015,0.01382,-0.02688,0.10887,0.03584,0.00315,0.000317,-0.001803,0.004514,0.001336,0.000621
81,3,conference,mask_conference,environment,network_actively,goal_achieved,0.8809,0.01414,-0.02864,0.11332,0.03715,0.00375,0.000322,-0.001754,0.004448,0.001306,0.000603
82,4,work,mask_work,environment,take_notes,delayed,-0.4005,-0.00897,0.05174,-0.10122,-0.04474,-0.01070,-0.000369,0.001489,-0.002863,-0.001391,-0.000334
83,4,work,mask_work,environment,take_notes,goal_achieved,2.8475,-0.00849,0.05475,-0.10576,-0.04684,-0.01125,0.000485,0.003008,-0.004546,-0.002095,-0.000543
84,4,work,mask_work,environment,rest_deeply,failed,-1.3755,-0.00817,0.05730,-0.10816,-0.04833,-0.01193,0.000319,0.002553,-0.002393,-0.001489,-0.000684
85,4,work,mask_work,environment,network_actively,failed,-1.4708,-0.00825,0.05974,-0.11220,-0.05028,-0.01243,-0.000080,0.002439,-0.004046,-0.001956,-0.000503
86,4,work,mask_work,environment,network_actively,failed,-1.4803,-0.00832,0.06220,-0.11626,-0.05224,-0.01295,-0.000074,0.002458,-0.004053,-0.001957,-0.000517
87,4,work,mask_work,environment,deep_work,goal_achieved,2.9390,-0.00800,0.06509,-0.12038,-0.05438,-0.01384,0.000325,0.002894,-0.004120,-0.002140,-0.000893
88,4,work,mask_work,environment,network_actively,failed,-1.5359,-0.00800,0.06771,-0.12458,-0.05642,-0.01445,-0.000000,0.002619,-0.004200,-0.002043,-0.000610
89,4,work,mask_work,environment,network_actively,goal_achieved,1.3529,-0.00760,0.06697,-0.12079,-0.05501,-0.01475,0.000396,-0.000739,0.003786,0.001414,-0.000293
90,4,work,mask_work,environment,tidy_up,failed,-1.5298,-0.00674,0.06808,-0.12300,-0.05640,-0.01502,0.000867,0.001103,-0.002207,-0.001387,-0.000273
91,4,home,mask_home,environment,quick_scan,failed,-1.4934,-0.03138,-0.01402,-0.05182,-0.03463,0.02285,-0.001242,0.000532,-0.003184,-0.000507,-0.000381
92,4,home,mask_home,environment,tidy_up,goal_achieved,3.0336,-0.03303,-0.01430,-0.05468,-0.03569,0.02344,-0.001647,-0.000280,-0.002851,-0.001066,0.000587
93,4,home,mask_home,environment,network_actively,failed,-1.4981,-0.03484,-0.01417,-0.05892,-0.03739,0.02410,-0.001809,0.000131,-0.004249,-0.001693,0.000657
94,4,home,mask_home,environment,rest_deeply,goal_achieved,3.0634,-0.03673,-0.01468,-0.06248,-0.03857,0.02480,-0.001891,-0.000510,-0.003552,-0.001185,0.000700
95,4,home,mask_home,environment,network_actively,goal_achieved,0.9716,-0.03774,-0.01686,-0.05926,-0.03685,0.02510,-0.001010,-0.002181,0.003213,0.001719,0.000299
96,4,home,mask_home,environment,tidy_up,goal_achieved,2.9008,-0.03941,-0.01728,-0.06199,-0.03781,0.02570,-0.001671,-0.000420,-0.002726,-0.000960,0.000598
97,4,home,mask_home,environment,network_actively,goal_achieved,0.9609,-0.04040,-0.01943,-0.05881,-0.03611,0.02598,-0.000990,-0.002147,0.003178,0.001704,0.000287
98,4,home,mask_home,environment,take_notes,failed,-2.2473,-0.04203,-0.01994,-0.06123,-0.03693,0.02657,-0.001629,-0.000516,-0.002420,-0.000822,0.000587
99,4,home,mask_home,environment,network_actively,goal_achieved,0.9496,-0.04300,-0.02205,-0.05809,-0.03524,0.02684,-0.000968,-0.002111,0.003141,0.001688,0.000273
100,4,conference,mask_conference,environment,network_actively,goal_achieved,0.8605,0.01447,-0.03034,0.11770,0.03842,0.00433,0.000328,-0.001705,0.004382,0.001277,0.000584
101,4,conference,mask_conference,environment,quick_scan,delayed,-1.9260,0.01528,-0.03086,0.12128,0.04032,0.00363,0.000806,-0.000522,0.003577,0.001899,-0.000702
102,4,conference,mask_conference,environment,rest_deeply,delayed,-2.1794,0.01578,-0.03187,0.12484,0.04170,0.00362,0.000509,-0.001006,0.003566,0.001381,-0.000014
103,4,conference,mask_conference,environment,take_notes,goal_achieved,1.2209,0.01659,-0.03219,0.12758,0.04276,0.00345,0.000811,-0.000320,0.002734,0.001059,-0.000166
104,4,conference,mask_conference,environment,quick_scan,failed,-3.1745,0.01791,-0.03167,0.13029,0.04469,0.00210,0.001315,0.000522,0.002716,0.001926,-0.001347
105,4,conference,mask_conference,environment,network_actively,goal_achieved,1.0643,0.01901,-0.03183,0.13369,0.04640,0.00141,0.001103,-0.000160,0.003397,0.001707,-0.000693
106,4,conference,mask_conference,environment,quick_scan,delayed,-2.1265,0.02013,-0.03164,0.13641,0.04799,0.00052,0.001116,0.000188,0.002724,0.001592,-0.000890
107,4,conference,mask_conference,environment,tidy_up,delayed,-2.3456,0.02114,-0.03162,0.13912,0.04940,-0.00014,0.001012,0.000023,0.002711,0.001414,-0.000657
108,4,conference,mask_conference,environment,network_actively,delayed,-0.3436,0.02142,-0.03090,0.13792,0.04875,-0.00004,0.000280,0.000715,-0.001202,-0.000656,0.000099
109,5,work,mask_work,environment,tidy_up,failed,-1.5328,-0.00586,0.06919,-0.12521,-0.05779,-0.01530,0.000874,0.001112,-0.002213,-0.001390,-0.000280
110,5,work,mask_work,environment,tidy_up,delayed,-0.4168,-0.00528,0.07069,-0.12772,-0.05923,-0.01570,0.000578,0.001498,-0.002506,-0.001439,-0.000396
111,5,work,mask_work,environment,network_actively,delayed,-0.6749,-0.00482,0.07205,-0.12960,-0.06036,-0.01612,0.000468,0.001369,-0.001885,-0.001132,-0.000424
112,5,work,mask_work,environment,network_actively,delayed,-0.6774,-0.00434,0.07343,-0.13149,-0.06149,-0.01655,0.000472,0.001375,-0.001889,-0.001134,-0.000429
113,5,work,mask_work,environment,network_actively,failed,-1.4128,-0.00396,0.07567,-0.13538,-0.06349,-0.01708,0.000388,0.002240,-0.003893,-0.001999,-0.000527
114,5,work,mask_work,environment,deep_work,delayed,-0.2844,-0.00413,0.07614,-0.13668,-0.06408,-0.01687,-0.000174,0.000470,-0.001295,-0.000590,0.000202
115,5,work,mask_work,environment,rest_deeply,goal_achieved,2.9794,-0.00462,0.07644,-0.14080,-0.06557,-0.01670,-0.000485,0.000297,-0.004124,-0.001485,0.000169
116,5,work,mask_work,environment,deep_work,goal_achieved,2.8178,-0.00398,0.07858,-0.14441,-0.06749,-0.01744,0.000632,0.002142,-0.003607,-0.001925,-0.000735
117,5,work,mask_work,environment,network_actively,failed,-1.4900,-0.00375,0.08057,-0.14850,-0.06946,-0.01786,0.000234,0.001991,-0.004096,-0.001970,-0.000424
118,5,home,mask_home,environment,network_actively,failed,-1.5363,-0.04487,-0.02201,-0.06252,-0.03697,0.02756,-0.001869,0.000043,-0.004431,-0.001731,0.000714
119,5,home,mask_home,environment,network_actively,goal_achieved,0.9426,-0.04582,-0.02410,-0.05941,-0.03530,0.02782,-0.000956,-0.002087,0.003114,0.001676,0.000264
120,5,home,mask_home,environment,network_actively,failed,-1.5402,-0.04769,-0.02406,-0.06386,-0.03703,0.02854,-0.001874,0.000033,-0.004449,-0.001736,0.000723
121,5,home,mask_home,environment,network_actively,delayed,-0.9271,-0.04934,-0.02455,-0.06643,-0.03792,0.02915,-0.001647,-0.000490,-0.002575,-0.000884,0.000602
122,5,home,mask_home,environment,quick_scan,failed,-1.8573,-0.05055,-0.02435,-0.06895,-0.03805,0.02875,-0.001211,0.000202,-0.002522,-0.000129,-0.000398
123,5,home,mask_home,environment,quick_scan,goal_achieved,2.6222,-0.05235,-0.02536,-0.07096,-0.03903,0.02981,-0.001800,-0.001007,-0.002002,-0.000979,0.001059
124,5,home,mask_home,environment,rest_deeply,goal_achieved,2.7296,-0.05411,-0.02609,-0.07369,-0.03974,0.03038,-0.001754,-0.000734,-0.002733,-0.000716,0.000572
125,5,home,mask_home,environment,network_actively,failed,-1.5524,-0.05600,-0.02602,-0.07831,-0.04143,0.03101,-0.001894,0.000074,-0.004626,-0.001687,0.000633
126,5,home,mask_home,environment,quick_scan,failed,-1.8648,-0.05728,-0.02584,-0.08106,-0.04162,0.03065,-0.001284,0.000179,-0.002749,-0.000194,-0.000365
127,5,conference,mask_conference,environment,take_notes,delayed,-2.0566,0.02196,-0.03183,0.14164,0.05053,-0.00045,0.000536,-0.000928,0.003715,0.001782,-0.000413
128,5,conference,mask_conference,environment,quick_scan,goal_achieved,1.2765,0.02220,-0.03308,0.14470,0.05118,0.00021,0.000246,-0.001251,0.003068,0.000652,0.000657
129,5,conference,mask_conference,environment,network_actively,goal_achieved,1.0906,0.02302,-0.03377,0.14857,0.05297,-0.00027,0.000818,-0.000691,0.003870,0.001791,-0.000476
130,5,conference,mask_conference,environment,network_actively,goal_achieved,1.0811,0.02384,-0.03444,0.15241,0.05475,-0.00076,0.000821,-0.000666,0.003833,0.001781,-0.000490
131,5,conference,mask_conference,environment,network_actively,goal_achieved,1.0717,0.02467,-0.03508,0.15620,0.05652,-0.00126,0.000824,-0.000641,0.003797,0.001771,-0.000504
132,5,conference,mask_conference,environment,network_actively,goal_achieved,1.0625,0.02549,-0.03569,0.15996,0.05828,-0.00178,0.000827,-0.000617,0.003761,0.001761,-0.000518
133,5,conference,mask_conference,environment,quick_scan,goal_achieved,1.1577,0.02576,-0.03685,0.16296,0.05892,-0.00119,0.000270,-0.001160,0.002991,0.000633,0.000592
134,5,conference,mask_conference,environment,network_actively,goal_achieved,0.9795,0.02653,-0.03752,0.16663,0.06053,-0.00158,0.000764,-0.000667,0.003669,0.001611,-0.000389
135,5,conference,mask_conference,environment,quick_scan,goal_achieved,1.1215,0.02680,-0.03863,0.16955,0.06114,-0.00101,0.000276,-0.001110,0.002927,0.000609,0.000567
136,6,work,mask_work,environment,network_actively,delayed,-0.7504,-0.00343,0.08170,-0.15061,-0.07057,-0.01819,0.000322,0.001129,-0.002101,-0.001113,-0.000326
137,6,work,mask_work,environment,take_notes,delayed,-0.4487,-0.00339,0.08274,-0.15301,-0.07182,-0.01852,0.000035,0.001041,-0.002405,-0.001244,-0.000328
138,6,work,mask_work,environment,tidy_up,goal_achieved,2.8540,-0.00394,0.08510,-0.15651,-0.07333,-0.01916,-0.000549,0.002363,-0.003502,-0.001516,-0.000639
139,6,work,mask_work,environment,network_actively,failed,-1.5414,-0.00384,0.08720,-0.16064,-0.07529,-0.01964,0.000105,0.002099,-0.004129,-0.001954,-0.000485
140,6,work,mask_work,environment,network_actively,failed,-1.5505,-0.00373,0.08931,-0.16477,-0.07724,-0.02014,0.000111,0.002109,-0.004126,-0.001952,-0.000494
141,6,work,mask_work,environment,deep_work,goal_achieved,2.7776,-0.00320,0.09166,-0.16857,-0.07923,-0.02097,0.000530,0.002351,-0.003804,-0.001994,-0.000835
142,6,work,mask_work,environment,network_actively,failed,-1.5943,-0.00303,0.09387,-0.17278,-0.08124,-0.02153,0.000166,0.002211,-0.004205,-0.002006,-0.000555
143,6,work,mask_work,environment,take_notes,delayed,-0.5116,-0.00305,0.09526,-0.17554,-0.08263,-0.02199,-0.000023,0.001383,-0.002763,-0.001388,-0.000464
144,6,work,mask_work,environment,network_actively,failed,-1.5923,-0.00291,0.09744,-0.17969,-0.08461,-0.02255,0.000147,0.002181,-0.004147,-0.001981,-0.000564
145,6,home,mask_home,environment,rest_deeply,goal_achieved,2.7975,-0.05902,-0.02644,-0.08397,-0.04229,0.03108,-0.001734,-0.000600,-0.002912,-0.000671,0.000434
146,6,home,mask_home,environment,rest_deeply,goal_achieved,2.7925,-0.06076,-0.02704,-0.08690,-0.04296,0.03151,-0.001740,-0.000603,-0.002924,-0.000672,0.000435
147,6,home,mask_home,environment,network_actively,delayed,-0.9185,-0.06243,-0.02743,-0.08983,-0.04373,0.03191,-0.001668,-0.000382,-0.002930,-0.000767,0.000393
148,6,home,mask_home,environment,network_actively,failed,-1.5600,-0.06434,-0.02728,-0.09468,-0.04534,0.03241,-0.001913,0.000145,-0.004847,-0.001612,0.000499
149,6,home,mask_home,environment,network_actively,failed,-1.5700,-0.06626,-0.02714,-0.09954,-0.04695,0.03290,-0.001923,0.000145,-0.004860,-0.001608,0.000494
150,6,home,mask_home,environment,network_actively,failed,-1.5801,-0.06819,-0.02699,-0.10441,-0.04856,0.03339,-0.001933,0.000144,-0.004872,-0.001605,0.000490
151,6,home,mask_home,environment,quick_scan,goal_achieved,2.6569,-0.07016,-0.02799,-0.10702,-0.04967,0.03447,-0.001969,-0.001001,-0.002607,-0.001116,0.001079
152,6,home,mask_home,environment,take_notes,failed,-2.3011,-0.07191,-0.02850,-0.10988,-0.05046,0.03496,-0.001742,-0.000505,-0.002868,-0.000785,0.000488
153,6,home,mask_home,environment,network_actively,delayed,-0.9862,-0.07366,-0.02899,-0.11283,-0.05127,0.03545,-0.001756,-0.000489,-0.002946,-0.000815,0.000492
154,6,conference,mask_conference,environment,network_actively,goal_achieved,0.9130,0.02752,-0.03932,0.17312,0.06263,-0.00132,0.000721,-0.000683,0.003573,0.001492,-0.000305
155,6,conference,mask_conference,environment,rest_deeply,delayed,-2.3692,0.02812,-0.03990,0.17606,0.06378,-0.00148,0.000591,-0.000586,0.002935,0.001146,-0.000166
156,6,conference,mask_conference,environment,network_actively,goal_achieved,0.8946,0.02884,-0.04053,0.17956,0.06524,-0.00182,0.000726,-0.000633,0.003496,0.001468,-0.000331
157,6,conference,mask_conference,environment,deep_work,failed,-3.9206,0.02939,-0.04121,0.18260,0.06646,-0.00194,0.000549,-0.000673,0.003042,0.001216,-0.000128
158,6,conference,mask_conference,environment,network_actively,goal_achieved,0.8842,0.03011,-0.04183,0.18606,0.06793,-0.00228,0.000715,-0.000620,0.003465,0.001468,-0.000337
159,6,conference,mask_conference,environment,rest_deeply,failed,-3.5624,0.03087,-0.04225,0.18956,0.06919,-0.00254,0.000760,-0.000421,0.003494,0.001258,-0.000257
160,6,conference,mask_conference,environment,take_notes,goal_achieved,1.0667,0.03166,-0.04235,0.19199,0.07014,-0.00285,0.000793,-0.000097,0.002433,0.000958,-0.000310
161,6,conference,mask_conference,environment,quick_scan,goal_achieved,0.9997,0.03202,-0.04317,0.19462,0.07063,-0.00238,0.000358,-0.000823,0.002630,0.000487,0.000467
162,6,conference,mask_conference,environment,quick_scan,delayed,-2.1571,0.03304,-0.04298,0.19745,0.07235,-0.00345,0.001029,0.000185,0.002835,0.001724,-0.001069
163,7,work,mask_work,environment,take_notes,delayed,-0.5105,-0.00292,0.09885,-0.18249,-0.08602,-0.02303,-0.000018,0.001418,-0.002807,-0.001407,-0.000479
164,7,work,mask_work,environment,network_actively,delayed,-0.8113,-0.00273,0.10011,-0.18462,-0.08714,-0.02348,0.000197,0.001255,-0.002127,-0.001119,-0.000443
165,7,work,mask_work,environment,take_notes,failed,-1.5779,-0.00307,0.10101,-0.18683,-0.08829,-0.02392,-0.000338,0.000897,-0.002207,-0.001149,-0.000443
166,7,work,mask_work,environment,network_actively,delayed,-0.7851,-0.00292,0.10219,-0.18887,-0.08937,-0.02436,0.000150,0.001181,-0.002039,-0.001082,-0.000442
167,7,work,mask_work,environment,network_actively,failed,-1.5763,-0.00282,0.10428,-0.19287,-0.09129,-0.02494,0.000092,0.002093,-0.004005,-0.001920,-0.000580
168,7,work,mask_work,environment,deep_work,goal_achieved,2.7943,-0.00235,0.10655,-0.19654,-0.09324,-0.02582,0.000478,0.002274,-0.003669,-0.001950,-0.000882
169,7,work,mask_work,environment,network_actively,failed,-1.6146,-0.00221,0.10873,-0.20060,-0.09520,-0.02645,0.000138,0.002173,-0.004062,-0.001962,-0.000632
170,7,work,mask_work,environment,take_notes,delayed,-0.5636,-0.00217,0.11025,-0.20346,-0.09665,-0.02701,0.000038,0.001520,-0.002861,-0.001449,-0.000553
171,7,work,mask_work,environment,deep_work,goal_achieved,2.7888,-0.00169,0.11254,-0.20714,-0.09861,-0.02791,0.000483,0.002292,-0.003677,-0.001959,-0.000904
172,7,home,mask_home,environment,network_actively,goal_achieved,0.9651,-0.07471,-0.03109,-0.11002,-0.04956,0.03566,-0.001046,-0.002107,0.002814,0.001709,0.000209
173,7,home,mask_home,environment,quick_scan,delayed,-0.7995,-0.07626,-0.03128,-0.11292,-0.05002,0.03570,-0.001549,-0.000184,-0.002903,-0.000460,0.000037
174,7,home,mask_home,environment,network_actively,failed,-1.6260,-0.07824,-0.03119,-0.11784,-0.05165,0.03623,-0.001983,0.000087,-0.004923,-0.001631,0.000539
175,7,home,mask_home,environment,rest_deeply,goal_achieved,2.7635,-0.08009,-0.03184,-0.12100,-0.05241,0.03673,-0.001852,-0.000649,-0.003160,-0.000753,0.000496
176,7,home,mask_home,environment,network_actively,failed,-1.6518,-0.08211,-0.03177,-0.12599,-0.05404,0.03727,-0.002014,0.000065,-0.004984,-0.001631,0.000542
177,7,home,mask_home,environment,quick_scan,goal_achieved,2.6021,-0.08411,-0.03282,-0.12865,-0.05513,0.03835,-0.002009,-0.001043,-0.002663,-0.001088,0.001074
178,7,home,mask_home,environment,network_actively,failed,-1.6925,-0.08617,-0.03282,-0.13363,-0.05679,0.03896,-0.002056,-0.000003,-0.004977,-0.001666,0.000612
179,7,home,mask_home,environment,network_actively,failed,-1.7025,-0.08824,-0.03283,-0.13861,-0.05845,0.03957,-0.002066,-0.000006,-0.004987,-0.001661,0.000608
180,7,home,mask_home,environment,take_notes,failed,-2.3430,-0.09007,-0.03337,-0.14167,-0.05928,0.04008,-0.001834,-0.000548,-0.003061,-0.000821,0.000517
181,7,conference,mask_conference,environment,network_actively,goal_achieved,0.8309,0.03385,-0.04334,0.20066,0.07373,-0.00389,0.000808,-0.000358,0.003208,0.001371,-0.000438
182,7,conference,mask_conference,environment,network_actively,goal_achieved,0.8228,0.03466,-0.04368,0.20383,0.07509,-0.00434,0.000809,-0.000338,0.003171,0.001360,-0.000450
183,7,conference,mask_conference,environment,network_actively,goal_achieved,0.8148,0.03547,-0.04400,0.20697,0.07643,-0.00480,0.000810,-0.000317,0.003134,0.001349,-0.000461
184,7,conference,mask_conference,environment,network_actively,goal_achieved,0.8069,0.03628,-0.04429,0.21007,0.07777,-0.00527,0.000811,-0.000298,0.003098,0.001338,-0.000471
185,7,conference,mask_conference,environment,network_actively,goal_achieved,0.7993,0.03709,-0.04457,0.21313,0.07910,-0.00575,0.000811,-0.000278,0.003062,0.001327,-0.000482
186,7,conference,mask_conference,environment,network_actively,goal_achieved,0.7917,0.03791,-0.04483,0.21616,0.08042,-0.00624,0.000812,-0.000260,0.003027,0.001317,-0.000492
187,7,conference,mask_conference,environment,network_actively,goal_achieved,0.7844,0.03872,-0.04507,0.21915,0.08172,-0.00674,0.000812,-0.000241,0.002992,0.001306,-0.000502
188,7,conference,mask_conference,environment,network_actively,goal_achieved,0.7772,0.03953,-0.04530,0.22211,0.08302,-0.00726,0.000813,-0.000224,0.002958,0.001296,-0.000511
189,7,conference,mask_conference,environment,quick_scan,failed,-3.3158,0.04083,-0.04467,0.22495,0.08520,-0.00897,0.001298,0.000632,0.002839,0.002185,-0.001714
190,8,work,mask_work,environment,rest_deeply,failed,-1.4564,-0.00096,0.11517,-0.20938,-0.10014,-0.02889,0.000725,0.002632,-0.002234,-0.001535,-0.000981
191,8,work,mask_work,environment,take_notes,failed,-1.5980,-0.00114,0.11638,-0.21162,-0.10139,-0.02951,-0.000183,0.001213,-0.002245,-0.001247,-0.000620
192,8,work,mask_work,environment,deep_work,goal_achieved,2.8335,-0.00061,0.11876,-0.21510,-0.10332,-0.03049,0.000537,0.002375,-0.003482,-0.001928,-0.000973
193,8,work,mask_work,environment,network_actively,goal_achieved,1.6466,-0.00017,0.11742,-0.21130,-0.10201,-0.03066,0.000436,-0.001343,0.003801,0.001304,-0.000175
194,8,work,mask_work,environment,network_actively,delayed,-0.7997,0.00012,0.11884,-0.21330,-0.10317,-0.03128,0.000291,0.001428,-0.001997,-0.001160,-0.000620
195,8,work,mask_work,environment,network_actively,failed,-1.6179,0.00036,0.12120,-0.21723,-0.10516,-0.03205,0.000246,0.002357,-0.003930,-0.001983,-0.000773
196,8,work,mask_work,environment,deep_work,goal_achieved,2.7672,0.00092,0.12348,-0.22047,-0.10699,-0.03302,0.000555,0.002276,-0.003244,-0.001831,-0.000969
197,8,work,mask_work,environment,deep_work,goal_achieved,2.7605,0.00148,0.12576,-0.22371,-0.10882,-0.03400,0.000560,0.002281,-0.003240,-0.001831,-0.000976
198,8,work,mask_work,environment,deep_work,goal_achieved,2.7538,0.00205,0.12804,-0.22695,-0.11065,-0.03498,0.000566,0.002286,-0.003236,-0.001832,-0.000982
199,8,home,mask_home,environment,rest_deeply,goal_achieved,2.7587,-0.09203,-0.03407,-0.14505,-0.06014,0.04066,-0.001956,-0.000693,-0.003376,-0.000862,0.000580
200,8,home,mask_home,environment,rest_deeply,delayed,-0.3314,-0.09294,-0.03348,-0.14567,-0.06063,0.04068,-0.000911,0.000587,-0.000623,-0.000488,0.000013
201,8,home,mask_home,environment,network_actively,delayed,-1.0094,-0.09471,-0.03394,-0.14856,-0.06142,0.04115,-0.001774,-0.000463,-0.002886,-0.000793,0.000477
202,8,home,mask_home,environment,take_notes,delayed,-1.1836,-0.09626,-0.03397,-0.15189,-0.06240,0.04155,-0.001545,-0.000031,-0.003336,-0.000981,0.000398
203,8,home,mask_home,environment,rest_deeply,goal_achieved,2.7209,-0.09820,-0.03461,-0.15537,-0.06329,0.04212,-0.001941,-0.000633,-0.003477,-0.000888,0.000568
204,8,home,mask_home,environment,rest_deeply,goal_achieved,2.7148,-0.10015,-0.03525,-0.15886,-0.06417,0.04269,-0.001948,-0.000639,-0.003487,-0.000887,0.000569
205,8,home,mask_home,environment,rest_deeply,delayed,-0.3569,-0.10103,-0.03456,-0.15956,-0.06469,0.04267,-0.000880,0.000690,-0.000699,-0.000513,-0.000018
206,8,home,mask_home,environment,take_notes,failed,-2.3054,-0.10279,-0.03499,-0.16238,-0.06546,0.04313,-0.001767,-0.000429,-0.002825,-0.000774,0.000455
207,8,home,mask_home,environment,take_notes,delayed,-1.1825,-0.10433,-0.03498,-0.16565,-0.06642,0.04350,-0.001535,0.000005,-0.003271,-0.000962,0.000377
208,8,conference,mask_conference,environment,rest_deeply,delayed,-2.5417,0.04157,-0.04480,0.22743,0.08635,-0.00948,0.000743,-0.000134,0.002484,0.001151,-0.000508
209,8,conference,mask_conference,environment,network_actively,goal_achieved,0.8149,0.04244,-0.04492,0.23034,0.08775,-0.01013,0.000866,-0.000123,0.002911,0.001391,-0.000655
210,8,conference,mask_conference,environment,network_actively,goal_achieved,0.8089,0.04330,-0.04503,0.23322,0.08913,-0.01080,0.000866,-0.000109,0.002882,0.001382,-0.000663
211,8,conference,mask_conference,environment,rest_deeply,goal_achieved,0.9125,0.04362,-0.04541,0.23402,0.08997,-0.01120,0.000318,-0.000375,0.000798,0.000838,-0.000404
212,8,conference,mask_conference,environment,network_actively,goal_achieved,0.7706,0.04444,-0.04553,0.23668,0.09130,-0.01186,0.000817,-0.000123,0.002657,0.001337,-0.000658
213,8,conference,mask_conference,environment,quick_scan,goal_achieved,0.7712,0.04476,-0.04618,0.23874,0.09165,-0.01150,0.000322,-0.000651,0.002065,0.000347,0.000354
214,8,conference,mask_conference,environment,network_actively,goal_achieved,0.7253,0.04554,-0.04631,0.24132,0.09290,-0.01210,0.000784,-0.000131,0.002574,0.001248,-0.000599
215,8,conference,mask_conference,environment,quick_scan,delayed,-2.3613,0.04657,-0.04596,0.24374,0.09459,-0.01335,0.001031,0.000351,0.002418,0.001698,-0.001245
216,8,conference,mask_conference,environment,network_actively,goal_achieved,0.7441,0.04739,-0.04604,0.24629,0.09589,-0.01402,0.000811,-0.000083,0.002557,0.001295,-0.000669
217,9,work,mask_work,environment,tidy_up,goal_achieved,2.7096,0.00159,0.13071,-0.23025,-0.11221,-0.03595,-0.000454,0.002663,-0.003303,-0.001565,-0.000970
218,9,work,mask_work,environment,network_actively,failed,-1.7336,0.00182,0.13329,-0.23431,-0.11426,-0.03684,0.000226,0.002579,-0.004057,-0.002046,-0.000891
219,9,work,mask_work,environment,tidy_up,goal_achieved,2.7021,0.00136,0.13597,-0.23763,-0.11583,-0.03782,-0.000457,0.002685,-0.003321,-0.001572,-0.000983
220,9,work,mask_work,environment,rest_deeply,delayed,-0.5760,0.00167,0.13830,-0.24037,-0.11739,-0.03875,0.000314,0.002334,-0.002742,-0.001555,-0.000926
221,9,work,mask_work,environment,network_actively,goal_achieved,1.5923,0.00199,0.13726,-0.23687,-0.11622,-0.03904,0.000319,-0.001046,0.003502,0.001168,-0.000290
222,9,work,mask_work,environment,deep_work,goal_achieved,2.6221,0.00242,0.13968,-0.24000,-0.11798,-0.04009,0.000427,0.002417,-0.003127,-0.001762,-0.001053
223,9,work,mask_work,environment,tidy_up,failed,-1.7206,0.00353,0.14092,-0.24223,-0.11946,-0.04071,0.001115,0.001239,-0.002233,-0.001477,-0.000620
224,9,work,mask_work,environment,network_actively,failed,-1.7611,0.00382,0.14356,-0.24625,-0.12151,-0.04165,0.000285,0.002641,-0.004018,-0.002053,-0.000940
225,9,work,mask_work,environment,network_actively,delayed,-0.9197,0.00414,0.14526,-0.24838,-0.12276,-0.04243,0.000322,0.001708,-0.002132,-0.001253,-0.000781
226,9,home,mask_home,environment,network_actively,goal_achieved,1.0085,-0.10531,-0.03694,-0.16276,-0.06476,0.04371,-0.000986,-0.001957,0.002894,0.001665,0.000206
227,9,home,mask_home,environment,tidy_up,goal_achieved,2.6447,-0.10701,-0.03730,-0.16556,-0.06552,0.04414,-0.001691,-0.000365,-0.002798,-0.000758,0.000431
228,9,home,mask_home,environment,network_actively,failed,-1.7334,-0.10897,-0.03709,-0.17047,-0.06717,0.04466,-0.001966,0.000213,-0.004910,-0.001652,0.000519
229,9,home,mask_home,environment,network_actively,failed,-1.7430,-0.11095,-0.03688,-0.17538,-0.06881,0.04517,-0.001974,0.000212,-0.004915,-0.001645,0.000514
230,9,home,mask_home,environment,network_actively,delayed,-1.0620,-0.11268,-0.03721,-0.17835,-0.06963,0.04561,-0.001736,-0.000330,-0.002971,-0.000815,0.000434
231,9,home,mask_home,environment,network_actively,failed,-1.7588,-0.11467,-0.03700,-0.18328,-0.07126,0.04611,-0.001988,0.000210,-0.004926,-0.001637,0.000508
232,9,home,mask_home,environment,quick_scan,failed,-1.9574,-0.11615,-0.03671,-0.18664,-0.07169,0.04583,-0.001485,0.000287,-0.003360,-0.000428,-0.000288
233,9,home,mask_home,environment,network_actively,delayed,-1.0519,-0.11789,-0.03699,-0.18966,-0.07246,0.04619,-0.001732,-0.000276,-0.003018,-0.000766,0.000359
234,9,home,mask_home,environment,network_actively,delayed,-1.0565,-0.11962,-0.03727,-0.19268,-0.07322,0.04654,-0.001738,-0.000278,-0.003023,-0.000765,0.000359
235,9,conference,mask_conference,environment,network_actively,goal_achieved,0.7394,0.04820,-0.04611,0.24882,0.09718,-0.01469,0.000811,-0.000071,0.002533,0.001288,-0.000675
236,9,conference,mask_conference,environment,network_actively,goal_achieved,0.7348,0.04901,-0.04618,0.25133,0.09846,-0.01537,0.000811,-0.000061,0.002510,0.001282,-0.000682
237,9,conference,mask_conference,environment,network_actively,goal_achieved,0.7303,0.04982,-0.04623,0.25382,0.09973,-0.01606,0.000811,-0.000050,0.002487,0.001275,-0.000688
238,9,conference,mask_conference,environment,network_actively,goal_achieved,0.7259,0.05063,-0.04627,0.25629,0.10100,-0.01676,0.000811,-0.000040,0.002465,0.001269,-0.000693
239,9,conference,mask_conference,environment,network_actively,delayed,-0.4269,0.05043,-0.04633,0.25537,0.10011,-0.01608,-0.000204,-0.000060,-0.000918,-0.000898,0.000676
240,9,conference,mask_conference,environment,network_actively,goal_achieved,0.7219,0.05124,-0.04635,0.25781,0.10137,-0.01678,0.000811,-0.000028,0.002445,0.001264,-0.000699
241,9,conference,mask_conference,environment,network_actively,goal_achieved,0.7177,0.05205,-0.04637,0.26024,0.10263,-0.01748,0.000811,-0.000019,0.002424,0.001258,-0.000705
242,9,conference,mask_conference,environment,take_notes,goal_achieved,0.8782,0.05285,-0.04617,0.26203,0.10356,-0.01811,0.000800,0.000204,0.001793,0.000932,-0.000621
243,9,conference,mask_conference,environment,network_actively,goal_achieved,0.6993,0.05368,-0.04612,0.26435,0.10478,-0.01883,0.000832,0.000046,0.002322,0.001224,-0.000724
244,10,work,mask_work,environment,tidy_up,delayed,-0.6369,0.00489,0.14688,-0.25085,-0.12426,-0.04316,0.000744,0.001613,-0.002467,-0.001493,-0.000731
245,10,work,mask_work,environment,network_actively,delayed,-0.9099,0.00525,0.14855,-0.25295,-0.12551,-0.04394,0.000366,0.001677,-0.002106,-0.001253,-0.000778
246,10,work,mask_work,environment,take_notes,failed,-1.8145,0.00517,0.14991,-0.25497,-0.12672,-0.04475,-0.000083,0.001361,-0.002017,-0.001207,-0.000811
247,10,work,mask_work,environment,take_notes,goal_achieved,2.2821,0.00650,0.15317,-0.25901,-0.12881,-0.04563,0.001336,0.003258,-0.004040,-0.002094,-0.000875
248,10,work,mask_work,environment,take_notes,failed,-1.8216,0.00642,0.15454,-0.26102,-0.13002,-0.04645,-0.000080,0.001370,-0.002012,-0.001206,-0.000823
249,10,work,mask_work,environment,network_actively,goal_achieved,1.6678,0.00688,0.15342,-0.25759,-0.12892,-0.04673,0.000461,-0.001120,0.003434,0.001093,-0.000278
250,10,work,mask_work,environment,take_notes,goal_achieved,2.2354,0.00823,0.15659,-0.26144,-0.13094,-0.04759,0.001346,0.003166,-0.003855,-0.002016,-0.000860
251,10,work,mask_work,environment,rest_deeply,goal_achieved,2.5610,0.00784,0.15707,-0.26516,-0.13237,-0.04780,-0.000391,0.000482,-0.003715,-0.001433,-0.000209
252,10,work,mask_work,environment,network_actively,goal_achieved,1.5873,0.00827,0.15587,-0.26196,-0.13133,-0.04801,0.000428,-0.001201,0.003200,0.001047,-0.000212
253,10,home,mask_home,environment,network_actively,failed,-1.7639,-0.12161,-0.03700,-0.19766,-0.07481,0.04697,-0.001988,0.000269,-0.004980,-0.001582,0.000424
254,10,home,mask_home,environment,network_actively,failed,-1.7740,-0.12361,-0.03673,-0.20264,-0.07638,0.04739,-0.001997,0.000268,-0.004982,-0.001575,0.000419
255,10,home,mask_home,environment,rest_deeply,delayed,-0.3368,-0.12448,-0.03582,-0.20351,-0.07689,0.04723,-0.000874,0.000913,-0.000867,-0.000507,-0.000158
256,10,home,mask_home,environment,network_actively,delayed,-1.0366,-0.12619,-0.03603,-0.20639,-0.07762,0.04755,-0.001707,-0.000209,-0.002877,-0.000732,0.000320
257,10,home,mask_home,environment,quick_scan,goal_achieved,2.6547,-0.12812,-0.03670,-0.20904,-0.07867,0.04843,-0.001925,-0.000675,-0.002651,-0.001052,0.000880
258,10,home,mask_home,environment,network_actively,goal_achieved,1.0819,-0.12912,-0.03863,-0.20603,-0.07699,0.04863,-0.001007,-0.001929,0.003008,0.001685,0.000204
259,10,home,mask_home,environment,tidy_up,delayed,-0.7405,-0.13014,-0.04010,-0.20804,-0.07757,0.04939,-0.001018,-0.001466,-0.002014,-0.000579,0.000758
260,10,home,mask_home,environment,tidy_up,goal_achieved,2.6620,-0.13186,-0.04037,-0.21088,-0.07831,0.04977,-0.001722,-0.000270,-0.002839,-0.000749,0.000376
261,10,home,mask_home,environment,network_actively,failed,-1.7327,-0.13374,-0.04025,-0.21561,-0.07987,0.05026,-0.001881,0.000113,-0.004723,-0.001553,0.000494
262,10,conference,mask_conference,environment,quick_scan,delayed,-2.3954,0.05473,-0.04565,0.26655,0.10642,-0.02013,0.001052,0.000473,0.002194,0.001637,-0.001303
263,10,conference,mask_conference,environment,take_notes,goal_achieved,0.8894,0.05555,-0.04541,0.26833,0.10740,-0.02081,0.000822,0.000237,0.001786,0.000978,-0.000680
264,10,conference,mask_conference,environment,network_actively,goal_achieved,0.7079,0.05642,-0.04530,0.27060,0.10865,-0.02160,0.000865,0.000111,0.002265,0.001250,-0.000787
265,10,conference,mask_conference,environment,network_actively,goal_achieved,0.7048,0.05728,-0.04519,0.27285,0.10989,-0.02239,0.000864,0.000116,0.002249,0.001246,-0.000790
266,10,conference,mask_conference,environment,network_actively,goal_achieved,0.7018,0.05815,-0.04507,0.27508,0.11114,-0.02318,0.000863,0.000120,0.002233,0.001243,-0.000793
267,10,conference,mask_conference,environment,quick_scan,failed,-3.4593,0.05945,-0.04423,0.27737,0.11324,-0.02504,0.001308,0.000832,0.002291,0.002100,-0.001861
268,10,conference,mask_conference,environment,network_actively,goal_achieved,0.7345,0.06035,-0.04408,0.27962,0.11456,-0.02591,0.000896,0.000156,0.002251,0.001319,-0.000871
269,10,conference,mask_conference,environment,network_actively,goal_achieved,0.7319,0.06124,-0.04392,0.28186,0.11587,-0.02679,0.000895,0.000159,0.002238,0.001316,-0.000873
270,10,conference,mask_conference,environment,network_actively,goal_achieved,0.7293,0.06214,-0.04376,0.28408,0.11718,-0.02766,0.000893,0.000161,0.002224,0.001313,-0.000875
271,11,work,mask_work,environment,network_actively,failed,-1.8831,0.00859,0.15842,-0.26612,-0.13340,-0.04891,0.000327,0.002547,-0.004160,-0.002073,-0.000900
272,11,work,mask_work,environment,take_notes,goal_achieved,2.1441,0.00987,0.16135,-0.26995,-0.13535,-0.04969,0.001271,0.002930,-0.003832,-0.001954,-0.000780
273,11,work,mask_work,environment,take_notes,failed,-1.9421,0.00970,0.16242,-0.27179,-0.13643,-0.05044,-0.000161,0.001070,-0.001839,-0.001080,-0.000747
274,11,work,mask_work,environment,take_notes,failed,-1.9439,0.00954,0.16349,-0.27363,-0.13751,-0.05119,-0.000160,0.001072,-0.001837,-0.001080,-0.000750
275,11,work,mask_work,environment,network_actively,delayed,-1.0273,0.00990,0.16509,-0.27591,-0.13879,-0.05192,0.000356,0.001603,-0.002288,-0.001283,-0.000739
276,11,work,mask_work,environment,deep_work,delayed,-0.5203,0.00928,0.16526,-0.27680,-0.13897,-0.05173,-0.000623,0.000167,-0.000883,-0.000171,0.000196
277,11,work,mask_work,environment,network_actively,delayed,-0.9937,0.00958,0.16677,-0.27898,-0.14017,-0.05241,0.000301,0.001511,-0.002186,-0.001210,-0.000685
278,11,work,mask_work,environment,deep_work,goal_achieved,2.4499,0.01016,0.16885,-0.28187,-0.14183,-0.05340,0.000585,0.002081,-0.002887,-0.001658,-0.000988
279,11,work,mask_work,environment,rest_deeply,failed,-1.8091,0.01101,0.17147,-0.28360,-0.14318,-0.05453,0.000849,0.002623,-0.001734,-0.001348,-0.001132
280,11,home,mask_home,environment,network_actively,failed,-1.7414,-0.13563,-0.04014,-0.22033,-0.08141,0.05075,-0.001887,0.000111,-0.004724,-0.001546,0.000490
281,11,home,mask_home,environment,network_actively,failed,-1.7501,-0.13753,-0.04003,-0.22505,-0.08295,0.05123,-0.001894,0.000108,-0.004724,-0.001539,0.000486
282,11,home,mask_home,environment,network_actively,goal_achieved,1.1381,-0.13845,-0.04214,-0.22196,-0.08126,0.05150,-0.000921,-0.002105,0.003096,0.001697,0.000268
283,11,home,mask_home,environment,tidy_up,goal_achieved,2.6431,-0.14019,-0.04242,-0.22482,-0.08200,0.05188,-0.001745,-0.000279,-0.002863,-0.000743,0.000375
284,11,home,mask_home,environment,quick_scan,failed,-1.9639,-0.14162,-0.04228,-0.22797,-0.08238,0.05165,-0.001428,0.000141,-0.003152,-0.000386,-0.000232
285,11,home,mask_home,environment,network_actively,goal_achieved,1.1454,-0.14253,-0.04429,-0.22495,-0.08067,0.05185,-0.000906,-0.002016,0.003026,0.001711,0.000201
286,11,home,mask_home,environment,tidy_up,goal_achieved,2.6238,-0.14424,-0.04455,-0.22775,-0.08134,0.05216,-0.001715,-0.000261,-0.002801,-0.000672,0.000317
287,11,home,mask_home,environment,tidy_up,goal_achieved,2.6197,-0.14596,-0.04482,-0.23055,-0.08202,0.05248,-0.001720,-0.000262,-0.002804,-0.000670,0.000317
288,11,home,mask_home,environment,deep_work,failed,-2.2670,-0.14808,-0.04615,-0.23238,-0.08208,0.05334,-0.002125,-0.001333,-0.001828,-0.000065,0.000859
289,11,conference,mask_conference,environment,quick_scan,failed,-3.4780,0.06345,-0.04293,0.28637,0.11929,-0.02953,0.001308,0.000824,0.002283,0.002109,-0.001866
290,11,conference,mask_conference,environment,quick_scan,goal_achieved,0.6548,0.06378,-0.04341,0.28798,0.11950,-0.02924,0.000331,-0.000479,0.001609,0.000212,0.000288
291,11,conference,mask_conference,environment,quick_scan,goal_achieved,0.6485,0.06411,-0.04387,0.28955,0.11970,-0.02896,0.000331,-0.000459,0.001577,0.000199,0.000280
292,11,conference,mask_conference,environment,network_actively,goal_achieved,0.6944,0.06497,-0.04372,0.29170,0.12095,-0.02979,0.000865,0.000153,0.002143,0.001247,-0.000834
293,11,conference,mask_conference,environment,network_actively,goal_achieved,0.6919,0.06584,-0.04357,0.29383,0.12219,-0.03063,0.000864,0.000155,0.002130,0.001244,-0.000836
294,11,conference,mask_conference,environment,network_actively,goal_achieved,0.6895,0.06670,-0.04341,0.29594,0.12344,-0.03146,0.000863,0.000157,0.002117,0.001241,-0.000837
295,11,conference,mask_conference,environment,network_actively,goal_achieved,0.6871,0.06756,-0.04325,0.29805,0.12467,-0.03230,0.000861,0.000159,0.002104,0.001239,-0.000839
296,11,conference,mask_conference,environment,quick_scan,failed,-3.5067,0.06887,-0.04240,0.30028,0.12679,-0.03420,0.001313,0.000852,0.002235,0.002113,-0.001899
297,11,conference,mask_conference,environment,network_actively,goal_achieved,0.7126,0.06976,-0.04222,0.30240,0.12809,-0.03510,0.000885,0.000180,0.002122,0.001299,-0.000896
298,12,work,mask_work,environment,take_notes,failed,-1.9036,0.01087,0.17258,-0.28528,-0.14420,-0.05530,-0.000144,0.001108,-0.001674,-0.001024,-0.000768
299,12,work,mask_work,environment,tidy_up,goal_achieved,2.4741,0.01039,0.17495,-0.28795,-0.14548,-0.05625,-0.000481,0.002372,-0.002676,-0.001276,-0.000945
300,12,work,mask_work,environment,network_actively,delayed,-1.0030,0.01067,0.17661,-0.29007,-0.14669,-0.05701,0.000284,0.001655,-0.002116,-0.001208,-0.000767
301,12,work,mask_work,environment,rest_deeply,goal_achieved,2.5150,0.01016,0.17692,-0.29342,-0.14794,-0.05719,-0.000510,0.000308,-0.003354,-0.001255,-0.000181
302,12,work,mask_work,environment,network_actively,delayed,-1.0454,0.01037,0.17844,-0.29562,-0.14914,-0.05791,0.000214,0.001519,-0.002197,-0.001200,-0.000713
303,12,work,mask_work,environment,deep_work,goal_achieved,2.3995,0.01086,0.18049,-0.29847,-0.15077,-0.05891,0.000487,0.002051,-0.002846,-0.001622,-0.001001
304,12,work,mask_work,environment,take_notes,failed,-1.9948,0.01059,0.18153,-0.30025,-0.15179,-0.05966,-0.000268,0.001047,-0.001784,-0.001024,-0.000752
305,12,work,mask_work,environment,rest_deeply,failed,-1.8433,0.01135,0.18417,-0.30194,-0.15312,-0.06083,0.000754,0.002637,-0.001691,-0.001326,-0.001173
306,12,work,mask_work,environment,network_actively,failed,-1.9325,0.01159,0.18667,-0.30579,-0.15505,-0.06177,0.000239,0.002504,-0.003849,-0.001939,-0.000941
307,12,home,mask_home,environment,rest_deeply,goal_achieved,2.6587,-0.15021,-0.04728,-0.23562,-0.08264,0.05405,-0.002130,-0.001129,-0.003239,-0.000559,0.000711
308,12,home,mask_home,environment,network_actively,failed,-1.7164,-0.15233,-0.04744,-0.24022,-0.08397,0.05466,-0.002112,-0.000159,-0.004605,-0.001330,0.000604
309,12,home,mask_home,environment,network_actively,failed,-1.7249,-0.15445,-0.04760,-0.24483,-0.08529,0.05526,-0.002121,-0.000165,-0.004605,-0.001323,0.000603
310,12,home,mask_home,environment,rest_deeply,goal_achieved,2.6603,-0.15662,-0.04874,-0.24816,-0.08587,0.05598,-0.002168,-0.001137,-0.003334,-0.000581,0.000722
311,12,home,mask_home,environment,deep_work,delayed,-1.1647,-0.15858,-0.04965,-0.25065,-0.08627,0.05662,-0.001966,-0.000911,-0.002486,-0.000396,0.000638
312,12,home,mask_home,environment,deep_work,delayed,-1.1693,-0.16055,-0.05056,-0.25315,-0.08667,0.05726,-0.001969,-0.000913,-0.002496,-0.000397,0.000639
313,12,home,mask_home,environment,rest_deeply,goal_achieved,2.6581,-0.16276,-0.05178,-0.25646,-0.08721,0.05802,-0.002214,-0.001214,-0.003311,-0.000545,0.000761
314,12,home,mask_home,environment,tidy_up,goal_achieved,2.6552,-0.16478,-0.05249,-0.25918,-0.08769,0.05858,-0.002017,-0.000718,-0.002723,-0.000479,0.000559
315,12,home,mask_home,environment,network_actively,failed,-1.7759,-0.16701,-0.05279,-0.26386,-0.08897,0.05924,-0.002227,-0.000293,-0.004679,-0.001284,0.000658
316,12,conference,mask_conference,environment,network_actively,delayed,-0.3827,0.06965,-0.04211,0.30141,0.12727,-0.03458,-0.000110,0.000109,-0.000989,-0.000821,0.000516
317,12,conference,mask_conference,environment,quick_scan,delayed,-2.4408,0.07070,-0.04160,0.30343,0.12887,-0.03591,0.001048,0.000512,0.002013,0.001605,-0.001330
318,12,conference,mask_conference,environment,network_actively,goal_achieved,0.7235,0.07159,-0.04141,0.30555,0.13020,-0.03683,0.000894,0.000187,0.002127,0.001327,-0.000920
319,12,conference,mask_conference,environment,network_actively,goal_achieved,0.7214,0.07248,-0.04122,0.30767,0.13152,-0.03775,0.000892,0.000187,0.002116,0.001325,-0.000921
320,12,conference,mask_conference,environment,network_actively,delayed,-0.3704,0.07239,-0.04109,0.30669,0.13073,-0.03727,-0.000095,0.000128,-0.000980,-0.000795,0.000486
321,12,conference,mask_conference,environment,network_actively,goal_achieved,0.7206,0.07328,-0.04091,0.30880,0.13205,-0.03819,0.000890,0.000185,0.002112,0.001325,-0.000919
322,12,conference,mask_conference,environment,network_actively,goal_achieved,0.7185,0.07417,-0.04072,0.31090,0.13337,-0.03911,0.000888,0.000185,0.002101,0.001322,-0.000920
323,12,conference,mask_conference,environment,network_actively,goal_achieved,0.7165,0.07505,-0.04054,0.31299,0.13469,-0.04003,0.000887,0.000186,0.002091,0.001320,-0.000921
324,12,conference,mask_conference,environment,network_actively,goal_achieved,0.7145,0.07594,-0.04035,0.31507,0.13601,-0.04095,0.000885,0.000186,0.002080,0.001318,-0.000922
325,13,work,mask_work,environment,handle_backlog,goal_achieved,2.5488,0.01172,0.18862,-0.30825,-0.15653,-0.06244,0.000132,0.001947,-0.002459,-0.001472,-0.000662
326,13,work,mask_work,environment,take_notes,failed,-2.1051,0.01137,0.19000,-0.31011,-0.15774,-0.06310,-0.000346,0.001381,-0.001856,-0.001211,-0.000665
327,13,work,mask_work,environment,rest_deeply,delayed,-0.8804,0.01166,0.19227,-0.31230,-0.15921,-0.06390,0.000292,0.002265,-0.002190,-0.001474,-0.000802
328,13,work,mask_work,environment,network_actively,goal_achieved,1.5917,0.01183,0.19137,-0.30931,-0.15838,-0.06403,0.000166,-0.000896,0.002987,0.000830,-0.000125
329,13,work,mask_work,environment,deep_work,goal_achieved,2.2853,0.01222,0.19365,-0.31200,-0.16010,-0.06494,0.000388,0.002276,-0.002687,-0.001721,-0.000912
330,13,work,mask_work,environment,network_actively,delayed,-1.1630,0.01235,0.19548,-0.31416,-0.16147,-0.06560,0.000137,0.001835,-0.002166,-0.001371,-0.000657
331,13,work,mask_work,environment,tidy_up,failed,-2.0279,0.01342,0.19670,-0.31610,-0.16296,-0.06608,0.001067,0.001217,-0.001941,-0.001488,-0.000485
332,13,work,mask_work,environment,deep_work,goal_achieved,2.2981,0.01388,0.19892,-0.31874,-0.16468,-0.06698,0.000459,0.002218,-0.002634,-0.001723,-0.000896
333,13,work,mask_work,environment,deep_work,goal_achieved,2.2919,0.01434,0.20113,-0.32136,-0.16641,-0.06788,0.000459,0.002216,-0.002624,-0.001722,-0.000895
334,13,home,mask_home,environment,network_actively,failed,-1.7848,-0.16924,-0.05309,-0.26854,-0.09025,0.05989,-0.002235,-0.000301,-0.004679,-0.001276,0.000657
335,13,home,mask_home,environment,deep_work,goal_achieved,2.1979,-0.17055,-0.05259,-0.27250,-0.09156,0.05978,-0.001302,0.000503,-0.003958,-0.001305,-0.000110
336,13,home,mask_home,environment,network_actively,delayed,-1.1066,-0.17243,-0.05320,-0.27542,-0.09217,0.06027,-0.001879,-0.000618,-0.002929,-0.000612,0.000484
337,13,home,mask_home,environment,network_actively,failed,-1.8638,-0.17457,-0.05330,-0.28030,-0.09356,0.06080,-0.002142,-0.000094,-0.004878,-0.001394,0.000536
338,13,home,mask_home,environment,network_actively,goal_achieved,1.1508,-0.17569,-0.05551,-0.27741,-0.09182,0.06114,-0.001120,-0.002216,0.002896,0.001739,0.000340
339,13,home,mask_home,environment,network_actively,failed,-1.8705,-0.17783,-0.05561,-0.28230,-0.09322,0.06168,-0.002146,-0.000099,-0.004899,-0.001399,0.000540
340,13,home,mask_home,environment,rest_deeply,goal_achieved,2.5565,-0.18001,-0.05665,-0.28591,-0.09390,0.06234,-0.002172,-0.001034,-0.003610,-0.000679,0.000659
341,13,home,mask_home,environment,network_actively,failed,-1.8981,-0.18218,-0.05678,-0.29085,-0.09529,0.06289,-0.002175,-0.000134,-0.004936,-0.001392,0.000549
342,13,home,mask_home,environment,tidy_up,goal_achieved,2.5569,-0.18417,-0.05732,-0.29391,-0.09592,0.06335,-0.001991,-0.000543,-0.003064,-0.000622,0.000460
343,13,conference,mask_conference,environment,network_actively,goal_achieved,0.7126,0.07682,-0.04017,0.31714,0.13733,-0.04187,0.000884,0.000186,0.002070,0.001316,-0.000922
344,13,conference,mask_conference,environment,network_actively,goal_achieved,0.7106,0.07770,-0.03998,0.31920,0.13864,-0.04279,0.000883,0.000187,0.002060,0.001315,-0.000923
345,13,conference,mask_conference,environment,network_actively,goal_achieved,0.7087,0.07859,-0.03979,0.32125,0.13996,-0.04372,0.000881,0.000187,0.002050,0.001313,-0.000924
346,13,conference,mask_conference,environment,tidy_up,failed,-4.0166,0.07944,-0.03976,0.32316,0.14110,-0.04446,0.000855,0.000036,0.001907,0.001148,-0.000740
347,13,conference,mask_conference,environment,network_actively,goal_achieved,0.7153,0.08034,-0.03961,0.32524,0.14242,-0.04537,0.000901,0.000142,0.002080,0.001321,-0.000910
348,13,conference,mask_conference,environment,network_actively,goal_achieved,0.7133,0.08124,-0.03947,0.32731,0.14374,-0.04628,0.000900,0.000143,0.002070,0.001319,-0.000911
349,13,conference,mask_conference,environment,network_actively,delayed,-0.3582,0.08117,-0.03939,0.32638,0.14296,-0.04577,-0.000074,0.000078,-0.000929,-0.000786,0.000505
350,13,conference,mask_conference,environment,tidy_up,failed,-3.9964,0.08201,-0.03936,0.32824,0.14408,-0.04650,0.000841,0.000038,0.001853,0.001123,-0.000729
351,13,conference,mask_conference,environment,quick_scan,delayed,-2.4184,0.08306,-0.03892,0.33020,0.14567,-0.04780,0.001056,0.000438,0.001960,0.001589,-0.001298
352,14,work,mask_work,environment,take_notes,goal_achieved,1.8796,0.01561,0.20420,-0.32487,-0.16840,-0.06853,0.001268,0.003064,-0.003510,-0.001991,-0.000655
353,14,work,mask_work,environment,take_notes,delayed,-1.1451,0.01575,0.20597,-0.32702,-0.16980,-0.06920,0.000142,0.001774,-0.002148,-0.001404,-0.000672
354,14,work,mask_work,environment,network_actively,failed,-2.1350,0.01601,0.20871,-0.33085,-0.17193,-0.07003,0.000256,0.002739,-0.003835,-0.002128,-0.000826
355,14,work,mask_work,environment,network_actively,failed,-2.1453,0.01626,0.21144,-0.33467,-0.17405,-0.07085,0.000256,0.002731,-0.003811,-0.002122,-0.000823
356,14,work,mask_work,environment,tidy_up,failed,-2.0914,0.01740,0.21278,-0.33672,-0.17563,-0.07136,0.001141,0.001337,-0.002052,-0.001575,-0.000505
357,14,work,mask_work,environment,rest_deeply,failed,-2.0396,0.01821,0.21560,-0.33847,-0.17718,-0.07239,0.000803,0.002818,-0.001754,-0.001554,-0.001029
358,14,work,mask_work,environment,handle_backlog,delayed,-1.0133,0.01879,0.21717,-0.34055,-0.17839,-0.07331,0.000581,0.001578,-0.002083,-0.001214,-0.000920
359,14,work,mask_work,environment,network_actively,goal_achieved,1.7545,0.01929,0.21625,-0.33770,-0.17760,-0.07359,0.000500,-0.000926,0.002853,0.000796,-0.000286
360,14,work,mask_work,environment,rest_deeply,delayed,-0.8596,0.01989,0.21822,-0.33961,-0.17893,-0.07448,0.000603,0.001968,-0.001913,-0.001328,-0.000893
361,14,home,mask_home,environment,take_notes,failed,-2.4203,-0.18617,-0.05809,-0.29682,-0.09648,0.06387,-0.001997,-0.000765,-0.002906,-0.000563,0.000515
362,14,home,mask_home,environment,take_notes,failed,-2.4253,-0.18817,-0.05886,-0.29973,-0.09704,0.06438,-0.002002,-0.000769,-0.002912,-0.000562,0.000516
363,14,home,mask_home,environment,tidy_up,delayed,-0.8130,-0.18943,-0.06077,-0.30201,-0.09749,0.06528,-0.001256,-0.001909,-0.002281,-0.000452,0.000894
364,14,home,mask_home,environment,network_actively,failed,-1.9022,-0.19159,-0.06104,-0.30689,-0.09885,0.06586,-0.002165,-0.000271,-0.004882,-0.001357,0.000584
365,14,home,mask_home,environment,tidy_up,goal_achieved,2.5451,-0.19362,-0.06162,-0.30999,-0.09947,0.06633,-0.002031,-0.000579,-0.003096,-0.000617,0.000470
366,14,home,mask_home,environment,take_notes,delayed,-1.2916,-0.19534,-0.06204,-0.31328,-0.10020,0.06680,-0.001719,-0.000427,-0.003289,-0.000735,0.000472
367,14,home,mask_home,environment,deep_work,delayed,-1.2412,-0.19743,-0.06312,-0.31601,-0.10061,0.06751,-0.002083,-0.001073,-0.002732,-0.000405,0.000702
368,14,home,mask_home,environment,network_actively,failed,-1.9337,-0.19963,-0.06341,-0.32089,-0.10193,0.06811,-0.002201,-0.000297,-0.004879,-0.001325,0.000601
369,14,home,mask_home,environment,quick_scan,failed,-2.1061,-0.20141,-0.06375,-0.32427,-0.10227,0.06815,-0.001786,-0.000340,-0.003384,-0.000335,0.000040
370,14,conference,mask_conference,environment,rest_deeply,delayed,-2.5968,0.08390,-0.03879,0.33205,0.14681,-0.04858,0.000837,0.000133,0.001855,0.001142,-0.000784
371,14,conference,mask_conference,environment,network_actively,delayed,-0.3405,0.08385,-0.03871,0.33116,0.14606,-0.04810,-0.000048,0.000072,-0.000887,-0.000754,0.000486
372,14,conference,mask_conference,environment,network_actively,goal_achieved,0.7267,0.08477,-0.03859,0.33326,0.14741,-0.04903,0.000918,0.000127,0.002092,0.001350,-0.000927
373,14,conference,mask_conference,environment,take_notes,delayed,-2.6504,0.08537,-0.03898,0.33566,0.14876,-0.04967,0.000595,-0.000390,0.002406,0.001356,-0.000648
374,14,conference,mask_conference,environment,network_actively,goal_achieved,0.7389,0.08625,-0.03892,0.33783,0.15015,-0.05059,0.000882,0.000058,0.002168,0.001382,-0.000917
375,14,conference,mask_conference,environment,network_actively,delayed,-0.3213,0.08616,-0.03893,0.33705,0.14943,-0.05008,-0.000085,-0.000014,-0.000775,-0.000714,0.000506
376,14,conference,mask_conference,environment,network_actively,goal_achieved,0.7373,0.08704,-0.03887,0.33921,0.15081,-0.05100,0.000880,0.000059,0.002159,0.001381,-0.000918
377,14,conference,mask_conference,environment,quick_scan,delayed,-2.3583,0.08804,-0.03851,0.34119,0.15240,-0.05226,0.000998,0.000359,0.001980,0.001587,-0.001260
378,14,conference,mask_conference,environment,network_actively,delayed,-0.3113,0.08797,-0.03851,0.34043,0.15171,-0.05178,-0.000073,0.000001,-0.000767,-0.000692,0.000481
379,15,work,mask_work,environment,handle_backlog,goal_achieved,2.4875,0.02026,0.22014,-0.34175,-0.18038,-0.07516,0.000369,0.001921,-0.002133,-0.001455,-0.000677
380,15,work,mask_work,environment,tidy_up,goal_achieved,2.2560,0.01976,0.22256,-0.34410,-0.18164,-0.07609,-0.000503,0.002428,-0.002351,-0.001258,-0.000932
381,15,work,mask_work,environment,network_actively,failed,-2.0887,0.02013,0.22522,-0.34771,-0.18364,-0.07702,0.000373,0.002653,-0.003608,-0.002005,-0.000925
382,15,work,mask_work,environment,network_actively,failed,-2.0970,0.02050,0.22786,-0.35129,-0.18564,-0.07794,0.000373,0.002644,-0.003585,-0.001998,-0.000924
383,15,work,mask_work,environment,deep_work,goal_achieved,2.2978,0.02112,0.23005,-0.35375,-0.18728,-0.07894,0.000620,0.002187,-0.002460,-0.001638,-0.001000
384,15,work,mask_work,environment,tidy_up,delayed,-0.9701,0.02196,0.23162,-0.35575,-0.18871,-0.07964,0.000838,0.001571,-0.002000,-0.001431,-0.000701
385,15,work,mask_work,environment,take_notes,failed,-2.0924,0.02187,0.23292,-0.35730,-0.18985,-0.08044,-0.000093,0.001300,-0.001546,-0.001143,-0.000794
386,15,work,mask_work,environment,take_notes,delayed,-1.0971,0.02216,0.23463,-0.35926,-0.19117,-0.08122,0.000292,0.001706,-0.001963,-0.001319,-0.000781
387,15,work,mask_work,environment,network_actively,failed,-2.1046,0.02255,0.23721,-0.36275,-0.19315,-0.08214,0.000389,0.002583,-0.003489,-0.001977,-0.000924
388,15,home,mask_home,environment,quick_scan,delayed,-0.9471,-0.20329,-0.06432,-0.32748,-0.10272,0.06844,-0.001874,-0.000568,-0.003203,-0.000450,0.000291
389,15,home,mask_home,environment,rest_deeply,goal_achieved,2.5459,-0.20552,-0.06550,-0.33120,-0.10334,0.06912,-0.002230,-0.001175,-0.003718,-0.000621,0.000683
390,15,home,mask_home,environment,rest_deeply,goal_achieved,2.5383,-0.20775,-0.06668,-0.33492,-0.10396,0.06981,-0.002236,-0.001184,-0.003724,-0.000620,0.000686
391,15,home,mask_home,environment,tidy_up,goal_achieved,2.5099,-0.20985,-0.06730,-0.33815,-0.10453,0.07027,-0.002095,-0.000616,-0.003231,-0.000573,0.000461
392,15,home,mask_home,environment,rest_deeply,delayed,-0.2735,-0.21074,-0.06648,-0.33870,-0.10480,0.07009,-0.000894,0.000819,-0.000554,-0.000268,-0.000181
393,15,home,mask_home,environment,rest_deeply,goal_achieved,2.5192,-0.21300,-0.06767,-0.34244,-0.10541,0.07077,-0.002258,-0.001188,-0.003737,-0.000615,0.000687
394,15,home,mask_home,environment,rest_deeply,goal_achieved,2.5115,-0.21527,-0.06886,-0.34618,-0.10603,0.07146,-0.002264,-0.001197,-0.003743,-0.000613,0.000690
395,15,home,mask_home,environment,deep_work,failed,-2.3958,-0.21766,-0.07042,-0.34861,-0.10610,0.07239,-0.002398,-0.001555,-0.002428,-0.000071,0.000925
396,15,home,mask_home,environment,take_notes,delayed,-1.2981,-0.21951,-0.07098,-0.35188,-0.10671,0.07290,-0.001843,-0.000564,-0.003272,-0.000609,0.000507
397,15,conference,mask_conference,environment,network_actively,goal_achieved,0.7449,0.08886,-0.03844,0.34258,0.15311,-0.05272,0.000888,0.000071,0.002156,0.001401,-0.000941
398,15,conference,mask_conference,environment,network_actively,delayed,-0.3112,0.08878,-0.03844,0.34182,0.15242,-0.05224,-0.000074,0.000001,-0.000767,-0.000692,0.000482
399,15,conference,mask_conference,environment,rest_deeply,failed,-3.6763,0.08964,-0.03832,0.34395,0.15360,-0.05301,0.000853,0.000123,0.002138,0.001179,-0.000769
400,15,conference,mask_conference,environment,network_actively,goal_achieved,0.7470,0.09053,-0.03824,0.34613,0.15500,-0.05395,0.000893,0.000078,0.002174,0.001406,-0.000945
401,15,conference,mask_conference,environment,network_actively,goal_achieved,0.7452,0.09142,-0.03816,0.34829,0.15641,-0.05490,0.000891,0.000078,0.002165,0.001405,-0.000946
402,15,conference,mask_conference,environment,network_actively,goal_achieved,0.7434,0.09231,-0.03808,0.35045,0.15781,-0.05585,0.000889,0.000077,0.002155,0.001403,-0.000946
403,15,conference,mask_conference,environment,quick_scan,failed,-3.3499,0.09355,-0.03740,0.35259,0.15986,-0.05764,0.001239,0.000688,0.002144,0.002053,-0.001792
404,15,conference,mask_conference,environment,network_actively,goal_achieved,0.7605,0.09446,-0.03730,0.35475,0.16131,-0.05863,0.000909,0.000095,0.002163,0.001444,-0.000989
405,15,conference,mask_conference,environment,network_actively,goal_achieved,0.7588,0.09536,-0.03721,0.35691,0.16275,-0.05962,0.000907,0.000095,0.002154,0.001443,-0.000989
406,16,work,mask_work,environment,network_actively,delayed,-1.1488,0.02294,0.23895,-0.36468,-0.19446,-0.08291,0.000396,0.001740,-0.001932,-0.001308,-0.000763
407,16,work,mask_work,environment,take_notes,goal_achieved,1.8844,0.02440,0.24186,-0.36789,-0.19630,-0.08365,0.001452,0.002915,-0.003206,-0.001846,-0.000739
408,16,work,mask_work,environment,deep_work,goal_achieved,2.2746,0.02506,0.24403,-0.37032,-0.19795,-0.08464,0.000667,0.002170,-0.002428,-0.001641,-0.000996
409,16,work,mask_work,environment,take_notes,delayed,-1.1186,0.02537,0.24575,-0.37227,-0.19928,-0.08543,0.000302,0.001716,-0.001958,-0.001331,-0.000790
410,16,work,mask_work,environment,rest_deeply,goal_achieved,2.3230,0.02503,0.24605,-0.37520,-0.20053,-0.08560,-0.000340,0.000299,-0.002922,-0.001258,-0.000169
411,16,work,mask_work,environment,deep_work,goal_achieved,2.2426,0.02564,0.24810,-0.37764,-0.20216,-0.08656,0.000616,0.002056,-0.002447,-0.001623,-0.000957
412,16,work,mask_work,environment,network_actively,failed,-2.2046,0.02604,0.25060,-0.38113,-0.20412,-0.08745,0.000397,0.002496,-0.003485,-0.001966,-0.000893
413,16,work,mask_work,environment,take_notes,goal_achieved,1.8201,0.02747,0.25341,-0.38434,-0.20596,-0.08816,0.001434,0.002808,-0.003216,-0.001833,-0.000710
414,16,work,mask_work,environment,deep_work,goal_achieved,2.2088,0.02813,0.25550,-0.38681,-0.20759,-0.08912,0.000654,0.002089,-0.002471,-0.001638,-0.000957
415,16,home,mask_home,environment,network_actively,goal_achieved,1.2112,-0.22072,-0.07335,-0.34914,-0.10495,0.07333,-0.001216,-0.002363,0.002739,0.001761,0.000432
416,16,home,mask_home,environment,take_notes,failed,-2.4502,-0.22281,-0.07436,-0.35200,-0.10536,0.07391,-0.002089,-0.001010,-0.002858,-0.000413,0.000579
417,16,home,mask_home,environment,deep_work,failed,-2.4453,-0.22518,-0.07590,-0.35442,-0.10543,0.07482,-0.002366,-0.001545,-0.002415,-0.000066,0.000913
418,16,home,mask_home,environment,quick_scan,failed,-2.1662,-0.22709,-0.07646,-0.35768,-0.10564,0.07497,-0.001915,-0.000562,-0.003262,-0.000215,0.000154
419,16,home,mask_home,environment,rest_deeply,goal_achieved,2.4953,-0.22943,-0.07783,-0.36131,-0.10612,0.07573,-0.002337,-0.001365,-0.003628,-0.000482,0.000755
420,16,home,mask_home,environment,take_notes,failed,-2.4532,-0.23157,-0.07892,-0.36418,-0.10648,0.07633,-0.002144,-0.001088,-0.002874,-0.000358,0.000602
421,16,home,mask_home,environment,network_actively,failed,-1.9927,-0.23393,-0.07940,-0.36909,-0.10763,0.07696,-0.002353,-0.000486,-0.004905,-0.001153,0.000631
422,16,home,mask_home,environment,rest_deeply,goal_achieved,2.4821,-0.23629,-0.08080,-0.37275,-0.10812,0.07773,-0.002366,-0.001396,-0.003662,-0.000483,0.000768
423,16,home,mask_home,environment,tidy_up,goal_achieved,2.4711,-0.23850,-0.08160,-0.37588,-0.10855,0.07826,-0.002205,-0.000803,-0.003131,-0.000433,0.000532
424,16,conference,mask_conference,environment,rest_deeply,delayed,-2.4915,0.09615,-0.03712,0.35870,0.16392,-0.06042,0.000784,0.000090,0.001788,0.001166,-0.000800
425,16,conference,mask_conference,environment,network_actively,delayed,-0.2851,0.09610,-0.03708,0.35799,0.16327,-0.05998,-0.000043,0.000032,-0.000710,-0.000643,0.000434
426,16,conference,mask_conference,environment,quick_scan,delayed,-2.3074,0.09708,-0.03673,0.35989,0.16482,-0.06121,0.000975,0.000353,0.001900,0.001544,-0.001232
427,16,conference,mask_conference,environment,network_actively,goal_achieved,0.7633,0.09799,-0.03663,0.36203,0.16628,-0.06222,0.000912,0.000102,0.002144,0.001458,-0.001007
428,16,conference,mask_conference,environment,network_actively,goal_achieved,0.7617,0.09890,-0.03653,0.36417,0.16773,-0.06323,0.000910,0.000101,0.002135,0.001457,-0.001007
429,16,conference,mask_conference,environment,network_actively,goal_achieved,0.7601,0.09981,-0.03643,0.36629,0.16919,-0.06424,0.000908,0.000100,0.002127,0.001456,-0.001007
430,16,conference,mask_conference,environment,rest_deeply,failed,-3.6808,0.10066,-0.03629,0.36833,0.17041,-0.06507,0.000856,0.000139,0.002042,0.001224,-0.000832
431,16,conference,mask_conference,environment,network_actively,goal_achieved,0.7605,0.10157,-0.03619,0.37047,0.17187,-0.06608,0.000910,0.000102,0.002133,0.001458,-0.001009
432,16,conference,mask_conference,environment,quick_scan,delayed,-2.3277,0.10255,-0.03584,0.37237,0.17343,-0.06732,0.000979,0.000350,0.001905,0.001557,-0.001242
433,17,work,mask_work,environment,tidy_up,goal_achieved,2.1177,0.02763,0.25788,-0.38920,-0.20887,-0.09004,-0.000498,0.002380,-0.002384,-0.001271,-0.000924
434,17,work,mask_work,environment,network_actively,failed,-2.2819,0.02802,0.26042,-0.39266,-0.21082,-0.09094,0.000388,0.002541,-0.003464,-0.001955,-0.000903
435,17,work,mask_work,environment,take_notes,delayed,-1.1983,0.02823,0.26209,-0.39468,-0.21215,-0.09172,0.000215,0.001672,-0.002016,-0.001333,-0.000779
436,17,work,mask_work,environment,tidy_up,failed,-2.1457,0.02957,0.26336,-0.39666,-0.21370,-0.09233,0.001336,0.001270,-0.001986,-0.001547,-0.000608
437,17,work,mask_work,environment,tidy_up,delayed,-1.0843,0.03044,0.26490,-0.39874,-0.21517,-0.09302,0.000875,0.001542,-0.002073,-0.001474,-0.000687
438,17,work,mask_work,environment,take_notes,failed,-2.1657,0.03034,0.26614,-0.40033,-0.21635,-0.09380,-0.000103,0.001236,-0.001591,-0.001180,-0.000786
439,17,work,mask_work,environment,take_notes,failed,-2.1677,0.03024,0.26737,-0.40192,-0.21753,-0.09459,-0.000103,0.001234,-0.001587,-0.001179,-0.000786
440,17,work,mask_work,environment,rest_deeply,failed,-2.1078,0.03113,0.27006,-0.40355,-0.21902,-0.09572,0.000891,0.002686,-0.001639,-0.001482,-0.001126
441,17,work,mask_work,environment,rest_deeply,goal_achieved,2.2935,0.03083,0.27033,-0.40636,-0.22026,-0.09590,-0.000293,0.000270,-0.002801,-0.001240,-0.000184
442,17,home,mask_home,environment,rest_deeply,goal_achieved,2.4634,-0.24088,-0.08300,-0.37956,-0.10903,0.07903,-0.002382,-0.001399,-0.003680,-0.000482,0.000769
443,17,home,mask_home,environment,rest_deeply,goal_achieved,2.4550,-0.24327,-0.08441,-0.38325,-0.10951,0.07980,-0.002387,-0.001407,-0.003688,-0.000481,0.000772
444,17,home,mask_home,environment,network_actively,failed,-2.0633,-0.24568,-0.08497,-0.38823,-0.11065,0.08046,-0.002417,-0.000563,-0.004984,-0.001140,0.000657
445,17,home,mask_home,environment,network_actively,goal_achieved,1.1986,-0.24700,-0.08741,-0.38570,-0.10890,0.08093,-0.001314,-0.002436,0.002534,0.001750,0.000473
446,17,home,mask_home,environment,tidy_up,goal_achieved,2.4133,-0.24922,-0.08826,-0.38886,-0.10933,0.08148,-0.002223,-0.000852,-0.003164,-0.000423,0.000546
447,17,home,mask_home,environment,network_actively,failed,-2.0844,-0.25165,-0.08882,-0.39388,-0.11047,0.08213,-0.002427,-0.000560,-0.005018,-0.001145,0.000656
448,17,home,mask_home,environment,network_actively,failed,-2.0961,-0.25408,-0.08939,-0.39888,-0.11161,0.08279,-0.002434,-0.000575,-0.004998,-0.001136,0.000660
449,17,home,mask_home,environment,take_notes,delayed,-1.4178,-0.25605,-0.09013,-0.40222,-0.11213,0.08335,-0.001965,-0.000737,-0.003345,-0.000527,0.000557
450,17,home,mask_home,environment,quick_scan,failed,-2.2980,-0.25808,-0.09082,-0.40567,-0.11238,0.08358,-0.002036,-0.000686,-0.003444,-0.000243,0.000229
451,17,conference,mask_conference,environment,network_actively,goal_achieved,0.7652,0.10347,-0.03573,0.37450,0.17490,-0.06834,0.000915,0.000107,0.002127,0.001472,-0.001025
452,17,conference,mask_conference,environment,network_actively,goal_achieved,0.7636,0.10438,-0.03562,0.37662,0.17637,-0.06937,0.000913,0.000106,0.002119,0.001471,-0.001025
453,17,conference,mask_conference,environment,take_notes,goal_achieved,1.0363,0.10525,-0.03532,0.37807,0.17746,-0.07025,0.000871,0.000308,0.001456,0.001085,-0.000880
454,17,conference,mask_conference,environment,quick_scan,goal_achieved,0.7385,0.10547,-0.03593,0.37928,0.17751,-0.06985,0.000219,-0.000614,0.001202,0.000057,0.000398
455,17,conference,mask_conference,environment,rest_deeply,goal_achieved,1.1083,0.10603,-0.03595,0.38012,0.17849,-0.07058,0.000563,-0.000018,0.000848,0.000973,-0.000733
456,17,conference,mask_conference,environment,network_actively,goal_achieved,0.7230,0.10691,-0.03585,0.38210,0.17988,-0.07156,0.000881,0.000101,0.001974,0.001397,-0.000981
457,17,conference,mask_conference,environment,rest_deeply,delayed,-2.5220,0.10768,-0.03575,0.38375,0.18101,-0.07236,0.000770,0.000101,0.001655,0.001129,-0.000794
458,17,conference,mask_conference,environment,network_actively,goal_achieved,0.7211,0.10856,-0.03565,0.38572,0.18241,-0.07334,0.000879,0.000100,0.001965,0.001396,-0.000981
459,17,conference,mask_conference,environment,take_notes,delayed,-2.6177,0.10914,-0.03600,0.38790,0.18375,-0.07403,0.000574,-0.000353,0.002184,0.001341,-0.000691
460,18,work,mask_work,environment,handle_backlog,goal_achieved,2.3268,0.03115,0.27217,-0.40850,-0.22174,-0.09654,0.000318,0.001846,-0.002140,-0.001487,-0.000640
461,18,work,mask_work,environment,network_actively,failed,-2.2969,0.03154,0.27458,-0.41180,-0.22367,-0.09739,0.000388,0.002402,-0.003302,-0.001928,-0.000845
462,18,work,mask_work,environment,take_notes,failed,-2.2088,0.03140,0.27582,-0.41340,-0.22488,-0.09813,-0.000143,0.001241,-0.001600,-0.001206,-0.000749
463,18,work,mask_work,environment,deep_work,delayed,-0.6485,0.03060,0.27606,-0.41399,-0.22506,-0.09776,-0.000796,0.000239,-0.000591,-0.000180,0.000377
464,18,work,mask_work,environment,rest_deeply,goal_achieved,2.2996,0.03023,0.27628,-0.41670,-0.22626,-0.09787,-0.000375,0.000221,-0.002710,-0.001205,-0.000116
465,18,work,mask_work,environment,rest_deeply,delayed,-1.0071,0.03074,0.27832,-0.41854,-0.22765,-0.09870,0.000512,0.002038,-0.001844,-0.001392,-0.000823
466,18,work,mask_work,environment,deep_work,goal_achieved,2.1653,0.03130,0.28025,-0.42090,-0.22927,-0.09959,0.000562,0.001933,-0.002360,-0.001612,-0.000897
467,18,work,mask_work,environment,deep_work,goal_achieved,2.1615,0.03186,0.28218,-0.42325,-0.23087,-0.10049,0.000563,0.001928,-0.002350,-0.001608,-0.000896
468,18,work,mask_work,environment,take_notes,goal_achieved,1.7228,0.03326,0.28479,-0.42628,-0.23263,-0.10110,0.001400,0.002614,-0.003030,-0.001755,-0.000607
469,18,home,mask_home,environment,rest_deeply,goal_achieved,2.3974,-0.26048,-0.09222,-0.40940,-0.11284,0.08434,-0.002393,-0.001403,-0.003736,-0.000460,0.000755
470,18,home,mask_home,environment,network_actively,failed,-2.1391,-0.26292,-0.09281,-0.41441,-0.11395,0.08498,-0.002441,-0.000591,-0.005006,-0.001113,0.000648
471,18,home,mask_home,environment,network_actively,delayed,-1.3132,-0.26507,-0.09385,-0.41756,-0.11435,0.08558,-0.002154,-0.001037,-0.003147,-0.000394,0.000597
472,18,home,mask_home,environment,deep_work,delayed,-1.4547,-0.26729,-0.09499,-0.42065,-0.11469,0.08624,-0.002218,-0.001141,-0.003090,-0.000341,0.000656
473,18,home,mask_home,environment,rest_deeply,goal_achieved,2.3750,-0.26969,-0.09642,-0.42438,-0.11513,0.08700,-0.002405,-0.001432,-0.003736,-0.000446,0.000767
474,18,home,mask_home,environment,network_actively,delayed,-1.3369,-0.27186,-0.09749,-0.42754,-0.11552,0.08761,-0.002167,-0.001070,-0.003154,-0.000385,0.000610
475,18,home,mask_home,environment,rest_deeply,goal_achieved,2.3595,-0.27426,-0.09893,-0.43127,-0.11596,0.08838,-0.002401,-0.001440,-0.003731,-0.000439,0.000768
476,18,home,mask_home,environment,deep_work,delayed,-1.4950,-0.27649,-0.10011,-0.43439,-0.11629,0.08905,-0.002231,-0.001178,-0.003122,-0.000338,0.000669
477,18,home,mask_home,environment,tidy_up,goal_achieved,2.3310,-0.27876,-0.10102,-0.43765,-0.11669,0.08961,-0.002269,-0.000913,-0.003262,-0.000397,0.000562
478,18,conference,mask_conference,environment,network_actively,goal_achieved,0.7300,0.10999,-0.03595,0.38992,0.18517,-0.07500,0.000853,0.000047,0.002020,0.001421,-0.000970
479,18,conference,mask_conference,environment,network_actively,goal_achieved,0.7286,0.11084,-0.03591,0.39194,0.18659,-0.07597,0.000851,0.000047,0.002013,0.001420,-0.000970
480,18,conference,mask_conference,environment,network_actively,goal_achieved,0.7272,0.11169,-0.03586,0.39394,0.18801,-0.07694,0.000849,0.000046,0.002005,0.001419,-0.000970
481,18,conference,mask_conference,environment,quick_scan,goal_achieved,0.7105,0.11186,-0.03653,0.39510,0.18808,-0.07653,0.000169,-0.000674,0.001162,0.000070,0.000407
482,18,conference,mask_conference,environment,network_actively,goal_achieved,0.7047,0.11268,-0.03650,0.39707,0.18945,-0.07746,0.000823,0.000029,0.001965,0.001375,-0.000930
483,18,conference,mask_conference,environment,network_actively,goal_achieved,0.7033,0.11350,-0.03648,0.39903,0.19083,-0.07839,0.000821,0.000029,0.001957,0.001374,-0.000930
484,18,conference,mask_conference,environment,rest_deeply,delayed,-2.5624,0.11422,-0.03645,0.40069,0.19195,-0.07915,0.000716,0.000026,0.001661,0.001122,-0.000752
485,18,conference,mask_conference,environment,network_actively,goal_achieved,0.7012,0.11504,-0.03642,0.40263,0.19332,-0.08008,0.000819,0.000029,0.001946,0.001372,-0.000931
486,18,conference,mask_conference,environment,quick_scan,failed,-3.4119,0.11624,-0.03577,0.40469,0.19541,-0.08189,0.001205,0.000653,0.002053,0.002084,-0.001818
487,19,work,mask_work,environment,deep_work,goal_achieved,2.1318,0.03386,0.28674,-0.42864,-0.23424,-0.10199,0.000595,0.001946,-0.002354,-0.001613,-0.000893
488,19,work,mask_work,environment,take_notes,failed,-2.2297,0.03367,0.28788,-0.43019,-0.23541,-0.10270,-0.000191,0.001147,-0.001552,-0.001170,-0.000710
489,19,work,mask_work,environment,network_actively,failed,-2.3417,0.03401,0.29014,-0.43335,-0.23726,-0.10349,0.000346,0.002258,-0.003157,-0.001852,-0.000794
490,19,work,mask_work,environment,deep_work,delayed,-0.6828,0.03319,0.29034,-0.43395,-0.23744,-0.10308,-0.000822,0.000197,-0.000604,-0.000175,0.000414
491,19,work,mask_work,environment,network_actively,failed,-2.3234,0.03350,0.29254,-0.43704,-0.23924,-0.10384,0.000308,0.002200,-0.003086,-0.001805,-0.000756
492,19,work,mask_work,environment,take_notes,failed,-2.2068,0.03327,0.29365,-0.43855,-0.24039,-0.10451,-0.000230,0.001113,-0.001519,-0.001143,-0.000677
493,19,work,mask_work,environment,take_notes,failed,-2.2087,0.03304,0.29476,-0.44007,-0.24153,-0.10519,-0.000231,0.001112,-0.001514,-0.001141,-0.000676
494,19,work,mask_work,environment,deep_work,delayed,-0.6650,0.03218,0.29494,-0.44065,-0.24170,-0.10477,-0.000856,0.000176,-0.000581,-0.000168,0.000416
495,19,work,mask_work,environment,tidy_up,delayed,-1.0704,0.03285,0.29623,-0.44251,-0.24306,-0.10531,0.000671,0.001292,-0.001859,-0.001363,-0.000541
496,19,home,mask_home,environment,quick_scan,failed,-2.3858,-0.28086,-0.10182,-0.44113,-0.11693,0.08991,-0.002102,-0.000799,-0.003479,-0.000241,0.000293
497,19,home,mask_home,environment,rest_deeply,goal_achieved,2.3360,-0.28327,-0.10325,-0.44486,-0.11734,0.09066,-0.002402,-0.001437,-0.003731,-0.000410,0.000753
498,19,home,mask_home,environment,quick_scan,goal_achieved,2.3149,-0.28557,-0.10477,-0.44763,-0.11792,0.09175,-0.002307,-0.001516,-0.002768,-0.000577,0.001092
499,19,home,mask_home,environment,rest_deeply,goal_achieved,2.3103,-0.28797,-0.10623,-0.45134,-0.11834,0.09253,-0.002400,-0.001463,-0.003708,-0.000417,0.000778
500,19,home,mask_home,environment,network_actively,failed,-2.2772,-0.29048,-0.10699,-0.45628,-0.11940,0.09324,-0.002505,-0.000757,-0.004947,-0.001061,0.000706
501,19,home,mask_home,environment,rest_deeply,goal_achieved,2.2988,-0.29288,-0.10846,-0.46000,-0.11981,0.09402,-0.002403,-0.001472,-0.003712,-0.000412,0.000782
502,19,home,mask_home,environment,network_actively,failed,-2.3041,-0.29539,-0.10925,-0.46492,-0.12086,0.09473,-0.002513,-0.000789,-0.004927,-0.001046,0.000714
503,19,home,mask_home,environment,network_actively,failed,-2.3157,-0.29791,-0.11006,-0.46982,-0.12189,0.09545,-0.002516,-0.000803,-0.004902,-0.001034,0.000716
504,19,home,mask_home,environment,deep_work,failed,-2.7058,-0.30045,-0.11177,-0.47267,-0.12196,0.09640,-0.002545,-0.001717,-0.002843,-0.000075,0.000957
505,19,conference,mask_conference,environment,network_actively,goal_achieved,0.7159,0.11708,-0.03573,0.40664,0.19681,-0.08286,0.000836,0.000041,0.001957,0.001407,-0.000966
506,19,conference,mask_conference,environment,network_actively,goal_achieved,0.7147,0.11791,-0.03569,0.40859,0.19822,-0.08382,0.000835,0.000041,0.001950,0.001406,-0.000966
507,19,conference,mask_conference,environment,network_actively,delayed,-0.2868,0.11784,-0.03571,0.40789,0.19757,-0.08336,-0.000079,-0.000024,-0.000698,-0.000652,0.000469
508,19,conference,mask_conference,environment,network_actively,goal_achieved,0.7135,0.11867,-0.03567,0.40984,0.19897,-0.08432,0.000833,0.000041,0.001944,0.001405,-0.000966
509,19,conference,mask_conference,environment,network_actively,goal_achieved,0.7123,0.11950,-0.03563,0.41177,0.20038,-0.08529,0.000832,0.000041,0.001937,0.001404,-0.000966
510,19,conference,mask_conference,environment,network_actively,goal_achieved,0.7110,0.12033,-0.03559,0.41370,0.20178,-0.08625,0.000830,0.000040,0.001930,0.001403,-0.000966
511,19,conference,mask_conference,environment,network_actively,goal_achieved,0.7098,0.12116,-0.03555,0.41563,0.20318,-0.08722,0.000829,0.000039,0.001923,0.001403,-0.000966
512,19,conference,mask_conference,environment,network_actively,goal_achieved,0.7086,0.12199,-0.03551,0.41754,0.20458,-0.08819,0.000828,0.000038,0.001917,0.001402,-0.000966
513,19,conference,mask_conference,environment,quick_scan,goal_achieved,0.6843,0.12214,-0.03619,0.41862,0.20464,-0.08778,0.000149,-0.000682,0.001077,0.000058,0.000408
514,20,work,mask_work,environment,deep_work,goal_achieved,2.1538,0.03343,0.29811,-0.44479,-0.24465,-0.10621,0.000575,0.001882,-0.002277,-0.001594,-0.000892
515,20,work,mask_work,environment,tidy_up,delayed,-1.0820,0.03411,0.29941,-0.44664,-0.24602,-0.10675,0.000681,0.001297,-0.001856,-0.001368,-0.000548
516,20,work,mask_work,environment,network_actively,failed,-2.2944,0.03440,0.30149,-0.44958,-0.24777,-0.10747,0.000295,0.002080,-0.002938,-0.001746,-0.000719
517,20,work,mask_work,environment,take_notes,goal_achieved,1.7399,0.03580,0.30396,-0.45243,-0.24943,-0.10801,0.001399,0.002467,-0.002850,-0.001665,-0.000534
518,20,work,mask_work,environment,deep_work,delayed,-0.6733,0.03501,0.30414,-0.45302,-0.24962,-0.10757,-0.000795,0.000180,-0.000589,-0.000184,0.000433
519,20,work,mask_work,environment,network_actively,failed,-2.3032,0.03530,0.30619,-0.45590,-0.25132,-0.10826,0.000291,0.002047,-0.002882,-0.001708,-0.000683
520,20,work,mask_work,environment,deep_work,goal_achieved,2.1291,0.03593,0.30807,-0.45817,-0.25293,-0.10914,0.000626,0.001888,-0.002274,-0.001604,-0.000887
521,20,work,mask_work,environment,deep_work,delayed,-0.6744,0.03513,0.30826,-0.45877,-0.25311,-0.10871,-0.000799,0.000185,-0.000592,-0.000187,0.000436
522,20,work,mask_work,environment,handle_backlog,failed,-2.2008,0.03575,0.30925,-0.46052,-0.25401,-0.10966,0.000628,0.000996,-0.001751,-0.000892,-0.000953
523,20,home,mask_home,environment,tidy_up,goal_achieved,2.2647,-0.30277,-0.11279,-0.47594,-0.12232,0.09702,-0.002316,-0.001019,-0.003274,-0.000359,0.000614
524,20,home,mask_home,environment,rest_deeply,goal_achieved,2.2762,-0.30520,-0.11432,-0.47963,-0.12270,0.09783,-0.002430,-0.001524,-0.003690,-0.000373,0.000807
525,20,home,mask_home,environment,network_actively,failed,-2.3520,-0.30775,-0.11520,-0.48447,-0.12368,0.09857,-0.002548,-0.000880,-0.004838,-0.000986,0.000746
526,20,home,mask_home,environment,network_actively,failed,-2.3635,-0.31030,-0.11609,-0.48928,-0.12466,0.09932,-0.002549,-0.000892,-0.004813,-0.000974,0.000748
527,20,home,mask_home,environment,tidy_up,goal_achieved,2.2379,-0.31262,-0.11713,-0.49257,-0.12501,0.09994,-0.002324,-0.001039,-0.003287,-0.000349,0.000621
528,20,home,mask_home,environment,tidy_up,goal_achieved,2.2310,-0.31494,-0.11817,-0.49585,-0.12535,0.10056,-0.002321,-0.001040,-0.003280,-0.000345,0.000620
529,20,home,mask_home,environment,network_actively,delayed,-1.4985,-0.31717,-0.11939,-0.49894,-0.12563,0.10122,-0.002224,-0.001221,-0.003089,-0.000283,0.000665
530,20,home,mask_home,environment,rest_deeply,goal_achieved,2.2320,-0.31959,-0.12091,-0.50000,-0.12598,0.10203,-0.002427,-0.001525,-0.001062,-0.000348,0.000803
531,20,home,mask_home,environment,network_actively,failed,-2.4183,-0.32214,-0.12182,-0.50000,-0.12693,0.10277,-0.002549,-0.000908,0.000000,-0.000948,0.000746
532,20,conference,mask_conference,environment,network_actively,goal_achieved,0.6877,0.12294,-0.03617,0.42050,0.20600,-0.08871,0.000803,0.000023,0.001878,0.001360,-0.000928
533,20,conference,mask_conference,environment,network_actively,goal_achieved,0.6865,0.12374,-0.03615,0.42237,0.20736,-0.08963,0.000802,0.000022,0.001871,0.001359,-0.000928
534,20,conference,mask_conference,environment,network_actively,goal_achieved,0.6853,0.12454,-0.03613,0.42423,0.20872,-0.09056,0.000800,0.000021,0.001865,0.001358,-0.000928
535,20,conference,mask_conference,environment,network_actively,goal_achieved,0.6841,0.12534,-0.03611,0.42609,0.21008,-0.09149,0.000799,0.000021,0.001858,0.001357,-0.000928
536,20,conference,mask_conference,environment,network_actively,goal_achieved,0.6829,0.12614,-0.03609,0.42794,0.21143,-0.09242,0.000797,0.000020,0.001852,0.001357,-0.000928
537,20,conference,mask_conference,environment,network_actively,goal_achieved,0.6817,0.12693,-0.03607,0.42979,0.21279,-0.09335,0.000796,0.000020,0.001845,0.001356,-0.000928
538,20,conference,mask_conference,environment,rest_deeply,delayed,-2.6037,0.12763,-0.03605,0.43136,0.21391,-0.09410,0.000697,0.000015,0.001572,0.001119,-0.000759
539,20,conference,mask_conference,environment,network_actively,goal_achieved,0.6799,0.12842,-0.03603,0.43320,0.21526,-0.09503,0.000794,0.000019,0.001835,0.001354,-0.000928
540,20,conference,mask_conference,environment,network_actively,goal_achieved,0.6787,0.12922,-0.03601,0.43503,0.21662,-0.09596,0.000793,0.000018,0.001829,0.001353,-0.000928
541,21,work,mask_work,environment,take_notes,goal_achieved,1.8329,0.03718,0.31154,-0.46324,-0.25553,-0.11022,0.001423,0.002284,-0.002719,-0.001522,-0.000557
542,21,work,mask_work,environment,take_notes,failed,-2.0863,0.03697,0.31243,-0.46459,-0.25652,-0.11089,-0.000204,0.000893,-0.001356,-0.000995,-0.000675
543,21,work,mask_work,environment,network_actively,delayed,-1.2064,0.03733,0.31366,-0.46616,-0.25759,-0.11150,0.000356,0.001225,-0.001563,-0.001062,-0.000607
544,21,work,mask_work,environment,handle_backlog,goal_achieved,2.3378,0.03753,0.31522,-0.46800,-0.25891,-0.11196,0.000200,0.001559,-0.001840,-0.001321,-0.000458
545,21,work,mask_work,environment,take_notes,failed,-2.1177,0.03730,0.31613,-0.46934,-0.25992,-0.11260,-0.000230,0.000918,-0.001343,-0.001015,-0.000645
546,21,work,mask_work,environment,deep_work,delayed,-0.6357,0.03654,0.31625,-0.46989,-0.26005,-0.11221,-0.000760,0.000114,-0.000549,-0.000130,0.000393
547,21,work,mask_work,environment,deep_work,delayed,-0.6360,0.03578,0.31636,-0.47044,-0.26018,-0.11182,-0.000760,0.000113,-0.000548,-0.000130,0.000393
548,21,work,mask_work,environment,network_actively,delayed,-1.1910,0.03604,0.31753,-0.47191,-0.26120,-0.11234,0.000260,0.001171,-0.001473,-0.001021,-0.000525
549,21,work,mask_work,environment,network_actively,goal_achieved,1.9403,0.03630,0.31669,-0.46981,-0.26066,-0.11249,0.000260,-0.000837,0.002104,0.000546,-0.000145
550,21,home,mask_home,environment,network_actively,delayed,-1.5217,-0.32435,-0.12302,-0.50000,-0.12722,0.10343,-0.002203,-0.001204,0.000000,-0.000290,0.000657
551,21,home,mask_home,environment,tidy_up,goal_achieved,2.1990,-0.32663,-0.12403,-0.50000,-0.12758,0.10404,-0.002287,-0.001006,0.000000,-0.000359,0.000605
552,21,home,mask_home,environment,tidy_up,failed,-2.2056,-0.32801,-0.12722,-0.50000,-0.12789,0.10539,-0.001371,-0.003187,0.000000,-0.000312,0.001358
553,21,home,mask_home,environment,rest_deeply,goal_achieved,2.2271,-0.33033,-0.12874,-0.50000,-0.12828,0.10619,-0.002328,-0.001520,0.000000,-0.000385,0.000796
554,21,home,mask_home,environment,rest_deeply,goal_achieved,2.2208,-0.33265,-0.13024,-0.50000,-0.12867,0.10698,-0.002313,-0.001501,0.000000,-0.000393,0.000788
555,21,home,mask_home,environment,deep_work,goal_achieved,1.7732,-0.33402,-0.13015,-0.50000,-0.12969,0.10695,-0.001374,0.000087,0.000000,-0.001019,-0.000031
556,21,home,mask_home,environment,take_notes,delayed,-1.6479,-0.33592,-0.13099,-0.50000,-0.13020,0.10750,-0.001905,-0.000834,0.000000,-0.000509,0.000556
557,21,home,mask_home,environment,deep_work,goal_achieved,1.7667,-0.33728,-0.13088,-0.50000,-0.13122,0.10747,-0.001357,0.000107,0.000000,-0.001018,-0.000033
558,21,home,mask_home,environment,rest_deeply,goal_achieved,2.1582,-0.33944,-0.13214,-0.50000,-0.13171,0.10814,-0.002161,-0.001260,0.000000,-0.000498,0.000668
559,21,conference,mask_conference,environment,network_actively,goal_achieved,0.6776,0.13001,-0.03600,0.43685,0.21797,-0.09689,0.000791,0.000017,0.001823,0.001353,-0.000928
560,21,conference,mask_conference,environment,network_actively,goal_achieved,0.6765,0.13080,-0.03598,0.43867,0.21932,-0.09782,0.000790,0.000017,0.001817,0.001352,-0.000928
561,21,conference,mask_conference,environment,network_actively,goal_achieved,0.6754,0.13159,-0.03596,0.44048,0.22067,-0.09874,0.000789,0.000016,0.001811,0.001351,-0.000928
562,21,conference,mask_conference,environment,quick_scan,delayed,-2.4362,0.13252,-0.03565,0.44223,0.22226,-0.10003,0.000933,0.000315,0.001749,0.001593,-0.001283
563,21,conference,mask_conference,environment,quick_scan,goal_achieved,0.6367,0.13265,-0.03634,0.44323,0.22232,-0.09963,0.000135,-0.000687,0.001005,0.000059,0.000397
564,21,conference,mask_conference,environment,network_actively,goal_achieved,0.6630,0.13343,-0.03633,0.44501,0.22365,-0.10054,0.000774,0.000008,0.001780,0.001328,-0.000909
565,21,conference,mask_conference,environment,network_actively,goal_achieved,0.6619,0.13420,-0.03632,0.44678,0.22498,-0.10145,0.000773,0.000007,0.001774,0.001328,-0.000909
566,21,conference,mask_conference,environment,tidy_up,delayed,-2.8048,0.13484,-0.03626,0.44820,0.22606,-0.10222,0.000639,0.000065,0.001414,0.001080,-0.000770
567,21,conference,mask_conference,environment,network_actively,goal_achieved,0.6571,0.13560,-0.03624,0.44995,0.22738,-0.10313,0.000764,0.000019,0.001748,0.001322,-0.000913
568,22,work,mask_work,environment,deep_work,goal_achieved,2.1440,0.03698,0.31845,-0.47193,-0.26216,-0.11342,0.000676,0.001757,-0.002127,-0.001506,-0.000928
569,22,work,mask_work,environment,network_actively,failed,-2.2451,0.03725,0.32030,-0.47460,-0.26371,-0.11408,0.000271,0.001848,-0.002668,-0.001551,-0.000660
570,22,work,mask_work,environment,deep_work,goal_achieved,2.1407,0.03793,0.32205,-0.47672,-0.26522,-0.11500,0.000678,0.001755,-0.002122,-0.001506,-0.000929
571,22,work,mask_work,environment,take_notes,failed,-2.1106,0.03766,0.32289,-0.47795,-0.26617,-0.11561,-0.000267,0.000838,-0.001227,-0.000951,-0.000605
572,22,work,mask_work,environment,deep_work,goal_achieved,2.1449,0.03832,0.32463,-0.48005,-0.26767,-0.11654,0.000666,0.001737,-0.002097,-0.001497,-0.000930
573,22,work,mask_work,environment,tidy_up,goal_achieved,2.1310,0.03754,0.32644,-0.48178,-0.26855,-0.11727,-0.000788,0.001807,-0.001729,-0.000883,-0.000734
574,22,work,mask_work,environment,take_notes,goal_achieved,1.7627,0.03887,0.32864,-0.48429,-0.26998,-0.11776,0.001334,0.002204,-0.002514,-0.001432,-0.000490
575,22,work,mask_work,environment,network_actively,delayed,-1.2538,0.03912,0.32986,-0.48576,-0.27101,-0.11832,0.000256,0.001217,-0.001473,-0.001028,-0.000555
576,22,work,mask_work,environment,rest_deeply,failed,-2.0983,0.03987,0.33222,-0.48701,-0.27225,-0.11929,0.000745,0.002363,-0.001244,-0.001243,-0.000970
577,22,home,mask_home,environment,zone_out,delayed,-1.4057,-0.34119,-0.13287,-0.50000,-0.13197,0.10853,-0.001744,-0.000728,0.000000,-0.000260,0.000391
578,22,home,mask_home,environment,zone_out,failed,-2.5824,-0.34266,-0.13334,-0.50000,-0.13200,0.10875,-0.001473,-0.000472,0.000000,-0.000027,0.000221
579,22,home,mask_home,environment,rest_deeply,goal_achieved,2.2611,-0.34440,-0.13419,-0.50000,-0.13216,0.10915,-0.001741,-0.000855,0.000000,-0.000155,0.000404
580,22,home,mask_home,environment,rest_deeply,goal_achieved,2.2591,-0.34613,-0.13503,-0.50000,-0.13231,0.10955,-0.001726,-0.000838,0.000000,-0.000153,0.000396
581,22,home,mask_home,environment,network_actively,failed,-2.4059,-0.34805,-0.13538,-0.50000,-0.13306,0.10995,-0.001921,-0.000346,0.000000,-0.000747,0.000397
582,22,home,mask_home,environment,deep_work,goal_achieved,1.8729,-0.34899,-0.13490,-0.50000,-0.13370,0.10967,-0.000946,0.000482,0.000000,-0.000639,-0.000277
583,22,home,mask_home,environment,rest_deeply,delayed,-0.2593,-0.34953,-0.13353,-0.50000,-0.13378,0.10920,-0.000540,0.001365,0.000000,-0.000087,-0.000471
584,22,home,mask_home,environment,rest_deeply,goal_achieved,2.2423,-0.35120,-0.13427,-0.50000,-0.13397,0.10954,-0.001666,-0.000736,0.000000,-0.000186,0.000345
585,22,home,mask_home,environment,deep_work,failed,-2.7268,-0.35311,-0.13538,-0.50000,-0.13381,0.11014,-0.001911,-0.001113,0.000000,0.000159,0.000597
586,22,conference,mask_conference,environment,network_actively,goal_achieved,0.6561,0.13636,-0.03622,0.45169,0.22870,-0.10404,0.000763,0.000018,0.001743,0.001321,-0.000913
587,22,conference,mask_conference,environment,network_actively,goal_achieved,0.6551,0.13713,-0.03620,0.45343,0.23002,-0.10496,0.000761,0.000017,0.001737,0.001321,-0.000913
588,22,conference,mask_conference,environment,network_actively,goal_achieved,0.6541,0.13789,-0.03619,0.45516,0.23134,-0.10587,0.000760,0.000016,0.001732,0.001320,-0.000913
589,22,conference,mask_conference,environment,network_actively,goal_achieved,0.6531,0.13865,-0.03617,0.45688,0.23266,-0.10678,0.000759,0.000015,0.001726,0.001319,-0.000912
590,22,conference,mask_conference,environment,network_actively,goal_achieved,0.6522,0.13940,-0.03616,0.45861,0.23398,-0.10769,0.000758,0.000014,0.001721,0.001318,-0.000912
591,22,conference,mask_conference,environment,network_actively,delayed,-0.3105,0.13928,-0.03622,0.45789,0.23327,-0.10716,-0.000126,-0.000065,-0.000720,-0.000712,0.000538
592,22,conference,mask_conference,environment,network_actively,goal_achieved,0.6513,0.14003,-0.03621,0.45960,0.23459,-0.10807,0.000757,0.000015,0.001716,0.001317,-0.000913
593,22,conference,mask_conference,environment,network_actively,goal_achieved,0.6503,0.14079,-0.03619,0.46131,0.23590,-0.10898,0.000755,0.000014,0.001710,0.001317,-0.000913
594,22,conference,mask_conference,environment,quick_scan,goal_achieved,0.6148,0.14090,-0.03687,0.46222,0.23594,-0.10859,0.000110,-0.000674,0.000912,0.000041,0.000393
595,23,work,mask_work,environment,deep_work,delayed,-0.6717,0.03909,0.33237,-0.48745,-0.27234,-0.11890,-0.000784,0.000153,-0.000446,-0.000091,0.000386
596,23,work,mask_work,environment,network_actively,delayed,-1.2290,0.03934,0.33361,-0.48887,-0.27335,-0.11945,0.000254,0.001231,-0.001413,-0.001006,-0.000550
597,23,work,mask_work,environment,network_actively,delayed,-1.2304,0.03959,0.33483,-0.49027,-0.27435,-0.12000,0.000254,0.001229,-0.001408,-0.001004,-0.000549
598,23,work,mask_work,environment,network_actively,failed,-2.2889,0.03985,0.33670,-0.49281,-0.27585,-0.12067,0.000255,0.001865,-0.002533,-0.001499,-0.000669
599,23,work,mask_work,environment,rest_deeply,failed,-2.0894,0.04056,0.33902,-0.49401,-0.27707,-0.12161,0.000717,0.002324,-0.001204,-0.001215,-0.000944
600,23,work,mask_work,environment,take_notes,failed,-2.1129,0.04027,0.33995,-0.49514,-0.27799,-0.12225,-0.000291,0.000923,-0.001130,-0.000927,-0.000633
601,23,work,mask_work,environment,tidy_up,goal_achieved,2.1405,0.03950,0.34179,-0.49674,-0.27883,-0.12298,-0.000768,0.001841,-0.001597,-0.000841,-0.000738
602,23,work,mask_work,environment,handle_backlog,delayed,-1.0762,0.03994,0.34290,-0.49825,-0.27970,-0.12382,0.000438,0.001117,-0.001513,-0.000866,-0.000839
603,23,work,mask_work,environment,take_notes,goal_achieved,1.7898,0.04129,0.34510,-0.50000,-0.28104,-0.12435,0.001347,0.002195,-0.001747,-0.001340,-0.000531
604,23,home,mask_home,environment,zone_out,failed,-2.5781,-0.35448,-0.13570,-0.50000,-0.13383,0.11029,-0.001369,-0.000324,0.000000,-0.000021,0.000151
605,23,home,mask_home,environment,rest_deeply,goal_achieved,2.2605,-0.35609,-0.13639,-0.50000,-0.13395,0.11061,-0.001607,-0.000690,0.000000,-0.000118,0.000317
606,23,home,mask_home,environment,zone_out,goal_achieved,2.0794,-0.35857,-0.13776,-0.50000,-0.13500,0.11147,-0.002485,-0.001363,0.000000,-0.001052,0.000859
607,23,home,mask_home,environment,tidy_up,delayed,-1.1666,-0.35975,-0.13984,-0.50000,-0.13531,0.11235,-0.001174,-0.002083,0.000000,-0.000311,0.000878
608,23,home,mask_home,environment,network_actively,failed,-2.4574,-0.36176,-0.14031,-0.50000,-0.13625,0.11284,-0.002011,-0.000473,0.000000,-0.000942,0.000492
609,23,home,mask_home,environment,rest_deeply,delayed,-0.2946,-0.36249,-0.13922,-0.50000,-0.13652,0.11254,-0.000731,0.001091,0.000000,-0.000266,-0.000295
610,23,home,mask_home,environment,deep_work,failed,-2.7762,-0.36448,-0.14043,-0.50000,-0.13658,0.11322,-0.001990,-0.001210,0.000000,-0.000060,0.000679
611,23,home,mask_home,environment,network_actively,failed,-2.4321,-0.36647,-0.14088,-0.50000,-0.13750,0.11371,-0.001995,-0.000448,0.000000,-0.000923,0.000487
612,23,home,mask_home,environment,zone_out,delayed,-1.3764,-0.36802,-0.14142,-0.50000,-0.13777,0.11402,-0.001550,-0.000540,0.000000,-0.000265,0.000311
613,23,conference,mask_conference,environment,network_actively,goal_achieved,0.6323,0.14163,-0.03686,0.46390,0.23722,-0.10947,0.000734,0.000001,0.001675,0.001280,-0.000880
614,23,conference,mask_conference,environment,network_actively,goal_achieved,0.6314,0.14237,-0.03686,0.46557,0.23850,-0.11035,0.000733,0.000000,0.001670,0.001280,-0.000880
615,23,conference,mask_conference,environment,quick_scan,goal_achieved,0.6054,0.14247,-0.03753,0.46646,0.23854,-0.10996,0.000105,-0.000667,0.000889,0.000038,0.000390
616,23,conference,mask_conference,environment,network_actively,goal_achieved,0.6143,0.14318,-0.03754,0.46810,0.23979,-0.11081,0.000713,-0.000011,0.001636,0.001245,-0.000849
617,23,conference,mask_conference,environment,network_actively,goal_achieved,0.6134,0.14389,-0.03755,0.46973,0.24103,-0.11166,0.000711,-0.000012,0.001631,0.001245,-0.000849
618,23,conference,mask_conference,environment,network_actively,goal_achieved,0.6124,0.14460,-0.03757,0.47135,0.24228,-0.11251,0.000710,-0.000013,0.001626,0.001244,-0.000849
619,23,conference,mask_conference,environment,network_actively,goal_achieved,0.6115,0.14531,-0.03758,0.47297,0.24352,-0.11336,0.000709,-0.000013,0.001620,0.001243,-0.000849
620,23,conference,mask_conference,environment,quick_scan,goal_achieved,0.5900,0.14541,-0.03824,0.47383,0.24355,-0.11297,0.000098,-0.000661,0.000859,0.000035,0.000385
621,23,conference,mask_conference,environment,quick_scan,goal_achieved,0.5872,0.14551,-0.03889,0.47468,0.24358,-0.11259,0.000094,-0.000653,0.000845,0.000031,0.000383
622,24,work,mask_work,environment,deep_work,delayed,-0.6618,0.04052,0.34528,-0.50000,-0.28109,-0.12402,-0.000773,0.000185,0.000000,-0.000054,0.000337
623,24,work,mask_work,environment,tidy_up,failed,-2.0461,0.04175,0.34615,-0.50000,-0.28235,-0.12447,0.001238,0.000865,0.000000,-0.001251,-0.000455
624,24,work,mask_work,environment,network_actively,delayed,-1.1940,0.04204,0.34735,-0.50000,-0.28329,-0.12505,0.000289,0.001199,0.000000,-0.000947,-0.000575
625,24,work,mask_work,environment,rest_deeply,failed,-2.0650,0.04277,0.34959,-0.50000,-0.28445,-0.12600,0.000726,0.002244,0.000000,-0.001154,-0.000949
626,24,work,mask_work,environment,deep_work,goal_achieved,2.1282,0.04352,0.35142,-0.50000,-0.28589,-0.12701,0.000752,0.001830,0.000000,-0.001447,-0.001016
627,24,work,mask_work,environment,handle_backlog,goal_achieved,2.3212,0.04366,0.35297,-0.50000,-0.28709,-0.12743,0.000142,0.001547,0.000000,-0.001195,-0.000420
628,24,work,mask_work,environment,deep_work,goal_achieved,2.1033,0.04439,0.35482,-0.50000,-0.28855,-0.12842,0.000730,0.001849,0.000000,-0.001465,-0.000991
629,24,work,mask_work,environment,take_notes,goal_achieved,1.7831,0.04577,0.35702,-0.50000,-0.28991,-0.12893,0.001381,0.002202,0.000000,-0.001352,-0.000503
630,24,work,mask_work,environment,network_actively,goal_achieved,1.9595,0.04609,0.35647,-0.49810,-0.28947,-0.12916,0.000319,-0.000553,0.001896,0.000437,-0.000230
631,24,home,mask_home,environment,take_notes,failed,-2.7534,-0.36971,-0.14213,-0.50000,-0.13806,0.11440,-0.001687,-0.000710,0.000000,-0.000288,0.000374
632,24,home,mask_home,environment,network_actively,goal_achieved,1.1807,-0.37001,-0.14330,-0.49851,-0.13629,0.11428,-0.000300,-0.001169,0.001493,0.001765,-0.000111
633,24,home,mask_home,environment,rest_deeply,goal_achieved,2.1830,-0.37174,-0.14418,-0.50000,-0.13661,0.11473,-0.001731,-0.000877,-0.001493,-0.000319,0.000445
634,24,home,mask_home,environment,deep_work,failed,-2.8079,-0.37363,-0.14528,-0.50000,-0.13666,0.11535,-0.001889,-0.001103,0.000000,-0.000054,0.000617
635,24,home,mask_home,environment,network_actively,failed,-2.4374,-0.37559,-0.14570,-0.50000,-0.13756,0.11582,-0.001959,-0.000422,0.000000,-0.000901,0.000475
636,24,home,mask_home,environment,deep_work,failed,-2.8139,-0.37745,-0.14676,-0.50000,-0.13763,0.11642,-0.001860,-0.001057,0.000000,-0.000070,0.000597
637,24,home,mask_home,environment,rest_deeply,goal_achieved,2.1844,-0.37916,-0.14762,-0.50000,-0.13793,0.11686,-0.001714,-0.000865,0.000000,-0.000298,0.000445
638,24,home,mask_home,environment,network_actively,failed,-2.4451,-0.38111,-0.14804,-0.50000,-0.13882,0.11734,-0.001947,-0.000419,0.000000,-0.000892,0.000476
639,24,home,mask_home,environment,network_actively,goal_achieved,1.1642,-0.38130,-0.14908,-0.49860,-0.13704,0.11717,-0.000193,-0.001040,0.001400,0.001787,-0.000171
640,24,conference,mask_conference,environment,network_actively,goal_achieved,0.5807,0.14618,-0.03893,0.47624,0.24476,-0.11338,0.000673,-0.000033,0.001561,0.001180,-0.000794
641,24,conference,mask_conference,environment,network_actively,goal_achieved,0.5798,0.14685,-0.03896,0.47779,0.24594,-0.11418,0.000671,-0.000033,0.001555,0.001180,-0.000794
642,24,conference,mask_conference,environment,network_actively,goal_achieved,0.5789,0.14752,-0.03899,0.47934,0.24712,-0.11497,0.000670,-0.000034,0.001550,0.001179,-0.000794
643,24,conference,mask_conference,environment,quick_scan,delayed,-2.4869,0.14843,-0.03864,0.48097,0.24872,-0.11629,0.000906,0.000355,0.001628,0.001598,-0.001323
644,24,conference,mask_conference,environment,network_actively,delayed,-0.3547,0.14823,-0.03879,0.48021,0.24790,-0.11563,-0.000195,-0.000149,-0.000759,-0.000817,0.000662
645,24,conference,mask_conference,environment,network_actively,delayed,-0.3548,0.14804,-0.03894,0.47945,0.24709,-0.11497,-0.000195,-0.000149,-0.000759,-0.000817,0.000662
646,24,conference,mask_conference,environment,network_actively,delayed,-0.3549,0.14784,-0.03909,0.47869,0.24627,-0.11431,-0.000196,-0.000149,-0.000759,-0.000817,0.000662
647,24,conference,mask_conference,environment,network_actively,goal_achieved,0.5854,0.14852,-0.03911,0.48024,0.24747,-0.11512,0.000677,-0.000019,0.001552,0.001196,-0.000815
648,24,conference,mask_conference,environment,network_actively,goal_achieved,0.5845,0.14919,-0.03913,0.48179,0.24866,-0.11594,0.000676,-0.000020,0.001547,0.001195,-0.000815
649,25,work,mask_work,environment,rest_deeply,delayed,-1.0219,0.04655,0.35812,-0.49947,-0.29056,-0.12986,0.000461,0.001655,-0.001369,-0.001090,-0.000702
650,25,work,mask_work,environment,handle_backlog,goal_achieved,2.2871,0.04673,0.35967,-0.50000,-0.29175,-0.13028,0.000177,0.001551,-0.000527,-0.001187,-0.000422
651,25,work,mask_work,environment,handle_backlog,failed,-2.2197,0.04741,0.36066,-0.50000,-0.29249,-0.13127,0.000679,0.000992,0.000000,-0.000745,-0.000985
652,25,work,mask_work,environment,network_actively,failed,-2.2918,0.04777,0.36256,-0.50000,-0.29394,-0.13199,0.000355,0.001894,0.000000,-0.001450,-0.000721
653,25,work,mask_work,environment,take_notes,delayed,-1.1216,0.04793,0.36377,-0.50000,-0.29493,-0.13262,0.000163,0.001216,0.000000,-0.000987,-0.000637
654,25,work,mask_work,environment,rest_deeply,delayed,-1.0051,0.04840,0.36540,-0.50000,-0.29600,-0.13335,0.000473,0.001626,0.000000,-0.001073,-0.000721
655,25,work,mask_work,environment,take_notes,goal_achieved,1.7899,0.04981,0.36756,-0.50000,-0.29731,-0.13387,0.001409,0.002156,0.000000,-0.001310,-0.000521
656,25,work,mask_work,environment,handle_backlog,delayed,-1.1038,0.05039,0.36871,-0.50000,-0.29817,-0.13472,0.000579,0.001155,0.000000,-0.000863,-0.000850
657,25,work,mask_work,environment,tidy_up,goal_achieved,2.1276,0.04974,0.37052,-0.50000,-0.29894,-0.13550,-0.000651,0.001812,0.000000,-0.000767,-0.000788
658,25,home,mask_home,environment,network_actively,delayed,-1.5454,-0.38280,-0.14963,-0.50000,-0.13727,0.11747,-0.001495,-0.000553,-0.001400,-0.000230,0.000306
659,25,home,mask_home,environment,rest_deeply,goal_achieved,2.1651,-0.38446,-0.15045,-0.50000,-0.13755,0.11789,-0.001659,-0.000813,0.000000,-0.000286,0.000415
660,25,home,mask_home,environment,quick_scan,failed,-2.5407,-0.38594,-0.15073,-0.50000,-0.13769,0.11788,-0.001480,-0.000283,0.000000,-0.000138,-0.000011
661,25,home,mask_home,environment,network_actively,failed,-2.4533,-0.38785,-0.15110,-0.50000,-0.13858,0.11832,-0.001913,-0.000367,0.000000,-0.000891,0.000442
662,25,home,mask_home,environment,deep_work,failed,-2.8520,-0.38960,-0.15201,-0.50000,-0.13867,0.11883,-0.001748,-0.000909,0.000000,-0.000083,0.000510
663,25,home,mask_home,environment,network_actively,delayed,-1.5521,-0.39105,-0.15251,-0.50000,-0.13888,0.11910,-0.001455,-0.000501,0.000000,-0.000212,0.000271
664,25,home,mask_home,environment,network_actively,goal_achieved,1.1542,-0.39114,-0.15340,-0.49870,-0.13708,0.11885,-0.000085,-0.000888,0.001298,0.001800,-0.000254
665,25,home,mask_home,environment,network_actively,failed,-2.4557,-0.39303,-0.15374,-0.50000,-0.13797,0.11929,-0.001896,-0.000346,-0.001298,-0.000894,0.000437
666,25,home,mask_home,environment,quick_scan,failed,-2.5523,-0.39447,-0.15397,-0.50000,-0.13809,0.11925,-0.001433,-0.000231,0.000000,-0.000122,-0.000039
667,25,conference,mask_conference,environment,network_actively,goal_achieved,0.5837,0.14987,-0.03915,0.48333,0.24985,-0.11675,0.000675,-0.000020,0.001542,0.001194,-0.000815
668,25,conference,mask_conference,environment,quick_scan,failed,-3.4651,0.15103,-0.03846,0.48518,0.25194,-0.11862,0.001162,0.000688,0.001849,0.002089,-0.001869
669,25,conference,mask_conference,environment,quick_scan,goal_achieved,0.6168,0.15110,-0.03911,0.48594,0.25193,-0.11822,0.000068,-0.000654,0.000759,-0.000008,0.000405
670,25,conference,mask_conference,environment,quick_scan,failed,-3.4670,0.15226,-0.03842,0.48778,0.25402,-0.12009,0.001160,0.000689,0.001839,0.002089,-0.001871
671,25,conference,mask_conference,environment,network_actively,goal_achieved,0.5946,0.15295,-0.03843,0.48932,0.25525,-0.12094,0.000687,-0.000005,0.001535,0.001225,-0.000850
672,25,conference,mask_conference,environment,network_actively,delayed,-0.3397,0.15277,-0.03855,0.48857,0.25446,-0.12031,-0.000178,-0.000126,-0.000744,-0.000785,0.000625
673,25,conference,mask_conference,environment,network_actively,goal_achieved,0.5934,0.15345,-0.03856,0.49010,0.25569,-0.12116,0.000685,-0.000002,0.001528,0.001224,-0.000851
674,25,conference,mask_conference,environment,network_actively,goal_achieved,0.5917,0.15413,-0.03856,0.49162,0.25691,-0.12202,0.000682,-0.000001,0.001519,0.001222,-0.000852
675,25,conference,mask_conference,environment,network_actively,goal_achieved,0.5901,0.15481,-0.03856,0.49313,0.25813,-0.12287,0.000680,0.000000,0.001510,0.001221,-0.000853
676,26,work,mask_work,environment,network_actively,failed,-2.3087,0.05009,0.37242,-0.50000,-0.30036,-0.13625,0.000354,0.001900,0.000000,-0.001420,-0.000747
677,26,work,mask_work,environment,take_notes,delayed,-1.1211,0.05024,0.37365,-0.50000,-0.30133,-0.13692,0.000144,0.001223,0.000000,-0.000964,-0.000668
678,26,work,mask_work,environment,tidy_up,goal_achieved,2.1284,0.04958,0.37545,-0.50000,-0.30209,-0.13771,-0.000659,0.001807,0.000000,-0.000766,-0.000788
679,26,work,mask_work,environment,network_actively,goal_achieved,1.9644,0.04987,0.37494,-0.49816,-0.30163,-0.13800,0.000294,-0.000517,0.001839,0.000461,-0.000291
680,26,work,mask_work,environment,handle_backlog,goal_achieved,2.2301,0.04998,0.37651,-0.49961,-0.30279,-0.13842,0.000107,0.001575,-0.001444,-0.001157,-0.000423
681,26,work,mask_work,environment,deep_work,delayed,-0.7091,0.04922,0.37676,-0.49991,-0.30281,-0.13809,-0.000759,0.000248,-0.000310,-0.000021,0.000332
682,26,work,mask_work,environment,deep_work,goal_achieved,2.0405,0.04994,0.37859,-0.50000,-0.30420,-0.13911,0.000716,0.001834,-0.000085,-0.001394,-0.001019
683,26,work,mask_work,environment,handle_backlog,delayed,-1.1334,0.05042,0.37973,-0.50000,-0.30501,-0.13996,0.000483,0.001141,0.000000,-0.000808,-0.000847
684,26,work,mask_work,environment,take_notes,failed,-2.1093,0.05009,0.38062,-0.50000,-0.30582,-0.14065,-0.000325,0.000889,0.000000,-0.000815,-0.000696
685,26,home,mask_home,environment,deep_work,goal_achieved,1.8673,-0.39541,-0.15358,-0.50000,-0.13871,0.11904,-0.000939,0.000396,0.000000,-0.000619,-0.000206
686,26,home,mask_home,environment,quick_scan,goal_achieved,2.1260,-0.39686,-0.15433,-0.50000,-0.13918,0.11975,-0.001455,-0.000757,0.000000,-0.000470,0.000706
687,26,home,mask_home,environment,rest_deeply,goal_achieved,2.1350,-0.39840,-0.15499,-0.50000,-0.13947,0.12008,-0.001537,-0.000655,0.000000,-0.000286,0.000331
688,26,home,mask_home,environment,tidy_up,goal_achieved,2.0970,-0.39989,-0.15505,-0.50000,-0.13975,0.12019,-0.001492,-0.000062,0.000000,-0.000280,0.000115
689,26,home,mask_home,environment,network_actively,delayed,-1.5868,-0.40126,-0.15542,-0.50000,-0.13999,0.12041,-0.001371,-0.000372,0.000000,-0.000238,0.000215
690,26,home,mask_home,environment,take_notes,failed,-2.8454,-0.40271,-0.15587,-0.50000,-0.14024,0.12065,-0.001452,-0.000448,0.000000,-0.000250,0.000243
691,26,home,mask_home,environment,quick_scan,failed,-2.5794,-0.40408,-0.15599,-0.50000,-0.14037,0.12055,-0.001363,-0.000115,0.000000,-0.000138,-0.000100
692,26,home,mask_home,environment,rest_deeply,delayed,-0.3068,-0.40473,-0.15483,-0.50000,-0.14057,0.12023,-0.000655,0.001151,0.000000,-0.000197,-0.000325
693,26,home,mask_home,environment,rest_deeply,goal_achieved,2.1269,-0.40623,-0.15541,-0.50000,-0.14085,0.12051,-0.001499,-0.000577,0.000000,-0.000277,0.000286
694,26,conference,mask_conference,environment,network_actively,goal_achieved,0.5885,0.15549,-0.03856,0.49463,0.25935,-0.12372,0.000678,0.000001,0.001500,0.001219,-0.000853
695,26,conference,mask_conference,environment,network_actively,delayed,-0.3397,0.15531,-0.03868,0.49388,0.25856,-0.12309,-0.000181,-0.000127,-0.000745,-0.000786,0.000626
696,26,conference,mask_conference,environment,quick_scan,delayed,-2.4323,0.15618,-0.03833,0.49540,0.26011,-0.12439,0.000870,0.000357,0.001514,0.001544,-0.001294
697,26,conference,mask_conference,environment,network_actively,goal_achieved,0.5929,0.15686,-0.03832,0.49689,0.26134,-0.12526,0.000682,0.000010,0.001496,0.001232,-0.000869
698,26,conference,mask_conference,environment,network_actively,goal_achieved,0.5914,0.15754,-0.03831,0.49838,0.26257,-0.12613,0.000679,0.000010,0.001487,0.001231,-0.000870
699,26,conference,mask_conference,environment,network_actively,goal_achieved,0.5898,0.15822,-0.03830,0.49986,0.26380,-0.12700,0.000677,0.000011,0.001478,0.001230,-0.000870
700,26,conference,mask_conference,environment,quick_scan,goal_achieved,0.6150,0.15826,-0.03894,0.50000,0.26376,-0.12658,0.000036,-0.000649,0.000140,-0.000039,0.000413
701,26,conference,mask_conference,environment,network_actively,goal_achieved,0.5762,0.15892,-0.03894,0.50000,0.26496,-0.12743,0.000660,0.000003,0.000000,0.001202,-0.000846
702,26,conference,mask_conference,environment,network_actively,goal_achieved,0.5769,0.15958,-0.03894,0.50000,0.26617,-0.12828,0.000661,-0.000001,0.000000,0.001203,-0.000845
703,27,work,mask_work,environment,tidy_up,delayed,-1.0190,0.05092,0.38172,-0.50000,-0.30693,-0.14121,0.000824,0.001099,0.000000,-0.001102,-0.000559
704,27,work,mask_work,environment,deep_work,delayed,-0.6787,0.05018,0.38193,-0.50000,-0.30693,-0.14089,-0.000738,0.000212,0.000000,-0.000007,0.000318
705,27,work,mask_work,environment,network_actively,failed,-2.2923,0.05046,0.38377,-0.50000,-0.30830,-0.14161,0.000282,0.001839,0.000000,-0.001367,-0.000715
706,27,work,mask_work,environment,take_notes,failed,-2.0866,0.05014,0.38464,-0.50000,-0.30910,-0.14228,-0.000327,0.000863,0.000000,-0.000804,-0.000675
707,27,work,mask_work,environment,take_notes,delayed,-1.1187,0.05022,0.38580,-0.50000,-0.31001,-0.14292,0.000087,0.001163,0.000000,-0.000907,-0.000632
708,27,work,mask_work,environment,deep_work,goal_achieved,2.0772,0.05095,0.38758,-0.50000,-0.31139,-0.14395,0.000725,0.001780,0.000000,-0.001378,-0.001037
709,27,work,mask_work,environment,tidy_up,delayed,-1.0021,0.05175,0.38865,-0.50000,-0.31248,-0.14450,0.000798,0.001076,0.000000,-0.001090,-0.000550
710,27,work,mask_work,environment,rest_deeply,failed,-2.1241,0.05241,0.39076,-0.50000,-0.31356,-0.14543,0.000667,0.002111,0.000000,-0.001080,-0.000926
711,27,work,mask_work,environment,handle_backlog,goal_achieved,2.2752,0.05251,0.39229,-0.50000,-0.31469,-0.14583,0.000099,0.001526,0.000000,-0.001136,-0.000400
712,27,home,mask_home,environment,rest_deeply,goal_achieved,2.1242,-0.40772,-0.15597,-0.50000,-0.14112,0.12079,-0.001487,-0.000561,0.000000,-0.000277,0.000279
713,27,home,mask_home,environment,network_actively,failed,-2.4803,-0.40952,-0.15616,-0.50000,-0.14202,0.12115,-0.001798,-0.000186,0.000000,-0.000900,0.000357
714,27,home,mask_home,environment,zone_out,failed,-2.5721,-0.41041,-0.15602,-0.50000,-0.14185,0.12104,-0.000891,0.000135,0.000000,0.000171,-0.000108
715,27,home,mask_home,environment,rest_deeply,goal_achieved,2.1452,-0.41179,-0.15648,-0.50000,-0.14206,0.12126,-0.001389,-0.000457,0.000000,-0.000210,0.000217
716,27,home,mask_home,environment,rest_deeply,goal_achieved,2.1429,-0.41317,-0.15692,-0.50000,-0.14227,0.12147,-0.001378,-0.000443,0.000000,-0.000209,0.000210
717,27,home,mask_home,environment,rest_deeply,goal_achieved,2.1407,-0.41454,-0.15735,-0.50000,-0.14248,0.12167,-0.001367,-0.000429,0.000000,-0.000209,0.000203
718,27,home,mask_home,environment,quick_scan,failed,-2.5632,-0.41577,-0.15731,-0.50000,-0.14255,0.12148,-0.001229,0.000045,0.000000,-0.000067,-0.000188
719,27,home,mask_home,environment,rest_deeply,goal_achieved,2.1424,-0.41712,-0.15770,-0.50000,-0.14275,0.12166,-0.001350,-0.000397,0.000000,-0.000202,0.000180
720,27,home,mask_home,environment,rest_deeply,delayed,-0.2816,-0.41768,-0.15643,-0.50000,-0.14288,0.12126,-0.000561,0.001272,0.000000,-0.000127,-0.000398
721,27,conference,mask_conference,environment,rest_deeply,goal_achieved,1.0315,0.16008,-0.03899,0.50000,0.26708,-0.12892,0.000506,-0.000048,0.000000,0.000917,-0.000645
722,27,conference,mask_conference,environment,take_notes,delayed,-2.7951,0.16050,-0.03936,0.50000,0.26821,-0.12950,0.000418,-0.000366,0.000000,0.001125,-0.000580
723,27,conference,mask_conference,environment,quick_scan,goal_achieved,0.6190,0.16052,-0.04005,0.50000,0.26819,-0.12908,0.000021,-0.000691,0.000000,-0.000016,0.000420
724,27,conference,mask_conference,environment,quick_scan,goal_achieved,0.6176,0.16054,-0.04073,0.50000,0.26817,-0.12866,0.000019,-0.000685,0.000000,-0.000018,0.000418
725,27,conference,mask_conference,environment,network_actively,goal_achieved,0.5628,0.16116,-0.04079,0.50000,0.26935,-0.12945,0.000617,-0.000063,0.000000,0.001172,-0.000787
726,27,conference,mask_conference,environment,network_actively,goal_achieved,0.5635,0.16177,-0.04086,0.50000,0.27052,-0.13023,0.000617,-0.000067,0.000000,0.001173,-0.000785
727,27,conference,mask_conference,environment,network_actively,delayed,-0.3599,0.16155,-0.04106,0.49925,0.26969,-0.12954,-0.000227,-0.000194,-0.000747,-0.000831,0.000696
728,27,conference,mask_conference,environment,quick_scan,goal_achieved,0.6292,0.16156,-0.04174,0.49995,0.26966,-0.12912,0.000016,-0.000683,0.000696,-0.000025,0.000423
729,27,conference,mask_conference,environment,network_actively,goal_achieved,0.5529,0.16217,-0.04181,0.50000,0.27081,-0.12988,0.000604,-0.000072,0.000050,0.001150,-0.000765
730,28,work,mask_work,environment,deep_work,goal_achieved,2.0722,0.05325,0.39410,-0.50000,-0.31609,-0.14686,0.000743,0.001808,0.000000,-0.001395,-0.001028
731,28,work,mask_work,environment,tidy_up,delayed,-1.0192,0.05406,0.39523,-0.50000,-0.31720,-0.14741,0.000807,0.001126,0.000000,-0.001113,-0.000553
732,28,work,mask_work,environment,tidy_up,failed,-2.0690,0.05538,0.39614,-0.50000,-0.31845,-0.14789,0.001317,0.000916,0.000000,-0.001243,-0.000484
733,28,work,mask_work,environment,deep_work,goal_achieved,2.0885,0.05617,0.39792,-0.50000,-0.31985,-0.14892,0.000793,0.001780,0.000000,-0.001406,-0.001021
734,28,work,mask_work,environment,deep_work,goal_achieved,2.0869,0.05696,0.39970,-0.50000,-0.32126,-0.14994,0.000793,0.001777,0.000000,-0.001405,-0.001021
735,28,work,mask_work,environment,network_actively,failed,-2.3023,0.05734,0.40155,-0.50000,-0.32267,-0.15067,0.000371,0.001852,0.000000,-0.001411,-0.000730
736,28,work,mask_work,environment,take_notes,failed,-2.0973,0.05711,0.40247,-0.50000,-0.32354,-0.15136,-0.000225,0.000916,0.000000,-0.000874,-0.000696
737,28,work,mask_work,environment,network_actively,delayed,-1.2170,0.05746,0.40372,-0.50000,-0.32450,-0.15198,0.000353,0.001249,0.000000,-0.000955,-0.000617
738,28,work,mask_work,environment,handle_backlog,delayed,-1.0800,0.05803,0.40482,-0.50000,-0.32533,-0.15285,0.000569,0.001107,0.000000,-0.000834,-0.000872
739,28,home,mask_home,environment,rest_deeply,goal_achieved,2.1405,-0.41902,-0.15682,-0.50000,-0.14308,0.12144,-0.001346,-0.000390,0.000000,-0.000200,0.000177
740,28,home,mask_home,environment,network_actively,goal_achieved,1.1561,-0.41874,-0.15720,-0.49889,-0.14121,0.12092,0.000282,-0.000381,0.001111,0.001866,-0.000520
741,28,home,mask_home,environment,rest_deeply,goal_achieved,2.1283,-0.42006,-0.15758,-0.50000,-0.14140,0.12108,-0.001321,-0.000374,-0.001111,-0.000186,0.000164
742,28,home,mask_home,environment,network_actively,goal_achieved,1.1498,-0.41977,-0.15795,-0.49891,-0.13953,0.12056,0.000291,-0.000369,0.001094,0.001864,-0.000526
743,28,home,mask_home,environment,take_notes,delayed,-1.6488,-0.42085,-0.15790,-0.50000,-0.13973,0.12058,-0.001073,0.000043,-0.001094,-0.000194,0.000027
744,28,home,mask_home,environment,network_actively,failed,-2.4719,-0.42251,-0.15792,-0.50000,-0.14055,0.12085,-0.001664,-0.000021,0.000000,-0.000824,0.000260
745,28,home,mask_home,environment,network_actively,failed,-2.4744,-0.42417,-0.15794,-0.50000,-0.14137,0.12110,-0.001656,-0.000011,0.000000,-0.000822,0.000256
746,28,home,mask_home,environment,network_actively,failed,-2.4768,-0.42581,-0.15794,-0.50000,-0.14219,0.12135,-0.001648,-0.000001,0.000000,-0.000820,0.000251
747,28,home,mask_home,environment,quick_scan,goal_achieved,2.0982,-0.42698,-0.15835,-0.50000,-0.14258,0.12189,-0.001170,-0.000412,0.000000,-0.000382,0.000540
748,28,conference,mask_conference,environment,network_actively,goal_achieved,0.5536,0.16277,-0.04189,0.50000,0.27197,-0.13064,0.000604,-0.000076,0.000000,0.001151,-0.000764
749,28,conference,mask_conference,environment,network_actively,goal_achieved,0.5543,0.16338,-0.04197,0.50000,0.27312,-0.13141,0.000604,-0.000079,0.000000,0.001151,-0.000762
750,28,conference,mask_conference,environment,network_actively,goal_achieved,0.5550,0.16398,-0.04205,0.50000,0.27427,-0.13217,0.000604,-0.000082,0.000000,0.001152,-0.000761
751,28,conference,mask_conference,environment,quick_scan,goal_achieved,0.6216,0.16400,-0.04273,0.50000,0.27425,-0.13175,0.000017,-0.000685,0.000000,-0.000016,0.000419
752,28,conference,mask_conference,environment,network_actively,delayed,-0.3796,0.16375,-0.04295,0.49923,0.27338,-0.13101,-0.000250,-0.000218,-0.000774,-0.000875,0.000741
753,28,conference,mask_conference,environment,network_actively,goal_achieved,0.5459,0.16434,-0.04304,0.50000,0.27451,-0.13175,0.000593,-0.000089,0.000774,0.001131,-0.000741
754,28,conference,mask_conference,environment,quick_scan,failed,-3.4465,0.16546,-0.04238,0.50000,0.27659,-0.13361,0.001118,0.000663,0.000000,0.002082,-0.001857
755,28,conference,mask_conference,environment,network_actively,goal_achieved,0.5594,0.16607,-0.04246,0.50000,0.27775,-0.13437,0.000607,-0.000087,0.000000,0.001160,-0.000764
756,28,conference,mask_conference,environment,network_actively,goal_achieved,0.5601,0.16667,-0.04255,0.50000,0.27891,-0.13513,0.000608,-0.000090,0.000000,0.001161,-0.000762
757,29,work,mask_work,environment,network_actively,failed,-2.2857,0.05841,0.40664,-0.50000,-0.32672,-0.15360,0.000374,0.001820,0.000000,-0.001392,-0.000745
758,29,work,mask_work,environment,deep_work,goal_achieved,2.1048,0.05920,0.40840,-0.50000,-0.32812,-0.15464,0.000796,0.001753,0.000000,-0.001395,-0.001039
759,29,work,mask_work,environment,deep_work,delayed,-0.6267,0.05851,0.40861,-0.50000,-0.32815,-0.15432,-0.000690,0.000210,0.000000,-0.000029,0.000320
760,29,work,mask_work,environment,deep_work,goal_achieved,2.1033,0.05931,0.41036,-0.50000,-0.32954,-0.15535,0.000796,0.001750,0.000000,-0.001394,-0.001039
761,29,work,mask_work,environment,deep_work,goal_achieved,2.1018,0.06010,0.41210,-0.50000,-0.33093,-0.15639,0.000796,0.001747,0.000000,-0.001393,-0.001039
762,29,work,mask_work,environment,deep_work,goal_achieved,2.1003,0.06090,0.41385,-0.50000,-0.33232,-0.15743,0.000796,0.001744,0.000000,-0.001391,-0.001038
763,29,work,mask_work,environment,tidy_up,failed,-2.0738,0.06225,0.41477,-0.50000,-0.33359,-0.15796,0.001356,0.000927,0.000000,-0.001264,-0.000530
764,29,work,mask_work,environment,deep_work,goal_achieved,2.1102,0.06308,0.41650,-0.50000,-0.33499,-0.15900,0.000827,0.001727,0.000000,-0.001398,-0.001034
765,29,work,mask_work,environment,deep_work,goal_achieved,2.1087,0.06391,0.41822,-0.50000,-0.33638,-0.16003,0.000827,0.001724,0.000000,-0.001397,-0.001034
766,29,home,mask_home,environment,quick_scan,failed,-2.5821,-0.42813,-0.15820,-0.50000,-0.14262,0.12165,-0.001142,0.000152,0.000000,-0.000043,-0.000243
767,29,home,mask_home,environment,rest_deeply,goal_achieved,2.1085,-0.42938,-0.15849,-0.50000,-0.14280,0.12178,-0.001256,-0.000297,0.000000,-0.000182,0.000133
768,29,home,mask_home,environment,network_actively,delayed,-1.5854,-0.43050,-0.15854,-0.50000,-0.14295,0.12182,-0.001122,-0.000046,0.000000,-0.000151,0.000040
769,29,home,mask_home,environment,take_notes,failed,-2.8556,-0.43169,-0.15866,-0.50000,-0.14310,0.12188,-0.001187,-0.000117,0.000000,-0.000151,0.000063
770,29,home,mask_home,environment,rest_deeply,goal_achieved,2.1042,-0.43293,-0.15893,-0.50000,-0.14328,0.12200,-0.001235,-0.000269,0.000000,-0.000179,0.000119
771,29,home,mask_home,environment,quick_scan,goal_achieved,2.0812,-0.43405,-0.15929,-0.50000,-0.14366,0.12252,-0.001127,-0.000361,0.000000,-0.000380,0.000516
772,29,home,mask_home,environment,zone_out,goal_achieved,1.8470,-0.43638,-0.16038,-0.50000,-0.14506,0.12333,-0.002324,-0.001097,0.000000,-0.001401,0.000807
773,29,home,mask_home,environment,rest_deeply,goal_achieved,2.0297,-0.43774,-0.16076,-0.50000,-0.14542,0.12355,-0.001364,-0.000381,0.000000,-0.000362,0.000220
774,29,home,mask_home,environment,tidy_up,delayed,-1.3046,-0.43863,-0.16250,-0.50000,-0.14576,0.12428,-0.000887,-0.001741,0.000000,-0.000336,0.000735
775,29,conference,mask_conference,environment,network_actively,goal_achieved,0.5608,0.16728,-0.04265,0.50000,0.28007,-0.13589,0.000608,-0.000093,0.000000,0.001161,-0.000761
776,29,conference,mask_conference,environment,quick_scan,delayed,-2.4310,0.16813,-0.04234,0.50000,0.28163,-0.13717,0.000845,0.000310,0.000000,0.001558,-0.001279
777,29,conference,mask_conference,environment,network_actively,goal_achieved,0.5692,0.16874,-0.04243,0.50000,0.28281,-0.13794,0.000616,-0.000096,0.000000,0.001177,-0.000771
778,29,conference,mask_conference,environment,network_actively,delayed,-0.3635,0.16853,-0.04261,0.49923,0.28197,-0.13725,-0.000216,-0.000176,-0.000769,-0.000837,0.000689
779,29,conference,mask_conference,environment,quick_scan,goal_achieved,0.6472,0.16854,-0.04332,0.49996,0.28195,-0.13682,0.000017,-0.000707,0.000733,-0.000017,0.000432
780,29,conference,mask_conference,environment,network_actively,delayed,-0.3721,0.16831,-0.04351,0.49919,0.28110,-0.13611,-0.000230,-0.000191,-0.000777,-0.000857,0.000712
781,29,conference,mask_conference,environment,network_actively,goal_achieved,0.5597,0.16892,-0.04361,0.50000,0.28225,-0.13686,0.000605,-0.000098,0.000813,0.001157,-0.000754
782,29,conference,mask_conference,environment,network_actively,goal_achieved,0.5591,0.16952,-0.04370,0.50000,0.28341,-0.13762,0.000603,-0.000098,0.000000,0.001156,-0.000754
783,29,conference,mask_conference,environment,network_actively,goal_achieved,0.5598,0.17013,-0.04381,0.50000,0.28457,-0.13837,0.000604,-0.000101,0.000000,0.001157,-0.000752
784,30,work,mask_work,environment,take_notes,failed,-2.0954,0.06375,0.41914,-0.50000,-0.33728,-0.16076,-0.000156,0.000913,0.000000,-0.000896,-0.000734
785,30,work,mask_work,environment,take_notes,delayed,-1.1318,0.06401,0.42033,-0.50000,-0.33827,-0.16145,0.000259,0.001194,0.000000,-0.000989,-0.000684
786,30,work,mask_work,environment,deep_work,goal_achieved,2.1148,0.06483,0.42204,-0.50000,-0.33966,-0.16248,0.000814,0.001708,0.000000,-0.001392,-0.001035
787,30,work,mask_work,environment,handle_backlog,delayed,-1.0861,0.06545,0.42314,-0.50000,-0.34053,-0.16339,0.000624,0.001106,0.000000,-0.000865,-0.000904
788,30,work,mask_work,environment,rest_deeply,goal_achieved,2.3887,0.06524,0.42302,-0.50000,-0.34133,-0.16355,-0.000209,-0.000120,0.000000,-0.000806,-0.000165
789,30,work,mask_work,environment,rest_deeply,failed,-2.1364,0.06601,0.42505,-0.50000,-0.34246,-0.16451,0.000767,0.002030,0.000000,-0.001128,-0.000962
790,30,work,mask_work,environment,deep_work,goal_achieved,2.1180,0.06682,0.42672,-0.50000,-0.34384,-0.16555,0.000816,0.001664,0.000000,-0.001375,-0.001040
791,30,work,mask_work,environment,network_actively,delayed,-1.2164,0.06725,0.42791,-0.50000,-0.34479,-0.16622,0.000423,0.001188,0.000000,-0.000959,-0.000668
792,30,work,mask_work,environment,deep_work,delayed,-0.6019,0.06657,0.42805,-0.50000,-0.34481,-0.16590,-0.000676,0.000146,0.000000,-0.000013,0.000324
793,30,home,mask_home,environment,network_actively,failed,-2.5649,-0.44035,-0.16265,-0.50000,-0.14677,0.12465,-0.001726,-0.000144,0.000000,-0.001006,0.000365
794,30,home,mask_home,environment,network_actively,delayed,-1.6617,-0.44155,-0.16282,-0.50000,-0.14710,0.12479,-0.001197,-0.000172,0.000000,-0.000335,0.000141
795,30,home,mask_home,environment,rest_deeply,goal_achieved,2.0354,-0.44285,-0.16320,-0.50000,-0.14747,0.12500,-0.001304,-0.000378,0.000000,-0.000371,0.000215
796,30,home,mask_home,environment,network_actively,failed,-2.5759,-0.44456,-0.16332,-0.50000,-0.14848,0.12536,-0.001705,-0.000119,0.000000,-0.001007,0.000353
797,30,home,mask_home,environment,zone_out,delayed,-1.5041,-0.44557,-0.16330,-0.50000,-0.14866,0.12538,-0.001014,0.000021,0.000000,-0.000182,0.000023
798,30,home,mask_home,environment,network_actively,goal_achieved,1.0560,-0.44513,-0.16350,-0.49912,-0.14696,0.12481,0.000440,-0.000201,0.000884,0.001700,-0.000563
799,30,home,mask_home,environment,network_actively,delayed,-1.6644,-0.44628,-0.16361,-0.50000,-0.14728,0.12492,-0.001145,-0.000111,-0.000884,-0.000318,0.000108
800,30,home,mask_home,environment,rest_deeply,delayed,-0.3639,-0.44689,-0.16245,-0.50000,-0.14755,0.12463,-0.000614,0.001158,0.000000,-0.000276,-0.000294
801,30,home,mask_home,environment,rest_deeply,goal_achieved,2.0283,-0.44814,-0.16277,-0.50000,-0.14789,0.12481,-0.001244,-0.000322,0.000000,-0.000334,0.000180
802,30,conference,mask_conference,environment,quick_scan,delayed,-2.4109,0.17096,-0.04350,0.50000,0.28611,-0.13963,0.000838,0.000307,0.000000,0.001543,-0.001267
803,30,conference,mask_conference,environment,network_actively,goal_achieved,0.5679,0.17157,-0.04360,0.50000,0.28728,-0.14040,0.000612,-0.000104,0.000000,0.001173,-0.000762
804,30,conference,mask_conference,environment,quick_scan,goal_achieved,0.6541,0.17159,-0.04432,0.50000,0.28727,-0.13996,0.000015,-0.000712,0.000000,-0.000017,0.000436
805,30,conference,mask_conference,environment,network_actively,delayed,-0.3757,0.17136,-0.04450,0.49921,0.28640,-0.13925,-0.000229,-0.000186,-0.000789,-0.000864,0.000715
806,30,conference,mask_conference,environment,network_actively,goal_achieved,0.5597,0.17196,-0.04461,0.50000,0.28756,-0.13999,0.000601,-0.000110,0.000789,0.001154,-0.000744
807,30,conference,mask_conference,environment,network_actively,delayed,-0.3758,0.17173,-0.04480,0.49921,0.28669,-0.13927,-0.000229,-0.000186,-0.000790,-0.000864,0.000715
808,30,conference,mask_conference,environment,network_actively,delayed,-0.3759,0.17150,-0.04498,0.49842,0.28583,-0.13856,-0.000229,-0.000186,-0.000790,-0.000864,0.000715
809,30,conference,mask_conference,environment,network_actively,goal_achieved,0.5598,0.17211,-0.04509,0.49993,0.28698,-0.13931,0.000601,-0.000106,0.001509,0.001154,-0.000746
810,30,conference,mask_conference,environment,network_actively,delayed,-0.3760,0.17187,-0.04528,0.49914,0.28612,-0.13859,-0.000230,-0.000187,-0.000789,-0.000864,0.000716
811,31,work,mask_work,environment,take_notes,failed,-2.0903,0.06641,0.42892,-0.50000,-0.34568,-0.16663,-0.000159,0.000867,0.000000,-0.000876,-0.000736
812,31,work,mask_work,environment,handle_backlog,goal_achieved,2.2614,0.06658,0.43037,-0.50000,-0.34686,-0.16704,0.000163,0.001449,0.000000,-0.001177,-0.000406
813,31,work,mask_work,environment,take_notes,delayed,-1.1416,0.06682,0.43152,-0.50000,-0.34784,-0.16771,0.000242,0.001153,0.000000,-0.000976,-0.000669
814,31,work,mask_work,environment,take_notes,failed,-2.1051,0.06664,0.43240,-0.50000,-0.34872,-0.16843,-0.000173,0.000877,0.000000,-0.000886,-0.000721
815,31,work,mask_work,environment,network_actively,delayed,-1.2052,0.06701,0.43356,-0.50000,-0.34967,-0.16907,0.000369,0.001160,0.000000,-0.000946,-0.000638
816,31,work,mask_work,environment,tidy_up,delayed,-1.0264,0.06782,0.43463,-0.50000,-0.35079,-0.16966,0.000807,0.001071,0.000000,-0.001119,-0.000598
817,31,work,mask_work,environment,rest_deeply,failed,-2.1331,0.06854,0.43661,-0.50000,-0.35190,-0.17059,0.000724,0.001979,0.000000,-0.001119,-0.000928
818,31,work,mask_work,environment,take_notes,delayed,-1.1345,0.06881,0.43777,-0.50000,-0.35288,-0.17127,0.000267,0.001166,0.000000,-0.000980,-0.000676
819,31,work,mask_work,environment,tidy_up,delayed,-1.0215,0.06963,0.43887,-0.50000,-0.35401,-0.17187,0.000816,0.001092,0.000000,-0.001121,-0.000607
820,31,home,mask_home,environment,rest_deeply,goal_achieved,2.0259,-0.44937,-0.16308,-0.50000,-0.14822,0.12498,-0.001234,-0.000309,0.000000,-0.000334,0.000174
821,31,home,mask_home,environment,rest_deeply,delayed,-0.3667,-0.44998,-0.16191,-0.50000,-0.14850,0.12468,-0.000611,0.001170,0.000000,-0.000277,-0.000298
822,31,home,mask_home,environment,network_actively,failed,-2.5498,-0.45163,-0.16194,-0.50000,-0.14948,0.12500,-0.001647,-0.000030,0.000000,-0.000980,0.000312
823,31,home,mask_home,environment,tidy_up,delayed,-1.2910,-0.45242,-0.16356,-0.50000,-0.14979,0.12568,-0.000786,-0.001618,0.000000,-0.000314,0.000679
824,31,home,mask_home,environment,rest_deeply,goal_achieved,2.0339,-0.45361,-0.16388,-0.50000,-0.15013,0.12585,-0.001192,-0.000322,0.000000,-0.000339,0.000177
825,31,home,mask_home,environment,rest_deeply,goal_achieved,2.0316,-0.45479,-0.16419,-0.50000,-0.15047,0.12602,-0.001182,-0.000310,0.000000,-0.000339,0.000171
826,31,home,mask_home,environment,rest_deeply,goal_achieved,2.0293,-0.45596,-0.16449,-0.50000,-0.15081,0.12619,-0.001173,-0.000297,0.000000,-0.000339,0.000165
827,31,home,mask_home,environment,tidy_up,goal_achieved,1.9936,-0.45713,-0.16408,-0.50000,-0.15115,0.12610,-0.001169,0.000404,0.000000,-0.000335,-0.000085
828,31,home,mask_home,environment,network_actively,goal_achieved,1.0716,-0.45657,-0.16416,-0.49912,-0.14945,0.12548,0.000564,-0.000076,0.000879,0.001699,-0.000620
829,31,conference,mask_conference,environment,network_actively,goal_achieved,0.5584,0.17247,-0.04538,0.50000,0.28727,-0.13934,0.000599,-0.000102,0.000860,0.001153,-0.000748
830,31,conference,mask_conference,environment,network_actively,goal_achieved,0.5577,0.17307,-0.04548,0.50000,0.28842,-0.14009,0.000598,-0.000102,0.000000,0.001152,-0.000748
831,31,conference,mask_conference,environment,network_actively,delayed,-0.3763,0.17284,-0.04566,0.49921,0.28756,-0.13937,-0.000230,-0.000185,-0.000792,-0.000865,0.000715
832,31,conference,mask_conference,environment,quick_scan,delayed,-2.3562,0.17366,-0.04535,0.50000,0.28906,-0.14061,0.000820,0.000310,0.000792,0.001504,-0.001240
833,31,conference,mask_conference,environment,network_actively,goal_achieved,0.5648,0.17427,-0.04545,0.50000,0.29023,-0.14137,0.000605,-0.000100,0.000000,0.001167,-0.000759
834,31,conference,mask_conference,environment,quick_scan,goal_achieved,0.7074,0.17426,-0.04616,0.50000,0.29017,-0.14091,-0.000005,-0.000706,0.000000,-0.000057,0.000461
835,31,conference,mask_conference,environment,network_actively,delayed,-0.3790,0.17403,-0.04635,0.49920,0.28930,-0.14019,-0.000232,-0.000186,-0.000797,-0.000871,0.000719
836,31,conference,mask_conference,environment,network_actively,goal_achieved,0.5569,0.17463,-0.04645,0.50000,0.29045,-0.14093,0.000595,-0.000105,0.000797,0.001149,-0.000742
837,31,conference,mask_conference,environment,network_actively,goal_achieved,0.5563,0.17522,-0.04656,0.50000,0.29160,-0.14167,0.000594,-0.000105,0.000000,0.001148,-0.000742
838,32,work,mask_work,environment,tidy_up,goal_achieved,2.1167,0.06888,0.44053,-0.50000,-0.35470,-0.17267,-0.000748,0.001665,0.000000,-0.000696,-0.000799
839,32,work,mask_work,environment,network_actively,goal_achieved,2.0674,0.06922,0.44001,-0.49833,-0.35436,-0.17299,0.000342,-0.000522,0.001675,0.000343,-0.000320
840,32,work,mask_work,environment,deep_work,goal_achieved,2.1067,0.07000,0.44165,-0.50000,-0.35571,-0.17402,0.000781,0.001641,-0.001675,-0.001355,-0.001031
841,32,work,mask_work,environment,deep_work,goal_achieved,2.1048,0.07078,0.44329,-0.50000,-0.35707,-0.17506,0.000781,0.001637,0.000000,-0.001353,-0.001031
842,32,work,mask_work,environment,handle_backlog,goal_achieved,2.2459,0.07094,0.44472,-0.50000,-0.35823,-0.17547,0.000158,0.001436,0.000000,-0.001162,-0.000416
843,32,work,mask_work,environment,handle_backlog,goal_achieved,2.2446,0.07110,0.44616,-0.50000,-0.35939,-0.17589,0.000157,0.001434,0.000000,-0.001161,-0.000415
844,32,work,mask_work,environment,deep_work,goal_achieved,2.0790,0.07186,0.44781,-0.50000,-0.36076,-0.17689,0.000757,0.001650,0.000000,-0.001368,-0.001004
845,32,work,mask_work,environment,tidy_up,delayed,-1.0691,0.07267,0.44890,-0.50000,-0.36189,-0.17748,0.000812,0.001099,0.000000,-0.001136,-0.000592
846,32,work,mask_work,environment,handle_backlog,delayed,-1.0892,0.07329,0.44995,-0.50000,-0.36273,-0.17840,0.000621,0.001044,0.000000,-0.000835,-0.000916
847,32,home,mask_home,environment,rest_deeply,goal_achieved,2.0143,-0.45772,-0.16442,-0.50000,-0.14977,0.12563,-0.001153,-0.000264,-0.000879,-0.000325,0.000146
848,32,home,mask_home,environment,deep_work,failed,-3.0304,-0.45892,-0.16469,-0.50000,-0.14999,0.12583,-0.001199,-0.000267,0.000000,-0.000220,0.000198
849,32,home,mask_home,environment,network_actively,goal_achieved,1.0673,-0.45835,-0.16476,-0.49914,-0.14829,0.12520,0.000573,-0.000065,0.000865,0.001701,-0.000625
850,32,home,mask_home,environment,network_actively,delayed,-1.6566,-0.45941,-0.16480,-0.50000,-0.14861,0.12528,-0.001060,-0.000039,-0.000865,-0.000315,0.000077
851,32,home,mask_home,environment,zone_out,goal_achieved,1.7776,-0.46160,-0.16583,-0.50000,-0.15010,0.12606,-0.002189,-0.001033,0.000000,-0.001492,0.000785
852,32,home,mask_home,environment,take_notes,failed,-3.0034,-0.46278,-0.16600,-0.50000,-0.15052,0.12621,-0.001184,-0.000174,0.000000,-0.000417,0.000150
853,32,home,mask_home,environment,rest_deeply,goal_achieved,1.9503,-0.46400,-0.16633,-0.50000,-0.15095,0.12641,-0.001225,-0.000326,0.000000,-0.000437,0.000196
854,32,home,mask_home,environment,rest_deeply,goal_achieved,1.9475,-0.46522,-0.16664,-0.50000,-0.15139,0.12660,-0.001214,-0.000312,0.000000,-0.000438,0.000190
855,32,home,mask_home,environment,quick_scan,failed,-2.7275,-0.46636,-0.16653,-0.50000,-0.15168,0.12641,-0.001142,0.000111,0.000000,-0.000289,-0.000195
856,32,conference,mask_conference,environment,network_actively,goal_achieved,0.5570,0.17581,-0.04666,0.50000,0.29275,-0.14241,0.000594,-0.000108,0.000000,0.001149,-0.000741
857,32,conference,mask_conference,environment,quick_scan,goal_achieved,0.7130,0.17581,-0.04737,0.50000,0.29268,-0.14195,-0.000008,-0.000702,0.000000,-0.000061,0.000463
858,32,conference,mask_conference,environment,network_actively,delayed,-0.3872,0.17557,-0.04756,0.49919,0.29180,-0.14121,-0.000241,-0.000194,-0.000810,-0.000889,0.000737
859,32,conference,mask_conference,environment,network_actively,goal_achieved,0.5494,0.17615,-0.04767,0.50000,0.29293,-0.14194,0.000585,-0.000113,0.000810,0.001131,-0.000725
860,32,conference,mask_conference,environment,network_actively,goal_achieved,0.5487,0.17673,-0.04779,0.50000,0.29406,-0.14266,0.000583,-0.000113,0.000000,0.001131,-0.000725
861,32,conference,mask_conference,environment,network_actively,delayed,-0.3876,0.17649,-0.04798,0.49919,0.29317,-0.14193,-0.000240,-0.000192,-0.000812,-0.000890,0.000737
862,32,conference,mask_conference,environment,quick_scan,failed,-3.3548,0.17758,-0.04733,0.50000,0.29518,-0.14372,0.001087,0.000650,0.000812,0.002007,-0.001795
863,32,conference,mask_conference,environment,network_actively,goal_achieved,0.5607,0.17818,-0.04744,0.50000,0.29633,-0.14447,0.000596,-0.000109,0.000000,0.001155,-0.000744
864,32,conference,mask_conference,environment,network_actively,goal_achieved,0.5613,0.17877,-0.04755,0.50000,0.29749,-0.14521,0.000596,-0.000112,0.000000,0.001156,-0.000743
865,33,work,mask_work,environment,tidy_up,failed,-2.1048,0.07464,0.45085,-0.50000,-0.36400,-0.17894,0.001349,0.000899,0.000000,-0.001270,-0.000542
866,33,work,mask_work,environment,deep_work,goal_achieved,2.1015,0.07545,0.45246,-0.50000,-0.36537,-0.17995,0.000808,0.001617,0.000000,-0.001367,-0.001012
867,33,work,mask_work,environment,take_notes,delayed,-1.1717,0.07574,0.45362,-0.50000,-0.36636,-0.18063,0.000295,0.001154,0.000000,-0.000992,-0.000676
868,33,work,mask_work,environment,deep_work,goal_achieved,2.1008,0.07655,0.45523,-0.50000,-0.36772,-0.18164,0.000806,0.001611,0.000000,-0.001365,-0.001012
869,33,work,mask_work,environment,rest_deeply,delayed,-1.0426,0.07706,0.45666,-0.50000,-0.36877,-0.18238,0.000512,0.001427,0.000000,-0.001051,-0.000735
870,33,work,mask_work,environment,tidy_up,goal_achieved,2.0676,0.07632,0.45831,-0.50000,-0.36947,-0.18318,-0.000741,0.001649,0.000000,-0.000697,-0.000805
871,33,work,mask_work,environment,take_notes,goal_achieved,1.6899,0.07783,0.46026,-0.50000,-0.37071,-0.18370,0.001516,0.001951,0.000000,-0.001235,-0.000516
872,33,work,mask_work,environment,handle_backlog,delayed,-1.1134,0.07848,0.46132,-0.50000,-0.37155,-0.18463,0.000649,0.001062,0.000000,-0.000843,-0.000929
873,33,work,mask_work,environment,deep_work,goal_achieved,2.0821,0.07929,0.46294,-0.50000,-0.37290,-0.18565,0.000806,0.001618,0.000000,-0.001348,-0.001027
874,33,home,mask_home,environment,zone_out,goal_achieved,1.7508,-0.46853,-0.16751,-0.50000,-0.15321,0.12716,-0.002165,-0.000981,0.000000,-0.001527,0.000759
875,33,home,mask_home,environment,rest_deeply,delayed,-0.4632,-0.46931,-0.16652,-0.50000,-0.15371,0.12699,-0.000780,0.000986,0.000000,-0.000504,-0.000171
876,33,home,mask_home,environment,rest_deeply,goal_achieved,1.9053,-0.47059,-0.16687,-0.50000,-0.15426,0.12722,-0.001282,-0.000346,0.000000,-0.000544,0.000222
877,33,home,mask_home,environment,rest_deeply,delayed,-0.4657,-0.47137,-0.16588,-0.50000,-0.15476,0.12704,-0.000779,0.000993,0.000000,-0.000506,-0.000173
878,33,home,mask_home,environment,network_actively,goal_achieved,0.9976,-0.47090,-0.16595,-0.49921,-0.15331,0.12647,0.000469,-0.000070,0.000794,0.001453,-0.000573
879,33,home,mask_home,environment,rest_deeply,goal_achieved,1.8949,-0.47216,-0.16628,-0.50000,-0.15384,0.12668,-0.001262,-0.000335,-0.000794,-0.000529,0.000211
880,33,home,mask_home,environment,quick_scan,goal_achieved,1.8975,-0.47330,-0.16669,-0.50000,-0.15457,0.12730,-0.001141,-0.000408,0.000000,-0.000736,0.000618
881,33,home,mask_home,environment,network_actively,failed,-2.6598,-0.47505,-0.16681,-0.50000,-0.15581,0.12771,-0.001751,-0.000117,0.000000,-0.001237,0.000411
882,33,home,mask_home,environment,rest_deeply,goal_achieved,1.8795,-0.47628,-0.16711,-0.50000,-0.15635,0.12792,-0.001231,-0.000303,0.000000,-0.000544,0.000210
883,33,conference,mask_conference,environment,network_actively,goal_achieved,0.5626,0.17937,-0.04767,0.50000,0.29865,-0.14595,0.000595,-0.000118,0.000000,0.001158,-0.000740
884,33,conference,mask_conference,environment,network_actively,delayed,-0.3782,0.17915,-0.04784,0.49919,0.29778,-0.14524,-0.000222,-0.000171,-0.000805,-0.000866,0.000709
885,33,conference,mask_conference,environment,quick_scan,delayed,-2.3256,0.17995,-0.04754,0.50000,0.29926,-0.14646,0.000808,0.000295,0.000805,0.001485,-0.001215
886,33,conference,mask_conference,environment,network_actively,goal_achieved,0.5717,0.18055,-0.04767,0.50000,0.30044,-0.14720,0.000597,-0.000130,0.000000,0.001179,-0.000744
887,33,conference,mask_conference,environment,network_actively,goal_achieved,0.5736,0.18114,-0.04781,0.50000,0.30163,-0.14794,0.000594,-0.000139,0.000000,0.001184,-0.000739
888,33,conference,mask_conference,environment,network_actively,delayed,-0.3725,0.18093,-0.04798,0.49920,0.30078,-0.14724,-0.000214,-0.000163,-0.000797,-0.000851,0.000695
889,33,conference,mask_conference,environment,network_actively,goal_achieved,0.5755,0.18152,-0.04812,0.50000,0.30196,-0.14798,0.000593,-0.000144,0.000797,0.001187,-0.000736
890,33,conference,mask_conference,environment,network_actively,delayed,-0.3727,0.18131,-0.04828,0.49920,0.30111,-0.14729,-0.000214,-0.000163,-0.000798,-0.000851,0.000695
891,33,conference,mask_conference,environment,network_actively,goal_achieved,0.5752,0.18190,-0.04842,0.50000,0.30230,-0.14802,0.000592,-0.000142,0.000798,0.001187,-0.000737
892,34,work,mask_work,environment,network_actively,delayed,-1.2517,0.07972,0.46414,-0.50000,-0.37387,-0.18633,0.000429,0.001201,0.000000,-0.000973,-0.000674
893,34,work,mask_work,environment,tidy_up,failed,-2.1241,0.08112,0.46505,-0.50000,-0.37515,-0.18690,0.001400,0.000915,0.000000,-0.001281,-0.000570
894,34,work,mask_work,environment,take_notes,delayed,-1.1775,0.08143,0.46620,-0.50000,-0.37614,-0.18760,0.000313,0.001150,0.000000,-0.000988,-0.000700
895,34,work,mask_work,environment,tidy_up,failed,-2.1240,0.08283,0.46711,-0.50000,-0.37742,-0.18817,0.001398,0.000913,0.000000,-0.001280,-0.000571
896,34,work,mask_work,environment,take_notes,failed,-2.1281,0.08275,0.46800,-0.50000,-0.37833,-0.18893,-0.000078,0.000883,0.000000,-0.000914,-0.000756
897,34,work,mask_work,environment,rest_deeply,delayed,-1.0435,0.08330,0.46940,-0.50000,-0.37938,-0.18967,0.000549,0.001399,0.000000,-0.001047,-0.000745
898,34,work,mask_work,environment,tidy_up,failed,-2.1186,0.08469,0.47031,-0.50000,-0.38066,-0.19025,0.001392,0.000911,0.000000,-0.001279,-0.000574
899,34,work,mask_work,environment,take_notes,delayed,-1.1613,0.08505,0.47144,-0.50000,-0.38166,-0.19094,0.000362,0.001133,0.000000,-0.001000,-0.000697
900,34,work,mask_work,environment,take_notes,delayed,-1.1620,0.08542,0.47257,-0.50000,-0.38266,-0.19164,0.000362,0.001132,0.000000,-0.000999,-0.000697
901,34,home,mask_home,environment,network_actively,failed,-2.6701,-0.47802,-0.16721,-0.50000,-0.15759,0.12832,-0.001735,-0.000098,0.000000,-0.001239,0.000402
902,34,home,mask_home,environment,network_actively,failed,-2.6744,-0.47974,-0.16729,-0.50000,-0.15883,0.12872,-0.001725,-0.000086,0.000000,-0.001240,0.000396
903,34,home,mask_home,environment,network_actively,delayed,-1.7666,-0.48089,-0.16734,-0.50000,-0.15941,0.12886,-0.001145,-0.000043,0.000000,-0.000572,0.000139
904,34,home,mask_home,environment,rest_deeply,delayed,-0.4852,-0.48165,-0.16632,-0.50000,-0.15994,0.12869,-0.000763,0.001017,0.000000,-0.000533,-0.000165
905,34,home,mask_home,environment,quick_scan,delayed,-1.5941,-0.48278,-0.16626,-0.50000,-0.16043,0.12869,-0.001131,0.000057,0.000000,-0.000496,0.000001
906,34,home,mask_home,environment,rest_deeply,goal_achieved,1.8715,-0.48397,-0.16650,-0.50000,-0.16099,0.12887,-0.001190,-0.000234,0.000000,-0.000555,0.000180
907,34,home,mask_home,environment,network_actively,delayed,-1.7604,-0.48510,-0.16650,-0.50000,-0.16156,0.12899,-0.001122,-0.000002,0.000000,-0.000570,0.000120
908,34,home,mask_home,environment,deep_work,goal_achieved,1.7563,-0.48602,-0.16622,-0.50000,-0.16222,0.12895,-0.000927,0.000284,0.000000,-0.000662,-0.000040
909,34,home,mask_home,environment,network_actively,delayed,-1.7665,-0.48713,-0.16619,-0.50000,-0.16280,0.12906,-0.001104,0.000024,0.000000,-0.000575,0.000107
910,34,conference,mask_conference,environment,network_actively,delayed,-0.3729,0.18169,-0.04859,0.49920,0.30145,-0.14733,-0.000215,-0.000162,-0.000799,-0.000852,0.000695
911,34,conference,mask_conference,environment,take_notes,goal_achieved,0.9464,0.18225,-0.04845,0.49998,0.30214,-0.14788,0.000566,0.000141,0.000777,0.000692,-0.000555
912,34,conference,mask_conference,environment,network_actively,goal_achieved,0.5686,0.18285,-0.04856,0.50000,0.30331,-0.14862,0.000601,-0.000115,0.000021,0.001174,-0.000742
913,34,conference,mask_conference,environment,network_actively,goal_achieved,0.5705,0.18345,-0.04868,0.50000,0.30449,-0.14936,0.000598,-0.000124,0.000000,0.001178,-0.000737
914,34,conference,mask_conference,environment,network_actively,goal_achieved,0.5723,0.18405,-0.04882,0.50000,0.30567,-0.15009,0.000596,-0.000133,0.000000,0.001182,-0.000733
915,34,conference,mask_conference,environment,network_actively,delayed,-0.3792,0.18385,-0.04895,0.49916,0.30481,-0.14941,-0.000201,-0.000132,-0.000837,-0.000863,0.000688
916,34,conference,mask_conference,environment,network_actively,goal_achieved,0.5744,0.18444,-0.04909,0.50000,0.30600,-0.15014,0.000595,-0.000139,0.000837,0.001186,-0.000729
917,34,conference,mask_conference,environment,take_notes,delayed,-2.6533,0.18474,-0.04962,0.50000,0.30703,-0.15053,0.000300,-0.000531,0.000000,0.001030,-0.000396
918,34,conference,mask_conference,environment,quick_scan,delayed,-2.2901,0.18552,-0.04937,0.50000,0.30851,-0.15171,0.000782,0.000247,0.000000,0.001486,-0.001175
919,35,work,mask_work,environment,tidy_up,goal_achieved,2.0617,0.08469,0.47419,-0.50000,-0.38334,-0.19246,-0.000728,0.001616,0.000000,-0.000679,-0.000817
920,35,work,mask_work,environment,tidy_up,delayed,-1.0734,0.08555,0.47527,-0.50000,-0.38446,-0.19309,0.000860,0.001082,0.000000,-0.001127,-0.000635
921,35,work,mask_work,environment,tidy_up,goal_achieved,2.0597,0.08482,0.47688,-0.50000,-0.38514,-0.19391,-0.000731,0.001610,0.000000,-0.000676,-0.000816
922,35,work,mask_work,environment,deep_work,goal_achieved,2.0913,0.08563,0.47846,-0.50000,-0.38648,-0.19493,0.000817,0.001579,0.000000,-0.001343,-0.001026
923,35,work,mask_work,environment,rest_deeply,goal_achieved,2.3769,0.08551,0.47841,-0.50000,-0.38729,-0.19515,-0.000127,-0.000056,0.000000,-0.000809,-0.000217
924,35,work,mask_work,environment,tidy_up,goal_achieved,2.0446,0.08476,0.47997,-0.50000,-0.38796,-0.19596,-0.000746,0.001569,0.000000,-0.000670,-0.000805
925,35,work,mask_work,environment,deep_work,goal_achieved,2.0701,0.08553,0.48152,-0.50000,-0.38929,-0.19697,0.000772,0.001542,0.000000,-0.001327,-0.001013
926,35,work,mask_work,environment,deep_work,goal_achieved,2.0690,0.08631,0.48306,-0.50000,-0.39062,-0.19798,0.000772,0.001540,0.000000,-0.001326,-0.001013
927,35,work,mask_work,environment,deep_work,goal_achieved,2.0678,0.08708,0.48459,-0.50000,-0.39194,-0.19899,0.000772,0.001537,0.000000,-0.001325,-0.001013
928,35,home,mask_home,environment,network_actively,failed,-2.6827,-0.48880,-0.16620,-0.50000,-0.16404,0.12942,-0.001673,-0.000006,0.000000,-0.001243,0.000358
929,35,home,mask_home,environment,rest_deeply,goal_achieved,1.8592,-0.48994,-0.16637,-0.50000,-0.16461,0.12957,-0.001145,-0.000167,0.000000,-0.000567,0.000151
930,35,home,mask_home,environment,zone_out,failed,-2.6174,-0.49011,-0.16554,-0.50000,-0.16419,0.12909,-0.000165,0.000828,0.000000,0.000416,-0.000477
931,35,home,mask_home,environment,network_actively,failed,-2.6619,-0.49169,-0.16546,-0.50000,-0.16534,0.12939,-0.001580,0.000077,0.000000,-0.001153,0.000300
932,35,home,mask_home,environment,rest_deeply,goal_achieved,1.8871,-0.49274,-0.16554,-0.50000,-0.16583,0.12949,-0.001054,-0.000079,0.000000,-0.000482,0.000093
933,35,home,mask_home,environment,network_actively,delayed,-1.7550,-0.49373,-0.16540,-0.50000,-0.16631,0.12952,-0.000987,0.000138,0.000000,-0.000486,0.000036
934,35,home,mask_home,environment,zone_out,failed,-2.6199,-0.49388,-0.16455,-0.50000,-0.16589,0.12903,-0.000149,0.000853,0.000000,0.000420,-0.000488
935,35,home,mask_home,environment,tidy_up,goal_achieved,1.9006,-0.49487,-0.16387,-0.50000,-0.16630,0.12884,-0.000994,0.000678,0.000000,-0.000405,-0.000193
936,35,home,mask_home,environment,rest_deeply,goal_achieved,1.9049,-0.49585,-0.16386,-0.50000,-0.16670,0.12888,-0.000980,0.000007,0.000000,-0.000404,0.000040
937,35,conference,mask_conference,environment,quick_scan,delayed,-2.2876,0.18630,-0.04914,0.50000,0.31000,-0.15287,0.000779,0.000232,0.000000,0.001491,-0.001166
938,35,conference,mask_conference,environment,network_actively,goal_achieved,0.5995,0.18689,-0.04934,0.50000,0.31125,-0.15360,0.000583,-0.000199,0.000000,0.001244,-0.000726
939,35,conference,mask_conference,environment,network_actively,goal_achieved,0.6012,0.18747,-0.04955,0.50000,0.31249,-0.15432,0.000581,-0.000206,0.000000,0.001248,-0.000722
940,35,conference,mask_conference,environment,network_actively,goal_achieved,0.6029,0.18804,-0.04976,0.50000,0.31375,-0.15504,0.000579,-0.000214,0.000000,0.001252,-0.000718
941,35,conference,mask_conference,environment,quick_scan,goal_achieved,0.7890,0.18799,-0.05059,0.50000,0.31374,-0.15451,-0.000050,-0.000826,0.000000,-0.000010,0.000534
942,35,conference,mask_conference,environment,network_actively,delayed,-0.3682,0.18778,-0.05075,0.49922,0.31290,-0.15382,-0.000210,-0.000163,-0.000783,-0.000834,0.000688
943,35,conference,mask_conference,environment,network_actively,goal_achieved,0.5946,0.18836,-0.05096,0.50000,0.31413,-0.15452,0.000571,-0.000212,0.000783,0.001233,-0.000706
944,35,conference,mask_conference,environment,network_actively,goal_achieved,0.5942,0.18893,-0.05117,0.50000,0.31537,-0.15523,0.000569,-0.000213,0.000000,0.001233,-0.000706
945,35,conference,mask_conference,environment,network_actively,delayed,-0.3684,0.18872,-0.05134,0.49922,0.31453,-0.15454,-0.000210,-0.000162,-0.000783,-0.000834,0.000688
946,36,work,mask_work,environment,take_notes,goal_achieved,1.6494,0.08861,0.48645,-0.50000,-0.39315,-0.19952,0.001532,0.001860,0.000000,-0.001212,-0.000522
947,36,work,mask_work,environment,tidy_up,delayed,-1.1153,0.08949,0.48751,-0.50000,-0.39429,-0.20015,0.000881,0.001060,0.000000,-0.001139,-0.000635
948,36,work,mask_work,environment,network_actively,failed,-2.3896,0.08995,0.48921,-0.50000,-0.39567,-0.20093,0.000454,0.001691,0.000000,-0.001380,-0.000780
949,36,work,mask_work,environment,network_actively,goal_achieved,2.0231,0.09035,0.48874,-0.49855,-0.39544,-0.20129,0.000402,-0.000462,0.001450,0.000231,-0.000361
950,36,work,mask_work,environment,take_notes,failed,-2.1799,0.09023,0.48960,-0.49947,-0.39634,-0.20206,-0.000117,0.000857,-0.000916,-0.000901,-0.000766
951,36,work,mask_work,environment,deep_work,delayed,-0.6240,0.08951,0.48969,-0.49958,-0.39632,-0.20169,-0.000719,0.000093,-0.000113,0.000025,0.000368
952,36,work,mask_work,environment,take_notes,goal_achieved,1.6561,0.09104,0.49151,-0.50000,-0.39750,-0.20219,0.001525,0.001814,-0.000421,-0.001184,-0.000501
953,36,work,mask_work,environment,tidy_up,failed,-2.1602,0.09245,0.49237,-0.50000,-0.39877,-0.20275,0.001407,0.000860,0.000000,-0.001268,-0.000558
954,36,work,mask_work,environment,tidy_up,goal_achieved,2.0141,0.09172,0.49391,-0.50000,-0.39942,-0.20354,-0.000730,0.001539,0.000000,-0.000650,-0.000793
955,36,home,mask_home,environment,network_actively,failed,-2.6563,-0.49735,-0.16368,-0.50000,-0.16777,0.12912,-0.001496,0.000177,0.000000,-0.001073,0.000239
956,36,home,mask_home,environment,zone_out,goal_achieved,1.6756,-0.49942,-0.16445,-0.50000,-0.16945,0.12983,-0.002069,-0.000764,0.000000,-0.001674,0.000707
957,36,home,mask_home,environment,rest_deeply,goal_achieved,1.8647,-0.50000,-0.16447,-0.50000,-0.16995,0.12990,-0.000582,-0.000018,0.000000,-0.000506,0.000074
958,36,home,mask_home,environment,rest_deeply,goal_achieved,1.8634,-0.50000,-0.16448,-0.50000,-0.17046,0.12997,0.000000,-0.000012,0.000000,-0.000506,0.000071
959,36,home,mask_home,environment,network_actively,failed,-2.7049,-0.50000,-0.16435,-0.50000,-0.17163,0.13025,0.000000,0.000130,0.000000,-0.001170,0.000280
960,36,home,mask_home,environment,network_actively,failed,-2.7058,-0.50000,-0.16422,-0.50000,-0.17280,0.13053,0.000000,0.000130,0.000000,-0.001168,0.000280
961,36,home,mask_home,environment,tidy_up,delayed,-1.4352,-0.50000,-0.16571,-0.50000,-0.17331,0.13120,0.000000,-0.001493,0.000000,-0.000515,0.000665
962,36,home,mask_home,environment,network_actively,failed,-2.6966,-0.50000,-0.16563,-0.50000,-0.17448,0.13149,0.000000,0.000084,0.000000,-0.001170,0.000296
963,36,home,mask_home,environment,zone_out,failed,-2.6126,-0.50000,-0.16475,-0.50000,-0.17405,0.13099,0.000000,0.000881,0.000000,0.000432,-0.000504
964,36,conference,mask_conference,environment,quick_scan,goal_achieved,0.8034,0.18866,-0.05215,0.50000,0.31451,-0.15401,-0.000055,-0.000812,0.000783,-0.000028,0.000537
965,36,conference,mask_conference,environment,network_actively,goal_achieved,0.5841,0.18922,-0.05235,0.50000,0.31572,-0.15470,0.000563,-0.000204,0.000000,0.001211,-0.000698
966,36,conference,mask_conference,environment,network_actively,goal_achieved,0.5858,0.18978,-0.05256,0.50000,0.31693,-0.15540,0.000561,-0.000211,0.000000,0.001215,-0.000694
967,36,conference,mask_conference,environment,network_actively,delayed,-0.3758,0.18956,-0.05273,0.49921,0.31608,-0.15469,-0.000220,-0.000172,-0.000793,-0.000851,0.000705
968,36,conference,mask_conference,environment,network_actively,goal_achieved,0.5873,0.19012,-0.05295,0.50000,0.31730,-0.15539,0.000560,-0.000214,0.000793,0.001217,-0.000692
969,36,conference,mask_conference,environment,network_actively,delayed,-0.3760,0.18990,-0.05312,0.49921,0.31645,-0.15468,-0.000220,-0.000171,-0.000794,-0.000851,0.000705
970,36,conference,mask_conference,environment,network_actively,goal_achieved,0.5868,0.19046,-0.05333,0.50000,0.31766,-0.15537,0.000559,-0.000211,0.000794,0.001217,-0.000694
971,36,conference,mask_conference,environment,take_notes,goal_achieved,0.9739,0.19100,-0.05323,0.50000,0.31835,-0.15588,0.000538,0.000100,0.000000,0.000690,-0.000509
972,36,conference,mask_conference,environment,quick_scan,goal_achieved,0.8080,0.19095,-0.05401,0.50000,0.31830,-0.15535,-0.000053,-0.000780,0.000000,-0.000050,0.000536
973,37,work,mask_work,environment,deep_work,goal_achieved,2.0408,0.09252,0.49542,-0.50000,-0.40073,-0.20455,0.000802,0.001518,0.000000,-0.001314,-0.001004
974,37,work,mask_work,environment,rest_deeply,failed,-2.2563,0.09325,0.49727,-0.50000,-0.40183,-0.20546,0.000734,0.001842,0.000000,-0.001096,-0.000915
975,37,work,mask_work,environment,deep_work,goal_achieved,2.0429,0.09406,0.49880,-0.50000,-0.40314,-0.20647,0.000810,0.001533,0.000000,-0.001316,-0.001011
976,37,work,mask_work,environment,tidy_up,failed,-2.1663,0.09549,0.49968,-0.50000,-0.40442,-0.20705,0.001428,0.000886,0.000000,-0.001279,-0.000574
977,37,work,mask_work,environment,deep_work,goal_achieved,2.0487,0.09632,0.50000,-0.50000,-0.40574,-0.20805,0.000830,0.000315,0.000000,-0.001320,-0.001009
978,37,work,mask_work,environment,take_notes,failed,-2.1738,0.09623,0.50000,-0.50000,-0.40665,-0.20883,-0.000094,0.000000,0.000000,-0.000905,-0.000771
979,37,work,mask_work,environment,deep_work,goal_achieved,2.0535,0.09705,0.50000,-0.50000,-0.40797,-0.20984,0.000822,0.000000,0.000000,-0.001318,-0.001010
980,37,work,mask_work,environment,handle_backlog,goal_achieved,2.1570,0.09727,0.50000,-0.50000,-0.40914,-0.21025,0.000222,0.000000,0.000000,-0.001173,-0.000413
981,37,work,mask_work,environment,rest_deeply,failed,-2.2695,0.09802,0.50000,-0.50000,-0.41026,-0.21116,0.000745,0.000000,0.000000,-0.001117,-0.000911
982,37,home,mask_home,environment,rest_deeply,goal_achieved,1.9032,-0.50000,-0.16475,-0.50000,-0.17450,0.13104,0.000000,-0.000006,0.000000,-0.000450,0.000053
983,37,home,mask_home,environment,zone_out,goal_achieved,1.6679,-0.50000,-0.16555,-0.50000,-0.17622,0.13177,0.000000,-0.000798,0.000000,-0.001715,0.000727
984,37,home,mask_home,environment,rest_deeply,delayed,-0.4658,-0.50000,-0.16446,-0.50000,-0.17676,0.13158,0.000000,0.001093,0.000000,-0.000544,-0.000193
985,37,home,mask_home,environment,tidy_up,delayed,-1.4316,-0.50000,-0.16594,-0.50000,-0.17729,0.13224,0.000000,-0.001485,0.000000,-0.000535,0.000668
986,37,home,mask_home,environment,quick_scan,goal_achieved,1.9000,-0.50000,-0.16612,-0.50000,-0.17803,0.13276,0.000000,-0.000178,0.000000,-0.000741,0.000519
987,37,home,mask_home,environment,network_actively,failed,-2.6917,-0.50000,-0.16609,-0.50000,-0.17923,0.13310,0.000000,0.000026,0.000000,-0.001190,0.000334
988,37,home,mask_home,environment,tidy_up,goal_achieved,1.8538,-0.50000,-0.16543,-0.50000,-0.17977,0.13295,0.000000,0.000663,0.000000,-0.000545,-0.000144
989,37,home,mask_home,environment,network_actively,failed,-2.6962,-0.50000,-0.16539,-0.50000,-0.18096,0.13328,0.000000,0.000041,0.000000,-0.001186,0.000327
990,37,home,mask_home,environment,network_actively,failed,-2.6972,-0.50000,-0.16535,-0.50000,-0.18214,0.13361,0.000000,0.000042,0.000000,-0.001185,0.000326
991,37,conference,mask_conference,environment,network_actively,goal_achieved,0.5731,0.19151,-0.05420,0.50000,0.31949,-0.15603,0.000559,-0.000189,0.000000,0.001187,-0.000686
992,37,conference,mask_conference,environment,network_actively,goal_achieved,0.5747,0.19207,-0.05440,0.50000,0.32068,-0.15672,0.000557,-0.000196,0.000000,0.001191,-0.000682
993,37,conference,mask_conference,environment,network_actively,goal_achieved,0.5762,0.19262,-0.05460,0.50000,0.32188,-0.15739,0.000555,-0.000204,0.000000,0.001194,-0.000678
994,37,conference,mask_conference,environment,network_actively,goal_achieved,0.5778,0.19317,-0.05481,0.50000,0.32307,-0.15807,0.000554,-0.000211,0.000000,0.001198,-0.000675
995,37,conference,mask_conference,environment,network_actively,goal_achieved,0.5793,0.19373,-0.05503,0.50000,0.32428,-0.15874,0.000552,-0.000217,0.000000,0.001201,-0.000671
996,37,conference,mask_conference,environment,take_notes,delayed,-2.6369,0.19398,-0.05564,0.50000,0.32531,-0.15907,0.000256,-0.000610,0.000000,0.001037,-0.000335
997,37,conference,mask_conference,environment,network_actively,goal_achieved,0.5875,0.19452,-0.05589,0.50000,0.32653,-0.15974,0.000538,-0.000252,0.000000,0.001220,-0.000662
998,37,conference,mask_conference,environment,network_actively,delayed,-0.3819,0.19429,-0.05607,0.49921,0.32567,-0.15901,-0.000230,-0.000185,-0.000794,-0.000860,0.000722
999,37,conference,mask_conference,environment,quick_scan,goal_achieved,0.8176,0.19422,-0.05690,0.50000,0.32566,-0.15847,-0.000070,-0.000827,0.000794,-0.000016,0.000548
1000,38,work,mask_work,environment,deep_work,goal_achieved,2.0455,0.09884,0.50000,-0.50000,-0.41158,-0.21217,0.000820,0.000000,0.000000,-0.001328,-0.001005
1001,38,work,mask_work,environment,handle_backlog,goal_achieved,2.1563,0.09907,0.50000,-0.50000,-0.41276,-0.21259,0.000234,0.000000,0.000000,-0.001179,-0.000424
1002,38,work,mask_work,environment,tidy_up,failed,-2.1907,0.10049,0.50000,-0.50000,-0.41407,-0.21316,0.001421,0.000000,0.000000,-0.001307,-0.000573
1003,38,work,mask_work,environment,deep_work,goal_achieved,2.0418,0.10132,0.50000,-0.50000,-0.41541,-0.21415,0.000829,0.000000,0.000000,-0.001340,-0.000992
1004,38,work,mask_work,environment,handle_backlog,delayed,-1.1462,0.10207,0.50000,-0.50000,-0.41627,-0.21512,0.000747,0.000000,0.000000,-0.000860,-0.000969
1005,38,work,mask_work,environment,deep_work,goal_achieved,2.0506,0.10291,0.50000,-0.50000,-0.41760,-0.21613,0.000840,0.000000,0.000000,-0.001333,-0.001005
1006,38,work,mask_work,environment,deep_work,delayed,-0.6181,0.10224,0.50000,-0.50000,-0.41760,-0.21575,-0.000672,0.000000,0.000000,0.000005,0.000377
1007,38,work,mask_work,environment,take_notes,failed,-2.1775,0.10216,0.50000,-0.50000,-0.41852,-0.21652,-0.000072,0.000000,0.000000,-0.000925,-0.000770
1008,38,work,mask_work,environment,take_notes,goal_achieved,1.6387,0.10375,0.50000,-0.50000,-0.41973,-0.21703,0.001583,0.000000,0.000000,-0.001203,-0.000506
1009,38,home,mask_home,environment,tidy_up,goal_achieved,1.8582,-0.50000,-0.16469,-0.50000,-0.18269,0.13347,0.000000,0.000660,0.000000,-0.000550,-0.000140
1010,38,home,mask_home,environment,zone_out,delayed,-1.5287,-0.50000,-0.16424,-0.50000,-0.18280,0.13329,0.000000,0.000454,0.000000,-0.000113,-0.000179
1011,38,home,mask_home,environment,network_actively,failed,-2.6920,-0.50000,-0.16416,-0.50000,-0.18396,0.13359,0.000000,0.000074,0.000000,-0.001152,0.000306
1012,38,home,mask_home,environment,tidy_up,delayed,-1.4260,-0.50000,-0.16562,-0.50000,-0.18449,0.13426,0.000000,-0.001457,0.000000,-0.000530,0.000667
1013,38,home,mask_home,environment,rest_deeply,goal_achieved,1.8921,-0.50000,-0.16571,-0.50000,-0.18501,0.13437,0.000000,-0.000091,0.000000,-0.000523,0.000114
1014,38,home,mask_home,environment,quick_scan,failed,-2.7358,-0.50000,-0.16542,-0.50000,-0.18539,0.13411,0.000000,0.000294,0.000000,-0.000381,-0.000259
1015,38,home,mask_home,environment,rest_deeply,delayed,-0.4359,-0.50000,-0.16438,-0.50000,-0.18593,0.13395,0.000000,0.001037,0.000000,-0.000543,-0.000167
1016,38,home,mask_home,environment,rest_deeply,delayed,-0.4360,-0.50000,-0.16334,-0.50000,-0.18647,0.13378,0.000000,0.001037,0.000000,-0.000541,-0.000168
1017,38,home,mask_home,environment,tidy_up,goal_achieved,1.8980,-0.50000,-0.16265,-0.50000,-0.18699,0.13362,0.000000,0.000693,0.000000,-0.000513,-0.000164
1018,38,conference,mask_conference,environment,network_actively,goal_achieved,0.5774,0.19475,-0.05714,0.50000,0.32686,-0.15912,0.000532,-0.000240,0.000000,0.001198,-0.000656
1019,38,conference,mask_conference,environment,take_notes,delayed,-2.6404,0.19500,-0.05774,0.50000,0.32787,-0.15945,0.000248,-0.000602,0.000000,0.001014,-0.000323
1020,38,conference,mask_conference,environment,quick_scan,goal_achieved,0.8171,0.19492,-0.05858,0.50000,0.32786,-0.15890,-0.000081,-0.000835,0.000000,-0.000010,0.000547
1021,38,conference,mask_conference,environment,network_actively,goal_achieved,0.5753,0.19543,-0.05884,0.50000,0.32905,-0.15954,0.000514,-0.000261,0.000000,0.001194,-0.000641
1022,38,conference,mask_conference,environment,network_actively,goal_achieved,0.5767,0.19594,-0.05911,0.50000,0.33025,-0.16018,0.000512,-0.000267,0.000000,0.001197,-0.000638
1023,38,conference,mask_conference,environment,network_actively,goal_achieved,0.5780,0.19646,-0.05938,0.50000,0.33145,-0.16081,0.000511,-0.000273,0.000000,0.001200,-0.000635
1024,38,conference,mask_conference,environment,quick_scan,delayed,-2.2636,0.19720,-0.05919,0.50000,0.33297,-0.16196,0.000744,0.000189,0.000000,0.001516,-0.001142
1025,38,conference,mask_conference,environment,network_actively,delayed,-0.3846,0.19695,-0.05941,0.49923,0.33210,-0.16121,-0.000251,-0.000221,-0.000770,-0.000865,0.000747
1026,38,conference,mask_conference,environment,network_actively,goal_achieved,0.5875,0.19746,-0.05970,0.50000,0.33332,-0.16185,0.000513,-0.000284,0.000770,0.001220,-0.000638
1027,39,work,mask_work,environment,take_notes,delayed,-1.2241,0.10409,0.50000,-0.50000,-0.42072,-0.21773,0.000342,0.000000,0.000000,-0.000994,-0.000704
1028,39,work,mask_work,environment,take_notes,goal_achieved,1.6372,0.10567,0.50000,-0.50000,-0.42192,-0.21824,0.001582,0.000000,0.000000,-0.001202,-0.000505
1029,39,work,mask_work,environment,deep_work,delayed,-0.6326,0.10502,0.50000,-0.50000,-0.42192,-0.21786,-0.000652,0.000000,0.000000,0.000002,0.000381
1030,39,work,mask_work,environment,deep_work,goal_achieved,2.0332,0.10588,0.50000,-0.50000,-0.42326,-0.21886,0.000861,0.000000,0.000000,-0.001335,-0.001002
1031,39,work,mask_work,environment,take_notes,goal_achieved,1.6425,0.10745,0.50000,-0.50000,-0.42445,-0.21935,0.001572,0.000000,0.000000,-0.001192,-0.000496
1032,39,work,mask_work,environment,take_notes,goal_achieved,1.6416,0.10902,0.50000,-0.50000,-0.42564,-0.21985,0.001572,0.000000,0.000000,-0.001191,-0.000495
1033,39,work,mask_work,environment,deep_work,goal_achieved,2.0106,0.10991,0.50000,-0.50000,-0.42698,-0.22085,0.000889,0.000000,0.000000,-0.001339,-0.000998
1034,39,work,mask_work,environment,take_notes,failed,-2.1758,0.10984,0.50000,-0.50000,-0.42790,-0.22161,-0.000077,0.000000,0.000000,-0.000920,-0.000767
1035,39,work,mask_work,environment,network_actively,failed,-2.4254,0.11037,0.50000,-0.50000,-0.42928,-0.22238,0.000536,0.000000,0.000000,-0.001386,-0.000766
1036,39,home,mask_home,environment,rest_deeply,goal_achieved,1.8966,-0.50000,-0.16275,-0.50000,-0.18750,0.13373,0.000000,-0.000098,0.000000,-0.000508,0.000110
1037,39,home,mask_home,environment,network_actively,goal_achieved,1.0283,-0.49916,-0.16244,-0.49930,-0.18599,0.13298,0.000845,0.000305,0.000696,0.001509,-0.000743
1038,39,home,mask_home,environment,rest_deeply,goal_achieved,1.8920,-0.50000,-0.16255,-0.50000,-0.18648,0.13309,-0.000845,-0.000105,-0.000696,-0.000495,0.000109
1039,39,home,mask_home,environment,tidy_up,goal_achieved,1.8853,-0.50000,-0.16187,-0.50000,-0.18698,0.13293,0.000000,0.000681,0.000000,-0.000495,-0.000165
1040,39,home,mask_home,environment,rest_deeply,delayed,-0.4511,-0.50000,-0.16079,-0.50000,-0.18750,0.13274,0.000000,0.001073,0.000000,-0.000520,-0.000189
1041,39,home,mask_home,environment,rest_deeply,goal_achieved,1.8885,-0.50000,-0.16090,-0.50000,-0.18798,0.13285,0.000000,-0.000103,0.000000,-0.000486,0.000108
1042,39,home,mask_home,environment,rest_deeply,delayed,-0.4513,-0.50000,-0.15982,-0.50000,-0.18850,0.13266,0.000000,0.001073,0.000000,-0.000518,-0.000190
1043,39,home,mask_home,environment,rest_deeply,goal_achieved,1.8893,-0.50000,-0.15993,-0.50000,-0.18898,0.13277,0.000000,-0.000112,0.000000,-0.000482,0.000112
1044,39,home,mask_home,environment,network_actively,failed,-2.6483,-0.50000,-0.15986,-0.50000,-0.19011,0.13307,0.000000,0.000074,0.000000,-0.001128,0.000299
1045,39,conference,mask_conference,environment,quick_scan,delayed,-2.2544,0.19820,-0.05952,0.50000,0.33483,-0.16298,0.000739,0.000180,0.000000,0.001514,-0.001133
1046,39,conference,mask_conference,environment,take_notes,delayed,-2.6286,0.19844,-0.06014,0.50000,0.33587,-0.16330,0.000241,-0.000624,0.000000,0.001037,-0.000318
1047,39,conference,mask_conference,environment,network_actively,goal_achieved,0.5999,0.19894,-0.06045,0.50000,0.33712,-0.16394,0.000505,-0.000313,0.000000,0.001249,-0.000638
1048,39,conference,mask_conference,environment,network_actively,goal_achieved,0.6011,0.19945,-0.06077,0.50000,0.33837,-0.16457,0.000503,-0.000318,0.000000,0.001252,-0.000635
1049,39,conference,mask_conference,environment,network_actively,goal_achieved,0.6024,0.19995,-0.06109,0.50000,0.33963,-0.16520,0.000501,-0.000323,0.000000,0.001255,-0.000633
1050,39,conference,mask_conference,environment,network_actively,goal_achieved,0.6036,0.20045,-0.06142,0.50000,0.34089,-0.16583,0.000500,-0.000328,0.000000,0.001258,-0.000630
1051,39,conference,mask_conference,environment,quick_scan,goal_achieved,0.8273,0.20035,-0.06232,0.50000,0.34092,-0.16527,-0.000101,-0.000899,0.000000,0.000039,0.000566
1052,39,conference,mask_conference,environment,network_actively,goal_achieved,0.5957,0.20084,-0.06264,0.50000,0.34216,-0.16589,0.000493,-0.000324,0.000000,0.001240,-0.000621
1053,39,conference,mask_conference,environment,network_actively,goal_achieved,0.5969,0.20133,-0.06297,0.50000,0.34341,-0.16651,0.000492,-0.000329,0.000000,0.001243,-0.000619
1054,40,work,mask_work,environment,deep_work,delayed,-0.6455,0.10974,0.50000,-0.50000,-0.42929,-0.22200,-0.000631,0.000000,0.000000,-0.000004,0.000384
1055,40,work,mask_work,environment,handle_backlog,goal_achieved,2.1463,0.11001,0.50000,-0.50000,-0.43046,-0.22239,0.000267,0.000000,0.000000,-0.001169,-0.000393
1056,40,work,mask_work,environment,deep_work,goal_achieved,2.0070,0.11088,0.50000,-0.50000,-0.43180,-0.22338,0.000872,0.000000,0.000000,-0.001348,-0.000991
1057,40,work,mask_work,environment,take_notes,delayed,-1.2247,0.11120,0.50000,-0.50000,-0.43280,-0.22406,0.000318,0.000000,0.000000,-0.000990,-0.000683
1058,40,work,mask_work,environment,tidy_up,failed,-2.2111,0.11264,0.50000,-0.50000,-0.43409,-0.22462,0.001438,0.000000,0.000000,-0.001298,-0.000555
1059,40,work,mask_work,environment,take_notes,failed,-2.1709,0.11256,0.50000,-0.50000,-0.43502,-0.22537,-0.000076,0.000000,0.000000,-0.000928,-0.000749
1060,40,work,mask_work,environment,tidy_up,delayed,-1.1612,0.11346,0.50000,-0.50000,-0.43616,-0.22598,0.000896,0.000000,0.000000,-0.001138,-0.000612
1061,40,work,mask_work,environment,tidy_up,failed,-2.2074,0.11489,0.50000,-0.50000,-0.43746,-0.22654,0.001430,0.000000,0.000000,-0.001296,-0.000557
1062,40,work,mask_work,environment,deep_work,goal_achieved,2.0274,0.11579,0.50000,-0.50000,-0.43881,-0.22752,0.000906,0.000000,0.000000,-0.001358,-0.000989
1063,40,home,mask_home,environment,rest_deeply,goal_achieved,1.8907,-0.50000,-0.15997,-0.50000,-0.19060,0.13318,0.000000,-0.000109,0.000000,-0.000485,0.000111
1064,40,home,mask_home,environment,network_actively,delayed,-1.7282,-0.50000,-0.15984,-0.50000,-0.19106,0.13322,0.000000,0.000126,0.000000,-0.000466,0.000042
1065,40,home,mask_home,environment,rest_deeply,goal_achieved,1.8901,-0.50000,-0.15995,-0.50000,-0.19155,0.13333,0.000000,-0.000107,0.000000,-0.000484,0.000110
1066,40,home,mask_home,environment,zone_out,goal_achieved,1.7096,-0.50000,-0.16079,-0.50000,-0.19326,0.13409,0.000000,-0.000838,0.000000,-0.001714,0.000756
1067,40,home,mask_home,environment,network_actively,failed,-2.6827,-0.50000,-0.16077,-0.50000,-0.19446,0.13442,0.000000,0.000020,0.000000,-0.001198,0.000337
1068,40,home,mask_home,environment,network_actively,failed,-2.6838,-0.50000,-0.16075,-0.50000,-0.19565,0.13476,0.000000,0.000021,0.000000,-0.001196,0.000336
1069,40,home,mask_home,environment,tidy_up,goal_achieved,1.8784,-0.50000,-0.16012,-0.50000,-0.19622,0.13464,0.000000,0.000630,0.000000,-0.000567,-0.000122
1070,40,home,mask_home,environment,rest_deeply,goal_achieved,1.8631,-0.50000,-0.16025,-0.50000,-0.19678,0.13478,0.000000,-0.000136,0.000000,-0.000559,0.000142
1071,40,home,mask_home,environment,tidy_up,delayed,-1.4205,-0.50000,-0.16176,-0.50000,-0.19736,0.13547,0.000000,-0.001501,0.000000,-0.000580,0.000696
1072,40,conference,mask_conference,environment,quick_scan,delayed,-2.2562,0.20206,-0.06284,0.50000,0.34495,-0.16763,0.000724,0.000138,0.000000,0.001546,-0.001121
1073,40,conference,mask_conference,environment,network_actively,goal_achieved,0.6061,0.20255,-0.06318,0.50000,0.34622,-0.16825,0.000492,-0.000343,0.000000,0.001264,-0.000619
1074,40,conference,mask_conference,environment,network_actively,goal_achieved,0.6073,0.20304,-0.06353,0.50000,0.34748,-0.16886,0.000491,-0.000348,0.000000,0.001266,-0.000617
1075,40,conference,mask_conference,environment,network_actively,delayed,-0.3760,0.20278,-0.06377,0.49927,0.34664,-0.16812,-0.000256,-0.000239,-0.000731,-0.000839,0.000744
1076,40,conference,mask_conference,environment,network_actively,goal_achieved,0.6079,0.20328,-0.06411,0.50000,0.34791,-0.16874,0.000491,-0.000346,0.000731,0.001267,-0.000617
1077,40,conference,mask_conference,environment,network_actively,goal_achieved,0.6071,0.20376,-0.06446,0.50000,0.34918,-0.16936,0.000490,-0.000344,0.000000,0.001266,-0.000618
1078,40,conference,mask_conference,environment,network_actively,goal_achieved,0.6083,0.20425,-0.06480,0.50000,0.35045,-0.16997,0.000488,-0.000349,0.000000,0.001269,-0.000616
1079,40,conference,mask_conference,environment,network_actively,delayed,-0.3762,0.20400,-0.06504,0.49927,0.34961,-0.16923,-0.000256,-0.000239,-0.000731,-0.000839,0.000744
1080,40,conference,mask_conference,environment,quick_scan,delayed,-2.2434,0.20471,-0.06492,0.50000,0.35115,-0.17034,0.000715,0.000122,0.000731,0.001547,-0.001107
1081,41,work,mask_work,environment,take_notes,goal_achieved,1.6433,0.11739,0.50000,-0.50000,-0.44002,-0.22800,0.001603,0.000000,0.000000,-0.001206,-0.000477
1082,41,work,mask_work,environment,take_notes,delayed,-1.2138,0.11776,0.50000,-0.50000,-0.44103,-0.22868,0.000366,0.000000,0.000000,-0.001006,-0.000683
1083,41,work,mask_work,environment,take_notes,goal_achieved,1.6418,0.11936,0.50000,-0.50000,-0.44223,-0.22916,0.001602,0.000000,0.000000,-0.001205,-0.000477
1084,41,work,mask_work,environment,handle_backlog,delayed,-1.1617,0.12019,0.50000,-0.50000,-0.44310,-0.23010,0.000831,0.000000,0.000000,-0.000866,-0.000944
1085,41,work,mask_work,environment,take_notes,failed,-2.1573,0.12016,0.50000,-0.50000,-0.44403,-0.23087,-0.000036,0.000000,0.000000,-0.000934,-0.000764
1086,41,work,mask_work,environment,take_notes,goal_achieved,1.6492,0.12177,0.50000,-0.50000,-0.44523,-0.23136,0.001612,0.000000,0.000000,-0.001196,-0.000487
1087,41,work,mask_work,environment,deep_work,goal_achieved,2.0114,0.12271,0.50000,-0.50000,-0.44658,-0.23235,0.000945,0.000000,0.000000,-0.001355,-0.000996
1088,41,work,mask_work,environment,network_actively,failed,-2.4306,0.12331,0.50000,-0.50000,-0.44797,-0.23311,0.000599,0.000000,0.000000,-0.001393,-0.000759
1089,41,work,mask_work,environment,network_actively,delayed,-1.3200,0.12390,0.50000,-0.50000,-0.44898,-0.23377,0.000582,0.000000,0.000000,-0.001006,-0.000657
1090,41,home,mask_home,environment,tidy_up,goal_achieved,1.8739,-0.50000,-0.16112,-0.50000,-0.19793,0.13535,0.000000,0.000637,0.000000,-0.000567,-0.000127
1091,41,home,mask_home,environment,rest_deeply,goal_achieved,1.8660,-0.50000,-0.16127,-0.50000,-0.19849,0.13549,0.000000,-0.000149,0.000000,-0.000560,0.000145
1092,41,home,mask_home,environment,network_actively,delayed,-1.7646,-0.50000,-0.16119,-0.50000,-0.19902,0.13557,0.000000,0.000074,0.000000,-0.000534,0.000077
1093,41,home,mask_home,environment,network_actively,failed,-2.6911,-0.50000,-0.16118,-0.50000,-0.20021,0.13591,0.000000,0.000010,0.000000,-0.001192,0.000338
1094,41,home,mask_home,environment,network_actively,failed,-2.6922,-0.50000,-0.16117,-0.50000,-0.20140,0.13624,0.000000,0.000011,0.000000,-0.001191,0.000337
1095,41,home,mask_home,environment,rest_deeply,goal_achieved,1.8678,-0.50000,-0.16131,-0.50000,-0.20197,0.13639,0.000000,-0.000142,0.000000,-0.000564,0.000143
1096,41,home,mask_home,environment,zone_out,goal_achieved,1.6937,-0.50000,-0.16216,-0.50000,-0.20372,0.13715,0.000000,-0.000841,0.000000,-0.001754,0.000765
1097,41,home,mask_home,environment,tidy_up,goal_achieved,1.8472,-0.50000,-0.16156,-0.50000,-0.20436,0.13706,0.000000,0.000591,0.000000,-0.000636,-0.000092
1098,41,home,mask_home,environment,network_actively,failed,-2.7242,-0.50000,-0.16159,-0.50000,-0.20561,0.13743,0.000000,-0.000023,0.000000,-0.001253,0.000365
1099,41,conference,mask_conference,environment,network_actively,goal_achieved,0.6148,0.20520,-0.06527,0.50000,0.35244,-0.17096,0.000491,-0.000350,0.000000,0.001283,-0.000623
1100,41,conference,mask_conference,environment,network_actively,goal_achieved,0.6159,0.20569,-0.06563,0.50000,0.35372,-0.17158,0.000489,-0.000355,0.000000,0.001286,-0.000620
1101,41,conference,mask_conference,environment,network_actively,goal_achieved,0.6170,0.20618,-0.06599,0.50000,0.35501,-0.17220,0.000488,-0.000359,0.000000,0.001288,-0.000618
1102,41,conference,mask_conference,environment,network_actively,goal_achieved,0.6181,0.20667,-0.06635,0.50000,0.35630,-0.17281,0.000486,-0.000363,0.000000,0.001291,-0.000616
1103,41,conference,mask_conference,environment,network_actively,goal_achieved,0.6192,0.20715,-0.06672,0.50000,0.35760,-0.17343,0.000485,-0.000367,0.000000,0.001293,-0.000614
1104,41,conference,mask_conference,environment,network_actively,goal_achieved,0.6203,0.20764,-0.06709,0.50000,0.35889,-0.17404,0.000484,-0.000371,0.000000,0.001296,-0.000612
1105,41,conference,mask_conference,environment,network_actively,goal_achieved,0.6213,0.20812,-0.06746,0.50000,0.36019,-0.17465,0.000482,-0.000375,0.000000,0.001298,-0.000609
1106,41,conference,mask_conference,environment,quick_scan,goal_achieved,0.8329,0.20800,-0.06841,0.50000,0.36027,-0.17407,-0.000115,-0.000944,0.000000,0.000084,0.000581
1107,41,conference,mask_conference,environment,network_actively,goal_achieved,0.6134,0.20848,-0.06878,0.50000,0.36156,-0.17467,0.000476,-0.000369,0.000000,0.001281,-0.000602
1108,42,work,mask_work,environment,take_notes,delayed,-1.2092,0.12428,0.50000,-0.50000,-0.44999,-0.23447,0.000380,0.000000,0.000000,-0.001006,-0.000700
1109,42,work,mask_work,environment,handle_backlog,delayed,-1.1678,0.12511,0.50000,-0.50000,-0.45086,-0.23542,0.000839,0.000000,0.000000,-0.000873,-0.000949
1110,42,work,mask_work,environment,rest_deeply,failed,-2.2903,0.12597,0.50000,-0.50000,-0.45199,-0.23631,0.000860,0.000000,0.000000,-0.001131,-0.000897
1111,42,work,mask_work,environment,take_notes,delayed,-1.1981,0.12637,0.50000,-0.50000,-0.45299,-0.23703,0.000398,0.000000,0.000000,-0.001003,-0.000717
1112,42,work,mask_work,environment,deep_work,delayed,-0.6242,0.12582,0.50000,-0.50000,-0.45301,-0.23665,-0.000557,0.000000,0.000000,-0.000015,0.000377
1113,42,work,mask_work,environment,take_notes,failed,-2.1400,0.12579,0.50000,-0.50000,-0.45394,-0.23743,-0.000027,0.000000,0.000000,-0.000927,-0.000776
1114,42,work,mask_work,environment,handle_backlog,goal_achieved,2.1528,0.12611,0.50000,-0.50000,-0.45512,-0.23782,0.000321,0.000000,0.000000,-0.001183,-0.000393
1115,42,work,mask_work,environment,take_notes,failed,-2.1487,0.12607,0.50000,-0.50000,-0.45605,-0.23859,-0.000036,0.000000,0.000000,-0.000932,-0.000766
1116,42,work,mask_work,environment,take_notes,failed,-2.1490,0.12604,0.50000,-0.50000,-0.45698,-0.23935,-0.000035,0.000000,0.000000,-0.000932,-0.000766
1117,42,home,mask_home,environment,rest_deeply,delayed,-0.4869,-0.50000,-0.16064,-0.50000,-0.20631,0.13733,0.000000,0.000947,0.000000,-0.000694,-0.000091
1118,42,home,mask_home,environment,quick_scan,goal_achieved,1.8998,-0.50000,-0.16086,-0.50000,-0.20714,0.13790,0.000000,-0.000216,0.000000,-0.000833,0.000565
1119,42,home,mask_home,environment,rest_deeply,goal_achieved,1.8340,-0.50000,-0.16103,-0.50000,-0.20777,0.13808,0.000000,-0.000177,0.000000,-0.000633,0.000184
1120,42,home,mask_home,environment,network_actively,delayed,-1.7963,-0.50000,-0.16099,-0.50000,-0.20837,0.13820,0.000000,0.000047,0.000000,-0.000597,0.000113
1121,42,home,mask_home,environment,rest_deeply,goal_achieved,1.8326,-0.50000,-0.16116,-0.50000,-0.20900,0.13838,0.000000,-0.000173,0.000000,-0.000631,0.000182
1122,42,home,mask_home,environment,network_actively,delayed,-1.7999,-0.50000,-0.16111,-0.50000,-0.20960,0.13849,0.000000,0.000048,0.000000,-0.000596,0.000112
1123,42,home,mask_home,environment,rest_deeply,delayed,-0.4945,-0.50000,-0.16018,-0.50000,-0.21030,0.13841,0.000000,0.000935,0.000000,-0.000701,-0.000075
1124,42,home,mask_home,environment,rest_deeply,delayed,-0.4945,-0.50000,-0.15924,-0.50000,-0.21100,0.13834,0.000000,0.000936,0.000000,-0.000699,-0.000076
1125,42,home,mask_home,environment,rest_deeply,goal_achieved,1.8333,-0.50000,-0.15943,-0.50000,-0.21162,0.13853,0.000000,-0.000187,0.000000,-0.000623,0.000187
1126,42,conference,mask_conference,environment,network_actively,goal_achieved,0.6145,0.20895,-0.06915,0.50000,0.36284,-0.17527,0.000475,-0.000373,0.000000,0.001283,-0.000600
1127,42,conference,mask_conference,environment,network_actively,goal_achieved,0.6155,0.20943,-0.06953,0.50000,0.36412,-0.17587,0.000474,-0.000376,0.000000,0.001286,-0.000598
1128,42,conference,mask_conference,environment,network_actively,goal_achieved,0.6165,0.20990,-0.06991,0.50000,0.36541,-0.17646,0.000472,-0.000380,0.000000,0.001288,-0.000596
1129,42,conference,mask_conference,environment,network_actively,goal_achieved,0.6175,0.21037,-0.07029,0.50000,0.36670,-0.17706,0.000471,-0.000384,0.000000,0.001290,-0.000594
1130,42,conference,mask_conference,environment,network_actively,delayed,-0.3777,0.21011,-0.07053,0.49927,0.36586,-0.17631,-0.000258,-0.000241,-0.000730,-0.000837,0.000746
1131,42,conference,mask_conference,environment,network_actively,delayed,-0.3780,0.20985,-0.07077,0.49854,0.36503,-0.17556,-0.000259,-0.000240,-0.000731,-0.000838,0.000746
1132,42,conference,mask_conference,environment,network_actively,goal_achieved,0.6175,0.21033,-0.07115,0.50000,0.36632,-0.17616,0.000473,-0.000376,0.001461,0.001289,-0.000598
1133,42,conference,mask_conference,environment,network_actively,delayed,-0.3785,0.21007,-0.07139,0.49927,0.36548,-0.17541,-0.000260,-0.000240,-0.000734,-0.000840,0.000747
1134,42,conference,mask_conference,environment,network_actively,goal_achieved,0.6143,0.21054,-0.07175,0.50000,0.36676,-0.17602,0.000474,-0.000361,0.000734,0.001283,-0.000605
1135,43,work,mask_work,environment,take_notes,goal_achieved,1.6540,0.12765,0.50000,-0.50000,-0.45817,-0.23984,0.001610,0.000000,0.000000,-0.001187,-0.000484
1136,43,work,mask_work,environment,take_notes,delayed,-1.1988,0.12802,0.50000,-0.50000,-0.45917,-0.24053,0.000376,0.000000,0.000000,-0.000996,-0.000696
1137,43,work,mask_work,environment,rest_deeply,failed,-2.2832,0.12885,0.50000,-0.50000,-0.46029,-0.24141,0.000823,0.000000,0.000000,-0.001121,-0.000876
1138,43,work,mask_work,environment,deep_work,delayed,-0.6210,0.12828,0.50000,-0.50000,-0.46031,-0.24103,-0.000571,0.000000,0.000000,-0.000020,0.000381
1139,43,work,mask_work,environment,rest_deeply,goal_achieved,2.3534,0.12830,0.50000,-0.50000,-0.46112,-0.24125,0.000019,0.000000,0.000000,-0.000816,-0.000218
1140,43,work,mask_work,environment,take_notes,delayed,-1.1940,0.12865,0.50000,-0.50000,-0.46210,-0.24193,0.000356,0.000000,0.000000,-0.000981,-0.000678
1141,43,work,mask_work,environment,tidy_up,delayed,-1.1570,0.12955,0.50000,-0.50000,-0.46322,-0.24254,0.000899,0.000000,0.000000,-0.001117,-0.000611
1142,43,work,mask_work,environment,tidy_up,failed,-2.2051,0.13098,0.50000,-0.50000,-0.46450,-0.24309,0.001431,0.000000,0.000000,-0.001277,-0.000558
1143,43,work,mask_work,environment,handle_backlog,goal_achieved,2.1673,0.13130,0.50000,-0.50000,-0.46567,-0.24347,0.000316,0.000000,0.000000,-0.001172,-0.000373
1144,43,home,mask_home,environment,network_actively,failed,-2.7105,-0.50000,-0.15944,-0.50000,-0.21287,0.13890,0.000000,-0.000017,0.000000,-0.001247,0.000374
1145,43,home,mask_home,environment,network_actively,failed,-2.7118,-0.50000,-0.15946,-0.50000,-0.21411,0.13927,0.000000,-0.000016,0.000000,-0.001246,0.000373
1146,43,home,mask_home,environment,rest_deeply,delayed,-0.4910,-0.50000,-0.15853,-0.50000,-0.21482,0.13920,0.000000,0.000932,0.000000,-0.000709,-0.000071
1147,43,home,mask_home,environment,network_actively,failed,-2.7022,-0.50000,-0.15854,-0.50000,-0.21606,0.13957,0.000000,-0.000011,0.000000,-0.001242,0.000371
1148,43,home,mask_home,environment,rest_deeply,goal_achieved,1.8364,-0.50000,-0.15872,-0.50000,-0.21669,0.13976,0.000000,-0.000185,0.000000,-0.000628,0.000189
1149,43,home,mask_home,environment,network_actively,failed,-2.7070,-0.50000,-0.15874,-0.50000,-0.21793,0.14013,0.000000,-0.000011,0.000000,-0.001240,0.000370
1150,43,home,mask_home,environment,network_actively,failed,-2.7083,-0.50000,-0.15875,-0.50000,-0.21917,0.14050,0.000000,-0.000010,0.000000,-0.001239,0.000369
1151,43,home,mask_home,environment,network_actively,goal_achieved,1.0202,-0.49924,-0.15846,-0.49926,-0.21779,0.13982,0.000760,0.000281,0.000744,0.001382,-0.000680
1152,43,home,mask_home,environment,network_actively,delayed,-1.7739,-0.50000,-0.15841,-0.50000,-0.21837,0.13993,-0.000760,0.000057,-0.000744,-0.000585,0.000110
1153,43,conference,mask_conference,environment,network_actively,goal_achieved,0.6134,0.21101,-0.07211,0.50000,0.36804,-0.17663,0.000473,-0.000359,0.000000,0.001282,-0.000606
1154,43,conference,mask_conference,environment,network_actively,goal_achieved,0.6145,0.21149,-0.07247,0.50000,0.36933,-0.17723,0.000471,-0.000363,0.000000,0.001284,-0.000604
1155,43,conference,mask_conference,environment,network_actively,goal_achieved,0.6155,0.21196,-0.07283,0.50000,0.37061,-0.17783,0.000470,-0.000366,0.000000,0.001287,-0.000602
1156,43,conference,mask_conference,environment,network_actively,goal_achieved,0.6165,0.21242,-0.07320,0.50000,0.37190,-0.17843,0.000469,-0.000370,0.000000,0.001289,-0.000600
1157,43,conference,mask_conference,environment,deep_work,goal_achieved,0.8886,0.21284,-0.07334,0.50000,0.37268,-0.17890,0.000416,-0.000136,0.000000,0.000778,-0.000470
1158,43,conference,mask_conference,environment,network_actively,goal_achieved,0.6076,0.21333,-0.07366,0.50000,0.37394,-0.17952,0.000485,-0.000324,0.000000,0.001258,-0.000623
1159,43,conference,mask_conference,environment,network_actively,goal_achieved,0.6086,0.21381,-0.07399,0.50000,0.37520,-0.18014,0.000484,-0.000328,0.000000,0.001260,-0.000621
1160,43,conference,mask_conference,environment,quick_scan,delayed,-2.2562,0.21453,-0.07384,0.50000,0.37674,-0.18126,0.000719,0.000148,0.000000,0.001540,-0.001120
1161,43,conference,mask_conference,environment,network_actively,goal_achieved,0.6166,0.21502,-0.07418,0.50000,0.37801,-0.18189,0.000486,-0.000338,0.000000,0.001277,-0.000623
1162,44,work,mask_work,environment,tidy_up,failed,-2.2140,0.13272,0.50000,-0.50000,-0.46695,-0.24402,0.001422,0.000000,0.000000,-0.001282,-0.000549
1163,44,work,mask_work,environment,take_notes,goal_achieved,1.6609,0.13434,0.50000,-0.50000,-0.46814,-0.24447,0.001618,0.000000,0.000000,-0.001184,-0.000451
1164,44,work,mask_work,environment,tidy_up,goal_achieved,1.9690,0.13365,0.50000,-0.50000,-0.46878,-0.24522,-0.000693,0.000000,0.000000,-0.000643,-0.000758
1165,44,work,mask_work,environment,deep_work,goal_achieved,2.0050,0.13459,0.50000,-0.50000,-0.47014,-0.24621,0.000947,0.000000,0.000000,-0.001362,-0.000991
1166,44,work,mask_work,environment,deep_work,goal_achieved,2.0043,0.13554,0.50000,-0.50000,-0.47150,-0.24721,0.000947,0.000000,0.000000,-0.001362,-0.000991
1167,44,work,mask_work,environment,deep_work,goal_achieved,2.0036,0.13649,0.50000,-0.50000,-0.47287,-0.24820,0.000947,0.000000,0.000000,-0.001362,-0.000991
1168,44,work,mask_work,environment,deep_work,goal_achieved,2.0029,0.13743,0.50000,-0.50000,-0.47423,-0.24919,0.000947,0.000000,0.000000,-0.001361,-0.000992
1169,44,work,mask_work,environment,rest_deeply,failed,-2.3018,0.13827,0.50000,-0.50000,-0.47536,-0.25005,0.000840,0.000000,0.000000,-0.001132,-0.000865
1170,44,work,mask_work,environment,deep_work,goal_achieved,2.0049,0.13923,0.50000,-0.50000,-0.47672,-0.25105,0.000954,0.000000,0.000000,-0.001364,-0.000998
1171,44,home,mask_home,environment,tidy_up,delayed,-1.4315,-0.50000,-0.15991,-0.50000,-0.21903,0.14066,0.000000,-0.001505,0.000000,-0.000657,0.000731
1172,44,home,mask_home,environment,quick_scan,failed,-2.7315,-0.50000,-0.15970,-0.50000,-0.21953,0.14048,0.000000,0.000217,0.000000,-0.000502,-0.000184
1173,44,home,mask_home,environment,rest_deeply,goal_achieved,1.8414,-0.50000,-0.15989,-0.50000,-0.22015,0.14066,0.000000,-0.000198,0.000000,-0.000616,0.000181
1174,44,home,mask_home,environment,tidy_up,delayed,-1.4354,-0.50000,-0.16137,-0.50000,-0.22080,0.14137,0.000000,-0.001481,0.000000,-0.000656,0.000713
1175,44,home,mask_home,environment,rest_deeply,goal_achieved,1.8448,-0.50000,-0.16159,-0.50000,-0.22142,0.14156,0.000000,-0.000211,0.000000,-0.000620,0.000184
1176,44,home,mask_home,environment,rest_deeply,goal_achieved,1.8439,-0.50000,-0.16179,-0.50000,-0.22204,0.14174,0.000000,-0.000208,0.000000,-0.000620,0.000182
1177,44,home,mask_home,environment,network_actively,goal_achieved,1.0264,-0.49919,-0.16152,-0.49930,-0.22066,0.14105,0.000812,0.000270,0.000697,0.001384,-0.000690
1178,44,home,mask_home,environment,tidy_up,goal_achieved,1.8615,-0.50000,-0.16091,-0.50000,-0.22128,0.14094,-0.000812,0.000618,-0.000697,-0.000619,-0.000103
1179,44,home,mask_home,environment,rest_deeply,goal_achieved,1.8361,-0.50000,-0.16111,-0.50000,-0.22188,0.14112,0.000000,-0.000203,0.000000,-0.000603,0.000176
1180,44,conference,mask_conference,environment,quick_scan,goal_achieved,0.8293,0.21491,-0.07509,0.50000,0.37808,-0.18133,-0.000108,-0.000903,0.000000,0.000068,0.000561
1181,44,conference,mask_conference,environment,network_actively,goal_achieved,0.6095,0.21539,-0.07542,0.50000,0.37934,-0.18194,0.000480,-0.000335,0.000000,0.001262,-0.000614
1182,44,conference,mask_conference,environment,network_actively,delayed,-0.3917,0.21515,-0.07560,0.49919,0.37847,-0.18122,-0.000241,-0.000182,-0.000810,-0.000876,0.000720
1183,44,conference,mask_conference,environment,quick_scan,goal_achieved,0.8336,0.21504,-0.07649,0.50000,0.37853,-0.18066,-0.000109,-0.000889,0.000810,0.000058,0.000559
1184,44,conference,mask_conference,environment,network_actively,goal_achieved,0.6006,0.21551,-0.07681,0.50000,0.37977,-0.18127,0.000475,-0.000322,0.000000,0.001243,-0.000611
1185,44,conference,mask_conference,environment,take_notes,goal_achieved,0.9483,0.21601,-0.07673,0.50000,0.38045,-0.18173,0.000500,0.000083,0.000000,0.000679,-0.000459
1186,44,conference,mask_conference,environment,quick_scan,goal_achieved,0.8239,0.21591,-0.07759,0.50000,0.38049,-0.18118,-0.000101,-0.000856,0.000000,0.000042,0.000550
1187,44,conference,mask_conference,environment,network_actively,goal_achieved,0.5897,0.21639,-0.07789,0.50000,0.38171,-0.18179,0.000477,-0.000302,0.000000,0.001220,-0.000605
1188,44,conference,mask_conference,environment,network_actively,goal_achieved,0.5907,0.21686,-0.07819,0.50000,0.38293,-0.18239,0.000476,-0.000305,0.000000,0.001222,-0.000603
1189,45,work,mask_work,environment,network_actively,failed,-2.4343,0.13983,0.50000,-0.50000,-0.47811,-0.25180,0.000604,0.000000,0.000000,-0.001386,-0.000751
1190,45,work,mask_work,environment,tidy_up,goal_achieved,1.9565,0.13917,0.50000,-0.50000,-0.47877,-0.25258,-0.000664,0.000000,0.000000,-0.000664,-0.000782
1191,45,work,mask_work,environment,rest_deeply,failed,-2.3137,0.13999,0.50000,-0.50000,-0.47991,-0.25346,0.000822,0.000000,0.000000,-0.001132,-0.000871
1192,45,work,mask_work,environment,take_notes,failed,-2.1661,0.13995,0.50000,-0.50000,-0.48086,-0.25423,-0.000034,0.000000,0.000000,-0.000949,-0.000775
1193,45,work,mask_work,environment,tidy_up,delayed,-1.1830,0.14088,0.50000,-0.50000,-0.48200,-0.25486,0.000928,0.000000,0.000000,-0.001147,-0.000633
1194,45,work,mask_work,environment,take_notes,failed,-2.1643,0.14085,0.50000,-0.50000,-0.48295,-0.25564,-0.000028,0.000000,0.000000,-0.000951,-0.000775
1195,45,work,mask_work,environment,handle_backlog,goal_achieved,2.1452,0.14118,0.50000,-0.50000,-0.48414,-0.25604,0.000323,0.000000,0.000000,-0.001186,-0.000405
1196,45,work,mask_work,environment,network_actively,failed,-2.4383,0.14175,0.50000,-0.50000,-0.48552,-0.25679,0.000574,0.000000,0.000000,-0.001383,-0.000751
1197,45,work,mask_work,environment,network_actively,delayed,-1.3231,0.14231,0.50000,-0.50000,-0.48653,-0.25745,0.000555,0.000000,0.000000,-0.001007,-0.000651
1198,45,home,mask_home,environment,quick_scan,failed,-2.7465,-0.50000,-0.16091,-0.50000,-0.22237,0.14093,0.000000,0.000199,0.000000,-0.000487,-0.000186
1199,45,home,mask_home,environment,tidy_up,goal_achieved,1.8613,-0.50000,-0.16029,-0.50000,-0.22298,0.14082,0.000000,0.000619,0.000000,-0.000608,-0.000112
1200,45,home,mask_home,environment,rest_deeply,goal_achieved,1.8377,-0.50000,-0.16048,-0.50000,-0.22357,0.14099,0.000000,-0.000190,0.000000,-0.000594,0.000164
1201,45,home,mask_home,environment,tidy_up,delayed,-1.4525,-0.50000,-0.16195,-0.50000,-0.22421,0.14168,0.000000,-0.001470,0.000000,-0.000636,0.000695
1202,45,home,mask_home,environment,network_actively,failed,-2.7049,-0.50000,-0.16202,-0.50000,-0.22544,0.14205,0.000000,-0.000067,0.000000,-0.001233,0.000372
1203,45,home,mask_home,environment,network_actively,delayed,-1.7728,-0.50000,-0.16200,-0.50000,-0.22602,0.14216,0.000000,0.000020,0.000000,-0.000576,0.000103
1204,45,home,mask_home,environment,rest_deeply,goal_achieved,1.8409,-0.50000,-0.16220,-0.50000,-0.22662,0.14232,0.000000,-0.000197,0.000000,-0.000600,0.000165
1205,45,home,mask_home,environment,rest_deeply,goal_achieved,1.8401,-0.50000,-0.16239,-0.50000,-0.22722,0.14248,0.000000,-0.000193,0.000000,-0.000599,0.000163
1206,45,home,mask_home,environment,quick_scan,goal_achieved,1.8970,-0.50000,-0.16263,-0.50000,-0.22803,0.14305,0.000000,-0.000240,0.000000,-0.000814,0.000568
1207,45,conference,mask_conference,environment,network_actively,goal_achieved,0.5916,0.21734,-0.07850,0.50000,0.38416,-0.18299,0.000474,-0.000309,0.000000,0.001223,-0.000601
1208,45,conference,mask_conference,environment,network_actively,goal_achieved,0.5925,0.21781,-0.07882,0.50000,0.38538,-0.18359,0.000473,-0.000312,0.000000,0.001225,-0.000599
1209,45,conference,mask_conference,environment,network_actively,goal_achieved,0.5934,0.21828,-0.07913,0.50000,0.38661,-0.18419,0.000472,-0.000316,0.000000,0.001227,-0.000597
1210,45,conference,mask_conference,environment,network_actively,goal_achieved,0.5943,0.21876,-0.07945,0.50000,0.38784,-0.18478,0.000471,-0.000319,0.000000,0.001229,-0.000596
1211,45,conference,mask_conference,environment,quick_scan,goal_achieved,0.8166,0.21865,-0.08031,0.50000,0.38789,-0.18424,-0.000102,-0.000861,0.000000,0.000058,0.000547
1212,45,conference,mask_conference,environment,network_actively,goal_achieved,0.5877,0.21912,-0.08063,0.50000,0.38911,-0.18482,0.000465,-0.000316,0.000000,0.001215,-0.000588
1213,45,conference,mask_conference,environment,quick_scan,goal_achieved,0.8130,0.21902,-0.08148,0.50000,0.38916,-0.18428,-0.000102,-0.000851,0.000000,0.000055,0.000543
1214,45,conference,mask_conference,environment,network_actively,goal_achieved,0.5812,0.21948,-0.08179,0.50000,0.39037,-0.18486,0.000460,-0.000312,0.000000,0.001201,-0.000581
1215,45,conference,mask_conference,environment,network_actively,goal_achieved,0.5821,0.21993,-0.08210,0.50000,0.39157,-0.18544,0.000459,-0.000315,0.000000,0.001203,-0.000579
1216,46,work,mask_work,environment,deep_work,goal_achieved,2.0018,0.14323,0.50000,-0.50000,-0.48790,-0.25845,0.000924,0.000000,0.000000,-0.001369,-0.001001
1217,46,work,mask_work,environment,deep_work,goal_achieved,2.0011,0.14416,0.50000,-0.50000,-0.48927,-0.25945,0.000924,0.000000,0.000000,-0.001369,-0.001001
1218,46,work,mask_work,environment,deep_work,goal_achieved,2.0004,0.14508,0.50000,-0.50000,-0.49064,-0.26045,0.000924,0.000000,0.000000,-0.001368,-0.001001
1219,46,work,mask_work,environment,deep_work,goal_achieved,1.9997,0.14600,0.50000,-0.50000,-0.49200,-0.26145,0.000924,0.000000,0.000000,-0.001368,-0.001001
1220,46,work,mask_work,environment,deep_work,goal_achieved,1.9990,0.14693,0.50000,-0.50000,-0.49337,-0.26245,0.000924,0.000000,0.000000,-0.001368,-0.001001
1221,46,work,mask_work,environment,take_notes,failed,-2.1867,0.14691,0.50000,-0.50000,-0.49435,-0.26324,-0.000017,0.000000,0.000000,-0.000976,-0.000786
1222,46,work,mask_work,environment,take_notes,failed,-2.1871,0.14689,0.50000,-0.50000,-0.49532,-0.26402,-0.000017,0.000000,0.000000,-0.000976,-0.000786
1223,46,work,mask_work,environment,tidy_up,goal_achieved,1.9542,0.14622,0.50000,-0.50000,-0.49600,-0.26482,-0.000672,0.000000,0.000000,-0.000681,-0.000798
1224,46,work,mask_work,environment,take_notes,failed,-2.1956,0.14619,0.50000,-0.50000,-0.49697,-0.26561,-0.000037,0.000000,0.000000,-0.000969,-0.000789
1225,46,home,mask_home,environment,tidy_up,goal_achieved,1.8446,-0.50000,-0.16200,-0.50000,-0.22865,0.14294,0.000000,0.000627,0.000000,-0.000616,-0.000109
1226,46,home,mask_home,environment,rest_deeply,delayed,-0.4836,-0.50000,-0.16115,-0.50000,-0.22936,0.14290,0.000000,0.000853,0.000000,-0.000710,-0.000045
1227,46,home,mask_home,environment,tidy_up,delayed,-1.4606,-0.50000,-0.16260,-0.50000,-0.23000,0.14360,0.000000,-0.001449,0.000000,-0.000645,0.000697
1228,46,home,mask_home,environment,rest_deeply,delayed,-0.4775,-0.50000,-0.16178,-0.50000,-0.23071,0.14357,0.000000,0.000820,0.000000,-0.000713,-0.000031
1229,46,home,mask_home,environment,rest_deeply,goal_achieved,1.8345,-0.50000,-0.16199,-0.50000,-0.23131,0.14374,0.000000,-0.000211,0.000000,-0.000599,0.000178
1230,46,home,mask_home,environment,network_actively,delayed,-1.7676,-0.50000,-0.16198,-0.50000,-0.23189,0.14386,0.000000,0.000014,0.000000,-0.000578,0.000114
1231,46,home,mask_home,environment,tidy_up,goal_achieved,1.8598,-0.50000,-0.16134,-0.50000,-0.23250,0.14375,0.000000,0.000638,0.000000,-0.000611,-0.000112
1232,46,home,mask_home,environment,network_actively,failed,-2.7058,-0.50000,-0.16141,-0.50000,-0.23373,0.14412,0.000000,-0.000066,0.000000,-0.001229,0.000379
1233,46,home,mask_home,environment,zone_out,goal_achieved,1.6882,-0.50000,-0.16228,-0.50000,-0.23553,0.14492,0.000000,-0.000875,0.000000,-0.001801,0.000793
1234,46,conference,mask_conference,environment,quick_scan,delayed,-2.2729,0.22066,-0.08191,0.50000,0.39311,-0.18658,0.000725,0.000191,0.000000,0.001540,-0.001139
1235,46,conference,mask_conference,environment,network_actively,delayed,-0.4156,0.22041,-0.08209,0.49913,0.39218,-0.18583,-0.000253,-0.000178,-0.000868,-0.000927,0.000754
1236,46,conference,mask_conference,environment,network_actively,goal_achieved,0.5902,0.22087,-0.08242,0.50000,0.39340,-0.18641,0.000462,-0.000323,0.000868,0.001219,-0.000583
1237,46,conference,mask_conference,environment,quick_scan,delayed,-2.2656,0.22159,-0.08223,0.50000,0.39494,-0.18754,0.000722,0.000185,0.000000,0.001536,-0.001132
1238,46,conference,mask_conference,environment,network_actively,delayed,-0.4118,0.22134,-0.08240,0.49913,0.39402,-0.18680,-0.000247,-0.000169,-0.000866,-0.000918,0.000742
1239,46,conference,mask_conference,environment,network_actively,goal_achieved,0.5962,0.22181,-0.08272,0.50000,0.39525,-0.18739,0.000465,-0.000325,0.000866,0.001232,-0.000589
1240,46,conference,mask_conference,environment,network_actively,delayed,-0.4120,0.22156,-0.08289,0.49913,0.39433,-0.18664,-0.000248,-0.000170,-0.000866,-0.000918,0.000743
1241,46,conference,mask_conference,environment,network_actively,goal_achieved,0.5952,0.22202,-0.08321,0.50000,0.39556,-0.18724,0.000465,-0.000319,0.000866,0.001231,-0.000592
1242,46,conference,mask_conference,environment,quick_scan,goal_achieved,0.8299,0.22191,-0.08406,0.50000,0.39561,-0.18668,-0.000111,-0.000852,0.000000,0.000049,0.000552
1243,47,work,mask_work,environment,deep_work,goal_achieved,2.0024,0.14707,0.50000,-0.50000,-0.49833,-0.26662,0.000886,0.000000,0.000000,-0.001357,-0.001007
1244,47,work,mask_work,environment,handle_backlog,goal_achieved,2.1296,0.14737,0.50000,-0.50000,-0.49953,-0.26705,0.000303,0.000000,0.000000,-0.001195,-0.000430
1245,47,work,mask_work,environment,rest_deeply,failed,-2.3347,0.14815,0.50000,-0.50000,-0.50000,-0.26793,0.000778,0.000000,0.000000,-0.000475,-0.000879
1246,47,work,mask_work,environment,handle_backlog,goal_achieved,2.1318,0.14846,0.50000,-0.50000,-0.50000,-0.26836,0.000309,0.000000,0.000000,0.000000,-0.000435
1247,47,work,mask_work,environment,network_actively,goal_achieved,2.0042,0.14893,0.49970,-0.49872,-0.49991,-0.26873,0.000470,-0.000295,0.001284,0.000091,-0.000368
1248,47,work,mask_work,environment,deep_work,goal_achieved,1.9867,0.14981,0.50000,-0.50000,-0.50000,-0.26972,0.000876,0.000295,-0.001284,-0.000091,-0.000993
1249,47,work,mask_work,environment,deep_work,delayed,-0.6391,0.14916,0.50000,-0.50000,-0.50000,-0.26931,-0.000644,0.000000,0.000000,0.000000,0.000414
1250,47,work,mask_work,environment,deep_work,goal_achieved,1.9862,0.15004,0.50000,-0.50000,-0.50000,-0.27030,0.000876,0.000000,0.000000,0.000000,-0.000993
1251,47,work,mask_work,environment,deep_work,goal_achieved,1.9862,0.15091,0.50000,-0.50000,-0.50000,-0.27129,0.000876,0.000000,0.000000,0.000000,-0.000993
1252,47,home,mask_home,environment,network_actively,failed,-2.7316,-0.50000,-0.16238,-0.50000,-0.23682,0.14533,0.000000,-0.000104,0.000000,-0.001291,0.000409
1253,47,home,mask_home,environment,network_actively,delayed,-1.7965,-0.50000,-0.16239,-0.50000,-0.23746,0.14546,0.000000,-0.000006,0.000000,-0.000637,0.000136
1254,47,home,mask_home,environment,network_actively,failed,-2.7339,-0.50000,-0.16249,-0.50000,-0.23875,0.14587,0.000000,-0.000101,0.000000,-0.001290,0.000407
1255,47,home,mask_home,environment,rest_deeply,goal_achieved,1.8070,-0.50000,-0.16271,-0.50000,-0.23942,0.14607,0.000000,-0.000219,0.000000,-0.000665,0.000197
1256,47,home,mask_home,environment,network_actively,failed,-2.7390,-0.50000,-0.16281,-0.50000,-0.24070,0.14647,0.000000,-0.000099,0.000000,-0.001289,0.000405
1257,47,home,mask_home,environment,network_actively,goal_achieved,1.0102,-0.49918,-0.16251,-0.49935,-0.23938,0.14578,0.000820,0.000304,0.000649,0.001325,-0.000689
1258,47,home,mask_home,environment,rest_deeply,goal_achieved,1.8043,-0.50000,-0.16273,-0.50000,-0.24004,0.14598,-0.000820,-0.000220,-0.000649,-0.000657,0.000194
1259,47,home,mask_home,environment,network_actively,goal_achieved,1.0083,-0.49919,-0.16243,-0.49935,-0.23871,0.14529,0.000815,0.000294,0.000647,0.001325,-0.000685
1260,47,home,mask_home,environment,tidy_up,goal_achieved,1.8263,-0.50000,-0.16184,-0.50000,-0.23937,0.14521,-0.000815,0.000595,-0.000647,-0.000659,-0.000086
1261,47,conference,mask_conference,environment,network_actively,goal_achieved,0.5868,0.22237,-0.08437,0.50000,0.39683,-0.18727,0.000459,-0.000309,0.000000,0.001214,-0.000588
1262,47,conference,mask_conference,environment,take_notes,delayed,-2.6459,0.22256,-0.08503,0.50000,0.39785,-0.18754,0.000188,-0.000654,0.000000,0.001021,-0.000269
1263,47,conference,mask_conference,environment,take_notes,goal_achieved,0.9396,0.22304,-0.08495,0.50000,0.39850,-0.18797,0.000477,0.000080,0.000000,0.000656,-0.000433
1264,47,conference,mask_conference,environment,quick_scan,goal_achieved,0.8271,0.22292,-0.08579,0.50000,0.39855,-0.18742,-0.000112,-0.000844,0.000000,0.000048,0.000548
1265,47,conference,mask_conference,environment,take_notes,delayed,-2.6524,0.22311,-0.08644,0.50000,0.39956,-0.18769,0.000182,-0.000650,0.000000,0.001007,-0.000262
1266,47,conference,mask_conference,environment,network_actively,delayed,-0.4180,0.22283,-0.08665,0.49915,0.39863,-0.18691,-0.000273,-0.000205,-0.000851,-0.000932,0.000773
1267,47,conference,mask_conference,environment,network_actively,goal_achieved,0.5852,0.22328,-0.08696,0.50000,0.39984,-0.18749,0.000446,-0.000318,0.000851,0.001211,-0.000579
1268,47,conference,mask_conference,environment,quick_scan,failed,-3.2734,0.22427,-0.08643,0.50000,0.40186,-0.18919,0.000986,0.000536,0.000000,0.002027,-0.001693
1269,47,conference,mask_conference,environment,network_actively,goal_achieved,0.5957,0.22472,-0.08676,0.50000,0.40310,-0.18977,0.000450,-0.000328,0.000000,0.001234,-0.000586
1270,48,work,mask_work,environment,deep_work,goal_achieved,1.9862,0.15179,0.50000,-0.50000,-0.50000,-0.27229,0.000876,0.000000,0.000000,0.000000,-0.000993
1271,48,work,mask_work,environment,deep_work,delayed,-0.6389,0.15115,0.50000,-0.50000,-0.50000,-0.27187,-0.000644,0.000000,0.000000,0.000000,0.000414
1272,48,work,mask_work,environment,deep_work,goal_achieved,1.9862,0.15202,0.50000,-0.50000,-0.50000,-0.27287,0.000876,0.000000,0.000000,0.000000,-0.000993
1273,48,work,mask_work,environment,tidy_up,failed,-2.2549,0.15345,0.50000,-0.50000,-0.50000,-0.27345,0.001431,0.000000,0.000000,0.000000,-0.000582
1274,48,work,mask_work,environment,take_notes,failed,-2.2037,0.15342,0.50000,-0.50000,-0.50000,-0.27422,-0.000034,0.000000,0.000000,0.000000,-0.000772
1275,48,work,mask_work,environment,take_notes,failed,-2.2038,0.15339,0.50000,-0.50000,-0.50000,-0.27499,-0.000033,0.000000,0.000000,0.000000,-0.000772
1276,48,work,mask_work,environment,handle_backlog,goal_achieved,2.1459,0.15369,0.50000,-0.50000,-0.50000,-0.27542,0.000306,0.000000,0.000000,0.000000,-0.000427
1277,48,work,mask_work,environment,tidy_up,delayed,-1.2023,0.15458,0.50000,-0.50000,-0.50000,-0.27605,0.000883,0.000000,0.000000,0.000000,-0.000627
1278,48,work,mask_work,environment,take_notes,goal_achieved,1.5832,0.15617,0.50000,-0.50000,-0.50000,-0.27651,0.001599,0.000000,0.000000,0.000000,-0.000462
1279,48,home,mask_home,environment,tidy_up,goal_achieved,1.8246,-0.50000,-0.16124,-0.50000,-0.24002,0.14512,0.000000,0.000594,0.000000,-0.000654,-0.000086
1280,48,home,mask_home,environment,tidy_up,goal_achieved,1.8249,-0.50000,-0.16065,-0.50000,-0.24067,0.14504,0.000000,0.000589,0.000000,-0.000651,-0.000084
1281,48,home,mask_home,environment,rest_deeply,goal_achieved,1.7919,-0.50000,-0.16086,-0.50000,-0.24131,0.14522,0.000000,-0.000203,0.000000,-0.000632,0.000184
1282,48,home,mask_home,environment,rest_deeply,delayed,-0.5168,-0.50000,-0.16004,-0.50000,-0.24207,0.14521,0.000000,0.000813,0.000000,-0.000766,-0.000015
1283,48,home,mask_home,environment,rest_deeply,delayed,-0.5169,-0.50000,-0.15923,-0.50000,-0.24284,0.14519,0.000000,0.000813,0.000000,-0.000764,-0.000016
1284,48,home,mask_home,environment,rest_deeply,delayed,-0.5169,-0.50000,-0.15842,-0.50000,-0.24360,0.14517,0.000000,0.000813,0.000000,-0.000763,-0.000016
1285,48,home,mask_home,environment,rest_deeply,goal_achieved,1.7934,-0.50000,-0.15864,-0.50000,-0.24422,0.14537,0.000000,-0.000223,0.000000,-0.000622,0.000192
1286,48,home,mask_home,environment,rest_deeply,delayed,-0.5172,-0.50000,-0.15783,-0.50000,-0.24498,0.14535,0.000000,0.000812,0.000000,-0.000762,-0.000016
1287,48,home,mask_home,environment,rest_deeply,goal_achieved,1.7932,-0.50000,-0.15806,-0.50000,-0.24560,0.14554,0.000000,-0.000227,0.000000,-0.000619,0.000193
1288,48,conference,mask_conference,environment,network_actively,goal_achieved,0.5966,0.22516,-0.08709,0.50000,0.40433,-0.19036,0.000449,-0.000331,0.000000,0.001236,-0.000585
1289,48,conference,mask_conference,environment,quick_scan,goal_achieved,0.8363,0.22504,-0.08795,0.50000,0.40439,-0.18980,-0.000123,-0.000867,0.000000,0.000061,0.000556
1290,48,conference,mask_conference,environment,quick_scan,goal_achieved,0.8334,0.22492,-0.08881,0.50000,0.40445,-0.18925,-0.000123,-0.000854,0.000000,0.000054,0.000551
1291,48,conference,mask_conference,environment,quick_scan,goal_achieved,0.8306,0.22480,-0.08965,0.50000,0.40450,-0.18870,-0.000123,-0.000841,0.000000,0.000048,0.000547
1292,48,conference,mask_conference,environment,network_actively,goal_achieved,0.5765,0.22523,-0.08996,0.50000,0.40569,-0.18927,0.000436,-0.000311,0.000000,0.001193,-0.000570
1293,48,conference,mask_conference,environment,network_actively,goal_achieved,0.5773,0.22567,-0.09027,0.50000,0.40688,-0.18984,0.000435,-0.000314,0.000000,0.001195,-0.000569
1294,48,conference,mask_conference,environment,network_actively,delayed,-0.4256,0.22538,-0.09049,0.49914,0.40594,-0.18905,-0.000283,-0.000213,-0.000861,-0.000948,0.000790
1295,48,conference,mask_conference,environment,network_actively,goal_achieved,0.5781,0.22582,-0.09080,0.50000,0.40713,-0.18962,0.000435,-0.000313,0.000861,0.001196,-0.000569
1296,48,conference,mask_conference,environment,network_actively,goal_achieved,0.5769,0.22625,-0.09111,0.50000,0.40833,-0.19019,0.000434,-0.000310,0.000000,0.001195,-0.000570
1297,49,work,mask_work,environment,deep_work,goal_achieved,1.9887,0.15706,0.50000,-0.50000,-0.50000,-0.27749,0.000889,0.000000,0.000000,0.000000,-0.000984
1298,49,work,mask_work,environment,network_actively,failed,-2.4611,0.15762,0.50000,-0.50000,-0.50000,-0.27825,0.000559,0.000000,0.000000,0.000000,-0.000755
1299,49,work,mask_work,environment,deep_work,goal_achieved,1.9901,0.15851,0.50000,-0.50000,-0.50000,-0.27923,0.000889,0.000000,0.000000,0.000000,-0.000986
1300,49,work,mask_work,environment,take_notes,delayed,-1.2630,0.15889,0.50000,-0.50000,-0.50000,-0.27993,0.000380,0.000000,0.000000,0.000000,-0.000696
1301,49,work,mask_work,environment,rest_deeply,failed,-2.3417,0.15967,0.50000,-0.50000,-0.50000,-0.28079,0.000781,0.000000,0.000000,0.000000,-0.000861
1302,49,work,mask_work,environment,take_notes,failed,-2.2077,0.15965,0.50000,-0.50000,-0.50000,-0.28157,-0.000022,0.000000,0.000000,0.000000,-0.000777
1303,49,work,mask_work,environment,network_actively,goal_achieved,2.0117,0.16013,0.49970,-0.49870,-0.49992,-0.28193,0.000480,-0.000296,0.001299,0.000084,-0.000364
1304,49,work,mask_work,environment,handle_backlog,delayed,-1.1579,0.16098,0.50000,-0.49995,-0.50000,-0.28293,0.000846,0.000296,-0.001245,-0.000084,-0.000999
1305,49,work,mask_work,environment,take_notes,failed,-2.2045,0.16096,0.50000,-0.50000,-0.50000,-0.28371,-0.000013,0.000000,-0.000054,0.000000,-0.000783
1306,49,home,mask_home,environment,tidy_up,failed,-2.5726,-0.50000,-0.16021,-0.50000,-0.24630,0.14653,0.000000,-0.002154,0.000000,-0.000696,0.000985
1307,49,home,mask_home,environment,zone_out,delayed,-1.4405,-0.50000,-0.15972,-0.50000,-0.24630,0.14631,0.000000,0.000493,0.000000,0.000004,-0.000222
1308,49,home,mask_home,environment,network_actively,delayed,-1.7626,-0.50000,-0.15970,-0.50000,-0.24688,0.14643,0.000000,0.000016,0.000000,-0.000590,0.000120
1309,49,home,mask_home,environment,rest_deeply,goal_achieved,1.8077,-0.50000,-0.15992,-0.50000,-0.24747,0.14660,0.000000,-0.000216,0.000000,-0.000590,0.000177
1310,49,home,mask_home,environment,rest_deeply,goal_achieved,1.8068,-0.50000,-0.16013,-0.50000,-0.24806,0.14678,0.000000,-0.000212,0.000000,-0.000589,0.000175
1311,49,home,mask_home,environment,rest_deeply,delayed,-0.4986,-0.50000,-0.15934,-0.50000,-0.24880,0.14676,0.000000,0.000790,0.000000,-0.000737,-0.000014
1312,49,home,mask_home,environment,rest_deeply,goal_achieved,1.8067,-0.50000,-0.15956,-0.50000,-0.24939,0.14694,0.000000,-0.000216,0.000000,-0.000586,0.000176
1313,49,home,mask_home,environment,network_actively,failed,-2.7048,-0.50000,-0.15963,-0.50000,-0.25062,0.14733,0.000000,-0.000075,0.000000,-0.001236,0.000386
1314,49,home,mask_home,environment,rest_deeply,goal_achieved,1.8063,-0.50000,-0.15984,-0.50000,-0.25121,0.14750,0.000000,-0.000208,0.000000,-0.000588,0.000173
1315,49,conference,mask_conference,environment,network_actively,delayed,-0.4259,0.22597,-0.09132,0.49914,0.40738,-0.18940,-0.000284,-0.000213,-0.000862,-0.000948,0.000790
1316,49,conference,mask_conference,environment,take_notes,delayed,-2.6497,0.22614,-0.09196,0.50000,0.40836,-0.18965,0.000170,-0.000635,0.000862,0.000981,-0.000249
1317,49,conference,mask_conference,environment,network_actively,goal_achieved,0.5791,0.22657,-0.09227,0.50000,0.40956,-0.19022,0.000428,-0.000315,0.000000,0.001200,-0.000572
1318,49,conference,mask_conference,environment,network_actively,goal_achieved,0.5800,0.22699,-0.09259,0.50000,0.41076,-0.19079,0.000427,-0.000318,0.000000,0.001202,-0.000570
1319,49,conference,mask_conference,environment,network_actively,goal_achieved,0.5808,0.22742,-0.09291,0.50000,0.41196,-0.19136,0.000426,-0.000321,0.000000,0.001203,-0.000569
1320,49,conference,mask_conference,environment,network_actively,goal_achieved,0.5816,0.22784,-0.09324,0.50000,0.41317,-0.19193,0.000425,-0.000324,0.000000,0.001205,-0.000567
1321,49,conference,mask_conference,environment,network_actively,goal_achieved,0.5825,0.22827,-0.09356,0.50000,0.41438,-0.19249,0.000424,-0.000327,0.000000,0.001207,-0.000565
1322,49,conference,mask_conference,environment,network_actively,goal_achieved,0.5833,0.22869,-0.09389,0.50000,0.41559,-0.19306,0.000423,-0.000330,0.000000,0.001208,-0.000564
1323,49,conference,mask_conference,environment,network_actively,goal_achieved,0.5841,0.22911,-0.09423,0.50000,0.41680,-0.19362,0.000422,-0.000333,0.000000,0.001210,-0.000562
1324,50,work,mask_work,environment,deep_work,goal_achieved,2.0054,0.16185,0.50000,-0.50000,-0.50000,-0.28471,0.000890,0.000000,0.000000,0.000000,-0.000999
1325,50,work,mask_work,environment,tidy_up,failed,-2.2515,0.16328,0.50000,-0.50000,-0.50000,-0.28531,0.001433,0.000000,0.000000,0.000000,-0.000599
1326,50,work,mask_work,environment,deep_work,goal_achieved,2.0107,0.16419,0.50000,-0.50000,-0.50000,-0.28631,0.000904,0.000000,0.000000,0.000000,-0.000998
1327,50,work,mask_work,environment,deep_work,delayed,-0.6126,0.16357,0.50000,-0.50000,-0.50000,-0.28590,-0.000614,0.000000,0.000000,0.000000,0.000410
1328,50,work,mask_work,environment,rest_deeply,delayed,-1.1607,0.16417,0.50000,-0.50000,-0.50000,-0.28661,0.000597,0.000000,0.000000,0.000000,-0.000708
1329,50,work,mask_work,environment,tidy_up,failed,-2.2458,0.16560,0.50000,-0.50000,-0.50000,-0.28720,0.001425,0.000000,0.000000,0.000000,-0.000593
1330,50,work,mask_work,environment,deep_work,delayed,-0.6068,0.16500,0.50000,-0.50000,-0.50000,-0.28679,-0.000599,0.000000,0.000000,0.000000,0.000410
1331,50,work,mask_work,environment,take_notes,failed,-2.1825,0.16500,0.50000,-0.50000,-0.50000,-0.28756,0.000001,0.000000,0.000000,0.000000,-0.000768
1332,50,work,mask_work,environment,deep_work,goal_achieved,2.0203,0.16591,0.50000,-0.50000,-0.50000,-0.28856,0.000913,0.000000,0.000000,0.000000,-0.000999
1333,50,home,mask_home,environment,zone_out,delayed,-1.4412,-0.50000,-0.15934,-0.50000,-0.25120,0.14727,0.000000,0.000497,0.000000,0.000011,-0.000226
1334,50,home,mask_home,environment,network_actively,goal_achieved,1.0688,-0.49914,-0.15902,-0.49926,-0.24981,0.14657,0.000858,0.000328,0.000738,0.001394,-0.000705
1335,50,home,mask_home,environment,rest_deeply,goal_achieved,1.8152,-0.50000,-0.15921,-0.50000,-0.25035,0.14673,-0.000858,-0.000198,-0.000738,-0.000547,0.000159
1336,50,home,mask_home,environment,network_actively,goal_achieved,1.0670,-0.49915,-0.15890,-0.49926,-0.24896,0.14603,0.000851,0.000317,0.000736,0.001394,-0.000700
1337,50,home,mask_home,environment,zone_out,goal_achieved,1.6791,-0.50000,-0.15978,-0.50000,-0.25072,0.14681,-0.000851,-0.000884,-0.000736,-0.001764,0.000788
1338,50,home,mask_home,environment,rest_deeply,goal_achieved,1.7865,-0.50000,-0.16001,-0.50000,-0.25131,0.14699,0.000000,-0.000226,0.000000,-0.000587,0.000178
1339,50,home,mask_home,environment,zone_out,delayed,-1.4575,-0.50000,-0.15951,-0.50000,-0.25127,0.14676,0.000000,0.000496,0.000000,0.000037,-0.000235
1340,50,home,mask_home,environment,deep_work,failed,-3.1601,-0.50000,-0.15961,-0.50000,-0.25182,0.14694,0.000000,-0.000102,0.000000,-0.000549,0.000185
1341,50,home,mask_home,environment,rest_deeply,goal_achieved,1.7968,-0.50000,-0.15982,-0.50000,-0.25238,0.14711,0.000000,-0.000210,0.000000,-0.000555,0.000164
1342,50,conference,mask_conference,environment,quick_scan,failed,-3.2729,0.23009,-0.09370,0.50000,0.41884,-0.19531,0.000974,0.000525,0.000000,0.002044,-0.001693
1343,50,conference,mask_conference,environment,quick_scan,failed,-3.2709,0.23106,-0.09319,0.50000,0.42088,-0.19699,0.000971,0.000508,0.000000,0.002045,-0.001681
1344,50,conference,mask_conference,environment,network_actively,goal_achieved,0.6074,0.23149,-0.09356,0.50000,0.42214,-0.19756,0.000431,-0.000363,0.000000,0.001259,-0.000571
1345,50,conference,mask_conference,environment,network_actively,goal_achieved,0.6082,0.23192,-0.09392,0.50000,0.42340,-0.19813,0.000430,-0.000365,0.000000,0.001260,-0.000570
1346,50,conference,mask_conference,environment,quick_scan,delayed,-2.2430,0.23261,-0.09378,0.50000,0.42496,-0.19925,0.000690,0.000142,0.000000,0.001560,-0.001111
1347,50,conference,mask_conference,environment,rest_deeply,goal_achieved,1.1609,0.23281,-0.09419,0.50000,0.42578,-0.19956,0.000201,-0.000410,0.000000,0.000820,-0.000309
1348,50,conference,mask_conference,environment,network_actively,goal_achieved,0.6120,0.23324,-0.09457,0.50000,0.42705,-0.20013,0.000425,-0.000378,0.000000,0.001271,-0.000570
1349,50,conference,mask_conference,environment,network_actively,goal_achieved,0.6128,0.23366,-0.09495,0.50000,0.42833,-0.20069,0.000425,-0.000380,0.000000,0.001273,-0.000569
1350,50,conference,mask_conference,environment,network_actively,goal_achieved,0.6135,0.23408,-0.09533,0.50000,0.42960,-0.20126,0.000424,-0.000382,0.000000,0.001274,-0.000567
1351,51,work,mask_work,environment,take_notes,delayed,-1.2375,0.16632,0.50000,-0.50000,-0.50000,-0.28925,0.000412,0.000000,0.000000,0.000000,-0.000696
1352,51,work,mask_work,environment,take_notes,goal_achieved,1.6045,0.16796,0.50000,-0.50000,-0.50000,-0.28972,0.001634,0.000000,0.000000,0.000000,-0.000468
1353,51,work,mask_work,environment,take_notes,goal_achieved,1.6042,0.16959,0.50000,-0.50000,-0.50000,-0.29019,0.001634,0.000000,0.000000,0.000000,-0.000468
1354,51,work,mask_work,environment,deep_work,goal_achieved,2.0060,0.17052,0.50000,-0.50000,-0.50000,-0.29119,0.000931,0.000000,0.000000,0.000000,-0.000996
1355,51,work,mask_work,environment,handle_backlog,goal_achieved,2.1522,0.17088,0.50000,-0.50000,-0.50000,-0.29161,0.000353,0.000000,0.000000,0.000000,-0.000425
1356,51,work,mask_work,environment,take_notes,goal_achieved,1.5959,0.17250,0.50000,-0.50000,-0.50000,-0.29208,0.001629,0.000000,0.000000,0.000000,-0.000464
1357,51,work,mask_work,environment,deep_work,goal_achieved,1.9930,0.17344,0.50000,-0.50000,-0.50000,-0.29306,0.000934,0.000000,0.000000,0.000000,-0.000988
1358,51,work,mask_work,environment,deep_work,goal_achieved,1.9930,0.17437,0.50000,-0.50000,-0.50000,-0.29405,0.000934,0.000000,0.000000,0.000000,-0.000988
1359,51,work,mask_work,environment,take_notes,failed,-2.1967,0.17438,0.50000,-0.50000,-0.50000,-0.29483,0.000007,0.000000,0.000000,0.000000,-0.000774
1360,51,home,mask_home,environment,zone_out,goal_achieved,1.6644,-0.50000,-0.16070,-0.50000,-0.25415,0.14789,0.000000,-0.000880,0.000000,-0.001771,0.000787
1361,51,home,mask_home,environment,rest_deeply,goal_achieved,1.7752,-0.50000,-0.16093,-0.50000,-0.25475,0.14808,0.000000,-0.000226,0.000000,-0.000604,0.000182
1362,51,home,mask_home,environment,zone_out,goal_achieved,1.6547,-0.50000,-0.16180,-0.50000,-0.25653,0.14886,0.000000,-0.000867,0.000000,-0.001781,0.000781
1363,51,home,mask_home,environment,rest_deeply,goal_achieved,1.7547,-0.50000,-0.16204,-0.50000,-0.25718,0.14905,0.000000,-0.000240,0.000000,-0.000650,0.000197
1364,51,home,mask_home,environment,rest_deeply,goal_achieved,1.7536,-0.50000,-0.16227,-0.50000,-0.25783,0.14925,0.000000,-0.000236,0.000000,-0.000650,0.000195
1365,51,home,mask_home,environment,network_actively,goal_achieved,1.0080,-0.49920,-0.16197,-0.49936,-0.25656,0.14858,0.000796,0.000300,0.000643,0.001274,-0.000669
1366,51,home,mask_home,environment,rest_deeply,delayed,-0.5469,-0.50000,-0.16126,-0.49979,-0.25736,0.14861,-0.000796,0.000710,-0.000435,-0.000804,0.000033
1367,51,home,mask_home,environment,network_actively,failed,-2.7537,-0.50000,-0.16140,-0.50000,-0.25868,0.14904,0.000000,-0.000137,-0.000207,-0.001322,0.000431
1368,51,home,mask_home,environment,rest_deeply,goal_achieved,1.7499,-0.50000,-0.16164,-0.50000,-0.25932,0.14924,0.000000,-0.000240,0.000000,-0.000638,0.000194
1369,51,conference,mask_conference,environment,quick_scan,goal_achieved,0.8389,0.23394,-0.09625,0.50000,0.42971,-0.20069,-0.000146,-0.000918,0.000000,0.000105,0.000569
1370,51,conference,mask_conference,environment,network_actively,goal_achieved,0.6072,0.23436,-0.09663,0.50000,0.43097,-0.20125,0.000419,-0.000376,0.000000,0.001261,-0.000563
1371,51,conference,mask_conference,environment,network_actively,goal_achieved,0.6079,0.23478,-0.09700,0.50000,0.43223,-0.20182,0.000418,-0.000378,0.000000,0.001262,-0.000561
1372,51,conference,mask_conference,environment,network_actively,goal_achieved,0.6086,0.23519,-0.09738,0.50000,0.43349,-0.20238,0.000418,-0.000380,0.000000,0.001264,-0.000560
1373,51,conference,mask_conference,environment,network_actively,goal_achieved,0.6093,0.23561,-0.09777,0.50000,0.43476,-0.20294,0.000417,-0.000382,0.000000,0.001265,-0.000559
1374,51,conference,mask_conference,environment,quick_scan,failed,-3.2821,0.23657,-0.09729,0.50000,0.43681,-0.20460,0.000958,0.000476,0.000000,0.002056,-0.001665
1375,51,conference,mask_conference,environment,network_actively,goal_achieved,0.6206,0.23699,-0.09769,0.50000,0.43810,-0.20516,0.000420,-0.000397,0.000000,0.001288,-0.000563
1376,51,conference,mask_conference,environment,network_actively,goal_achieved,0.6212,0.23741,-0.09809,0.50000,0.43939,-0.20572,0.000419,-0.000399,0.000000,0.001290,-0.000561
1377,51,conference,mask_conference,environment,network_actively,goal_achieved,0.6219,0.23783,-0.09849,0.50000,0.44068,-0.20629,0.000419,-0.000401,0.000000,0.001291,-0.000560
1378,52,work,mask_work,environment,deep_work,delayed,-0.6248,0.17379,0.50000,-0.50000,-0.50000,-0.29441,-0.000587,0.000000,0.000000,0.000000,0.000420
1379,52,work,mask_work,environment,deep_work,goal_achieved,1.9970,0.17472,0.50000,-0.50000,-0.50000,-0.29539,0.000928,0.000000,0.000000,0.000000,-0.000989
1380,52,work,mask_work,environment,deep_work,delayed,-0.6248,0.17413,0.50000,-0.50000,-0.50000,-0.29497,-0.000587,0.000000,0.000000,0.000000,0.000420
1381,52,work,mask_work,environment,deep_work,goal_achieved,1.9970,0.17506,0.50000,-0.50000,-0.50000,-0.29596,0.000928,0.000000,0.000000,0.000000,-0.000989
1382,52,work,mask_work,environment,take_notes,failed,-2.1867,0.17506,0.50000,-0.50000,-0.50000,-0.29672,-0.000007,0.000000,0.000000,0.000000,-0.000762
1383,52,work,mask_work,environment,tidy_up,delayed,-1.2021,0.17594,0.50000,-0.50000,-0.50000,-0.29735,0.000889,0.000000,0.000000,0.000000,-0.000624
1384,52,work,mask_work,environment,handle_backlog,goal_achieved,2.1604,0.17629,0.50000,-0.50000,-0.50000,-0.29777,0.000350,0.000000,0.000000,0.000000,-0.000419
1385,52,work,mask_work,environment,take_notes,goal_achieved,1.5979,0.17791,0.50000,-0.50000,-0.50000,-0.29822,0.001620,0.000000,0.000000,0.000000,-0.000450
1386,52,work,mask_work,environment,deep_work,goal_achieved,1.9903,0.17885,0.50000,-0.50000,-0.50000,-0.29920,0.000931,0.000000,0.000000,0.000000,-0.000981
1387,52,home,mask_home,environment,tidy_up,goal_achieved,1.7991,-0.50000,-0.16106,-0.50000,-0.25998,0.14916,0.000000,0.000580,0.000000,-0.000661,-0.000080
1388,52,home,mask_home,environment,zone_out,goal_achieved,1.6410,-0.50000,-0.16191,-0.50000,-0.26176,0.14993,0.000000,-0.000849,0.000000,-0.001778,0.000772
1389,52,home,mask_home,environment,quick_scan,delayed,-1.6582,-0.50000,-0.16188,-0.50000,-0.26242,0.14997,0.000000,0.000028,0.000000,-0.000663,0.000044
1390,52,home,mask_home,environment,rest_deeply,delayed,-0.5635,-0.50000,-0.16119,-0.50000,-0.26328,0.15003,0.000000,0.000687,0.000000,-0.000854,0.000054
1391,52,home,mask_home,environment,tidy_up,goal_achieved,1.7919,-0.50000,-0.16064,-0.50000,-0.26398,0.14996,0.000000,0.000556,0.000000,-0.000698,-0.000062
1392,52,home,mask_home,environment,rest_deeply,goal_achieved,1.7287,-0.50000,-0.16088,-0.50000,-0.26465,0.15017,0.000000,-0.000246,0.000000,-0.000669,0.000202
1393,52,home,mask_home,environment,zone_out,delayed,-1.4655,-0.50000,-0.16033,-0.50000,-0.26457,0.14990,0.000000,0.000554,0.000000,0.000075,-0.000271
1394,52,home,mask_home,environment,rest_deeply,goal_achieved,1.7390,-0.50000,-0.16056,-0.50000,-0.26521,0.15008,0.000000,-0.000228,0.000000,-0.000638,0.000188
1395,52,home,mask_home,environment,rest_deeply,delayed,-0.5561,-0.50000,-0.15984,-0.50000,-0.26603,0.15012,0.000000,0.000717,0.000000,-0.000822,0.000034
1396,52,conference,mask_conference,environment,quick_scan,goal_achieved,0.8352,0.23768,-0.09942,0.50000,0.44081,-0.20571,-0.000149,-0.000937,0.000000,0.000129,0.000571
1397,52,conference,mask_conference,environment,network_actively,goal_achieved,0.6157,0.23809,-0.09982,0.50000,0.44209,-0.20627,0.000414,-0.000394,0.000000,0.001278,-0.000556
1398,52,conference,mask_conference,environment,network_actively,goal_achieved,0.6163,0.23850,-0.10022,0.50000,0.44337,-0.20682,0.000413,-0.000396,0.000000,0.001279,-0.000555
1399,52,conference,mask_conference,environment,network_actively,goal_achieved,0.6170,0.23892,-0.10061,0.50000,0.44465,-0.20738,0.000413,-0.000398,0.000000,0.001281,-0.000554
1400,52,conference,mask_conference,environment,quick_scan,goal_achieved,0.8298,0.23877,-0.10154,0.50000,0.44478,-0.20681,-0.000149,-0.000929,0.000000,0.000130,0.000567
1401,52,conference,mask_conference,environment,network_actively,goal_achieved,0.6109,0.23918,-0.10193,0.50000,0.44605,-0.20736,0.000408,-0.000391,0.000000,0.001268,-0.000550
1402,52,conference,mask_conference,environment,quick_scan,goal_achieved,0.8260,0.23903,-0.10285,0.50000,0.44617,-0.20680,-0.000149,-0.000917,0.000000,0.000126,0.000562
1403,52,conference,mask_conference,environment,quick_scan,goal_achieved,0.8230,0.23888,-0.10375,0.50000,0.44629,-0.20624,-0.000149,-0.000903,0.000000,0.000119,0.000557
1404,52,conference,mask_conference,environment,network_actively,goal_achieved,0.5983,0.23928,-0.10413,0.50000,0.44753,-0.20679,0.000401,-0.000375,0.000000,0.001242,-0.000543
1405,53,work,mask_work,environment,rest_deeply,delayed,-1.1748,0.17946,0.50000,-0.50000,-0.50000,-0.29988,0.000615,0.000000,0.000000,0.000000,-0.000682
1406,53,work,mask_work,environment,take_notes,failed,-2.1916,0.17946,0.50000,-0.50000,-0.50000,-0.30064,-0.000004,0.000000,0.000000,0.000000,-0.000759
1407,53,work,mask_work,environment,network_actively,failed,-2.4425,0.18005,0.50000,-0.50000,-0.50000,-0.30139,0.000590,0.000000,0.000000,0.000000,-0.000748
1408,53,work,mask_work,environment,handle_backlog,delayed,-1.1433,0.18092,0.50000,-0.50000,-0.50000,-0.30237,0.000879,0.000000,0.000000,0.000000,-0.000986
1409,53,work,mask_work,environment,network_actively,goal_achieved,2.0254,0.18144,0.49968,-0.49868,-0.49991,-0.30272,0.000513,-0.000323,0.001317,0.000094,-0.000352
1410,53,work,mask_work,environment,network_actively,failed,-2.4344,0.18204,0.50000,-0.50000,-0.50000,-0.30348,0.000598,0.000323,-0.001317,-0.000094,-0.000758
1411,53,work,mask_work,environment,take_notes,failed,-2.1860,0.18204,0.50000,-0.50000,-0.50000,-0.30425,0.000004,0.000000,0.000000,0.000000,-0.000767
1412,53,work,mask_work,environment,deep_work,delayed,-0.6169,0.18146,0.50000,-0.50000,-0.50000,-0.30383,-0.000584,0.000000,0.000000,0.000000,0.000417
1413,53,work,mask_work,environment,deep_work,goal_achieved,2.0039,0.18239,0.50000,-0.50000,-0.50000,-0.30482,0.000930,0.000000,0.000000,0.000000,-0.000992
1414,53,home,mask_home,environment,network_actively,failed,-2.7604,-0.50000,-0.15996,-0.50000,-0.26735,0.15054,0.000000,-0.000121,0.000000,-0.001319,0.000423
1415,53,home,mask_home,environment,network_actively,failed,-2.7622,-0.50000,-0.16008,-0.50000,-0.26867,0.15096,0.000000,-0.000118,0.000000,-0.001319,0.000421
1416,53,home,mask_home,environment,rest_deeply,delayed,-0.5535,-0.50000,-0.15937,-0.50000,-0.26950,0.15100,0.000000,0.000712,0.000000,-0.000832,0.000039
1417,53,home,mask_home,environment,rest_deeply,goal_achieved,1.7394,-0.50000,-0.15960,-0.50000,-0.27014,0.15119,0.000000,-0.000228,0.000000,-0.000637,0.000188
1418,53,home,mask_home,environment,zone_out,goal_achieved,1.6479,-0.50000,-0.16043,-0.50000,-0.27193,0.15196,0.000000,-0.000833,0.000000,-0.001787,0.000770
1419,53,home,mask_home,environment,network_actively,failed,-2.7770,-0.50000,-0.16056,-0.50000,-0.27328,0.15240,0.000000,-0.000136,0.000000,-0.001357,0.000437
1420,53,home,mask_home,environment,rest_deeply,goal_achieved,1.7207,-0.50000,-0.16080,-0.50000,-0.27396,0.15259,0.000000,-0.000232,0.000000,-0.000680,0.000198
1421,53,home,mask_home,environment,rest_deeply,delayed,-0.5677,-0.50000,-0.16012,-0.50000,-0.27485,0.15266,0.000000,0.000676,0.000000,-0.000884,0.000067
1422,53,home,mask_home,environment,rest_deeply,goal_achieved,1.7200,-0.50000,-0.16035,-0.50000,-0.27552,0.15286,0.000000,-0.000233,0.000000,-0.000677,0.000199
1423,53,conference,mask_conference,environment,rest_deeply,delayed,-2.5529,0.23959,-0.10446,0.50000,0.44843,-0.20711,0.000307,-0.000336,0.000000,0.000894,-0.000328
1424,53,conference,mask_conference,environment,network_actively,goal_achieved,0.5998,0.23999,-0.10484,0.50000,0.44967,-0.20766,0.000400,-0.000376,0.000000,0.001245,-0.000542
1425,53,conference,mask_conference,environment,quick_scan,delayed,-2.2652,0.24067,-0.10469,0.50000,0.45126,-0.20878,0.000682,0.000146,0.000000,0.001582,-0.001122
1426,53,conference,mask_conference,environment,network_actively,goal_achieved,0.6067,0.24107,-0.10508,0.50000,0.45251,-0.20932,0.000402,-0.000386,0.000000,0.001259,-0.000543
1427,53,conference,mask_conference,environment,rest_deeply,failed,-3.7724,0.24143,-0.10540,0.50000,0.45346,-0.20967,0.000354,-0.000317,0.000000,0.000942,-0.000345
1428,53,conference,mask_conference,environment,network_actively,goal_achieved,0.6095,0.24183,-0.10578,0.50000,0.45472,-0.21021,0.000404,-0.000387,0.000000,0.001263,-0.000543
1429,53,conference,mask_conference,environment,network_actively,delayed,-0.4220,0.24155,-0.10598,0.49914,0.45379,-0.20944,-0.000277,-0.000199,-0.000862,-0.000928,0.000766
1430,53,conference,mask_conference,environment,network_actively,delayed,-0.4222,0.24127,-0.10618,0.49828,0.45286,-0.20868,-0.000278,-0.000199,-0.000862,-0.000928,0.000766
1431,53,conference,mask_conference,environment,network_actively,goal_achieved,0.6102,0.24168,-0.10657,0.50000,0.45413,-0.20922,0.000405,-0.000382,0.001724,0.001263,-0.000545
1432,54,work,mask_work,environment,tidy_up,failed,-2.2505,0.18380,0.50000,-0.50000,-0.50000,-0.30540,0.001414,0.000000,0.000000,0.000000,-0.000575
1433,54,work,mask_work,environment,take_notes,failed,-2.1762,0.18381,0.50000,-0.50000,-0.50000,-0.30616,0.000011,0.000000,0.000000,0.000000,-0.000760
1434,54,work,mask_work,environment,deep_work,goal_achieved,2.0124,0.18475,0.50000,-0.50000,-0.50000,-0.30715,0.000937,0.000000,0.000000,0.000000,-0.000992
1435,54,work,mask_work,environment,handle_backlog,delayed,-1.1316,0.18562,0.50000,-0.50000,-0.50000,-0.30813,0.000878,0.000000,0.000000,0.000000,-0.000981
1436,54,work,mask_work,environment,network_actively,goal_achieved,2.0462,0.18614,0.49966,-0.49867,-0.49990,-0.30849,0.000519,-0.000343,0.001328,0.000101,-0.000357
1437,54,work,mask_work,environment,deep_work,goal_achieved,2.0152,0.18709,0.50000,-0.50000,-0.50000,-0.30949,0.000944,0.000343,-0.001328,-0.000101,-0.000998
1438,54,work,mask_work,environment,deep_work,goal_achieved,2.0147,0.18803,0.50000,-0.50000,-0.50000,-0.31048,0.000944,0.000000,0.000000,0.000000,-0.000998
1439,54,work,mask_work,environment,tidy_up,delayed,-1.1990,0.18893,0.50000,-0.50000,-0.50000,-0.31112,0.000897,0.000000,0.000000,0.000000,-0.000639
1440,54,work,mask_work,environment,deep_work,goal_achieved,2.0164,0.18988,0.50000,-0.50000,-0.50000,-0.31212,0.000949,0.000000,0.000000,0.000000,-0.000998
1441,54,home,mask_home,environment,zone_out,failed,-2.4788,-0.49970,-0.15931,-0.50000,-0.27481,0.15223,0.000299,0.001047,0.000000,0.000713,-0.000632
1442,54,home,mask_home,environment,rest_deeply,goal_achieved,1.7400,-0.50000,-0.15952,-0.50000,-0.27543,0.15241,-0.000299,-0.000213,0.000000,-0.000624,0.000178
1443,54,home,mask_home,environment,rest_deeply,goal_achieved,1.7384,-0.50000,-0.15973,-0.50000,-0.27606,0.15258,0.000000,-0.000205,0.000000,-0.000624,0.000175
1444,54,home,mask_home,environment,rest_deeply,delayed,-0.5507,-0.50000,-0.15901,-0.50000,-0.27689,0.15262,0.000000,0.000710,0.000000,-0.000832,0.000040
1445,54,home,mask_home,environment,tidy_up,delayed,-1.5210,-0.50000,-0.16043,-0.50000,-0.27760,0.15332,0.000000,-0.001411,0.000000,-0.000712,0.000699
1446,54,home,mask_home,environment,rest_deeply,goal_achieved,1.7392,-0.50000,-0.16064,-0.50000,-0.27823,0.15349,0.000000,-0.000212,0.000000,-0.000625,0.000175
1447,54,home,mask_home,environment,tidy_up,goal_achieved,1.8136,-0.50000,-0.16003,-0.50000,-0.27888,0.15340,0.000000,0.000603,0.000000,-0.000657,-0.000091
1448,54,home,mask_home,environment,network_actively,failed,-2.7605,-0.50000,-0.16014,-0.50000,-0.28018,0.15381,0.000000,-0.000108,0.000000,-0.001299,0.000411
1449,54,home,mask_home,environment,tidy_up,failed,-2.6440,-0.50000,-0.16219,-0.50000,-0.28092,0.15476,0.000000,-0.002049,0.000000,-0.000737,0.000949
1450,54,conference,mask_conference,environment,quick_scan,delayed,-2.2532,0.24236,-0.10642,0.50000,0.45570,-0.21034,0.000681,0.000149,0.000000,0.001578,-0.001117
1451,54,conference,mask_conference,environment,network_actively,goal_achieved,0.6131,0.24277,-0.10680,0.50000,0.45698,-0.21089,0.000406,-0.000380,0.000000,0.001271,-0.000552
1452,54,conference,mask_conference,environment,network_actively,goal_achieved,0.6137,0.24317,-0.10718,0.50000,0.45825,-0.21144,0.000406,-0.000382,0.000000,0.001272,-0.000551
1453,54,conference,mask_conference,environment,quick_scan,goal_achieved,0.8331,0.24302,-0.10808,0.50000,0.45838,-0.21088,-0.000151,-0.000906,0.000000,0.000129,0.000561
1454,54,conference,mask_conference,environment,network_actively,goal_achieved,0.6080,0.24342,-0.10846,0.50000,0.45964,-0.21143,0.000402,-0.000374,0.000000,0.001261,-0.000547
1455,54,conference,mask_conference,environment,take_notes,goal_achieved,0.9230,0.24388,-0.10839,0.50000,0.46032,-0.21185,0.000452,0.000073,0.000000,0.000686,-0.000418
1456,54,conference,mask_conference,environment,network_actively,delayed,-0.4278,0.24360,-0.10856,0.49911,0.45938,-0.21108,-0.000271,-0.000178,-0.000892,-0.000940,0.000762
1457,54,conference,mask_conference,environment,network_actively,goal_achieved,0.6054,0.24401,-0.10892,0.50000,0.46064,-0.21163,0.000409,-0.000359,0.000892,0.001254,-0.000549
1458,54,conference,mask_conference,environment,quick_scan,goal_achieved,0.8300,0.24387,-0.10980,0.50000,0.46075,-0.21108,-0.000146,-0.000873,0.000000,0.000111,0.000554
1459,55,work,mask_work,environment,deep_work,delayed,-0.6033,0.18931,0.50000,-0.50000,-0.50000,-0.31171,-0.000564,0.000000,0.000000,0.000000,0.000412
1460,55,work,mask_work,environment,take_notes,goal_achieved,1.6129,0.19096,0.50000,-0.50000,-0.50000,-0.31217,0.001649,0.000000,0.000000,0.000000,-0.000461
1461,55,work,mask_work,environment,deep_work,goal_achieved,2.0093,0.19192,0.50000,-0.50000,-0.50000,-0.31317,0.000957,0.000000,0.000000,0.000000,-0.000996
1462,55,work,mask_work,environment,tidy_up,goal_achieved,1.9547,0.19125,0.50000,-0.50000,-0.50000,-0.31395,-0.000674,0.000000,0.000000,0.000000,-0.000781
1463,55,work,mask_work,environment,take_notes,failed,-2.1828,0.19125,0.50000,-0.50000,-0.50000,-0.31472,0.000009,0.000000,0.000000,0.000000,-0.000772
1464,55,work,mask_work,environment,handle_backlog,goal_achieved,2.1547,0.19160,0.50000,-0.50000,-0.50000,-0.31514,0.000347,0.000000,0.000000,0.000000,-0.000418
1465,55,work,mask_work,environment,deep_work,goal_achieved,2.0009,0.19253,0.50000,-0.50000,-0.50000,-0.31613,0.000928,0.000000,0.000000,0.000000,-0.000992
1466,55,work,mask_work,environment,deep_work,goal_achieved,2.0009,0.19346,0.50000,-0.50000,-0.50000,-0.31712,0.000928,0.000000,0.000000,0.000000,-0.000993
1467,55,work,mask_work,environment,handle_backlog,goal_achieved,2.1507,0.19381,0.50000,-0.50000,-0.50000,-0.31755,0.000352,0.000000,0.000000,0.000000,-0.000424
1468,55,home,mask_home,environment,rest_deeply,goal_achieved,1.7386,-0.50000,-0.16240,-0.50000,-0.28155,0.15493,0.000000,-0.000204,0.000000,-0.000631,0.000170
1469,55,home,mask_home,environment,quick_scan,goal_achieved,1.8506,-0.50000,-0.16262,-0.50000,-0.28241,0.15551,0.000000,-0.000229,0.000000,-0.000861,0.000580
1470,55,home,mask_home,environment,tidy_up,goal_achieved,1.8016,-0.50000,-0.16200,-0.50000,-0.28308,0.15542,0.000000,0.000621,0.000000,-0.000668,-0.000091
1471,55,home,mask_home,environment,quick_scan,delayed,-1.6319,-0.50000,-0.16193,-0.50000,-0.28371,0.15544,0.000000,0.000074,0.000000,-0.000629,0.000015
1472,55,home,mask_home,environment,network_actively,failed,-2.7706,-0.50000,-0.16205,-0.50000,-0.28501,0.15586,0.000000,-0.000118,0.000000,-0.001306,0.000418
1473,55,home,mask_home,environment,zone_out,goal_achieved,1.6248,-0.50000,-0.16288,-0.50000,-0.28685,0.15664,0.000000,-0.000831,0.000000,-0.001838,0.000780
1474,55,home,mask_home,environment,rest_deeply,goal_achieved,1.7143,-0.50000,-0.16308,-0.50000,-0.28752,0.15682,0.000000,-0.000207,0.000000,-0.000669,0.000184
1475,55,home,mask_home,environment,zone_out,delayed,-1.4492,-0.50000,-0.16251,-0.50000,-0.28742,0.15653,0.000000,0.000578,0.000000,0.000097,-0.000285
1476,55,home,mask_home,environment,rest_deeply,goal_achieved,1.7236,-0.50000,-0.16270,-0.50000,-0.28806,0.15670,0.000000,-0.000190,0.000000,-0.000640,0.000170
1477,55,conference,mask_conference,environment,network_actively,delayed,-0.4319,0.24359,-0.10998,0.49910,0.45980,-0.21030,-0.000279,-0.000186,-0.000896,-0.000949,0.000774
1478,55,conference,mask_conference,environment,network_actively,goal_achieved,0.5979,0.24399,-0.11032,0.50000,0.46104,-0.21085,0.000406,-0.000343,0.000896,0.001239,-0.000550
1479,55,conference,mask_conference,environment,quick_scan,delayed,-2.2520,0.24468,-0.11014,0.50000,0.46260,-0.21198,0.000685,0.000184,0.000000,0.001562,-0.001126
1480,55,conference,mask_conference,environment,network_actively,goal_achieved,0.6027,0.24509,-0.11049,0.50000,0.46385,-0.21253,0.000407,-0.000348,0.000000,0.001250,-0.000553
1481,55,conference,mask_conference,environment,network_actively,goal_achieved,0.6035,0.24549,-0.11084,0.50000,0.46510,-0.21309,0.000406,-0.000350,0.000000,0.001251,-0.000552
1482,55,conference,mask_conference,environment,network_actively,goal_achieved,0.6042,0.24590,-0.11119,0.50000,0.46635,-0.21364,0.000405,-0.000352,0.000000,0.001253,-0.000551
1483,55,conference,mask_conference,environment,deep_work,goal_achieved,0.8473,0.24628,-0.11126,0.50000,0.46707,-0.21409,0.000381,-0.000064,0.000000,0.000711,-0.000457
1484,55,conference,mask_conference,environment,network_actively,goal_achieved,0.5952,0.24670,-0.11156,0.50000,0.46829,-0.21467,0.000422,-0.000307,0.000000,0.001222,-0.000574
1485,55,conference,mask_conference,environment,network_actively,delayed,-0.4401,0.24645,-0.11168,0.49903,0.46731,-0.21393,-0.000253,-0.000122,-0.000966,-0.000976,0.000735
1486,56,work,mask_work,environment,tidy_up,failed,-2.2665,0.19523,0.50000,-0.50000,-0.50000,-0.31812,0.001416,0.000000,0.000000,0.000000,-0.000579
1487,56,work,mask_work,environment,take_notes,goal_achieved,1.5941,0.19686,0.50000,-0.50000,-0.50000,-0.31858,0.001638,0.000000,0.000000,0.000000,-0.000457
1488,56,work,mask_work,environment,take_notes,failed,-2.1918,0.19688,0.50000,-0.50000,-0.50000,-0.31935,0.000015,0.000000,0.000000,0.000000,-0.000764
1489,56,work,mask_work,environment,take_notes,goal_achieved,1.5938,0.19852,0.50000,-0.50000,-0.50000,-0.31980,0.001637,0.000000,0.000000,0.000000,-0.000457
1490,56,work,mask_work,environment,take_notes,failed,-2.1917,0.19853,0.50000,-0.50000,-0.50000,-0.32057,0.000015,0.000000,0.000000,0.000000,-0.000765
1491,56,work,mask_work,environment,tidy_up,failed,-2.2733,0.19995,0.50000,-0.50000,-0.50000,-0.32115,0.001423,0.000000,0.000000,0.000000,-0.000578
1492,56,work,mask_work,environment,network_actively,failed,-2.4333,0.20058,0.50000,-0.50000,-0.50000,-0.32190,0.000624,0.000000,0.000000,0.000000,-0.000757
1493,56,work,mask_work,environment,handle_backlog,goal_achieved,2.1553,0.20096,0.50000,-0.50000,-0.50000,-0.32232,0.000384,0.000000,0.000000,0.000000,-0.000422
1494,56,work,mask_work,environment,rest_deeply,failed,-2.3358,0.20178,0.50000,-0.50000,-0.50000,-0.32316,0.000823,0.000000,0.000000,0.000000,-0.000834
1495,56,home,mask_home,environment,rest_deeply,goal_achieved,1.7231,-0.50000,-0.16289,-0.50000,-0.28870,0.15687,0.000000,-0.000189,0.000000,-0.000640,0.000169
1496,56,home,mask_home,environment,network_actively,failed,-2.7869,-0.50000,-0.16301,-0.50000,-0.29001,0.15729,0.000000,-0.000127,0.000000,-0.001312,0.000420
1497,56,home,mask_home,environment,rest_deeply,goal_achieved,1.7233,-0.50000,-0.16320,-0.50000,-0.29065,0.15746,0.000000,-0.000186,0.000000,-0.000640,0.000167
1498,56,home,mask_home,environment,rest_deeply,goal_achieved,1.7228,-0.50000,-0.16338,-0.50000,-0.29129,0.15763,0.000000,-0.000185,0.000000,-0.000639,0.000166
1499,56,home,mask_home,environment,rest_deeply,goal_achieved,1.7223,-0.50000,-0.16357,-0.50000,-0.29193,0.15779,0.000000,-0.000183,0.000000,-0.000638,0.000164
1500,56,home,mask_home,environment,rest_deeply,goal_achieved,1.7218,-0.50000,-0.16375,-0.50000,-0.29257,0.15795,0.000000,-0.000182,0.000000,-0.000637,0.000163
1501,56,home,mask_home,environment,tidy_up,goal_achieved,1.7846,-0.50000,-0.16315,-0.50000,-0.29324,0.15786,0.000000,0.000599,0.000000,-0.000671,-0.000090
1502,56,home,mask_home,environment,tidy_up,delayed,-1.5743,-0.50000,-0.16449,-0.50000,-0.29398,0.15854,0.000000,-0.001342,0.000000,-0.000735,0.000676
1503,56,home,mask_home,environment,rest_deeply,goal_achieved,1.7224,-0.50000,-0.16468,-0.50000,-0.29461,0.15870,0.000000,-0.000187,0.000000,-0.000635,0.000162
1504,56,conference,mask_conference,environment,take_notes,goal_achieved,0.9253,0.24691,-0.11156,0.49990,0.46796,-0.21437,0.000465,0.000127,0.000864,0.000645,-0.000437
1505,56,conference,mask_conference,environment,network_actively,delayed,-0.4443,0.24667,-0.11166,0.49891,0.46697,-0.21364,-0.000246,-0.000104,-0.000991,-0.000985,0.000731
1506,56,conference,mask_conference,environment,network_actively,goal_achieved,0.5921,0.24710,-0.11195,0.50000,0.46819,-0.21422,0.000429,-0.000288,0.001093,0.001214,-0.000578
1507,56,conference,mask_conference,environment,network_actively,goal_achieved,0.5906,0.24752,-0.11223,0.50000,0.46940,-0.21479,0.000428,-0.000284,0.000000,0.001213,-0.000579
1508,56,conference,mask_conference,environment,network_actively,delayed,-0.4446,0.24728,-0.11234,0.49901,0.46841,-0.21406,-0.000246,-0.000103,-0.000992,-0.000986,0.000731
1509,56,conference,mask_conference,environment,network_actively,goal_achieved,0.5919,0.24771,-0.11262,0.50000,0.46963,-0.21464,0.000428,-0.000286,0.000992,0.001214,-0.000579
1510,56,conference,mask_conference,environment,network_actively,goal_achieved,0.5906,0.24813,-0.11291,0.50000,0.47084,-0.21522,0.000427,-0.000283,0.000000,0.001213,-0.000580
1511,56,conference,mask_conference,environment,network_actively,goal_achieved,0.5913,0.24856,-0.11319,0.50000,0.47205,-0.21580,0.000426,-0.000285,0.000000,0.001214,-0.000579
1512,56,conference,mask_conference,environment,quick_scan,goal_achieved,0.8303,0.24843,-0.11399,0.50000,0.47212,-0.21527,-0.000129,-0.000804,0.000000,0.000066,0.000531
1513,57,work,mask_work,environment,take_notes,failed,-2.1878,0.20181,0.50000,-0.50000,-0.50000,-0.32392,0.000027,0.000000,0.000000,0.000000,-0.000763
1514,57,work,mask_work,environment,tidy_up,failed,-2.2709,0.20323,0.50000,-0.50000,-0.50000,-0.32450,0.001417,0.000000,0.000000,0.000000,-0.000579
1515,57,work,mask_work,environment,tidy_up,failed,-2.2711,0.20464,0.50000,-0.50000,-0.50000,-0.32508,0.001416,0.000000,0.000000,0.000000,-0.000580
1516,57,work,mask_work,environment,tidy_up,goal_achieved,1.9432,0.20396,0.50000,-0.50000,-0.50000,-0.32585,-0.000679,0.000000,0.000000,0.000000,-0.000773
1517,57,work,mask_work,environment,take_notes,goal_achieved,1.5988,0.20562,0.50000,-0.50000,-0.50000,-0.32631,0.001653,0.000000,0.000000,0.000000,-0.000455
1518,57,work,mask_work,environment,take_notes,failed,-2.1858,0.20565,0.50000,-0.50000,-0.50000,-0.32707,0.000032,0.000000,0.000000,0.000000,-0.000763
1519,57,work,mask_work,environment,take_notes,goal_achieved,1.5986,0.20730,0.50000,-0.50000,-0.50000,-0.32753,0.001652,0.000000,0.000000,0.000000,-0.000455
1520,57,work,mask_work,environment,take_notes,delayed,-1.2398,0.20774,0.50000,-0.50000,-0.50000,-0.32821,0.000437,0.000000,0.000000,0.000000,-0.000686
1521,57,work,mask_work,environment,deep_work,delayed,-0.6223,0.20719,0.50000,-0.50000,-0.50000,-0.32778,-0.000545,0.000000,0.000000,0.000000,0.000429
1522,57,home,mask_home,environment,network_actively,delayed,-1.8456,-0.50000,-0.16468,-0.50000,-0.29527,0.15884,0.000000,-0.000006,0.000000,-0.000664,0.000136
1523,57,home,mask_home,environment,rest_deeply,goal_achieved,1.7214,-0.50000,-0.16487,-0.50000,-0.29591,0.15900,0.000000,-0.000185,0.000000,-0.000633,0.000159
1524,57,home,mask_home,environment,network_actively,failed,-2.8037,-0.50000,-0.16501,-0.50000,-0.29721,0.15942,0.000000,-0.000146,0.000000,-0.001302,0.000419
1525,57,home,mask_home,environment,network_actively,delayed,-1.8491,-0.50000,-0.16502,-0.50000,-0.29787,0.15955,0.000000,-0.000005,0.000000,-0.000660,0.000133
1526,57,home,mask_home,environment,quick_scan,delayed,-1.6562,-0.50000,-0.16496,-0.50000,-0.29851,0.15956,0.000000,0.000055,0.000000,-0.000636,0.000013
1527,57,home,mask_home,environment,zone_out,goal_achieved,1.5907,-0.50000,-0.16581,-0.50000,-0.30036,0.16034,0.000000,-0.000849,0.000000,-0.001858,0.000778
1528,57,home,mask_home,environment,zone_out,delayed,-1.4571,-0.50000,-0.16524,-0.50000,-0.30024,0.16004,0.000000,0.000573,0.000000,0.000127,-0.000301
1529,57,home,mask_home,environment,zone_out,failed,-2.4723,-0.49958,-0.16420,-0.50000,-0.29945,0.15938,0.000421,0.001044,0.000000,0.000789,-0.000658
1530,57,home,mask_home,environment,rest_deeply,goal_achieved,1.7344,-0.50000,-0.16436,-0.50000,-0.30004,0.15952,-0.000421,-0.000164,0.000000,-0.000594,0.000139
1531,57,conference,mask_conference,environment,network_actively,goal_achieved,0.5864,0.24885,-0.11428,0.50000,0.47332,-0.21584,0.000422,-0.000282,0.000000,0.001204,-0.000574
1532,57,conference,mask_conference,environment,quick_scan,delayed,-2.2575,0.24956,-0.11403,0.50000,0.47484,-0.21699,0.000703,0.000245,0.000000,0.001520,-0.001146
1533,57,conference,mask_conference,environment,network_actively,goal_achieved,0.5929,0.24998,-0.11432,0.50000,0.47606,-0.21756,0.000424,-0.000292,0.000000,0.001217,-0.000574
1534,57,conference,mask_conference,environment,network_actively,goal_achieved,0.5937,0.25040,-0.11462,0.50000,0.47728,-0.21814,0.000423,-0.000295,0.000000,0.001218,-0.000573
1535,57,conference,mask_conference,environment,network_actively,delayed,-0.4464,0.25016,-0.11471,0.49900,0.47629,-0.21741,-0.000244,-0.000097,-0.001000,-0.000988,0.000728
1536,57,conference,mask_conference,environment,rest_deeply,goal_achieved,1.1281,0.25033,-0.11505,0.49991,0.47704,-0.21771,0.000176,-0.000341,0.000906,0.000744,-0.000305
1537,57,conference,mask_conference,environment,quick_scan,goal_achieved,0.8306,0.25020,-0.11586,0.50000,0.47710,-0.21718,-0.000138,-0.000808,0.000094,0.000064,0.000535
1538,57,conference,mask_conference,environment,network_actively,delayed,-0.4531,0.24994,-0.11597,0.49898,0.47610,-0.21644,-0.000259,-0.000110,-0.001022,-0.001000,0.000742
1539,57,conference,mask_conference,environment,network_actively,delayed,-0.4533,0.24968,-0.11608,0.49796,0.47510,-0.21569,-0.000259,-0.000110,-0.001022,-0.001000,0.000742
1540,58,work,mask_work,environment,network_actively,failed,-2.4313,0.20782,0.50000,-0.50000,-0.50000,-0.32853,0.000626,0.000000,0.000000,0.000000,-0.000747
1541,58,work,mask_work,environment,tidy_up,failed,-2.2721,0.20924,0.50000,-0.50000,-0.50000,-0.32910,0.001417,0.000000,0.000000,0.000000,-0.000571
1542,58,work,mask_work,environment,tidy_up,failed,-2.2723,0.21065,0.50000,-0.50000,-0.50000,-0.32967,0.001417,0.000000,0.000000,0.000000,-0.000571
1543,58,work,mask_work,environment,tidy_up,goal_achieved,1.9439,0.20998,0.50000,-0.50000,-0.50000,-0.33044,-0.000675,0.000000,0.000000,0.000000,-0.000764
1544,58,work,mask_work,environment,take_notes,delayed,-1.2301,0.21041,0.50000,-0.50000,-0.50000,-0.33112,0.000433,0.000000,0.000000,0.000000,-0.000679
1545,58,work,mask_work,environment,tidy_up,delayed,-1.2173,0.21130,0.50000,-0.50000,-0.50000,-0.33174,0.000892,0.000000,0.000000,0.000000,-0.000620
1546,58,work,mask_work,environment,network_actively,failed,-2.4269,0.21194,0.50000,-0.50000,-0.50000,-0.33248,0.000633,0.000000,0.000000,0.000000,-0.000747
1547,58,work,mask_work,environment,deep_work,goal_achieved,2.0017,0.21291,0.50000,-0.50000,-0.50000,-0.33347,0.000970,0.000000,0.000000,0.000000,-0.000984
1548,58,work,mask_work,environment,handle_backlog,goal_achieved,2.1665,0.21331,0.50000,-0.50000,-0.50000,-0.33389,0.000400,0.000000,0.000000,0.000000,-0.000422
1549,58,home,mask_home,environment,rest_deeply,goal_achieved,1.7335,-0.50000,-0.16452,-0.50000,-0.30063,0.15966,0.000000,-0.000160,0.000000,-0.000592,0.000137
1550,58,home,mask_home,environment,network_actively,failed,-2.7984,-0.50000,-0.16465,-0.50000,-0.30189,0.16005,0.000000,-0.000126,0.000000,-0.001259,0.000396
1551,58,home,mask_home,environment,tidy_up,goal_achieved,1.7904,-0.50000,-0.16404,-0.50000,-0.30252,0.15994,0.000000,0.000612,0.000000,-0.000630,-0.000113
1552,58,home,mask_home,environment,rest_deeply,goal_achieved,1.7318,-0.50000,-0.16419,-0.50000,-0.30311,0.16007,0.000000,-0.000152,0.000000,-0.000590,0.000133
1553,58,home,mask_home,environment,rest_deeply,delayed,-0.5353,-0.50000,-0.16357,-0.50000,-0.30398,0.16016,0.000000,0.000617,0.000000,-0.000865,0.000089
1554,58,home,mask_home,environment,zone_out,failed,-2.4715,-0.49958,-0.16252,-0.50000,-0.30318,0.15950,0.000420,0.001053,0.000000,0.000794,-0.000661
1555,58,home,mask_home,environment,rest_deeply,goal_achieved,1.7474,-0.50000,-0.16265,-0.50000,-0.30373,0.15962,-0.000420,-0.000134,0.000000,-0.000546,0.000118
1556,58,home,mask_home,environment,network_actively,failed,-2.7849,-0.50000,-0.16274,-0.50000,-0.30494,0.15999,0.000000,-0.000089,0.000000,-0.001209,0.000371
1557,58,home,mask_home,environment,rest_deeply,goal_achieved,1.7474,-0.50000,-0.16287,-0.50000,-0.30548,0.16011,0.000000,-0.000130,0.000000,-0.000546,0.000116
1558,58,conference,mask_conference,environment,network_actively,goal_achieved,0.5852,0.25009,-0.11637,0.49981,0.47630,-0.21627,0.000415,-0.000284,0.001850,0.001203,-0.000571
1559,58,conference,mask_conference,environment,network_actively,goal_achieved,0.5821,0.25051,-0.11664,0.50000,0.47750,-0.21684,0.000414,-0.000276,0.000195,0.001199,-0.000575
1560,58,conference,mask_conference,environment,quick_scan,failed,-3.2761,0.25148,-0.11604,0.50000,0.47949,-0.21854,0.000970,0.000598,0.000000,0.001991,-0.001700
1561,58,conference,mask_conference,environment,rest_deeply,goal_achieved,1.1385,0.25165,-0.11638,0.50000,0.48023,-0.21885,0.000174,-0.000331,0.000000,0.000740,-0.000308
1562,58,conference,mask_conference,environment,quick_scan,goal_achieved,0.8374,0.25150,-0.11718,0.50000,0.48028,-0.21831,-0.000147,-0.000809,0.000000,0.000053,0.000541
1563,58,conference,mask_conference,environment,network_actively,goal_achieved,0.5834,0.25191,-0.11747,0.50000,0.48149,-0.21888,0.000408,-0.000286,0.000000,0.001204,-0.000573
1564,58,conference,mask_conference,environment,network_actively,goal_achieved,0.5841,0.25232,-0.11776,0.50000,0.48269,-0.21945,0.000408,-0.000288,0.000000,0.001205,-0.000572
1565,58,conference,mask_conference,environment,network_actively,delayed,-0.4554,0.25206,-0.11786,0.49895,0.48169,-0.21872,-0.000261,-0.000106,-0.001046,-0.001001,0.000736
1566,58,conference,mask_conference,environment,quick_scan,delayed,-2.2455,0.25274,-0.11763,0.50000,0.48319,-0.21985,0.000684,0.000240,0.001046,0.001500,-0.001132
1567,59,work,mask_work,environment,network_actively,failed,-2.4331,0.21394,0.50000,-0.50000,-0.50000,-0.33463,0.000630,0.000000,0.000000,0.000000,-0.000744
1568,59,work,mask_work,environment,deep_work,goal_achieved,1.9986,0.21490,0.50000,-0.50000,-0.50000,-0.33561,0.000965,0.000000,0.000000,0.000000,-0.000980
1569,59,work,mask_work,environment,deep_work,goal_achieved,1.9986,0.21587,0.50000,-0.50000,-0.50000,-0.33659,0.000965,0.000000,0.000000,0.000000,-0.000980
1570,59,work,mask_work,environment,deep_work,goal_achieved,1.9986,0.21683,0.50000,-0.50000,-0.50000,-0.33757,0.000965,0.000000,0.000000,0.000000,-0.000980
1571,59,work,mask_work,environment,take_notes,delayed,-1.2381,0.21727,0.50000,-0.50000,-0.50000,-0.33826,0.000442,0.000000,0.000000,0.000000,-0.000686
1572,59,work,mask_work,environment,deep_work,delayed,-0.6164,0.21673,0.50000,-0.50000,-0.50000,-0.33783,-0.000544,0.000000,0.000000,0.000000,0.000432
1573,59,work,mask_work,environment,deep_work,goal_achieved,1.9996,0.21769,0.50000,-0.50000,-0.50000,-0.33881,0.000964,0.000000,0.000000,0.000000,-0.000981
1574,59,work,mask_work,environment,network_actively,failed,-2.4334,0.21833,0.50000,-0.50000,-0.50000,-0.33956,0.000631,0.000000,0.000000,0.000000,-0.000747
1575,59,work,mask_work,environment,network_actively,goal_achieved,2.0169,0.21886,0.49967,-0.49866,-0.49991,-0.33989,0.000536,-0.000333,0.001339,0.000086,-0.000332
1576,59,home,mask_home,environment,network_actively,failed,-2.7884,-0.50000,-0.16296,-0.50000,-0.30669,0.16048,0.000000,-0.000090,0.000000,-0.001206,0.000369
1577,59,home,mask_home,environment,zone_out,failed,-2.4714,-0.49958,-0.16191,-0.50000,-0.30589,0.15982,0.000419,0.001050,0.000000,0.000796,-0.000660
1578,59,home,mask_home,environment,rest_deeply,goal_achieved,1.7632,-0.50000,-0.16202,-0.50000,-0.30640,0.15992,-0.000419,-0.000109,0.000000,-0.000507,0.000100
1579,59,home,mask_home,environment,quick_scan,goal_achieved,1.8555,-0.50000,-0.16217,-0.50000,-0.30714,0.16043,0.000000,-0.000153,0.000000,-0.000737,0.000513
1580,59,home,mask_home,environment,rest_deeply,goal_achieved,1.7564,-0.50000,-0.16228,-0.50000,-0.30765,0.16053,0.000000,-0.000109,0.000000,-0.000509,0.000106
1581,59,home,mask_home,environment,zone_out,failed,-2.4807,-0.49958,-0.16124,-0.50000,-0.30685,0.15989,0.000421,0.001042,0.000000,0.000795,-0.000649
1582,59,home,mask_home,environment,rest_deeply,goal_achieved,1.7707,-0.50000,-0.16133,-0.50000,-0.30733,0.15998,-0.000421,-0.000091,0.000000,-0.000472,0.000092
1583,59,home,mask_home,environment,quick_scan,delayed,-1.6130,-0.50000,-0.16118,-0.50000,-0.30780,0.15992,0.000000,0.000150,0.000000,-0.000477,-0.000060
1584,59,home,mask_home,environment,network_actively,failed,-2.7721,-0.50000,-0.16123,-0.50000,-0.30893,0.16025,0.000000,-0.000046,0.000000,-0.001124,0.000337
1585,59,conference,mask_conference,environment,network_actively,goal_achieved,0.5890,0.25315,-0.11792,0.50000,0.48441,-0.22043,0.000410,-0.000291,0.000000,0.001215,-0.000576
1586,59,conference,mask_conference,environment,network_actively,goal_achieved,0.5897,0.25356,-0.11821,0.50000,0.48562,-0.22100,0.000409,-0.000294,0.000000,0.001216,-0.000575
1587,59,conference,mask_conference,environment,network_actively,goal_achieved,0.5904,0.25397,-0.11851,0.50000,0.48684,-0.22157,0.000409,-0.000297,0.000000,0.001218,-0.000573
1588,59,conference,mask_conference,environment,network_actively,goal_achieved,0.5911,0.25438,-0.11881,0.50000,0.48806,-0.22215,0.000408,-0.000299,0.000000,0.001219,-0.000572
1589,59,conference,mask_conference,environment,network_actively,goal_achieved,0.5918,0.25479,-0.11911,0.50000,0.48928,-0.22272,0.000407,-0.000301,0.000000,0.001220,-0.000571
1590,59,conference,mask_conference,environment,quick_scan,goal_achieved,0.8378,0.25464,-0.11993,0.50000,0.48935,-0.22217,-0.000150,-0.000818,0.000000,0.000065,0.000542
1591,59,conference,mask_conference,environment,quick_scan,goal_achieved,0.8354,0.25449,-0.12073,0.50000,0.48941,-0.22163,-0.000150,-0.000808,0.000000,0.000060,0.000539
1592,59,conference,mask_conference,environment,network_actively,goal_achieved,0.5814,0.25489,-0.12102,0.50000,0.49060,-0.22220,0.000400,-0.000290,0.000000,0.001199,-0.000564
1593,59,conference,mask_conference,environment,network_actively,goal_achieved,0.5821,0.25529,-0.12132,0.50000,0.49181,-0.22276,0.000399,-0.000293,0.000000,0.001201,-0.000562
1594,60,work,mask_work,environment,take_notes,goal_achieved,1.6011,0.22051,0.50000,-0.50000,-0.50000,-0.34034,0.001648,0.000333,-0.001339,-0.000086,-0.000446
1595,60,work,mask_work,environment,rest_deeply,failed,-2.3409,0.22134,0.50000,-0.50000,-0.50000,-0.34116,0.000835,0.000000,0.000000,0.000000,-0.000822
1596,60,work,mask_work,environment,network_actively,failed,-2.4371,0.22199,0.50000,-0.50000,-0.50000,-0.34191,0.000643,0.000000,0.000000,0.000000,-0.000750
1597,60,work,mask_work,environment,take_notes,goal_achieved,1.6037,0.22364,0.50000,-0.50000,-0.50000,-0.34236,0.001653,0.000000,0.000000,0.000000,-0.000451
1598,60,work,mask_work,environment,deep_work,goal_achieved,1.9877,0.22462,0.50000,-0.50000,-0.50000,-0.34334,0.000983,0.000000,0.000000,0.000000,-0.000981
1599,60,work,mask_work,environment,network_actively,delayed,-1.3328,0.22525,0.50000,-0.50000,-0.50000,-0.34399,0.000630,0.000000,0.000000,0.000000,-0.000647
1600,60,work,mask_work,environment,network_actively,failed,-2.4449,0.22591,0.50000,-0.50000,-0.50000,-0.34474,0.000654,0.000000,0.000000,0.000000,-0.000751
1601,60,work,mask_work,environment,handle_backlog,goal_achieved,2.1554,0.22633,0.50000,-0.50000,-0.50000,-0.34517,0.000423,0.000000,0.000000,0.000000,-0.000429
1602,60,work,mask_work,environment,deep_work,goal_achieved,1.9848,0.22731,0.50000,-0.50000,-0.50000,-0.34614,0.000978,0.000000,0.000000,0.000000,-0.000977
1603,60,home,mask_home,environment,rest_deeply,goal_achieved,1.7724,-0.50000,-0.16131,-0.50000,-0.30940,0.16034,0.000000,-0.000087,0.000000,-0.000469,0.000087
1604,60,home,mask_home,environment,tidy_up,delayed,-1.5417,-0.50000,-0.16255,-0.50000,-0.30998,0.16094,0.000000,-0.001236,0.000000,-0.000582,0.000596
1605,60,home,mask_home,environment,network_actively,failed,-2.7718,-0.50000,-0.16262,-0.50000,-0.31110,0.16128,0.000000,-0.000066,0.000000,-0.001123,0.000341
1606,60,home,mask_home,environment,rest_deeply,goal_achieved,1.7762,-0.50000,-0.16271,-0.50000,-0.31157,0.16137,0.000000,-0.000098,0.000000,-0.000470,0.000088
1607,60,home,mask_home,environment,zone_out,failed,-2.4748,-0.49957,-0.16169,-0.50000,-0.31077,0.16072,0.000432,0.001023,0.000000,0.000804,-0.000648
1608,60,home,mask_home,environment,network_actively,delayed,-1.7997,-0.50000,-0.16160,-0.50000,-0.31122,0.16076,-0.000432,0.000092,0.000000,-0.000450,0.000045
1609,60,home,mask_home,environment,network_actively,failed,-2.7618,-0.50000,-0.16164,-0.50000,-0.31230,0.16109,0.000000,-0.000044,0.000000,-0.001083,0.000323
1610,60,home,mask_home,environment,zone_out,goal_achieved,1.5731,-0.50000,-0.16255,-0.50000,-0.31417,0.16190,0.000000,-0.000904,0.000000,-0.001866,0.000812
1611,60,home,mask_home,environment,tidy_up,delayed,-1.5474,-0.50000,-0.16376,-0.50000,-0.31475,0.16248,0.000000,-0.001217,0.000000,-0.000583,0.000586
1612,60,conference,mask_conference,environment,network_actively,goal_achieved,0.5828,0.25569,-0.12161,0.50000,0.49301,-0.22332,0.000398,-0.000295,0.000000,0.001202,-0.000561
1613,60,conference,mask_conference,environment,quick_scan,failed,-3.2838,0.25665,-0.12102,0.50000,0.49500,-0.22501,0.000960,0.000587,0.000000,0.001993,-0.001693
1614,60,conference,mask_conference,environment,quick_scan,delayed,-2.2529,0.25733,-0.12080,0.50000,0.49651,-0.22614,0.000681,0.000225,0.000000,0.001512,-0.001127
1615,60,conference,mask_conference,environment,network_actively,delayed,-0.4538,0.25708,-0.12088,0.49894,0.49552,-0.22543,-0.000247,-0.000083,-0.001058,-0.000994,0.000716
1616,60,conference,mask_conference,environment,network_actively,goal_achieved,0.5988,0.25749,-0.12120,0.50000,0.49675,-0.22599,0.000405,-0.000317,0.001058,0.001232,-0.000565
1617,60,conference,mask_conference,environment,network_actively,goal_achieved,0.5973,0.25789,-0.12151,0.50000,0.49798,-0.22656,0.000404,-0.000313,0.000000,0.001231,-0.000567
1618,60,conference,mask_conference,environment,quick_scan,delayed,-2.2483,0.25857,-0.12129,0.50000,0.49949,-0.22768,0.000678,0.000218,0.000000,0.001511,-0.001121
1619,60,conference,mask_conference,environment,network_actively,goal_achieved,0.6033,0.25897,-0.12162,0.50000,0.50000,-0.22825,0.000406,-0.000322,0.000000,0.000508,-0.000567
1620,60,conference,mask_conference,environment,network_actively,goal_achieved,0.6039,0.25938,-0.12194,0.50000,0.50000,-0.22881,0.000405,-0.000325,0.000000,0.000000,-0.000566
1621,61,work,mask_work,environment,network_actively,failed,-2.4508,0.22796,0.50000,-0.50000,-0.50000,-0.34689,0.000651,0.000000,0.000000,0.000000,-0.000749
1622,61,work,mask_work,environment,handle_backlog,goal_achieved,2.1549,0.22838,0.50000,-0.50000,-0.50000,-0.34733,0.000425,0.000000,0.000000,0.000000,-0.000433
1623,61,work,mask_work,environment,take_notes,delayed,-1.2424,0.22882,0.50000,-0.50000,-0.50000,-0.34801,0.000436,0.000000,0.000000,0.000000,-0.000681
1624,61,work,mask_work,environment,handle_backlog,delayed,-1.1478,0.22977,0.50000,-0.50000,-0.50000,-0.34900,0.000948,0.000000,0.000000,0.000000,-0.000993
1625,61,work,mask_work,environment,deep_work,delayed,-0.6251,0.22924,0.50000,-0.50000,-0.50000,-0.34857,-0.000526,0.000000,0.000000,0.000000,0.000432
1626,61,work,mask_work,environment,handle_backlog,delayed,-1.1417,0.23018,0.50000,-0.50000,-0.50000,-0.34955,0.000940,0.000000,0.000000,0.000000,-0.000986
1627,61,work,mask_work,environment,take_notes,failed,-2.1696,0.23022,0.50000,-0.50000,-0.50000,-0.35032,0.000038,0.000000,0.000000,0.000000,-0.000767
1628,61,work,mask_work,environment,deep_work,goal_achieved,1.9985,0.23120,0.50000,-0.50000,-0.50000,-0.35131,0.000981,0.000000,0.000000,0.000000,-0.000990
1629,61,work,mask_work,environment,take_notes,delayed,-1.2261,0.23165,0.50000,-0.50000,-0.50000,-0.35200,0.000444,0.000000,0.000000,0.000000,-0.000691
1630,61,home,mask_home,environment,tidy_up,goal_achieved,1.8245,-0.50000,-0.16309,-0.50000,-0.31526,0.16232,0.000000,0.000674,0.000000,-0.000507,-0.000166
1631,61,home,mask_home,environment,rest_deeply,goal_achieved,1.7770,-0.50000,-0.16319,-0.50000,-0.31572,0.16241,0.000000,-0.000103,0.000000,-0.000465,0.000086
1632,61,home,mask_home,environment,tidy_up,goal_achieved,1.8222,-0.50000,-0.16252,-0.50000,-0.31623,0.16224,0.000000,0.000671,0.000000,-0.000504,-0.000165
1633,61,home,mask_home,environment,tidy_up,goal_achieved,1.8219,-0.50000,-0.16185,-0.50000,-0.31673,0.16208,0.000000,0.000670,0.000000,-0.000502,-0.000163
1634,61,home,mask_home,environment,rest_deeply,delayed,-0.4896,-0.50000,-0.16119,-0.50000,-0.31750,0.16213,0.000000,0.000664,0.000000,-0.000769,0.000052
1635,61,home,mask_home,environment,rest_deeply,goal_achieved,1.7730,-0.50000,-0.16128,-0.50000,-0.31795,0.16221,0.000000,-0.000095,0.000000,-0.000457,0.000085
1636,61,home,mask_home,environment,rest_deeply,goal_achieved,1.7727,-0.50000,-0.16138,-0.50000,-0.31841,0.16230,0.000000,-0.000094,0.000000,-0.000456,0.000084
1637,61,home,mask_home,environment,rest_deeply,goal_achieved,1.7725,-0.50000,-0.16147,-0.50000,-0.31886,0.16238,0.000000,-0.000093,0.000000,-0.000455,0.000083
1638,61,home,mask_home,environment,quick_scan,delayed,-1.6151,-0.50000,-0.16133,-0.50000,-0.31933,0.16232,0.000000,0.000134,0.000000,-0.000468,-0.000059
1639,61,conference,mask_conference,environment,network_actively,goal_achieved,0.6046,0.25978,-0.12227,0.50000,0.50000,-0.22938,0.000405,-0.000327,0.000000,0.000000,-0.000565
1640,61,conference,mask_conference,environment,network_actively,goal_achieved,0.6052,0.26019,-0.12260,0.50000,0.50000,-0.22994,0.000404,-0.000329,0.000000,0.000000,-0.000563
1641,61,conference,mask_conference,environment,quick_scan,failed,-3.2815,0.26114,-0.12204,0.50000,0.50000,-0.23161,0.000953,0.000554,0.000000,0.000000,-0.001669
1642,61,conference,mask_conference,environment,network_actively,goal_achieved,0.6145,0.26155,-0.12239,0.50000,0.50000,-0.23217,0.000408,-0.000343,0.000000,0.000000,-0.000565
1643,61,conference,mask_conference,environment,quick_scan,goal_achieved,0.8451,0.26140,-0.12325,0.50000,0.50000,-0.23162,-0.000153,-0.000865,0.000000,0.000000,0.000555
1644,61,conference,mask_conference,environment,network_actively,delayed,-0.4516,0.26116,-0.12331,0.49893,0.49901,-0.23092,-0.000235,-0.000064,-0.001067,-0.000987,0.000697
1645,61,conference,mask_conference,environment,network_actively,goal_achieved,0.6104,0.26156,-0.12365,0.50000,0.50000,-0.23148,0.000404,-0.000337,0.001067,0.000987,-0.000562
1646,61,conference,mask_conference,environment,quick_scan,goal_achieved,0.8463,0.26141,-0.12450,0.50000,0.50000,-0.23093,-0.000155,-0.000850,0.000000,0.000000,0.000553
1647,61,conference,mask_conference,environment,network_actively,goal_achieved,0.6036,0.26181,-0.12483,0.50000,0.50000,-0.23149,0.000400,-0.000326,0.000000,0.000000,-0.000561
1648,62,work,mask_work,environment,network_actively,failed,-2.4326,0.23229,0.50000,-0.50000,-0.50000,-0.35276,0.000648,0.000000,0.000000,0.000000,-0.000756
1649,62,work,mask_work,environment,deep_work,goal_achieved,2.0008,0.23327,0.50000,-0.50000,-0.50000,-0.35375,0.000980,0.000000,0.000000,0.000000,-0.000991
1650,62,work,mask_work,environment,take_notes,goal_achieved,1.6092,0.23493,0.50000,-0.50000,-0.50000,-0.35421,0.001657,0.000000,0.000000,0.000000,-0.000461
1651,62,work,mask_work,environment,take_notes,goal_achieved,1.6089,0.23659,0.50000,-0.50000,-0.50000,-0.35467,0.001656,0.000000,0.000000,0.000000,-0.000461
1652,62,work,mask_work,environment,take_notes,failed,-2.1718,0.23663,0.50000,-0.50000,-0.50000,-0.35544,0.000043,0.000000,0.000000,0.000000,-0.000773
1653,62,work,mask_work,environment,handle_backlog,delayed,-1.1485,0.23758,0.50000,-0.50000,-0.50000,-0.35643,0.000949,0.000000,0.000000,0.000000,-0.000990
1654,62,work,mask_work,environment,take_notes,failed,-2.1662,0.23763,0.50000,-0.50000,-0.50000,-0.35721,0.000050,0.000000,0.000000,0.000000,-0.000780
1655,62,work,mask_work,environment,tidy_up,delayed,-1.2216,0.23855,0.50000,-0.50000,-0.50000,-0.35785,0.000920,0.000000,0.000000,0.000000,-0.000640
1656,62,work,mask_work,environment,deep_work,goal_achieved,2.0025,0.23954,0.50000,-0.50000,-0.50000,-0.35885,0.000996,0.000000,0.000000,0.000000,-0.000997
1657,62,home,mask_home,environment,zone_out,delayed,-1.4629,-0.50000,-0.16078,-0.50000,-0.31918,0.16203,0.000000,0.000552,0.000000,0.000154,-0.000294
1658,62,home,mask_home,environment,quick_scan,failed,-2.7685,-0.50000,-0.16055,-0.50000,-0.31956,0.16178,0.000000,0.000234,0.000000,-0.000379,-0.000249
1659,62,home,mask_home,environment,network_actively,delayed,-1.8068,-0.50000,-0.16046,-0.50000,-0.32000,0.16182,0.000000,0.000090,0.000000,-0.000447,0.000038
1660,62,home,mask_home,environment,zone_out,delayed,-1.4597,-0.50000,-0.15991,-0.50000,-0.31985,0.16152,0.000000,0.000552,0.000000,0.000159,-0.000299
1661,62,home,mask_home,environment,rest_deeply,delayed,-0.4743,-0.50000,-0.15921,-0.50000,-0.32057,0.16154,0.000000,0.000697,0.000000,-0.000729,0.000021
1662,62,home,mask_home,environment,network_actively,failed,-2.7601,-0.50000,-0.15925,-0.50000,-0.32163,0.16185,0.000000,-0.000036,0.000000,-0.001059,0.000308
1663,62,home,mask_home,environment,quick_scan,goal_achieved,1.8834,-0.50000,-0.15937,-0.50000,-0.32228,0.16233,0.000000,-0.000125,0.000000,-0.000644,0.000478
1664,62,home,mask_home,environment,tidy_up,delayed,-1.5298,-0.50000,-0.16058,-0.50000,-0.32282,0.16290,0.000000,-0.001205,0.000000,-0.000539,0.000573
1665,62,home,mask_home,environment,zone_out,failed,-2.4603,-0.49955,-0.15955,-0.50000,-0.32199,0.16225,0.000453,0.001020,0.000000,0.000831,-0.000653
1666,62,conference,mask_conference,environment,network_actively,goal_achieved,0.6042,0.26221,-0.12515,0.50000,0.50000,-0.23205,0.000399,-0.000328,0.000000,0.000000,-0.000560
1667,62,conference,mask_conference,environment,quick_scan,goal_achieved,0.8426,0.26205,-0.12600,0.50000,0.50000,-0.23150,-0.000156,-0.000843,0.000000,0.000000,0.000549
1668,62,conference,mask_conference,environment,network_actively,goal_achieved,0.5995,0.26245,-0.12632,0.50000,0.50000,-0.23206,0.000396,-0.000323,0.000000,0.000000,-0.000557
1669,62,conference,mask_conference,environment,network_actively,goal_achieved,0.6001,0.26284,-0.12664,0.50000,0.50000,-0.23261,0.000395,-0.000325,0.000000,0.000000,-0.000556
1670,62,conference,mask_conference,environment,take_notes,goal_achieved,0.9332,0.26328,-0.12653,0.50000,0.50000,-0.23304,0.000440,0.000118,0.000000,0.000000,-0.000421
1671,62,conference,mask_conference,environment,network_actively,delayed,-0.4630,0.26304,-0.12658,0.49890,0.49899,-0.23233,-0.000240,-0.000056,-0.001099,-0.001011,0.000710
1672,62,conference,mask_conference,environment,quick_scan,delayed,-2.2496,0.26372,-0.12635,0.50000,0.50000,-0.23344,0.000680,0.000228,0.001099,0.001011,-0.001118
1673,62,conference,mask_conference,environment,quick_scan,goal_achieved,0.8429,0.26357,-0.12718,0.50000,0.50000,-0.23290,-0.000151,-0.000827,0.000000,0.000000,0.000548
1674,62,conference,mask_conference,environment,network_actively,goal_achieved,0.5964,0.26397,-0.12749,0.50000,0.50000,-0.23345,0.000400,-0.000308,0.000000,0.000000,-0.000558
1675,63,work,mask_work,environment,tidy_up,failed,-2.2795,0.24099,0.50000,-0.50000,-0.50000,-0.35945,0.001442,0.000000,0.000000,0.000000,-0.000596
1676,63,work,mask_work,environment,tidy_up,delayed,-1.2236,0.24191,0.50000,-0.50000,-0.50000,-0.36009,0.000922,0.000000,0.000000,0.000000,-0.000643
1677,63,work,mask_work,environment,take_notes,failed,-2.1615,0.24198,0.50000,-0.50000,-0.50000,-0.36087,0.000069,0.000000,0.000000,0.000000,-0.000781
1678,63,work,mask_work,environment,take_notes,failed,-2.1615,0.24205,0.50000,-0.50000,-0.50000,-0.36165,0.000069,0.000000,0.000000,0.000000,-0.000781
1679,63,work,mask_work,environment,tidy_up,failed,-2.2732,0.24348,0.50000,-0.50000,-0.50000,-0.36225,0.001433,0.000000,0.000000,0.000000,-0.000597
1680,63,work,mask_work,environment,deep_work,goal_achieved,2.0174,0.24449,0.50000,-0.50000,-0.50000,-0.36325,0.001010,0.000000,0.000000,0.000000,-0.000997
1681,63,work,mask_work,environment,deep_work,goal_achieved,2.0174,0.24550,0.50000,-0.50000,-0.50000,-0.36424,0.001010,0.000000,0.000000,0.000000,-0.000997
1682,63,work,mask_work,environment,take_notes,goal_achieved,1.6182,0.24719,0.50000,-0.50000,-0.50000,-0.36472,0.001695,0.000000,0.000000,0.000000,-0.000472
1683,63,work,mask_work,environment,network_actively,delayed,-1.3170,0.24786,0.50000,-0.50000,-0.50000,-0.36538,0.000670,0.000000,0.000000,0.000000,-0.000665
1684,63,home,mask_home,environment,quick_scan,delayed,-1.5814,-0.50000,-0.15940,-0.50000,-0.32239,0.16217,-0.000453,0.000154,0.000000,-0.000402,-0.000079
1685,63,home,mask_home,environment,rest_deeply,delayed,-0.4615,-0.50000,-0.15871,-0.50000,-0.32309,0.16219,0.000000,0.000693,0.000000,-0.000705,0.000021
1686,63,home,mask_home,environment,deep_work,delayed,-1.9170,-0.50000,-0.15864,-0.50000,-0.32354,0.16225,0.000000,0.000064,0.000000,-0.000442,0.000065
1687,63,home,mask_home,environment,network_actively,goal_achieved,1.1222,-0.49895,-0.15813,-0.49943,-0.32205,0.16145,0.001052,0.000508,0.000568,0.001489,-0.000799
1688,63,home,mask_home,environment,tidy_up,goal_achieved,1.8565,-0.49971,-0.15743,-0.50000,-0.32246,0.16126,-0.000766,0.000709,-0.000568,-0.000416,-0.000194
1689,63,home,mask_home,environment,zone_out,failed,-2.4622,-0.49928,-0.15640,-0.50000,-0.32163,0.16061,0.000439,0.001024,0.000000,0.000834,-0.000653
1690,63,home,mask_home,environment,zone_out,goal_achieved,1.5818,-0.50000,-0.15734,-0.50000,-0.32346,0.16143,-0.000725,-0.000937,0.000000,-0.001832,0.000826
1691,63,home,mask_home,environment,zone_out,failed,-2.4618,-0.49956,-0.15631,-0.50000,-0.32262,0.16078,0.000443,0.001026,0.000000,0.000838,-0.000655
1692,63,home,mask_home,environment,zone_out,goal_achieved,1.5800,-0.50000,-0.15725,-0.50000,-0.32446,0.16160,-0.000443,-0.000937,0.000000,-0.001833,0.000826
1693,63,conference,mask_conference,environment,network_actively,goal_achieved,0.5970,0.26437,-0.12780,0.50000,0.50000,-0.23401,0.000399,-0.000310,0.000000,0.000000,-0.000557
1694,63,conference,mask_conference,environment,quick_scan,delayed,-2.2525,0.26505,-0.12757,0.50000,0.50000,-0.23513,0.000679,0.000230,0.000000,0.000000,-0.001120
1695,63,conference,mask_conference,environment,rest_deeply,failed,-3.7416,0.26543,-0.12779,0.50000,0.50000,-0.23549,0.000376,-0.000217,0.000000,0.000000,-0.000361
1696,63,conference,mask_conference,environment,quick_scan,failed,-3.2801,0.26638,-0.12721,0.50000,0.50000,-0.23716,0.000958,0.000574,0.000000,0.000000,-0.001669
1697,63,conference,mask_conference,environment,network_actively,goal_achieved,0.6137,0.26679,-0.12754,0.50000,0.50000,-0.23772,0.000407,-0.000331,0.000000,0.000000,-0.000559
1698,63,conference,mask_conference,environment,network_actively,goal_achieved,0.6142,0.26720,-0.12788,0.50000,0.50000,-0.23828,0.000407,-0.000333,0.000000,0.000000,-0.000558
1699,63,conference,mask_conference,environment,network_actively,goal_achieved,0.6148,0.26760,-0.12821,0.50000,0.50000,-0.23884,0.000406,-0.000335,0.000000,0.000000,-0.000557
1700,63,conference,mask_conference,environment,rest_deeply,delayed,-2.5167,0.26793,-0.12848,0.50000,0.50000,-0.23918,0.000326,-0.000264,0.000000,0.000000,-0.000348
1701,63,conference,mask_conference,environment,take_notes,goal_achieved,0.9476,0.26838,-0.12837,0.50000,0.50000,-0.23961,0.000453,0.000111,0.000000,0.000000,-0.000426
1702,64,work,mask_work,environment,deep_work,goal_achieved,2.0115,0.24888,0.50000,-0.50000,-0.50000,-0.36638,0.001016,0.000000,0.000000,0.000000,-0.000996
1703,64,work,mask_work,environment,deep_work,delayed,-0.6004,0.24840,0.50000,-0.50000,-0.50000,-0.36596,-0.000485,0.000000,0.000000,0.000000,0.000419
1704,64,work,mask_work,environment,take_notes,goal_achieved,1.6218,0.25008,0.50000,-0.50000,-0.50000,-0.36642,0.001688,0.000000,0.000000,0.000000,-0.000467
1705,64,work,mask_work,environment,take_notes,goal_achieved,1.6215,0.25177,0.50000,-0.50000,-0.50000,-0.36689,0.001688,0.000000,0.000000,0.000000,-0.000467
1706,64,work,mask_work,environment,take_notes,goal_achieved,1.6211,0.25346,0.50000,-0.50000,-0.50000,-0.36736,0.001687,0.000000,0.000000,0.000000,-0.000467
1707,64,work,mask_work,environment,take_notes,failed,-2.1570,0.25354,0.50000,-0.50000,-0.50000,-0.36814,0.000078,0.000000,0.000000,0.000000,-0.000781
1708,64,work,mask_work,environment,deep_work,goal_achieved,1.9979,0.25457,0.50000,-0.50000,-0.50000,-0.36913,0.001032,0.000000,0.000000,0.000000,-0.000993
1709,64,work,mask_work,environment,tidy_up,failed,-2.2952,0.25602,0.50000,-0.50000,-0.50000,-0.36973,0.001455,0.000000,0.000000,0.000000,-0.000596
1710,64,work,mask_work,environment,take_notes,delayed,-1.2108,0.25652,0.50000,-0.50000,-0.50000,-0.37043,0.000491,0.000000,0.000000,0.000000,-0.000704
1711,64,home,mask_home,environment,rest_deeply,delayed,-0.4714,-0.50000,-0.15654,-0.50000,-0.32515,0.16162,0.000000,0.000707,0.000000,-0.000695,0.000012
1712,64,home,mask_home,environment,rest_deeply,goal_achieved,1.7931,-0.50000,-0.15663,-0.50000,-0.32552,0.16168,0.000000,-0.000087,0.000000,-0.000366,0.000064
1713,64,home,mask_home,environment,quick_scan,failed,-2.7422,-0.50000,-0.15638,-0.50000,-0.32584,0.16142,0.000000,0.000248,0.000000,-0.000321,-0.000258
1714,64,home,mask_home,environment,rest_deeply,goal_achieved,1.7964,-0.50000,-0.15647,-0.50000,-0.32620,0.16148,0.000000,-0.000086,0.000000,-0.000362,0.000058
1715,64,home,mask_home,environment,rest_deeply,goal_achieved,1.7962,-0.50000,-0.15655,-0.50000,-0.32656,0.16154,0.000000,-0.000085,0.000000,-0.000361,0.000057
1716,64,home,mask_home,environment,zone_out,delayed,-1.4482,-0.50000,-0.15602,-0.50000,-0.32638,0.16125,0.000000,0.000539,0.000000,0.000179,-0.000293
1717,64,home,mask_home,environment,zone_out,failed,-2.4574,-0.49956,-0.15499,-0.50000,-0.32554,0.16058,0.000442,0.001028,0.000000,0.000847,-0.000661
1718,64,home,mask_home,environment,rest_deeply,goal_achieved,1.8120,-0.50000,-0.15506,-0.50000,-0.32586,0.16063,-0.000442,-0.000070,0.000000,-0.000322,0.000045
1719,64,home,mask_home,environment,network_actively,failed,-2.7321,-0.50000,-0.15506,-0.50000,-0.32684,0.16091,0.000000,-0.000007,0.000000,-0.000978,0.000281
1720,64,conference,mask_conference,environment,network_actively,goal_achieved,0.6136,0.26879,-0.12869,0.50000,0.50000,-0.24017,0.000412,-0.000326,0.000000,0.000000,-0.000557
1721,64,conference,mask_conference,environment,quick_scan,goal_achieved,0.8445,0.26865,-0.12953,0.50000,0.50000,-0.23962,-0.000142,-0.000840,0.000000,0.000000,0.000551
1722,64,conference,mask_conference,environment,network_actively,delayed,-0.4630,0.26844,-0.12955,0.49888,0.49899,-0.23893,-0.000215,-0.000015,-0.001117,-0.001011,0.000686
1723,64,conference,mask_conference,environment,network_actively,goal_achieved,0.6101,0.26885,-0.12987,0.50000,0.50000,-0.23948,0.000409,-0.000321,0.001117,0.001011,-0.000554
1724,64,conference,mask_conference,environment,network_actively,goal_achieved,0.6085,0.26925,-0.13018,0.50000,0.50000,-0.24004,0.000408,-0.000317,0.000000,0.000000,-0.000556
1725,64,conference,mask_conference,environment,quick_scan,delayed,-2.2507,0.26994,-0.12996,0.50000,0.50000,-0.24115,0.000684,0.000227,0.000000,0.000000,-0.001111
1726,64,conference,mask_conference,environment,network_actively,delayed,-0.4611,0.26973,-0.12996,0.49888,0.49899,-0.24047,-0.000210,-0.000006,-0.001119,-0.001006,0.000677
1727,64,conference,mask_conference,environment,network_actively,goal_achieved,0.6151,0.27014,-0.13029,0.50000,0.50000,-0.24103,0.000410,-0.000327,0.001119,0.001006,-0.000555
1728,64,conference,mask_conference,environment,network_actively,delayed,-0.4612,0.26993,-0.13030,0.49888,0.49899,-0.24035,-0.000210,-0.000006,-0.001119,-0.001006,0.000677
1729,65,work,mask_work,environment,take_notes,delayed,-1.2108,0.25701,0.50000,-0.50000,-0.50000,-0.37114,0.000491,0.000000,0.000000,0.000000,-0.000704
1730,65,work,mask_work,environment,handle_backlog,delayed,-1.1461,0.25800,0.50000,-0.50000,-0.50000,-0.37213,0.000997,0.000000,0.000000,0.000000,-0.000990
1731,65,work,mask_work,environment,rest_deeply,goal_achieved,2.3342,0.25818,0.50000,-0.50000,-0.50000,-0.37238,0.000176,0.000000,0.000000,0.000000,-0.000253
1732,65,work,mask_work,environment,deep_work,goal_achieved,2.0035,0.25921,0.50000,-0.50000,-0.50000,-0.37337,0.001033,0.000000,0.000000,0.000000,-0.000991
1733,65,work,mask_work,environment,rest_deeply,goal_achieved,2.3326,0.25939,0.50000,-0.50000,-0.50000,-0.37363,0.000179,0.000000,0.000000,0.000000,-0.000255
1734,65,work,mask_work,environment,tidy_up,failed,-2.3002,0.26083,0.50000,-0.50000,-0.50000,-0.37421,0.001437,0.000000,0.000000,0.000000,-0.000588
1735,65,work,mask_work,environment,tidy_up,goal_achieved,1.9298,0.26020,0.50000,-0.50000,-0.50000,-0.37499,-0.000631,0.000000,0.000000,0.000000,-0.000774
1736,65,work,mask_work,environment,handle_backlog,goal_achieved,2.1452,0.26064,0.50000,-0.50000,-0.50000,-0.37540,0.000444,0.000000,0.000000,0.000000,-0.000417
1737,65,work,mask_work,environment,take_notes,goal_achieved,1.6093,0.26231,0.50000,-0.50000,-0.50000,-0.37586,0.001672,0.000000,0.000000,0.000000,-0.000455
1738,65,home,mask_home,environment,network_actively,failed,-2.7329,-0.50000,-0.15507,-0.50000,-0.32781,0.16119,0.000000,-0.000007,0.000000,-0.000976,0.000280
1739,65,home,mask_home,environment,tidy_up,goal_achieved,1.8698,-0.50000,-0.15434,-0.50000,-0.32818,0.16098,0.000000,0.000730,0.000000,-0.000368,-0.000215
1740,65,home,mask_home,environment,rest_deeply,goal_achieved,1.8116,-0.50000,-0.15440,-0.50000,-0.32850,0.16102,0.000000,-0.000062,0.000000,-0.000321,0.000043
1741,65,home,mask_home,environment,tidy_up,goal_achieved,1.8676,-0.50000,-0.15368,-0.50000,-0.32887,0.16081,0.000000,0.000727,0.000000,-0.000365,-0.000213
1742,65,home,mask_home,environment,rest_deeply,goal_achieved,1.8098,-0.50000,-0.15373,-0.50000,-0.32918,0.16085,0.000000,-0.000057,0.000000,-0.000318,0.000042
1743,65,home,mask_home,environment,quick_scan,goal_achieved,1.9102,-0.50000,-0.15383,-0.50000,-0.32973,0.16129,0.000000,-0.000093,0.000000,-0.000547,0.000442
1744,65,home,mask_home,environment,rest_deeply,goal_achieved,1.8048,-0.50000,-0.15388,-0.50000,-0.33005,0.16134,0.000000,-0.000059,0.000000,-0.000320,0.000048
1745,65,home,mask_home,environment,rest_deeply,goal_achieved,1.8046,-0.50000,-0.15394,-0.50000,-0.33037,0.16138,0.000000,-0.000059,0.000000,-0.000319,0.000047
1746,65,home,mask_home,environment,zone_out,goal_achieved,1.5628,-0.50000,-0.15489,-0.50000,-0.33220,0.16222,0.000000,-0.000945,0.000000,-0.001827,0.000833
1747,65,conference,mask_conference,environment,network_actively,delayed,-0.4614,0.26972,-0.13030,0.49776,0.49799,-0.23967,-0.000210,-0.000006,-0.001120,-0.001006,0.000677
1748,65,conference,mask_conference,environment,quick_scan,goal_achieved,0.8643,0.26957,-0.13114,0.49887,0.49808,-0.23912,-0.000147,-0.000834,0.001105,0.000093,0.000558
1749,65,conference,mask_conference,environment,network_actively,goal_achieved,0.6083,0.26998,-0.13145,0.50000,0.49933,-0.23967,0.000407,-0.000311,0.001134,0.001247,-0.000557
1750,65,conference,mask_conference,environment,quick_scan,goal_achieved,0.8570,0.26983,-0.13226,0.50000,0.49941,-0.23912,-0.000150,-0.000816,0.000000,0.000083,0.000552
1751,65,conference,mask_conference,environment,network_actively,goal_achieved,0.6017,0.27023,-0.13256,0.50000,0.50000,-0.23968,0.000403,-0.000300,0.000000,0.000590,-0.000557
1752,65,conference,mask_conference,environment,quick_scan,goal_achieved,0.8541,0.27008,-0.13337,0.50000,0.50000,-0.23913,-0.000150,-0.000808,0.000000,0.000000,0.000548
1753,65,conference,mask_conference,environment,network_actively,goal_achieved,0.5975,0.27048,-0.13367,0.50000,0.50000,-0.23969,0.000399,-0.000295,0.000000,0.000000,-0.000554
1754,65,conference,mask_conference,environment,network_actively,goal_achieved,0.5981,0.27088,-0.13396,0.50000,0.50000,-0.24024,0.000398,-0.000297,0.000000,0.000000,-0.000553
1755,65,conference,mask_conference,environment,network_actively,goal_achieved,0.5987,0.27128,-0.13426,0.50000,0.50000,-0.24079,0.000398,-0.000300,0.000000,0.000000,-0.000552
1756,66,work,mask_work,environment,rest_deeply,failed,-2.3439,0.26322,0.50000,-0.50000,-0.50000,-0.37670,0.000906,0.000000,0.000000,0.000000,-0.000839
1757,66,work,mask_work,environment,network_actively,delayed,-1.3385,0.26390,0.50000,-0.50000,-0.50000,-0.37735,0.000676,0.000000,0.000000,0.000000,-0.000649
1758,66,work,mask_work,environment,deep_work,goal_achieved,1.9888,0.26492,0.50000,-0.50000,-0.50000,-0.37833,0.001022,0.000000,0.000000,0.000000,-0.000981
1759,66,work,mask_work,environment,deep_work,goal_achieved,1.9888,0.26594,0.50000,-0.50000,-0.50000,-0.37931,0.001022,0.000000,0.000000,0.000000,-0.000981
1760,66,work,mask_work,environment,network_actively,delayed,-1.3420,0.26662,0.50000,-0.50000,-0.50000,-0.37996,0.000680,0.000000,0.000000,0.000000,-0.000653
1761,66,work,mask_work,environment,take_notes,delayed,-1.2250,0.26710,0.50000,-0.50000,-0.50000,-0.38066,0.000475,0.000000,0.000000,0.000000,-0.000700
1762,66,work,mask_work,environment,tidy_up,delayed,-1.2525,0.26803,0.50000,-0.50000,-0.50000,-0.38130,0.000929,0.000000,0.000000,0.000000,-0.000637
1763,66,work,mask_work,environment,take_notes,goal_achieved,1.6082,0.26971,0.50000,-0.50000,-0.50000,-0.38176,0.001683,0.000000,0.000000,0.000000,-0.000463
1764,66,work,mask_work,environment,rest_deeply,delayed,-1.1844,0.27044,0.50000,-0.50000,-0.50000,-0.38246,0.000735,0.000000,0.000000,0.000000,-0.000695
1765,66,home,mask_home,environment,tidy_up,goal_achieved,1.8470,-0.50000,-0.15419,-0.50000,-0.33259,0.16203,0.000000,0.000697,0.000000,-0.000390,-0.000191
1766,66,home,mask_home,environment,zone_out,delayed,-1.4643,-0.50000,-0.15364,-0.50000,-0.33240,0.16173,0.000000,0.000550,0.000000,0.000187,-0.000291
1767,66,home,mask_home,environment,zone_out,delayed,-1.4645,-0.50000,-0.15309,-0.50000,-0.33221,0.16144,0.000000,0.000548,0.000000,0.000186,-0.000289
1768,66,home,mask_home,environment,zone_out,failed,-2.4728,-0.49956,-0.15205,-0.50000,-0.33136,0.16078,0.000439,0.001042,0.000000,0.000855,-0.000660
1769,66,home,mask_home,environment,quick_scan,delayed,-1.5765,-0.50000,-0.15186,-0.50000,-0.33168,0.16068,-0.000439,0.000193,0.000000,-0.000320,-0.000101
1770,66,home,mask_home,environment,rest_deeply,goal_achieved,1.8115,-0.50000,-0.15191,-0.50000,-0.33197,0.16072,0.000000,-0.000050,0.000000,-0.000293,0.000040
1771,66,home,mask_home,environment,rest_deeply,goal_achieved,1.8112,-0.50000,-0.15196,-0.50000,-0.33226,0.16076,0.000000,-0.000049,0.000000,-0.000292,0.000039
1772,66,home,mask_home,environment,rest_deeply,delayed,-0.4566,-0.50000,-0.15117,-0.50000,-0.33290,0.16073,0.000000,0.000786,0.000000,-0.000635,-0.000035
1773,66,home,mask_home,environment,zone_out,delayed,-1.4604,-0.50000,-0.15063,-0.50000,-0.33271,0.16044,0.000000,0.000537,0.000000,0.000188,-0.000283
1774,66,conference,mask_conference,environment,network_actively,goal_achieved,0.5993,0.27167,-0.13457,0.50000,0.50000,-0.24134,0.000397,-0.000302,0.000000,0.000000,-0.000551
1775,66,conference,mask_conference,environment,network_actively,delayed,-0.4706,0.27145,-0.13459,0.49887,0.49897,-0.24064,-0.000229,-0.000025,-0.001126,-0.001026,0.000704
1776,66,conference,mask_conference,environment,rest_deeply,goal_achieved,1.1366,0.27159,-0.13493,0.49973,0.49970,-0.24092,0.000142,-0.000343,0.000858,0.000730,-0.000280
1777,66,conference,mask_conference,environment,network_actively,delayed,-0.4737,0.27135,-0.13496,0.49859,0.49867,-0.24021,-0.000235,-0.000029,-0.001145,-0.001030,0.000706
1778,66,conference,mask_conference,environment,network_actively,delayed,-0.4740,0.27112,-0.13499,0.49744,0.49764,-0.23951,-0.000235,-0.000029,-0.001146,-0.001030,0.000706
1779,66,conference,mask_conference,environment,network_actively,delayed,-0.4742,0.27088,-0.13502,0.49629,0.49661,-0.23880,-0.000235,-0.000028,-0.001147,-0.001030,0.000705
1780,66,conference,mask_conference,environment,quick_scan,delayed,-2.2244,0.27155,-0.13477,0.49790,0.49809,-0.23991,0.000672,0.000249,0.001606,0.001480,-0.001106
1781,66,conference,mask_conference,environment,network_actively,goal_achieved,0.6008,0.27195,-0.13507,0.49981,0.49933,-0.24046,0.000395,-0.000302,0.001909,0.001234,-0.000555
1782,66,conference,mask_conference,environment,network_actively,goal_achieved,0.5978,0.27234,-0.13537,0.50000,0.50000,-0.24102,0.000394,-0.000294,0.000191,0.000673,-0.000559
1783,67,work,mask_work,environment,take_notes,goal_achieved,1.6082,0.27213,0.50000,-0.50000,-0.50000,-0.38292,0.001683,0.000000,0.000000,0.000000,-0.000463
1784,67,work,mask_work,environment,take_notes,goal_achieved,1.6079,0.27381,0.50000,-0.50000,-0.50000,-0.38339,0.001682,0.000000,0.000000,0.000000,-0.000463
1785,67,work,mask_work,environment,tidy_up,failed,-2.3264,0.27527,0.50000,-0.50000,-0.50000,-0.38397,0.001463,0.000000,0.000000,0.000000,-0.000589
1786,67,work,mask_work,environment,network_actively,goal_achieved,1.9758,0.27590,0.49963,-0.49869,-0.49992,-0.38430,0.000630,-0.000368,0.001308,0.000084,-0.000330
1787,67,work,mask_work,environment,take_notes,goal_achieved,1.6071,0.27759,0.50000,-0.50000,-0.50000,-0.38476,0.001689,0.000368,-0.001308,-0.000084,-0.000460
1788,67,work,mask_work,environment,network_actively,failed,-2.4658,0.27833,0.50000,-0.50000,-0.50000,-0.38552,0.000743,0.000000,0.000000,0.000000,-0.000756
1789,67,work,mask_work,environment,handle_backlog,goal_achieved,2.1215,0.27883,0.50000,-0.50000,-0.50000,-0.38594,0.000494,0.000000,0.000000,0.000000,-0.000418
1790,67,work,mask_work,environment,take_notes,delayed,-1.2268,0.27931,0.50000,-0.50000,-0.50000,-0.38663,0.000482,0.000000,0.000000,0.000000,-0.000694
1791,67,work,mask_work,environment,take_notes,delayed,-1.2268,0.27979,0.50000,-0.50000,-0.50000,-0.38733,0.000482,0.000000,0.000000,0.000000,-0.000694
1792,67,home,mask_home,environment,rest_deeply,delayed,-0.4528,-0.50000,-0.14984,-0.50000,-0.33333,0.16040,0.000000,0.000794,0.000000,-0.000621,-0.000042
1793,67,home,mask_home,environment,tidy_up,delayed,-1.4786,-0.50000,-0.15105,-0.50000,-0.33374,0.16096,0.000000,-0.001212,0.000000,-0.000414,0.000552
1794,67,home,mask_home,environment,rest_deeply,goal_achieved,1.8186,-0.50000,-0.15112,-0.50000,-0.33402,0.16100,0.000000,-0.000066,0.000000,-0.000277,0.000043
1795,67,home,mask_home,environment,quick_scan,delayed,-1.5634,-0.50000,-0.15093,-0.50000,-0.33433,0.16090,0.000000,0.000184,0.000000,-0.000306,-0.000100
1796,67,home,mask_home,environment,rest_deeply,goal_achieved,1.8199,-0.50000,-0.15100,-0.50000,-0.33460,0.16094,0.000000,-0.000066,0.000000,-0.000274,0.000041
1797,67,home,mask_home,environment,zone_out,goal_achieved,1.5726,-0.50000,-0.15197,-0.50000,-0.33641,0.16178,0.000000,-0.000974,0.000000,-0.001811,0.000843
1798,67,home,mask_home,environment,network_actively,delayed,-1.7717,-0.50000,-0.15186,-0.50000,-0.33674,0.16179,0.000000,0.000116,0.000000,-0.000328,0.000012
1799,67,home,mask_home,environment,rest_deeply,delayed,-0.4579,-0.50000,-0.15111,-0.50000,-0.33739,0.16178,0.000000,0.000748,0.000000,-0.000652,-0.000017
1800,67,home,mask_home,environment,rest_deeply,goal_achieved,1.8072,-0.50000,-0.15119,-0.50000,-0.33769,0.16183,0.000000,-0.000078,0.000000,-0.000295,0.000049
1801,67,conference,mask_conference,environment,quick_scan,goal_achieved,0.8638,0.27218,-0.13617,0.50000,0.50000,-0.24047,-0.000162,-0.000800,0.000000,0.000000,0.000554
1802,67,conference,mask_conference,environment,network_actively,goal_achieved,0.5932,0.27257,-0.13645,0.50000,0.50000,-0.24102,0.000390,-0.000288,0.000000,0.000000,-0.000556
1803,67,conference,mask_conference,environment,network_actively,goal_achieved,0.5938,0.27296,-0.13674,0.50000,0.50000,-0.24158,0.000390,-0.000290,0.000000,0.000000,-0.000555
1804,67,conference,mask_conference,environment,network_actively,goal_achieved,0.5945,0.27335,-0.13704,0.50000,0.50000,-0.24213,0.000389,-0.000292,0.000000,0.000000,-0.000554
1805,67,conference,mask_conference,environment,rest_deeply,goal_achieved,1.1440,0.27349,-0.13737,0.50000,0.50000,-0.24241,0.000135,-0.000331,0.000000,0.000000,-0.000279
1806,67,conference,mask_conference,environment,network_actively,goal_achieved,0.5922,0.27387,-0.13766,0.50000,0.50000,-0.24296,0.000384,-0.000297,0.000000,0.000000,-0.000552
1807,67,conference,mask_conference,environment,network_actively,goal_achieved,0.5928,0.27425,-0.13796,0.50000,0.50000,-0.24351,0.000383,-0.000299,0.000000,0.000000,-0.000550
1808,67,conference,mask_conference,environment,network_actively,goal_achieved,0.5934,0.27464,-0.13826,0.50000,0.50000,-0.24406,0.000383,-0.000301,0.000000,0.000000,-0.000549
1809,67,conference,mask_conference,environment,quick_scan,goal_achieved,0.8551,0.27447,-0.13907,0.50000,0.50000,-0.24351,-0.000168,-0.000804,0.000000,0.000000,0.000552
1810,68,work,mask_work,environment,rest_deeply,failed,-2.3679,0.28073,0.50000,-0.50000,-0.50000,-0.38816,0.000936,0.000000,0.000000,0.000000,-0.000831
1811,68,work,mask_work,environment,deep_work,goal_achieved,1.9713,0.28178,0.50000,-0.50000,-0.50000,-0.38913,0.001053,0.000000,0.000000,0.000000,-0.000975
1812,68,work,mask_work,environment,rest_deeply,delayed,-1.2025,0.28254,0.50000,-0.50000,-0.50000,-0.38982,0.000756,0.000000,0.000000,0.000000,-0.000687
1813,68,work,mask_work,environment,network_actively,failed,-2.4663,0.28328,0.50000,-0.50000,-0.50000,-0.39058,0.000743,0.000000,0.000000,0.000000,-0.000759
1814,68,work,mask_work,environment,deep_work,delayed,-0.6345,0.28284,0.50000,-0.50000,-0.50000,-0.39014,-0.000440,0.000000,0.000000,0.000000,0.000441
1815,68,work,mask_work,environment,tidy_up,goal_achieved,1.9075,0.28224,0.50000,-0.50000,-0.50000,-0.39090,-0.000597,0.000000,0.000000,0.000000,-0.000766
1816,68,work,mask_work,environment,deep_work,goal_achieved,1.9673,0.28328,0.50000,-0.50000,-0.50000,-0.39188,0.001039,0.000000,0.000000,0.000000,-0.000978
1817,68,work,mask_work,environment,handle_backlog,goal_achieved,2.1243,0.28376,0.50000,-0.50000,-0.50000,-0.39230,0.000478,0.000000,0.000000,0.000000,-0.000423
1818,68,work,mask_work,environment,tidy_up,delayed,-1.2751,0.28470,0.50000,-0.50000,-0.50000,-0.39293,0.000943,0.000000,0.000000,0.000000,-0.000626
1819,68,home,mask_home,environment,network_actively,delayed,-1.7679,-0.50000,-0.15107,-0.50000,-0.33801,0.16184,0.000000,0.000115,0.000000,-0.000325,0.000014
1820,68,home,mask_home,environment,rest_deeply,goal_achieved,1.8069,-0.50000,-0.15115,-0.50000,-0.33830,0.16189,0.000000,-0.000078,0.000000,-0.000293,0.000049
1821,68,home,mask_home,environment,network_actively,delayed,-1.7697,-0.50000,-0.15104,-0.50000,-0.33863,0.16190,0.000000,0.000114,0.000000,-0.000324,0.000014
1822,68,home,mask_home,environment,zone_out,goal_achieved,1.5680,-0.50000,-0.15201,-0.50000,-0.34044,0.16274,0.000000,-0.000972,0.000000,-0.001813,0.000842
1823,68,home,mask_home,environment,rest_deeply,goal_achieved,1.7954,-0.50000,-0.15210,-0.50000,-0.34075,0.16280,0.000000,-0.000089,0.000000,-0.000314,0.000056
1824,68,home,mask_home,environment,rest_deeply,goal_achieved,1.7953,-0.50000,-0.15218,-0.50000,-0.34107,0.16285,0.000000,-0.000088,0.000000,-0.000313,0.000055
1825,68,home,mask_home,environment,rest_deeply,delayed,-0.4677,-0.50000,-0.15147,-0.50000,-0.34175,0.16286,0.000000,0.000717,0.000000,-0.000679,0.000002
1826,68,home,mask_home,environment,zone_out,goal_achieved,1.5650,-0.50000,-0.15244,-0.50000,-0.34356,0.16370,0.000000,-0.000970,0.000000,-0.001816,0.000840
1827,68,home,mask_home,environment,network_actively,failed,-2.7638,-0.50000,-0.15248,-0.50000,-0.34455,0.16400,0.000000,-0.000044,0.000000,-0.000987,0.000300
1828,68,conference,mask_conference,environment,network_actively,goal_achieved,0.5892,0.27485,-0.13936,0.50000,0.50000,-0.24406,0.000379,-0.000296,0.000000,0.000000,-0.000546
1829,68,conference,mask_conference,environment,network_actively,goal_achieved,0.5898,0.27522,-0.13966,0.50000,0.50000,-0.24460,0.000378,-0.000298,0.000000,0.000000,-0.000545
1830,68,conference,mask_conference,environment,quick_scan,goal_achieved,0.8517,0.27506,-0.14046,0.50000,0.50000,-0.24405,-0.000168,-0.000798,0.000000,0.000000,0.000549
1831,68,conference,mask_conference,environment,network_actively,goal_achieved,0.5856,0.27543,-0.14075,0.50000,0.50000,-0.24460,0.000375,-0.000293,0.000000,0.000000,-0.000543
1832,68,conference,mask_conference,environment,network_actively,goal_achieved,0.5862,0.27581,-0.14105,0.50000,0.50000,-0.24514,0.000374,-0.000295,0.000000,0.000000,-0.000542
1833,68,conference,mask_conference,environment,network_actively,goal_achieved,0.5868,0.27618,-0.14135,0.50000,0.50000,-0.24568,0.000374,-0.000297,0.000000,0.000000,-0.000540
1834,68,conference,mask_conference,environment,network_actively,delayed,-0.4849,0.27593,-0.14138,0.49882,0.49895,-0.24496,-0.000251,-0.000037,-0.001178,-0.001049,0.000721
1835,68,conference,mask_conference,environment,deep_work,failed,-4.0305,0.27609,-0.14192,0.50000,0.49994,-0.24512,0.000157,-0.000542,0.001178,0.000985,-0.000162
1836,68,conference,mask_conference,environment,quick_scan,goal_achieved,0.8606,0.27590,-0.14276,0.50000,0.50000,-0.24455,-0.000188,-0.000832,0.000000,0.000064,0.000570
1837,69,work,mask_work,environment,network_actively,delayed,-1.3617,0.28540,0.50000,-0.50000,-0.50000,-0.39357,0.000694,0.000000,0.000000,0.000000,-0.000643
1838,69,work,mask_work,environment,tidy_up,goal_achieved,1.9024,0.28480,0.50000,-0.50000,-0.50000,-0.39434,-0.000598,0.000000,0.000000,0.000000,-0.000764
1839,69,work,mask_work,environment,deep_work,goal_achieved,1.9592,0.28582,0.50000,-0.50000,-0.50000,-0.39531,0.001023,0.000000,0.000000,0.000000,-0.000975
1840,69,work,mask_work,environment,deep_work,goal_achieved,1.9591,0.28684,0.50000,-0.50000,-0.50000,-0.39629,0.001023,0.000000,0.000000,0.000000,-0.000975
1841,69,work,mask_work,environment,network_actively,delayed,-1.3704,0.28753,0.50000,-0.50000,-0.50000,-0.39693,0.000683,0.000000,0.000000,0.000000,-0.000649
1842,69,work,mask_work,environment,tidy_up,delayed,-1.2787,0.28848,0.50000,-0.50000,-0.50000,-0.39756,0.000947,0.000000,0.000000,0.000000,-0.000630
1843,69,work,mask_work,environment,handle_backlog,goal_achieved,2.1176,0.28895,0.50000,-0.50000,-0.50000,-0.39799,0.000473,0.000000,0.000000,0.000000,-0.000428
1844,69,work,mask_work,environment,tidy_up,goal_achieved,1.8961,0.28835,0.50000,-0.50000,-0.50000,-0.39876,-0.000598,0.000000,0.000000,0.000000,-0.000763
1845,69,work,mask_work,environment,deep_work,goal_achieved,1.9514,0.28936,0.50000,-0.50000,-0.50000,-0.39973,0.001007,0.000000,0.000000,0.000000,-0.000972
1846,69,home,mask_home,environment,rest_deeply,goal_achieved,1.7848,-0.50000,-0.15258,-0.50000,-0.34488,0.16406,0.000000,-0.000100,0.000000,-0.000333,0.000063
1847,69,home,mask_home,environment,rest_deeply,goal_achieved,1.7846,-0.50000,-0.15268,-0.50000,-0.34521,0.16412,0.000000,-0.000100,0.000000,-0.000332,0.000062
1848,69,home,mask_home,environment,rest_deeply,goal_achieved,1.7844,-0.50000,-0.15278,-0.50000,-0.34555,0.16418,0.000000,-0.000099,0.000000,-0.000331,0.000061
1849,69,home,mask_home,environment,network_actively,failed,-2.7703,-0.50000,-0.15283,-0.50000,-0.34653,0.16448,0.000000,-0.000047,0.000000,-0.000982,0.000298
1850,69,home,mask_home,environment,tidy_up,goal_achieved,1.8462,-0.50000,-0.15215,-0.50000,-0.34691,0.16429,0.000000,0.000673,0.000000,-0.000383,-0.000186
1851,69,home,mask_home,environment,rest_deeply,delayed,-0.4763,-0.50000,-0.15146,-0.50000,-0.34762,0.16432,0.000000,0.000692,0.000000,-0.000713,0.000021
1852,69,home,mask_home,environment,zone_out,goal_achieved,1.5581,-0.50000,-0.15243,-0.50000,-0.34945,0.16515,0.000000,-0.000966,0.000000,-0.001822,0.000838
1853,69,home,mask_home,environment,tidy_up,goal_achieved,1.8424,-0.50000,-0.15177,-0.50000,-0.34985,0.16498,0.000000,0.000654,0.000000,-0.000401,-0.000175
1854,69,home,mask_home,environment,tidy_up,goal_achieved,1.8420,-0.50000,-0.15112,-0.50000,-0.35025,0.16481,0.000000,0.000653,0.000000,-0.000400,-0.000173
1855,69,conference,mask_conference,environment,quick_scan,delayed,-2.2316,0.27655,-0.14253,0.50000,0.50000,-0.24565,0.000648,0.000227,0.000000,0.000000,-0.001101
1856,69,conference,mask_conference,environment,quick_scan,failed,-3.2606,0.27747,-0.14196,0.50000,0.50000,-0.24730,0.000924,0.000568,0.000000,0.000000,-0.001651
1857,69,conference,mask_conference,environment,quick_scan,delayed,-2.2280,0.27811,-0.14176,0.50000,0.50000,-0.24839,0.000644,0.000204,0.000000,0.000000,-0.001087
1858,69,conference,mask_conference,environment,network_actively,delayed,-0.4692,0.27786,-0.14183,0.49889,0.49900,-0.24766,-0.000256,-0.000070,-0.001114,-0.001004,0.000725
1859,69,conference,mask_conference,environment,rest_deeply,delayed,-2.4905,0.27815,-0.14211,0.50000,0.49987,-0.24796,0.000290,-0.000279,0.001114,0.000874,-0.000303
1860,69,conference,mask_conference,environment,network_actively,delayed,-0.4684,0.27789,-0.14217,0.49889,0.49887,-0.24724,-0.000255,-0.000069,-0.001109,-0.001003,0.000726
1861,69,conference,mask_conference,environment,network_actively,goal_achieved,0.6090,0.27826,-0.14253,0.50000,0.50000,-0.24776,0.000363,-0.000351,0.001109,0.001133,-0.000524
1862,69,conference,mask_conference,environment,quick_scan,delayed,-2.2180,0.27890,-0.14232,0.50000,0.50000,-0.24885,0.000643,0.000206,0.000000,0.000000,-0.001083
1863,69,conference,mask_conference,environment,network_actively,goal_achieved,0.6122,0.27926,-0.14267,0.50000,0.50000,-0.24937,0.000364,-0.000354,0.000000,0.000000,-0.000527
1864,70,work,mask_work,environment,take_notes,goal_achieved,1.5831,0.29100,0.50000,-0.50000,-0.50000,-0.40019,0.001645,0.000000,0.000000,0.000000,-0.000459
1865,70,work,mask_work,environment,handle_backlog,goal_achieved,2.1059,0.29147,0.50000,-0.50000,-0.50000,-0.40062,0.000467,0.000000,0.000000,0.000000,-0.000430
1866,70,work,mask_work,environment,handle_backlog,delayed,-1.2019,0.29246,0.50000,-0.50000,-0.50000,-0.40160,0.000995,0.000000,0.000000,0.000000,-0.000987
1867,70,work,mask_work,environment,rest_deeply,delayed,-1.2270,0.29318,0.50000,-0.50000,-0.50000,-0.40229,0.000718,0.000000,0.000000,0.000000,-0.000685
1868,70,work,mask_work,environment,deep_work,delayed,-0.6579,0.29271,0.50000,-0.50000,-0.50000,-0.40184,-0.000477,0.000000,0.000000,0.000000,0.000445
1869,70,work,mask_work,environment,network_actively,goal_achieved,1.9472,0.29329,0.49965,-0.49868,-0.49990,-0.40216,0.000588,-0.000345,0.001320,0.000095,-0.000319
1870,70,work,mask_work,environment,tidy_up,delayed,-1.2849,0.29424,0.50000,-0.50000,-0.50000,-0.40278,0.000945,0.000345,-0.001315,-0.000095,-0.000621
1871,70,work,mask_work,environment,deep_work,delayed,-0.6605,0.29376,0.50000,-0.50000,-0.50000,-0.40234,-0.000475,0.000000,-0.000005,0.000000,0.000448
1872,70,work,mask_work,environment,deep_work,goal_achieved,1.9455,0.29478,0.50000,-0.50000,-0.50000,-0.40331,0.001017,0.000000,0.000000,0.000000,-0.000970
1873,70,home,mask_home,environment,rest_deeply,goal_achieved,1.7704,-0.50000,-0.15122,-0.50000,-0.35059,0.16487,0.000000,-0.000099,0.000000,-0.000341,0.000065
1874,70,home,mask_home,environment,rest_deeply,goal_achieved,1.7703,-0.50000,-0.15132,-0.50000,-0.35093,0.16494,0.000000,-0.000099,0.000000,-0.000340,0.000064
1875,70,home,mask_home,environment,rest_deeply,delayed,-0.4900,-0.50000,-0.15063,-0.50000,-0.35167,0.16497,0.000000,0.000684,0.000000,-0.000738,0.000032
1876,70,home,mask_home,environment,network_actively,delayed,-1.8018,-0.50000,-0.15055,-0.50000,-0.35204,0.16500,0.000000,0.000086,0.000000,-0.000373,0.000035
1877,70,home,mask_home,environment,tidy_up,goal_achieved,1.8434,-0.50000,-0.14990,-0.50000,-0.35243,0.16483,0.000000,0.000650,0.000000,-0.000393,-0.000172
1878,70,home,mask_home,environment,rest_deeply,goal_achieved,1.7684,-0.50000,-0.15000,-0.50000,-0.35276,0.16490,0.000000,-0.000098,0.000000,-0.000332,0.000064
1879,70,home,mask_home,environment,network_actively,delayed,-1.8051,-0.50000,-0.14991,-0.50000,-0.35313,0.16493,0.000000,0.000090,0.000000,-0.000369,0.000033
1880,70,home,mask_home,environment,quick_scan,goal_achieved,1.8830,-0.50000,-0.15003,-0.50000,-0.35370,0.16539,0.000000,-0.000127,0.000000,-0.000565,0.000457
1881,70,home,mask_home,environment,tidy_up,goal_achieved,1.8373,-0.50000,-0.14939,-0.50000,-0.35409,0.16522,0.000000,0.000643,0.000000,-0.000390,-0.000165
1882,70,conference,mask_conference,environment,network_actively,goal_achieved,0.6127,0.27963,-0.14303,0.50000,0.50000,-0.24990,0.000363,-0.000356,0.000000,0.000000,-0.000526
1883,70,conference,mask_conference,environment,network_actively,goal_achieved,0.6132,0.27999,-0.14339,0.50000,0.50000,-0.25042,0.000363,-0.000357,0.000000,0.000000,-0.000525
1884,70,conference,mask_conference,environment,network_actively,delayed,-0.4668,0.27974,-0.14345,0.49889,0.49900,-0.24971,-0.000250,-0.000062,-0.001111,-0.000998,0.000717
1885,70,conference,mask_conference,environment,network_actively,goal_achieved,0.6145,0.28010,-0.14381,0.50000,0.50000,-0.25023,0.000363,-0.000359,0.001111,0.000998,-0.000524
1886,70,conference,mask_conference,environment,network_actively,goal_achieved,0.6128,0.28046,-0.14416,0.50000,0.50000,-0.25076,0.000362,-0.000354,0.000000,0.000000,-0.000527
1887,70,conference,mask_conference,environment,network_actively,delayed,-0.4670,0.28021,-0.14422,0.49889,0.49900,-0.25004,-0.000251,-0.000061,-0.001111,-0.000999,0.000717
1888,70,conference,mask_conference,environment,network_actively,goal_achieved,0.6141,0.28058,-0.14458,0.50000,0.50000,-0.25056,0.000363,-0.000355,0.001111,0.000999,-0.000526
1889,70,conference,mask_conference,environment,network_actively,delayed,-0.4671,0.28032,-0.14464,0.49889,0.49900,-0.24985,-0.000252,-0.000062,-0.001111,-0.000999,0.000718
1890,70,conference,mask_conference,environment,quick_scan,goal_achieved,0.8865,0.28013,-0.14549,0.49999,0.49910,-0.24926,-0.000194,-0.000853,0.001104,0.000099,0.000586
1891,71,work,mask_work,environment,handle_backlog,delayed,-1.1952,0.29577,0.50000,-0.50000,-0.50000,-0.40428,0.000986,0.000000,0.000000,0.000000,-0.000973
1892,71,work,mask_work,environment,network_actively,failed,-2.4756,0.29647,0.50000,-0.50000,-0.50000,-0.40503,0.000702,0.000000,0.000000,0.000000,-0.000752
1893,71,work,mask_work,environment,take_notes,delayed,-1.2325,0.29691,0.50000,-0.50000,-0.50000,-0.40573,0.000441,0.000000,0.000000,0.000000,-0.000694
1894,71,work,mask_work,environment,take_notes,goal_achieved,1.5960,0.29855,0.50000,-0.50000,-0.50000,-0.40618,0.001641,0.000000,0.000000,0.000000,-0.000454
1895,71,work,mask_work,environment,rest_deeply,goal_achieved,2.2855,0.29873,0.50000,-0.50000,-0.50000,-0.40642,0.000176,0.000000,0.000000,0.000000,-0.000243
1896,71,work,mask_work,environment,deep_work,goal_achieved,1.9431,0.29974,0.50000,-0.50000,-0.50000,-0.40739,0.001017,0.000000,0.000000,0.000000,-0.000969
1897,71,work,mask_work,environment,rest_deeply,delayed,-1.2201,0.30046,0.50000,-0.50000,-0.50000,-0.40807,0.000719,0.000000,0.000000,0.000000,-0.000679
1898,71,work,mask_work,environment,take_notes,delayed,-1.2381,0.30090,0.50000,-0.50000,-0.50000,-0.40876,0.000434,0.000000,0.000000,0.000000,-0.000689
1899,71,work,mask_work,environment,tidy_up,delayed,-1.2843,0.30184,0.50000,-0.50000,-0.50000,-0.40938,0.000940,0.000000,0.000000,0.000000,-0.000618
1900,71,home,mask_home,environment,zone_out,delayed,-1.4570,-0.50000,-0.14882,-0.50000,-0.35385,0.16491,0.000000,0.000571,0.000000,0.000237,-0.000307
1901,71,home,mask_home,environment,rest_deeply,goal_achieved,1.7667,-0.50000,-0.14891,-0.50000,-0.35417,0.16498,0.000000,-0.000092,0.000000,-0.000318,0.000065
1902,71,home,mask_home,environment,rest_deeply,goal_achieved,1.7666,-0.50000,-0.14900,-0.50000,-0.35449,0.16504,0.000000,-0.000091,0.000000,-0.000317,0.000064
1903,71,home,mask_home,environment,quick_scan,failed,-2.7738,-0.50000,-0.14876,-0.50000,-0.35478,0.16480,0.000000,0.000240,0.000000,-0.000298,-0.000247
1904,71,home,mask_home,environment,rest_deeply,goal_achieved,1.7696,-0.50000,-0.14885,-0.50000,-0.35510,0.16486,0.000000,-0.000090,0.000000,-0.000313,0.000059
1905,71,home,mask_home,environment,zone_out,goal_achieved,1.5417,-0.50000,-0.14981,-0.50000,-0.35689,0.16569,0.000000,-0.000958,0.000000,-0.001798,0.000832
1906,71,home,mask_home,environment,zone_out,delayed,-1.4582,-0.50000,-0.14924,-0.50000,-0.35665,0.16537,0.000000,0.000573,0.000000,0.000249,-0.000317
1907,71,home,mask_home,environment,rest_deeply,goal_achieved,1.7643,-0.50000,-0.14933,-0.50000,-0.35696,0.16543,0.000000,-0.000095,0.000000,-0.000319,0.000059
1908,71,home,mask_home,environment,zone_out,failed,-2.4590,-0.49950,-0.14825,-0.50000,-0.35603,0.16473,0.000497,0.001079,0.000000,0.000931,-0.000696
1909,71,conference,mask_conference,environment,quick_scan,goal_achieved,0.8817,0.27993,-0.14633,0.50000,0.49919,-0.24868,-0.000195,-0.000836,0.000007,0.000089,0.000580
1910,71,conference,mask_conference,environment,network_actively,delayed,-0.4725,0.27967,-0.14641,0.49889,0.49818,-0.24794,-0.000265,-0.000076,-0.001114,-0.001012,0.000736
1911,71,conference,mask_conference,environment,quick_scan,goal_achieved,0.8847,0.27947,-0.14723,0.49995,0.49826,-0.24737,-0.000196,-0.000824,0.001065,0.000080,0.000579
1912,71,conference,mask_conference,environment,network_actively,goal_achieved,0.5947,0.27983,-0.14754,0.50000,0.49950,-0.24790,0.000356,-0.000310,0.000049,0.001239,-0.000533
1913,71,conference,mask_conference,environment,network_actively,goal_achieved,0.5953,0.28018,-0.14785,0.50000,0.50000,-0.24843,0.000355,-0.000312,0.000000,0.000503,-0.000532
1914,71,conference,mask_conference,environment,network_actively,goal_achieved,0.5959,0.28054,-0.14817,0.50000,0.50000,-0.24896,0.000354,-0.000314,0.000000,0.000000,-0.000531
1915,71,conference,mask_conference,environment,rest_deeply,failed,-3.7040,0.28088,-0.14837,0.50000,0.50000,-0.24928,0.000339,-0.000208,0.000000,0.000000,-0.000319
1916,71,conference,mask_conference,environment,deep_work,failed,-4.0111,0.28103,-0.14889,0.50000,0.50000,-0.24945,0.000153,-0.000512,0.000000,0.000000,-0.000167
1917,71,conference,mask_conference,environment,quick_scan,delayed,-2.2023,0.28166,-0.14868,0.50000,0.50000,-0.25053,0.000630,0.000205,0.000000,0.000000,-0.001078
1918,72,work,mask_work,environment,deep_work,goal_achieved,1.9454,0.30286,0.50000,-0.50000,-0.50000,-0.41035,0.001019,0.000000,0.000000,0.000000,-0.000970
1919,72,work,mask_work,environment,tidy_up,goal_achieved,1.8961,0.30227,0.50000,-0.50000,-0.50000,-0.41110,-0.000591,0.000000,0.000000,0.000000,-0.000756
1920,72,work,mask_work,environment,deep_work,goal_achieved,1.9404,0.30327,0.50000,-0.50000,-0.50000,-0.41208,0.001005,0.000000,0.000000,0.000000,-0.000972
1921,72,work,mask_work,environment,tidy_up,delayed,-1.2878,0.30421,0.50000,-0.50000,-0.50000,-0.41270,0.000944,0.000000,0.000000,0.000000,-0.000622
1922,72,work,mask_work,environment,handle_backlog,delayed,-1.2088,0.30519,0.50000,-0.50000,-0.50000,-0.41367,0.000978,0.000000,0.000000,0.000000,-0.000974
1923,72,work,mask_work,environment,deep_work,delayed,-0.6584,0.30472,0.50000,-0.50000,-0.50000,-0.41323,-0.000476,0.000000,0.000000,0.000000,0.000442
1924,72,work,mask_work,environment,tidy_up,delayed,-1.2780,0.30566,0.50000,-0.50000,-0.50000,-0.41385,0.000942,0.000000,0.000000,0.000000,-0.000621
1925,72,work,mask_work,environment,tidy_up,failed,-2.3391,0.30711,0.50000,-0.50000,-0.50000,-0.41443,0.001452,0.000000,0.000000,0.000000,-0.000576
1926,72,work,mask_work,environment,rest_deeply,failed,-2.3798,0.30801,0.50000,-0.50000,-0.50000,-0.41525,0.000902,0.000000,0.000000,0.000000,-0.000826
1927,72,home,mask_home,environment,rest_deeply,goal_achieved,1.7734,-0.50000,-0.14834,-0.50000,-0.35633,0.16479,-0.000497,-0.000089,0.000000,-0.000299,0.000056
1928,72,home,mask_home,environment,rest_deeply,goal_achieved,1.7728,-0.50000,-0.14843,-0.50000,-0.35663,0.16484,0.000000,-0.000086,0.000000,-0.000298,0.000054
1929,72,home,mask_home,environment,tidy_up,goal_achieved,1.8377,-0.50000,-0.14778,-0.50000,-0.35699,0.16466,0.000000,0.000650,0.000000,-0.000355,-0.000179
1930,72,home,mask_home,environment,network_actively,failed,-2.7930,-0.50000,-0.14780,-0.50000,-0.35793,0.16495,0.000000,-0.000019,0.000000,-0.000945,0.000283
1931,72,home,mask_home,environment,zone_out,goal_achieved,1.5353,-0.50000,-0.14876,-0.50000,-0.35972,0.16578,0.000000,-0.000963,0.000000,-0.001791,0.000832
1932,72,home,mask_home,environment,rest_deeply,goal_achieved,1.7631,-0.50000,-0.14885,-0.50000,-0.36003,0.16583,0.000000,-0.000090,0.000000,-0.000311,0.000055
1933,72,home,mask_home,environment,deep_work,failed,-3.1884,-0.50000,-0.14892,-0.50000,-0.36039,0.16597,0.000000,-0.000073,0.000000,-0.000356,0.000133
1934,72,home,mask_home,environment,network_actively,goal_achieved,1.1292,-0.49905,-0.14846,-0.49947,-0.35890,0.16520,0.000955,0.000465,0.000529,0.001487,-0.000762
1935,72,home,mask_home,environment,rest_deeply,goal_achieved,1.7619,-0.49976,-0.14856,-0.50000,-0.35921,0.16527,-0.000715,-0.000101,-0.000529,-0.000306,0.000062
1936,72,conference,mask_conference,environment,network_actively,goal_achieved,0.6104,0.28201,-0.14904,0.50000,0.50000,-0.25104,0.000346,-0.000355,0.000000,0.000000,-0.000514
1937,72,conference,mask_conference,environment,network_actively,goal_achieved,0.6110,0.28235,-0.14939,0.50000,0.50000,-0.25155,0.000346,-0.000357,0.000000,0.000000,-0.000513
1938,72,conference,mask_conference,environment,network_actively,goal_achieved,0.6115,0.28270,-0.14975,0.50000,0.50000,-0.25207,0.000345,-0.000358,0.000000,0.000000,-0.000512
1939,72,conference,mask_conference,environment,network_actively,goal_achieved,0.6120,0.28304,-0.15011,0.50000,0.50000,-0.25258,0.000344,-0.000360,0.000000,0.000000,-0.000511
1940,72,conference,mask_conference,environment,take_notes,delayed,-2.5809,0.28309,-0.15087,0.50000,0.50000,-0.25275,0.000052,-0.000759,0.000000,0.000000,-0.000174
1941,72,conference,mask_conference,environment,network_actively,goal_achieved,0.6158,0.28343,-0.15124,0.50000,0.50000,-0.25326,0.000337,-0.000373,0.000000,0.000000,-0.000509
1942,72,conference,mask_conference,environment,quick_scan,failed,-3.2316,0.28433,-0.15072,0.50000,0.50000,-0.25489,0.000900,0.000527,0.000000,0.000000,-0.001625
1943,72,conference,mask_conference,environment,take_notes,goal_achieved,0.9875,0.28471,-0.15066,0.50000,0.50000,-0.25525,0.000380,0.000060,0.000000,0.000000,-0.000361
1944,72,conference,mask_conference,environment,network_actively,goal_achieved,0.6219,0.28506,-0.15103,0.50000,0.50000,-0.25576,0.000344,-0.000379,0.000000,0.000000,-0.000510
1945,73,work,mask_work,environment,deep_work,goal_achieved,1.9515,0.30904,0.50000,-0.50000,-0.50000,-0.41623,0.001027,0.000000,0.000000,0.000000,-0.000980
1946,73,work,mask_work,environment,deep_work,delayed,-0.6522,0.30858,0.50000,-0.50000,-0.50000,-0.41579,-0.000460,0.000000,0.000000,0.000000,0.000440
1947,73,work,mask_work,environment,handle_backlog,goal_achieved,2.1142,0.30903,0.50000,-0.50000,-0.50000,-0.41620,0.000450,0.000000,0.000000,0.000000,-0.000409
1948,73,work,mask_work,environment,rest_deeply,failed,-2.3797,0.30992,0.50000,-0.50000,-0.50000,-0.41702,0.000893,0.000000,0.000000,0.000000,-0.000818
1949,73,work,mask_work,environment,handle_backlog,goal_achieved,2.1159,0.31038,0.50000,-0.50000,-0.50000,-0.41743,0.000454,0.000000,0.000000,0.000000,-0.000412
1950,73,work,mask_work,environment,take_notes,failed,-2.1713,0.31041,0.50000,-0.50000,-0.50000,-0.41820,0.000035,0.000000,0.000000,0.000000,-0.000768
1951,73,work,mask_work,environment,take_notes,failed,-2.1713,0.31045,0.50000,-0.50000,-0.50000,-0.41897,0.000035,0.000000,0.000000,0.000000,-0.000768
1952,73,work,mask_work,environment,rest_deeply,failed,-2.3769,0.31133,0.50000,-0.50000,-0.50000,-0.41978,0.000881,0.000000,0.000000,0.000000,-0.000815
1953,73,work,mask_work,environment,take_notes,failed,-2.1695,0.31137,0.50000,-0.50000,-0.50000,-0.42055,0.000038,0.000000,0.000000,0.000000,-0.000771
1954,73,home,mask_home,environment,zone_out,failed,-2.4680,-0.49926,-0.14748,-0.50000,-0.35826,0.16457,0.000500,0.001077,0.000000,0.000947,-0.000698
1955,73,home,mask_home,environment,rest_deeply,goal_achieved,1.7695,-0.49996,-0.14758,-0.50000,-0.35855,0.16462,-0.000702,-0.000094,0.000000,-0.000284,0.000057
1956,73,home,mask_home,environment,rest_deeply,goal_achieved,1.7688,-0.50000,-0.14767,-0.50000,-0.35883,0.16468,-0.000037,-0.000090,0.000000,-0.000282,0.000053
1957,73,home,mask_home,environment,zone_out,goal_achieved,1.5259,-0.50000,-0.14864,-0.50000,-0.36060,0.16551,0.000000,-0.000973,0.000000,-0.001775,0.000833
1958,73,home,mask_home,environment,zone_out,goal_achieved,1.5224,-0.50000,-0.14961,-0.50000,-0.36238,0.16634,0.000000,-0.000967,0.000000,-0.001775,0.000825
1959,73,home,mask_home,environment,rest_deeply,goal_achieved,1.7508,-0.50000,-0.14971,-0.50000,-0.36269,0.16639,0.000000,-0.000104,0.000000,-0.000313,0.000057
1960,73,home,mask_home,environment,zone_out,goal_achieved,1.5170,-0.50000,-0.15067,-0.50000,-0.36446,0.16721,0.000000,-0.000962,0.000000,-0.001775,0.000817
1961,73,home,mask_home,environment,zone_out,delayed,-1.4722,-0.50000,-0.15010,-0.50000,-0.36418,0.16688,0.000000,0.000574,0.000000,0.000284,-0.000332
1962,73,home,mask_home,environment,rest_deeply,delayed,-0.5149,-0.50000,-0.14945,-0.50000,-0.36495,0.16694,0.000000,0.000650,0.000000,-0.000770,0.000061
1963,73,conference,mask_conference,environment,network_actively,goal_achieved,0.6224,0.28540,-0.15141,0.50000,0.50000,-0.25627,0.000344,-0.000380,0.000000,0.000000,-0.000509
1964,73,conference,mask_conference,environment,network_actively,goal_achieved,0.6229,0.28574,-0.15180,0.50000,0.50000,-0.25677,0.000343,-0.000381,0.000000,0.000000,-0.000508
1965,73,conference,mask_conference,environment,quick_scan,failed,-3.2357,0.28664,-0.15127,0.50000,0.50000,-0.25839,0.000902,0.000521,0.000000,0.000000,-0.001615
1966,73,conference,mask_conference,environment,network_actively,goal_achieved,0.6314,0.28699,-0.15167,0.50000,0.50000,-0.25890,0.000345,-0.000397,0.000000,0.000000,-0.000507
1967,73,conference,mask_conference,environment,network_actively,delayed,-0.4572,0.28673,-0.15176,0.49894,0.49903,-0.25817,-0.000259,-0.000088,-0.001056,-0.000967,0.000726
1968,73,conference,mask_conference,environment,network_actively,goal_achieved,0.6325,0.28708,-0.15216,0.50000,0.50000,-0.25868,0.000345,-0.000397,0.001056,0.000967,-0.000507
1969,73,conference,mask_conference,environment,quick_scan,delayed,-2.1998,0.28770,-0.15200,0.50000,0.50000,-0.25973,0.000621,0.000159,0.000000,0.000000,-0.001053
1970,73,conference,mask_conference,environment,network_actively,goal_achieved,0.6354,0.28804,-0.15240,0.50000,0.50000,-0.26024,0.000346,-0.000400,0.000000,0.000000,-0.000509
1971,73,conference,mask_conference,environment,network_actively,goal_achieved,0.6359,0.28839,-0.15280,0.50000,0.50000,-0.26075,0.000346,-0.000401,0.000000,0.000000,-0.000509
1972,74,work,mask_work,environment,tidy_up,delayed,-1.2670,0.31229,0.50000,-0.50000,-0.50000,-0.42118,0.000928,0.000000,0.000000,0.000000,-0.000621
1973,74,work,mask_work,environment,take_notes,goal_achieved,1.5985,0.31393,0.50000,-0.50000,-0.50000,-0.42162,0.001639,0.000000,0.000000,0.000000,-0.000448
1974,74,work,mask_work,environment,tidy_up,goal_achieved,1.9137,0.31334,0.50000,-0.50000,-0.50000,-0.42238,-0.000594,0.000000,0.000000,0.000000,-0.000755
1975,74,work,mask_work,environment,network_actively,delayed,-1.3653,0.31400,0.50000,-0.50000,-0.50000,-0.42302,0.000657,0.000000,0.000000,0.000000,-0.000642
1976,74,work,mask_work,environment,deep_work,goal_achieved,1.9488,0.31500,0.50000,-0.50000,-0.50000,-0.42400,0.001009,0.000000,0.000000,0.000000,-0.000981
1977,74,work,mask_work,environment,tidy_up,failed,-2.3356,0.31645,0.50000,-0.50000,-0.50000,-0.42458,0.001443,0.000000,0.000000,0.000000,-0.000578
1978,74,work,mask_work,environment,deep_work,delayed,-0.6510,0.31598,0.50000,-0.50000,-0.50000,-0.42414,-0.000468,0.000000,0.000000,0.000000,0.000440
1979,74,work,mask_work,environment,rest_deeply,goal_achieved,2.2987,0.31614,0.50000,-0.50000,-0.50000,-0.42438,0.000158,0.000000,0.000000,0.000000,-0.000238
1980,74,work,mask_work,environment,deep_work,goal_achieved,1.9476,0.31715,0.50000,-0.50000,-0.50000,-0.42535,0.001008,0.000000,0.000000,0.000000,-0.000973
1981,74,home,mask_home,environment,network_actively,delayed,-1.8348,-0.50000,-0.14938,-0.50000,-0.36532,0.16698,0.000000,0.000063,0.000000,-0.000367,0.000039
1982,74,home,mask_home,environment,rest_deeply,goal_achieved,1.7460,-0.50000,-0.14949,-0.50000,-0.36563,0.16703,0.000000,-0.000110,0.000000,-0.000312,0.000057
1983,74,home,mask_home,environment,zone_out,failed,-2.4642,-0.49947,-0.14841,-0.50000,-0.36466,0.16632,0.000529,0.001084,0.000000,0.000972,-0.000710
1984,74,home,mask_home,environment,network_actively,delayed,-1.8279,-0.50000,-0.14834,-0.50000,-0.36500,0.16636,-0.000529,0.000070,0.000000,-0.000346,0.000034
1985,74,home,mask_home,environment,quick_scan,failed,-2.7997,-0.50000,-0.14813,-0.50000,-0.36529,0.16612,0.000000,0.000212,0.000000,-0.000288,-0.000240
1986,74,home,mask_home,environment,rest_deeply,delayed,-0.5059,-0.50000,-0.14745,-0.50000,-0.36603,0.16616,0.000000,0.000677,0.000000,-0.000742,0.000039
1987,74,home,mask_home,environment,rest_deeply,goal_achieved,1.7568,-0.50000,-0.14756,-0.50000,-0.36632,0.16621,0.000000,-0.000107,0.000000,-0.000287,0.000051
1988,74,home,mask_home,environment,rest_deeply,goal_achieved,1.7567,-0.50000,-0.14767,-0.50000,-0.36661,0.16626,0.000000,-0.000106,0.000000,-0.000286,0.000050
1989,74,home,mask_home,environment,network_actively,failed,-2.8101,-0.50000,-0.14772,-0.50000,-0.36755,0.16655,0.000000,-0.000053,0.000000,-0.000947,0.000290
1990,74,conference,mask_conference,environment,quick_scan,goal_achieved,0.8971,0.28818,-0.15371,0.50000,0.50000,-0.26014,-0.000213,-0.000909,0.000000,0.000000,0.000609
1991,74,conference,mask_conference,environment,network_actively,delayed,-0.4581,0.28792,-0.15379,0.49894,0.49903,-0.25941,-0.000260,-0.000088,-0.001058,-0.000969,0.000727
1992,74,conference,mask_conference,environment,network_actively,goal_achieved,0.6318,0.28826,-0.15418,0.50000,0.50000,-0.25992,0.000344,-0.000391,0.001058,0.000969,-0.000509
1993,74,conference,mask_conference,environment,network_actively,goal_achieved,0.6301,0.28860,-0.15457,0.50000,0.50000,-0.26043,0.000343,-0.000385,0.000000,0.000000,-0.000511
1994,74,conference,mask_conference,environment,rest_deeply,failed,-3.6788,0.28894,-0.15484,0.50000,0.50000,-0.26074,0.000334,-0.000265,0.000000,0.000000,-0.000310
1995,74,conference,mask_conference,environment,quick_scan,delayed,-2.1971,0.28956,-0.15467,0.50000,0.50000,-0.26180,0.000622,0.000165,0.000000,0.000000,-0.001056
1996,74,conference,mask_conference,environment,network_actively,goal_achieved,0.6375,0.28991,-0.15506,0.50000,0.50000,-0.26231,0.000347,-0.000393,0.000000,0.000000,-0.000511
1997,74,conference,mask_conference,environment,network_actively,goal_achieved,0.6379,0.29025,-0.15546,0.50000,0.50000,-0.26282,0.000346,-0.000395,0.000000,0.000000,-0.000510
1998,74,conference,mask_conference,environment,network_actively,delayed,-0.4546,0.29000,-0.15554,0.49895,0.49904,-0.26210,-0.000253,-0.000079,-0.001047,-0.000962,0.000719
1999,75,work,mask_work,environment,handle_backlog,delayed,-1.1898,0.31811,0.50000,-0.50000,-0.50000,-0.42631,0.000969,0.000000,0.000000,0.000000,-0.000964
2000,75,work,mask_work,environment,deep_work,goal_achieved,1.9518,0.31913,0.50000,-0.50000,-0.50000,-0.42729,0.001013,0.000000,0.000000,0.000000,-0.000979
2001,75,work,mask_work,environment,take_notes,delayed,-1.2279,0.31956,0.50000,-0.50000,-0.50000,-0.42798,0.000430,0.000000,0.000000,0.000000,-0.000689
2002,75,work,mask_work,environment,deep_work,goal_achieved,1.9528,0.32057,0.50000,-0.50000,-0.50000,-0.42896,0.001011,0.000000,0.000000,0.000000,-0.000980
2003,75,work,mask_work,environment,deep_work,goal_achieved,1.9527,0.32158,0.50000,-0.50000,-0.50000,-0.42994,0.001011,0.000000,0.000000,0.000000,-0.000980
2004,75,work,mask_work,environment,take_notes,goal_achieved,1.5922,0.32321,0.50000,-0.50000,-0.50000,-0.43039,0.001631,0.000000,0.000000,0.000000,-0.000450
2005,75,work,mask_work,environment,deep_work,delayed,-0.6536,0.32274,0.50000,-0.50000,-0.50000,-0.42995,-0.000467,0.000000,0.000000,0.000000,0.000443
2006,75,work,mask_work,environment,take_notes,failed,-2.1670,0.32277,0.50000,-0.50000,-0.50000,-0.43072,0.000028,0.000000,0.000000,0.000000,-0.000768
2007,75,work,mask_work,environment,rest_deeply,delayed,-1.2055,0.32347,0.50000,-0.50000,-0.50000,-0.43139,0.000702,0.000000,0.000000,0.000000,-0.000675
2008,75,home,mask_home,environment,zone_out,delayed,-1.4630,-0.50000,-0.14715,-0.50000,-0.36726,0.16622,0.000000,0.000570,0.000000,0.000290,-0.000330
2009,75,home,mask_home,environment,zone_out,delayed,-1.4633,-0.50000,-0.14658,-0.50000,-0.36697,0.16589,0.000000,0.000568,0.000000,0.000289,-0.000327
2010,75,home,mask_home,environment,network_actively,failed,-2.8031,-0.50000,-0.14662,-0.50000,-0.36790,0.16617,0.000000,-0.000041,0.000000,-0.000926,0.000282
2011,75,home,mask_home,environment,rest_deeply,goal_achieved,1.7661,-0.50000,-0.14672,-0.50000,-0.36817,0.16622,0.000000,-0.000098,0.000000,-0.000266,0.000044
2012,75,home,mask_home,environment,tidy_up,goal_achieved,1.8313,-0.50000,-0.14610,-0.50000,-0.36850,0.16604,0.000000,0.000619,0.000000,-0.000330,-0.000179
2013,75,home,mask_home,environment,rest_deeply,goal_achieved,1.7648,-0.50000,-0.14620,-0.50000,-0.36876,0.16608,0.000000,-0.000095,0.000000,-0.000264,0.000043
2014,75,home,mask_home,environment,tidy_up,delayed,-1.5459,-0.50000,-0.14744,-0.50000,-0.36921,0.16665,0.000000,-0.001243,0.000000,-0.000445,0.000568
2015,75,home,mask_home,environment,rest_deeply,goal_achieved,1.7675,-0.50000,-0.14754,-0.50000,-0.36947,0.16669,0.000000,-0.000101,0.000000,-0.000262,0.000041
2016,75,home,mask_home,environment,rest_deeply,goal_achieved,1.7674,-0.50000,-0.14764,-0.50000,-0.36973,0.16673,0.000000,-0.000101,0.000000,-0.000262,0.000040
2017,75,conference,mask_conference,environment,network_actively,goal_achieved,0.6391,0.29035,-0.15593,0.50000,0.50000,-0.26261,0.000347,-0.000395,0.001047,0.000962,-0.000510
2018,75,conference,mask_conference,environment,network_actively,goal_achieved,0.6374,0.29069,-0.15632,0.50000,0.50000,-0.26312,0.000346,-0.000390,0.000000,0.000000,-0.000512
2019,75,conference,mask_conference,environment,network_actively,delayed,-0.4548,0.29044,-0.15640,0.49895,0.49904,-0.26240,-0.000254,-0.000079,-0.001048,-0.000962,0.000719
2020,75,conference,mask_conference,environment,network_actively,goal_achieved,0.6385,0.29078,-0.15679,0.50000,0.50000,-0.26291,0.000346,-0.000390,0.001048,0.000962,-0.000512
2021,75,conference,mask_conference,environment,network_actively,goal_achieved,0.6368,0.29113,-0.15718,0.50000,0.50000,-0.26343,0.000346,-0.000385,0.000000,0.000000,-0.000514
2022,75,conference,mask_conference,environment,network_actively,goal_achieved,0.6373,0.29147,-0.15756,0.50000,0.50000,-0.26394,0.000345,-0.000386,0.000000,0.000000,-0.000514
2023,75,conference,mask_conference,environment,network_actively,goal_achieved,0.6378,0.29182,-0.15795,0.50000,0.50000,-0.26446,0.000345,-0.000387,0.000000,0.000000,-0.000513
2024,75,conference,mask_conference,environment,network_actively,delayed,-0.4553,0.29156,-0.15803,0.49895,0.49904,-0.26374,-0.000254,-0.000078,-0.001049,-0.000962,0.000719
2025,75,conference,mask_conference,environment,network_actively,goal_achieved,0.6389,0.29191,-0.15842,0.50000,0.50000,-0.26425,0.000345,-0.000388,0.001049,0.000962,-0.000512
2026,76,work,mask_work,environment,network_actively,failed,-2.4674,0.32416,0.50000,-0.50000,-0.50000,-0.43214,0.000688,0.000000,0.000000,0.000000,-0.000747
2027,76,work,mask_work,environment,deep_work,goal_achieved,1.9523,0.32518,0.50000,-0.50000,-0.50000,-0.43312,0.001013,0.000000,0.000000,0.000000,-0.000981
2028,76,work,mask_work,environment,take_notes,failed,-2.1669,0.32521,0.50000,-0.50000,-0.50000,-0.43389,0.000031,0.000000,0.000000,0.000000,-0.000772
2029,76,work,mask_work,environment,take_notes,failed,-2.1669,0.32524,0.50000,-0.50000,-0.50000,-0.43467,0.000031,0.000000,0.000000,0.000000,-0.000772
2030,76,work,mask_work,environment,handle_backlog,delayed,-1.1848,0.32620,0.50000,-0.50000,-0.50000,-0.43564,0.000964,0.000000,0.000000,0.000000,-0.000969
2031,76,work,mask_work,environment,deep_work,goal_achieved,1.9622,0.32721,0.50000,-0.50000,-0.50000,-0.43662,0.001010,0.000000,0.000000,0.000000,-0.000988
2032,76,work,mask_work,environment,network_actively,delayed,-1.3536,0.32787,0.50000,-0.50000,-0.50000,-0.43727,0.000659,0.000000,0.000000,0.000000,-0.000649
2033,76,work,mask_work,environment,tidy_up,goal_achieved,1.9271,0.32728,0.50000,-0.50000,-0.50000,-0.43804,-0.000593,0.000000,0.000000,0.000000,-0.000763
2034,76,work,mask_work,environment,network_actively,goal_achieved,1.9621,0.32783,0.49961,-0.49866,-0.49987,-0.43836,0.000556,-0.000390,0.001343,0.000126,-0.000323
2035,76,home,mask_home,environment,step_away,goal_achieved,1.9897,-0.50000,-0.14758,-0.50000,-0.37014,0.16681,0.000000,0.000063,0.000000,-0.000408,0.000084
2036,76,home,mask_home,environment,network_actively,failed,-2.8246,-0.50000,-0.14763,-0.50000,-0.37110,0.16714,0.000000,-0.000052,0.000000,-0.000965,0.000325
2037,76,home,mask_home,environment,rest_deeply,goal_achieved,1.7518,-0.50000,-0.14773,-0.50000,-0.37141,0.16722,0.000000,-0.000099,0.000000,-0.000310,0.000085
2038,76,home,mask_home,environment,rest_deeply,goal_achieved,1.7513,-0.50000,-0.14783,-0.50000,-0.37172,0.16731,0.000000,-0.000098,0.000000,-0.000310,0.000085
2039,76,home,mask_home,environment,quick_scan,failed,-2.8121,-0.50000,-0.14762,-0.50000,-0.37204,0.16711,0.000000,0.000207,0.000000,-0.000315,-0.000196
2040,76,home,mask_home,environment,quick_scan,failed,-2.8123,-0.50000,-0.14741,-0.50000,-0.37235,0.16692,0.000000,0.000205,0.000000,-0.000314,-0.000195
2041,76,home,mask_home,environment,tidy_up,goal_achieved,1.8143,-0.50000,-0.14680,-0.50000,-0.37272,0.16677,0.000000,0.000617,0.000000,-0.000370,-0.000143
2042,76,home,mask_home,environment,zone_out,goal_achieved,1.5034,-0.50000,-0.14779,-0.50000,-0.37452,0.16763,0.000000,-0.000987,0.000000,-0.001801,0.000860
2043,76,home,mask_home,environment,network_actively,goal_achieved,1.1244,-0.49907,-0.14733,-0.49957,-0.37308,0.16691,0.000933,0.000453,0.000427,0.001441,-0.000723
2044,76,conference,mask_conference,environment,quick_scan,failed,-3.2234,0.29281,-0.15790,0.50000,0.50000,-0.26585,0.000896,0.000518,0.000000,0.000000,-0.001605
2045,76,conference,mask_conference,environment,network_actively,goal_achieved,0.6450,0.29315,-0.15829,0.50000,0.50000,-0.26637,0.000346,-0.000397,0.000000,0.000000,-0.000515
2046,76,conference,mask_conference,environment,network_actively,goal_achieved,0.6455,0.29350,-0.15869,0.50000,0.50000,-0.26688,0.000346,-0.000398,0.000000,0.000000,-0.000514
2047,76,conference,mask_conference,environment,network_actively,goal_achieved,0.6459,0.29384,-0.15909,0.50000,0.50000,-0.26740,0.000345,-0.000399,0.000000,0.000000,-0.000513
2048,76,conference,mask_conference,environment,network_actively,goal_achieved,0.6464,0.29419,-0.15949,0.50000,0.50000,-0.26791,0.000345,-0.000400,0.000000,0.000000,-0.000513
2049,76,conference,mask_conference,environment,network_actively,delayed,-0.4522,0.29394,-0.15956,0.49895,0.49905,-0.26720,-0.000247,-0.000069,-0.001050,-0.000954,0.000707
2050,76,conference,mask_conference,environment,network_actively,goal_achieved,0.6475,0.29429,-0.15996,0.50000,0.50000,-0.26771,0.000345,-0.000401,0.001050,0.000954,-0.000512
2051,76,conference,mask_conference,environment,network_actively,goal_achieved,0.6458,0.29463,-0.16036,0.50000,0.50000,-0.26823,0.000345,-0.000395,0.000000,0.000000,-0.000515
2052,76,conference,mask_conference,environment,network_actively,goal_achieved,0.6463,0.29498,-0.16075,0.50000,0.50000,-0.26874,0.000344,-0.000397,0.000000,0.000000,-0.000514
2053,77,work,mask_work,environment,take_notes,goal_achieved,1.5907,0.32945,0.50000,-0.50000,-0.50000,-0.43881,0.001619,0.000390,-0.001343,-0.000126,-0.000453
2054,77,work,mask_work,environment,network_actively,delayed,-1.3629,0.33010,0.50000,-0.50000,-0.50000,-0.43946,0.000652,0.000000,0.000000,0.000000,-0.000649
2055,77,work,mask_work,environment,tidy_up,failed,-2.3346,0.33154,0.50000,-0.50000,-0.50000,-0.44004,0.001436,0.000000,0.000000,0.000000,-0.000582
2056,77,work,mask_work,environment,take_notes,failed,-2.1693,0.33157,0.50000,-0.50000,-0.50000,-0.44082,0.000032,0.000000,0.000000,0.000000,-0.000778
2057,77,work,mask_work,environment,take_notes,goal_achieved,1.5922,0.33320,0.50000,-0.50000,-0.50000,-0.44127,0.001626,0.000000,0.000000,0.000000,-0.000452
2058,77,work,mask_work,environment,take_notes,goal_achieved,1.5918,0.33482,0.50000,-0.50000,-0.50000,-0.44172,0.001626,0.000000,0.000000,0.000000,-0.000452
2059,77,work,mask_work,environment,deep_work,goal_achieved,1.9455,0.33584,0.50000,-0.50000,-0.50000,-0.44271,0.001016,0.000000,0.000000,0.000000,-0.000984
2060,77,work,mask_work,environment,deep_work,goal_achieved,1.9454,0.33686,0.50000,-0.50000,-0.50000,-0.44369,0.001015,0.000000,0.000000,0.000000,-0.000984
2061,77,work,mask_work,environment,deep_work,goal_achieved,1.9453,0.33787,0.50000,-0.50000,-0.50000,-0.44468,0.001015,0.000000,0.000000,0.000000,-0.000984
2062,77,home,mask_home,environment,rest_deeply,delayed,-0.5189,-0.49983,-0.14667,-0.50000,-0.37388,0.16700,-0.000768,0.000663,-0.000427,-0.000794,0.000090
2063,77,home,mask_home,environment,zone_out,goal_achieved,1.5026,-0.50000,-0.14765,-0.50000,-0.37567,0.16786,-0.000165,-0.000984,0.000000,-0.001793,0.000858
2064,77,home,mask_home,environment,zone_out,delayed,-1.4811,-0.50000,-0.14708,-0.50000,-0.37541,0.16757,0.000000,0.000573,0.000000,0.000259,-0.000291
2065,77,home,mask_home,environment,rest_deeply,goal_achieved,1.7366,-0.50000,-0.14719,-0.50000,-0.37573,0.16766,0.000000,-0.000109,0.000000,-0.000320,0.000089
2066,77,home,mask_home,environment,rest_deeply,goal_achieved,1.7362,-0.50000,-0.14730,-0.50000,-0.37605,0.16774,0.000000,-0.000108,0.000000,-0.000320,0.000088
2067,77,home,mask_home,environment,zone_out,goal_achieved,1.4937,-0.50000,-0.14828,-0.50000,-0.37785,0.16860,0.000000,-0.000982,0.000000,-0.001798,0.000858
2068,77,home,mask_home,environment,zone_out,failed,-2.4768,-0.49944,-0.14719,-0.50000,-0.37690,0.16793,0.000561,0.001092,0.000000,0.000948,-0.000671
2069,77,home,mask_home,environment,zone_out,goal_achieved,1.4934,-0.50000,-0.14817,-0.50000,-0.37870,0.16879,-0.000561,-0.000985,0.000000,-0.001797,0.000860
2070,77,home,mask_home,environment,zone_out,goal_achieved,1.4862,-0.50000,-0.14915,-0.50000,-0.38050,0.16965,0.000000,-0.000976,0.000000,-0.001805,0.000857
2071,77,conference,mask_conference,environment,network_actively,delayed,-0.4526,0.29473,-0.16082,0.49895,0.49905,-0.26804,-0.000248,-0.000068,-0.001051,-0.000954,0.000707
2072,77,conference,mask_conference,environment,network_actively,goal_achieved,0.6475,0.29507,-0.16122,0.50000,0.50000,-0.26855,0.000344,-0.000397,0.001051,0.000954,-0.000513
2073,77,conference,mask_conference,environment,network_actively,goal_achieved,0.6458,0.29542,-0.16161,0.50000,0.50000,-0.26907,0.000344,-0.000392,0.000000,0.000000,-0.000516
2074,77,conference,mask_conference,environment,network_actively,goal_achieved,0.6463,0.29576,-0.16200,0.50000,0.50000,-0.26958,0.000343,-0.000393,0.000000,0.000000,-0.000515
2075,77,conference,mask_conference,environment,network_actively,goal_achieved,0.6467,0.29610,-0.16240,0.50000,0.50000,-0.27010,0.000343,-0.000394,0.000000,0.000000,-0.000515
2076,77,conference,mask_conference,environment,network_actively,goal_achieved,0.6472,0.29644,-0.16279,0.50000,0.50000,-0.27061,0.000342,-0.000395,0.000000,0.000000,-0.000514
2077,77,conference,mask_conference,environment,deep_work,goal_achieved,0.8861,0.29683,-0.16268,0.50000,0.50000,-0.27112,0.000389,0.000112,0.000000,0.000000,-0.000509
2078,77,conference,mask_conference,environment,network_actively,goal_achieved,0.6373,0.29719,-0.16303,0.50000,0.50000,-0.27166,0.000361,-0.000346,0.000000,0.000000,-0.000539
2079,77,conference,mask_conference,environment,network_actively,goal_achieved,0.6379,0.29755,-0.16338,0.50000,0.50000,-0.27220,0.000360,-0.000348,0.000000,0.000000,-0.000538
2080,78,work,mask_work,environment,take_notes,goal_achieved,1.5863,0.33950,0.50000,-0.50000,-0.50000,-0.44513,0.001630,0.000000,0.000000,0.000000,-0.000457
2081,78,work,mask_work,environment,network_actively,delayed,-1.3754,0.34018,0.50000,-0.50000,-0.50000,-0.44579,0.000677,0.000000,0.000000,0.000000,-0.000652
2082,78,work,mask_work,environment,take_notes,delayed,-1.2336,0.34061,0.50000,-0.50000,-0.50000,-0.44649,0.000435,0.000000,0.000000,0.000000,-0.000703
2083,78,work,mask_work,environment,tidy_up,goal_achieved,1.9076,0.34005,0.50000,-0.50000,-0.50000,-0.44725,-0.000567,0.000000,0.000000,0.000000,-0.000761
2084,78,work,mask_work,environment,rest_deeply,delayed,-1.2266,0.34075,0.50000,-0.50000,-0.50000,-0.44794,0.000706,0.000000,0.000000,0.000000,-0.000688
2085,78,work,mask_work,environment,take_notes,delayed,-1.2378,0.34117,0.50000,-0.50000,-0.50000,-0.44864,0.000423,0.000000,0.000000,0.000000,-0.000705
2086,78,work,mask_work,environment,take_notes,failed,-2.1775,0.34120,0.50000,-0.50000,-0.50000,-0.44943,0.000025,0.000000,0.000000,0.000000,-0.000786
2087,78,work,mask_work,environment,network_actively,delayed,-1.3746,0.34186,0.50000,-0.50000,-0.50000,-0.45008,0.000659,0.000000,0.000000,0.000000,-0.000655
2088,78,work,mask_work,environment,deep_work,goal_achieved,1.9413,0.34286,0.50000,-0.50000,-0.50000,-0.45107,0.001002,0.000000,0.000000,0.000000,-0.000986
2089,78,home,mask_home,environment,rest_deeply,goal_achieved,1.7146,-0.50000,-0.14926,-0.50000,-0.38086,0.16975,0.000000,-0.000115,0.000000,-0.000357,0.000102
2090,78,home,mask_home,environment,rest_deeply,delayed,-0.5478,-0.50000,-0.14866,-0.50000,-0.38174,0.16991,0.000000,0.000600,0.000000,-0.000880,0.000159
2091,78,home,mask_home,environment,network_actively,failed,-2.8622,-0.50000,-0.14875,-0.50000,-0.38277,0.17027,0.000000,-0.000086,0.000000,-0.001027,0.000362
2092,78,home,mask_home,environment,rest_deeply,goal_achieved,1.7131,-0.50000,-0.14886,-0.50000,-0.38312,0.17037,0.000000,-0.000115,0.000000,-0.000357,0.000104
2093,78,home,mask_home,environment,rest_deeply,goal_achieved,1.7126,-0.50000,-0.14898,-0.50000,-0.38348,0.17048,0.000000,-0.000114,0.000000,-0.000357,0.000104
2094,78,home,mask_home,environment,network_actively,goal_achieved,1.1126,-0.49909,-0.14853,-0.49961,-0.38210,0.16978,0.000907,0.000449,0.000391,0.001379,-0.000701
2095,78,home,mask_home,environment,network_actively,failed,-2.8626,-0.50000,-0.14862,-0.50000,-0.38313,0.17014,-0.000907,-0.000091,-0.000391,-0.001026,0.000364
2096,78,home,mask_home,environment,zone_out,delayed,-1.4905,-0.50000,-0.14804,-0.50000,-0.38286,0.16986,0.000000,0.000581,0.000000,0.000264,-0.000286
2097,78,home,mask_home,environment,tidy_up,goal_achieved,1.7809,-0.50000,-0.14747,-0.50000,-0.38328,0.16975,0.000000,0.000572,0.000000,-0.000414,-0.000105
2098,78,conference,mask_conference,environment,quick_scan,delayed,-2.2034,0.29819,-0.16317,0.50000,0.50000,-0.27326,0.000632,0.000201,0.000000,0.000000,-0.001069
2099,78,conference,mask_conference,environment,network_actively,goal_achieved,0.6428,0.29855,-0.16353,0.50000,0.50000,-0.27380,0.000361,-0.000357,0.000000,0.000000,-0.000537
2100,78,conference,mask_conference,environment,network_actively,goal_achieved,0.6433,0.29891,-0.16389,0.50000,0.50000,-0.27434,0.000361,-0.000359,0.000000,0.000000,-0.000536
2101,78,conference,mask_conference,environment,quick_scan,goal_achieved,0.8972,0.29871,-0.16476,0.50000,0.50000,-0.27375,-0.000201,-0.000871,0.000000,0.000000,0.000589
2102,78,conference,mask_conference,environment,network_actively,delayed,-0.4660,0.29848,-0.16477,0.49887,0.49901,-0.27307,-0.000227,-0.000007,-0.001130,-0.000992,0.000677
2103,78,conference,mask_conference,environment,network_actively,goal_achieved,0.6400,0.29884,-0.16512,0.50000,0.50000,-0.27361,0.000359,-0.000352,0.001130,0.000992,-0.000534
2104,78,conference,mask_conference,environment,network_actively,goal_achieved,0.6384,0.29920,-0.16547,0.50000,0.50000,-0.27414,0.000358,-0.000348,0.000000,0.000000,-0.000536
2105,78,conference,mask_conference,environment,deep_work,failed,-3.9695,0.29933,-0.16607,0.50000,0.50000,-0.27429,0.000137,-0.000597,0.000000,0.000000,-0.000151
2106,78,conference,mask_conference,environment,network_actively,goal_achieved,0.6455,0.29968,-0.16645,0.50000,0.50000,-0.27481,0.000345,-0.000380,0.000000,0.000000,-0.000520
2107,79,work,mask_work,environment,take_notes,delayed,-1.2393,0.34328,0.50000,-0.50000,-0.50000,-0.45178,0.000425,0.000000,0.000000,0.000000,-0.000707
2108,79,work,mask_work,environment,handle_backlog,goal_achieved,2.0977,0.34371,0.50000,-0.50000,-0.50000,-0.45220,0.000430,0.000000,0.000000,0.000000,-0.000420
2109,79,work,mask_work,environment,tidy_up,delayed,-1.2856,0.34465,0.50000,-0.50000,-0.50000,-0.45283,0.000936,0.000000,0.000000,0.000000,-0.000630
2110,79,work,mask_work,environment,network_actively,delayed,-1.3773,0.34531,0.50000,-0.50000,-0.50000,-0.45348,0.000657,0.000000,0.000000,0.000000,-0.000653
2111,79,work,mask_work,environment,take_notes,delayed,-1.2414,0.34573,0.50000,-0.50000,-0.50000,-0.45418,0.000423,0.000000,0.000000,0.000000,-0.000703
2112,79,work,mask_work,environment,take_notes,failed,-2.1808,0.34576,0.50000,-0.50000,-0.50000,-0.45497,0.000025,0.000000,0.000000,0.000000,-0.000785
2113,79,work,mask_work,environment,deep_work,goal_achieved,1.9437,0.34675,0.50000,-0.50000,-0.50000,-0.45595,0.000993,0.000000,0.000000,0.000000,-0.000984
2114,79,work,mask_work,environment,deep_work,delayed,-0.6542,0.34627,0.50000,-0.50000,-0.50000,-0.45551,-0.000483,0.000000,0.000000,0.000000,0.000440
2115,79,work,mask_work,environment,handle_backlog,goal_achieved,2.1058,0.34669,0.50000,-0.50000,-0.50000,-0.45593,0.000423,0.000000,0.000000,0.000000,-0.000417
2116,79,home,mask_home,environment,tidy_up,goal_achieved,1.7806,-0.50000,-0.14690,-0.50000,-0.38369,0.16965,0.000000,0.000570,0.000000,-0.000412,-0.000104
2117,79,home,mask_home,environment,zone_out,delayed,-1.4930,-0.50000,-0.14631,-0.50000,-0.38342,0.16936,0.000000,0.000587,0.000000,0.000269,-0.000288
2118,79,home,mask_home,environment,rest_deeply,goal_achieved,1.7168,-0.50000,-0.14641,-0.50000,-0.38374,0.16945,0.000000,-0.000106,0.000000,-0.000324,0.000096
2119,79,home,mask_home,environment,tidy_up,delayed,-1.6066,-0.50000,-0.14765,-0.50000,-0.38427,0.17008,0.000000,-0.001232,0.000000,-0.000527,0.000626
2120,79,home,mask_home,environment,rest_deeply,goal_achieved,1.7174,-0.50000,-0.14776,-0.50000,-0.38460,0.17018,0.000000,-0.000110,0.000000,-0.000328,0.000097
2121,79,home,mask_home,environment,rest_deeply,goal_achieved,1.7169,-0.50000,-0.14786,-0.50000,-0.38493,0.17027,0.000000,-0.000109,0.000000,-0.000327,0.000097
2122,79,home,mask_home,environment,rest_deeply,goal_achieved,1.7164,-0.50000,-0.14797,-0.50000,-0.38525,0.17037,0.000000,-0.000108,0.000000,-0.000327,0.000096
2123,79,home,mask_home,environment,network_actively,failed,-2.8678,-0.50000,-0.14805,-0.50000,-0.38625,0.17073,0.000000,-0.000081,0.000000,-0.001001,0.000357
2124,79,home,mask_home,environment,tidy_up,failed,-2.7502,-0.50000,-0.14985,-0.50000,-0.38683,0.17159,0.000000,-0.001802,0.000000,-0.000578,0.000863
2125,79,conference,mask_conference,environment,network_actively,goal_achieved,0.6460,0.30002,-0.16683,0.50000,0.50000,-0.27533,0.000345,-0.000381,0.000000,0.000000,-0.000519
2126,79,conference,mask_conference,environment,quick_scan,goal_achieved,0.9021,0.29981,-0.16772,0.50000,0.50000,-0.27473,-0.000215,-0.000892,0.000000,0.000000,0.000602
2127,79,conference,mask_conference,environment,quick_scan,goal_achieved,0.8994,0.29959,-0.16860,0.50000,0.50000,-0.27413,-0.000215,-0.000880,0.000000,0.000000,0.000598
2128,79,conference,mask_conference,environment,network_actively,goal_achieved,0.6367,0.29993,-0.16896,0.50000,0.50000,-0.27465,0.000340,-0.000363,0.000000,0.000000,-0.000519
2129,79,conference,mask_conference,environment,take_notes,goal_achieved,0.9927,0.30032,-0.16887,0.50000,0.50000,-0.27503,0.000384,0.000086,0.000000,0.000000,-0.000376
2130,79,conference,mask_conference,environment,network_actively,goal_achieved,0.6348,0.30066,-0.16923,0.50000,0.50000,-0.27555,0.000344,-0.000355,0.000000,0.000000,-0.000519
2131,79,conference,mask_conference,environment,quick_scan,delayed,-2.2039,0.30129,-0.16903,0.50000,0.50000,-0.27661,0.000624,0.000198,0.000000,0.000000,-0.001064
2132,79,conference,mask_conference,environment,network_actively,delayed,-0.4663,0.30105,-0.16906,0.49889,0.49902,-0.27591,-0.000240,-0.000031,-0.001111,-0.000984,0.000698
2133,79,conference,mask_conference,environment,network_actively,goal_achieved,0.6406,0.30139,-0.16943,0.50000,0.50000,-0.27643,0.000346,-0.000365,0.001111,0.000984,-0.000517
2134,80,work,mask_work,environment,network_actively,goal_achieved,1.9449,0.34724,0.49962,-0.49866,-0.49988,-0.45625,0.000550,-0.000385,0.001343,0.000123,-0.000317
2135,80,work,mask_work,environment,rest_deeply,delayed,-1.2246,0.34792,0.50000,-0.49992,-0.50000,-0.45692,0.000685,0.000385,-0.001261,-0.000123,-0.000678
2136,80,work,mask_work,environment,tidy_up,failed,-2.3504,0.34935,0.50000,-0.50000,-0.50000,-0.45750,0.001425,0.000000,-0.000082,0.000000,-0.000578
2137,80,work,mask_work,environment,handle_backlog,goal_achieved,2.1052,0.34978,0.50000,-0.50000,-0.50000,-0.45792,0.000429,0.000000,0.000000,0.000000,-0.000415
2138,80,work,mask_work,environment,tidy_up,delayed,-1.2882,0.35070,0.50000,-0.50000,-0.50000,-0.45853,0.000918,0.000000,0.000000,0.000000,-0.000618
2139,80,work,mask_work,environment,take_notes,failed,-2.1825,0.35072,0.50000,-0.50000,-0.50000,-0.45931,0.000023,0.000000,0.000000,0.000000,-0.000771
2140,80,work,mask_work,environment,take_notes,failed,-2.1825,0.35074,0.50000,-0.50000,-0.50000,-0.46008,0.000023,0.000000,0.000000,0.000000,-0.000771
2141,80,work,mask_work,environment,handle_backlog,goal_achieved,2.1116,0.35117,0.50000,-0.50000,-0.50000,-0.46049,0.000424,0.000000,0.000000,0.000000,-0.000416
2142,80,work,mask_work,environment,take_notes,failed,-2.1853,0.35119,0.50000,-0.50000,-0.50000,-0.46126,0.000020,0.000000,0.000000,0.000000,-0.000767
2143,80,home,mask_home,environment,rest_deeply,goal_achieved,1.7172,-0.50000,-0.14997,-0.50000,-0.38717,0.17169,0.000000,-0.000112,0.000000,-0.000336,0.000099
2144,80,home,mask_home,environment,tidy_up,goal_achieved,1.7745,-0.50000,-0.14939,-0.50000,-0.38758,0.17158,0.000000,0.000577,0.000000,-0.000410,-0.000106
2145,80,home,mask_home,environment,rest_deeply,goal_achieved,1.7155,-0.50000,-0.14950,-0.50000,-0.38791,0.17168,0.000000,-0.000108,0.000000,-0.000333,0.000098
2146,80,home,mask_home,environment,zone_out,delayed,-1.4976,-0.50000,-0.14893,-0.50000,-0.38765,0.17141,0.000000,0.000565,0.000000,0.000263,-0.000274
2147,80,home,mask_home,environment,deep_work,failed,-3.2469,-0.50000,-0.14903,-0.50000,-0.38804,0.17160,0.000000,-0.000101,0.000000,-0.000396,0.000189
2148,80,home,mask_home,environment,network_actively,failed,-2.8690,-0.50000,-0.14913,-0.50000,-0.38904,0.17196,0.000000,-0.000092,0.000000,-0.000994,0.000363
2149,80,home,mask_home,environment,quick_scan,goal_achieved,1.8049,-0.50000,-0.14929,-0.50000,-0.38961,0.17248,0.000000,-0.000162,0.000000,-0.000567,0.000514
2150,80,home,mask_home,environment,rest_deeply,goal_achieved,1.7142,-0.50000,-0.14939,-0.50000,-0.38993,0.17258,0.000000,-0.000107,0.000000,-0.000326,0.000104
2151,80,home,mask_home,environment,rest_deeply,goal_achieved,1.7137,-0.50000,-0.14950,-0.50000,-0.39026,0.17268,0.000000,-0.000105,0.000000,-0.000326,0.000104
2152,80,conference,mask_conference,environment,network_actively,delayed,-0.4664,0.30115,-0.16946,0.49889,0.49902,-0.27573,-0.000241,-0.000031,-0.001111,-0.000984,0.000699
2153,80,conference,mask_conference,environment,network_actively,goal_achieved,0.6398,0.30150,-0.16982,0.50000,0.50000,-0.27625,0.000346,-0.000360,0.001111,0.000984,-0.000520
2154,80,conference,mask_conference,environment,network_actively,delayed,-0.4665,0.30126,-0.16985,0.49889,0.49902,-0.27555,-0.000241,-0.000031,-0.001111,-0.000985,0.000699
2155,80,conference,mask_conference,environment,network_actively,goal_achieved,0.6390,0.30160,-0.17020,0.50000,0.50000,-0.27607,0.000346,-0.000355,0.001111,0.000985,-0.000522
2156,80,conference,mask_conference,environment,network_actively,goal_achieved,0.6373,0.30195,-0.17055,0.50000,0.50000,-0.27660,0.000345,-0.000350,0.000000,0.000000,-0.000524
2157,80,conference,mask_conference,environment,network_actively,delayed,-0.4667,0.30171,-0.17059,0.49889,0.49901,-0.27590,-0.000242,-0.000031,-0.001112,-0.000985,0.000699
2158,80,conference,mask_conference,environment,network_actively,goal_achieved,0.6387,0.30205,-0.17094,0.50000,0.50000,-0.27642,0.000346,-0.000352,0.001112,0.000985,-0.000523
2159,80,conference,mask_conference,environment,network_actively,goal_achieved,0.6370,0.30240,-0.17128,0.50000,0.50000,-0.27695,0.000345,-0.000347,0.000000,0.000000,-0.000526
2160,80,conference,mask_conference,environment,quick_scan,goal_achieved,0.9043,0.30218,-0.17214,0.50000,0.50000,-0.27635,-0.000215,-0.000855,0.000000,0.000000,0.000596
2161,81,work,mask_work,environment,handle_backlog,goal_achieved,2.1143,0.35161,0.50000,-0.50000,-0.50000,-0.46168,0.000421,0.000000,0.000000,0.000000,-0.000417
2162,81,work,mask_work,environment,network_actively,failed,-2.4756,0.35227,0.50000,-0.50000,-0.50000,-0.46242,0.000665,0.000000,0.000000,0.000000,-0.000748
2163,81,work,mask_work,environment,handle_backlog,goal_achieved,2.1154,0.35269,0.50000,-0.50000,-0.50000,-0.46284,0.000421,0.000000,0.000000,0.000000,-0.000418
2164,81,work,mask_work,environment,deep_work,delayed,-0.6580,0.35219,0.50000,-0.50000,-0.50000,-0.46238,-0.000500,0.000000,0.000000,0.000000,0.000458
2165,81,work,mask_work,environment,take_notes,goal_achieved,1.5711,0.35379,0.50000,-0.50000,-0.50000,-0.46281,0.001598,0.000000,0.000000,0.000000,-0.000426
2166,81,work,mask_work,environment,take_notes,failed,-2.1845,0.35380,0.50000,-0.50000,-0.50000,-0.46357,0.000007,0.000000,0.000000,0.000000,-0.000756
2167,81,work,mask_work,environment,rest_deeply,delayed,-1.2202,0.35446,0.50000,-0.50000,-0.50000,-0.46423,0.000666,0.000000,0.000000,0.000000,-0.000660
2168,81,work,mask_work,environment,take_notes,delayed,-1.2454,0.35487,0.50000,-0.50000,-0.50000,-0.46490,0.000405,0.000000,0.000000,0.000000,-0.000674
2169,81,work,mask_work,environment,handle_backlog,goal_achieved,2.1198,0.35528,0.50000,-0.50000,-0.50000,-0.46531,0.000415,0.000000,0.000000,0.000000,-0.000412
2170,81,home,mask_home,environment,zone_out,goal_achieved,1.4502,-0.50000,-0.15049,-0.50000,-0.39208,0.17356,0.000000,-0.000995,0.000000,-0.001824,0.000879
2171,81,home,mask_home,environment,network_actively,failed,-2.8908,-0.50000,-0.15060,-0.50000,-0.39310,0.17394,0.000000,-0.000102,0.000000,-0.001016,0.000382
2172,81,home,mask_home,environment,zone_out,goal_achieved,1.4425,-0.50000,-0.15158,-0.50000,-0.39493,0.17482,0.000000,-0.000986,0.000000,-0.001835,0.000878
2173,81,home,mask_home,environment,network_actively,delayed,-1.9024,-0.50000,-0.15155,-0.50000,-0.39537,0.17494,0.000000,0.000035,0.000000,-0.000439,0.000121
2174,81,home,mask_home,environment,quick_scan,failed,-2.8752,-0.50000,-0.15139,-0.50000,-0.39577,0.17481,0.000000,0.000156,0.000000,-0.000399,-0.000132
2175,81,home,mask_home,environment,rest_deeply,goal_achieved,1.6945,-0.50000,-0.15150,-0.50000,-0.39613,0.17492,0.000000,-0.000105,0.000000,-0.000360,0.000110
2176,81,home,mask_home,environment,rest_deeply,delayed,-0.5653,-0.50000,-0.15097,-0.50000,-0.39709,0.17517,0.000000,0.000521,0.000000,-0.000959,0.000252
2177,81,home,mask_home,environment,network_actively,failed,-2.9008,-0.50000,-0.15108,-0.50000,-0.39812,0.17556,0.000000,-0.000107,0.000000,-0.001032,0.000391
2178,81,home,mask_home,environment,rest_deeply,goal_achieved,1.6925,-0.50000,-0.15119,-0.50000,-0.39848,0.17568,0.000000,-0.000103,0.000000,-0.000360,0.000112
2179,81,conference,mask_conference,environment,quick_scan,failed,-3.2257,0.30308,-0.17158,0.50000,0.50000,-0.27797,0.000899,0.000564,0.000000,0.000000,-0.001619
2180,81,conference,mask_conference,environment,network_actively,delayed,-0.4660,0.30284,-0.17160,0.49889,0.49902,-0.27727,-0.000240,-0.000028,-0.001113,-0.000983,0.000695
2181,81,conference,mask_conference,environment,network_actively,goal_achieved,0.6412,0.30319,-0.17196,0.50000,0.50000,-0.27780,0.000345,-0.000354,0.001113,0.000983,-0.000524
2182,81,conference,mask_conference,environment,network_actively,delayed,-0.4661,0.30295,-0.17198,0.49889,0.49902,-0.27710,-0.000241,-0.000028,-0.001113,-0.000983,0.000696
2183,81,conference,mask_conference,environment,network_actively,goal_achieved,0.6404,0.30329,-0.17233,0.50000,0.50000,-0.27763,0.000345,-0.000349,0.001113,0.000983,-0.000526
2184,81,conference,mask_conference,environment,network_actively,delayed,-0.4661,0.30305,-0.17236,0.49889,0.49902,-0.27693,-0.000242,-0.000028,-0.001113,-0.000983,0.000696
2185,81,conference,mask_conference,environment,network_actively,goal_achieved,0.6396,0.30339,-0.17271,0.50000,0.50000,-0.27746,0.000345,-0.000345,0.001113,0.000983,-0.000528
2186,81,conference,mask_conference,environment,quick_scan,goal_achieved,0.9129,0.30318,-0.17355,0.50000,0.50000,-0.27686,-0.000219,-0.000848,0.000000,0.000000,0.000599
2187,81,conference,mask_conference,environment,quick_scan,goal_achieved,0.9103,0.30296,-0.17439,0.50000,0.50000,-0.27627,-0.000219,-0.000837,0.000000,0.000000,0.000595
2188,82,work,mask_work,environment,take_notes,goal_achieved,1.5681,0.35688,0.50000,-0.50000,-0.50000,-0.46574,0.001595,0.000000,0.000000,0.000000,-0.000424
2189,82,work,mask_work,environment,tidy_up,goal_achieved,1.9085,0.35627,0.50000,-0.50000,-0.50000,-0.46647,-0.000609,0.000000,0.000000,0.000000,-0.000731
2190,82,work,mask_work,environment,network_actively,failed,-2.4848,0.35692,0.50000,-0.50000,-0.50000,-0.46720,0.000647,0.000000,0.000000,0.000000,-0.000737
2191,82,work,mask_work,environment,take_notes,failed,-2.1898,0.35691,0.50000,-0.50000,-0.50000,-0.46796,-0.000007,0.000000,0.000000,0.000000,-0.000755
2192,82,work,mask_work,environment,deep_work,goal_achieved,1.9311,0.35787,0.50000,-0.50000,-0.50000,-0.46893,0.000962,0.000000,0.000000,0.000000,-0.000966
2193,82,work,mask_work,environment,deep_work,goal_achieved,1.9310,0.35883,0.50000,-0.50000,-0.50000,-0.46989,0.000962,0.000000,0.000000,0.000000,-0.000966
2194,82,work,mask_work,environment,network_actively,failed,-2.4851,0.35948,0.50000,-0.50000,-0.50000,-0.47063,0.000647,0.000000,0.000000,0.000000,-0.000741
2195,82,work,mask_work,environment,rest_deeply,delayed,-1.2286,0.36013,0.50000,-0.50000,-0.50000,-0.47130,0.000655,0.000000,0.000000,0.000000,-0.000663
2196,82,work,mask_work,environment,deep_work,goal_achieved,1.9322,0.36110,0.50000,-0.50000,-0.50000,-0.47226,0.000962,0.000000,0.000000,0.000000,-0.000968
2197,82,home,mask_home,environment,network_actively,goal_achieved,1.1077,-0.49907,-0.15071,-0.49970,-0.39714,0.17498,0.000931,0.000472,0.000302,0.001347,-0.000695
2198,82,home,mask_home,environment,network_actively,delayed,-1.8975,-0.49971,-0.15068,-0.50000,-0.39757,0.17510,-0.000643,0.000030,-0.000302,-0.000436,0.000122
2199,82,home,mask_home,environment,network_actively,failed,-2.9020,-0.50000,-0.15079,-0.50000,-0.39860,0.17550,-0.000288,-0.000110,0.000000,-0.001030,0.000393
2200,82,home,mask_home,environment,rest_deeply,delayed,-0.5697,-0.50000,-0.15027,-0.50000,-0.39956,0.17575,0.000000,0.000519,0.000000,-0.000961,0.000258
2201,82,home,mask_home,environment,zone_out,failed,-2.4832,-0.49934,-0.14918,-0.50000,-0.39860,0.17512,0.000659,0.001094,0.000000,0.000962,-0.000636
2202,82,home,mask_home,environment,network_actively,delayed,-1.8878,-0.49997,-0.14914,-0.50000,-0.39902,0.17524,-0.000629,0.000039,0.000000,-0.000416,0.000118
2203,82,home,mask_home,environment,rest_deeply,goal_achieved,1.6973,-0.50000,-0.14925,-0.50000,-0.39935,0.17534,-0.000030,-0.000103,0.000000,-0.000330,0.000107
2204,82,home,mask_home,environment,quick_scan,failed,-2.8691,-0.50000,-0.14908,-0.50000,-0.39972,0.17521,0.000000,0.000162,0.000000,-0.000375,-0.000131
2205,82,home,mask_home,environment,rest_deeply,goal_achieved,1.6992,-0.50000,-0.14918,-0.50000,-0.40005,0.17531,0.000000,-0.000101,0.000000,-0.000328,0.000103
2206,82,conference,mask_conference,environment,network_actively,delayed,-0.4711,0.30270,-0.17443,0.49888,0.49901,-0.27555,-0.000253,-0.000040,-0.001116,-0.000995,0.000712
2207,82,conference,mask_conference,environment,network_actively,goal_achieved,0.6294,0.30305,-0.17475,0.50000,0.50000,-0.27608,0.000341,-0.000322,0.001116,0.000995,-0.000531
2208,82,conference,mask_conference,environment,network_actively,goal_achieved,0.6278,0.30339,-0.17507,0.50000,0.50000,-0.27662,0.000341,-0.000317,0.000000,0.000000,-0.000533
2209,82,conference,mask_conference,environment,network_actively,goal_achieved,0.6284,0.30373,-0.17539,0.50000,0.50000,-0.27715,0.000340,-0.000319,0.000000,0.000000,-0.000532
2210,82,conference,mask_conference,environment,network_actively,goal_achieved,0.6290,0.30407,-0.17571,0.50000,0.50000,-0.27768,0.000340,-0.000321,0.000000,0.000000,-0.000531
2211,82,conference,mask_conference,environment,network_actively,goal_achieved,0.6295,0.30440,-0.17603,0.50000,0.50000,-0.27821,0.000339,-0.000323,0.000000,0.000000,-0.000530
2212,82,conference,mask_conference,environment,network_actively,goal_achieved,0.6301,0.30474,-0.17636,0.50000,0.50000,-0.27874,0.000339,-0.000324,0.000000,0.000000,-0.000529
2213,82,conference,mask_conference,environment,quick_scan,goal_achieved,0.9079,0.30452,-0.17719,0.50000,0.50000,-0.27815,-0.000220,-0.000830,0.000000,0.000000,0.000592
2214,82,conference,mask_conference,environment,quick_scan,goal_achieved,0.9053,0.30430,-0.17801,0.50000,0.50000,-0.27756,-0.000220,-0.000819,0.000000,0.000000,0.000588
2215,83,work,mask_work,environment,take_notes,goal_achieved,1.5607,0.36268,0.50000,-0.50000,-0.50000,-0.47270,0.001588,0.000000,0.000000,0.000000,-0.000432
2216,83,work,mask_work,environment,take_notes,delayed,-1.2542,0.36308,0.50000,-0.50000,-0.50000,-0.47338,0.000396,0.000000,0.000000,0.000000,-0.000680
2217,83,work,mask_work,environment,tidy_up,failed,-2.3597,0.36448,0.50000,-0.50000,-0.50000,-0.47394,0.001398,0.000000,0.000000,0.000000,-0.000566
2218,83,work,mask_work,environment,take_notes,goal_achieved,1.5627,0.36607,0.50000,-0.50000,-0.50000,-0.47437,0.001594,0.000000,0.000000,0.000000,-0.000431
2219,83,work,mask_work,environment,tidy_up,failed,-2.3644,0.36747,0.50000,-0.50000,-0.50000,-0.47494,0.001402,0.000000,0.000000,0.000000,-0.000566
2220,83,work,mask_work,environment,take_notes,failed,-2.1868,0.36749,0.50000,-0.50000,-0.50000,-0.47570,0.000012,0.000000,0.000000,0.000000,-0.000762
2221,83,work,mask_work,environment,take_notes,delayed,-1.2490,0.36790,0.50000,-0.50000,-0.50000,-0.47638,0.000409,0.000000,0.000000,0.000000,-0.000679
2222,83,work,mask_work,environment,tidy_up,goal_achieved,1.9077,0.36730,0.50000,-0.50000,-0.50000,-0.47712,-0.000598,0.000000,0.000000,0.000000,-0.000738
2223,83,work,mask_work,environment,rest_deeply,failed,-2.4042,0.36814,0.50000,-0.50000,-0.50000,-0.47792,0.000838,0.000000,0.000000,0.000000,-0.000803
2224,83,home,mask_home,environment,network_actively,delayed,-1.8902,-0.50000,-0.14914,-0.50000,-0.40046,0.17543,0.000000,0.000043,0.000000,-0.000413,0.000113
2225,83,home,mask_home,environment,tidy_up,goal_achieved,1.7615,-0.50000,-0.14858,-0.50000,-0.40088,0.17534,0.000000,0.000558,0.000000,-0.000412,-0.000084
2226,83,home,mask_home,environment,network_actively,failed,-2.8963,-0.50000,-0.14868,-0.50000,-0.40188,0.17572,0.000000,-0.000093,0.000000,-0.001003,0.000381
2227,83,home,mask_home,environment,rest_deeply,delayed,-0.5642,-0.50000,-0.14814,-0.50000,-0.40282,0.17597,0.000000,0.000540,0.000000,-0.000946,0.000247
2228,83,home,mask_home,environment,zone_out,delayed,-1.5010,-0.49999,-0.14756,-0.50000,-0.40256,0.17571,0.000009,0.000578,0.000000,0.000267,-0.000258
2229,83,home,mask_home,environment,network_actively,delayed,-1.8854,-0.50000,-0.14751,-0.50000,-0.40296,0.17582,-0.000009,0.000051,0.000000,-0.000401,0.000112
2230,83,home,mask_home,environment,rest_deeply,goal_achieved,1.6992,-0.50000,-0.14760,-0.50000,-0.40327,0.17593,0.000000,-0.000096,0.000000,-0.000314,0.000103
2231,83,home,mask_home,environment,zone_out,delayed,-1.5026,-0.49999,-0.14703,-0.50000,-0.40300,0.17567,0.000007,0.000575,0.000000,0.000269,-0.000257
2232,83,home,mask_home,environment,rest_deeply,delayed,-0.5586,-0.50000,-0.14647,-0.50000,-0.40393,0.17591,-0.000007,0.000557,0.000000,-0.000925,0.000235
2233,83,conference,mask_conference,environment,network_actively,goal_achieved,0.6215,0.30464,-0.17831,0.50000,0.50000,-0.27809,0.000334,-0.000308,0.000000,0.000000,-0.000528
2234,83,conference,mask_conference,environment,network_actively,goal_achieved,0.6221,0.30497,-0.17862,0.50000,0.50000,-0.27861,0.000334,-0.000310,0.000000,0.000000,-0.000527
2235,83,conference,mask_conference,environment,rest_deeply,failed,-3.6712,0.30530,-0.17881,0.50000,0.50000,-0.27893,0.000333,-0.000190,0.000000,0.000000,-0.000320
2236,83,conference,mask_conference,environment,take_notes,delayed,-2.5567,0.30534,-0.17954,0.50000,0.50000,-0.27912,0.000038,-0.000729,0.000000,0.000000,-0.000183
2237,83,conference,mask_conference,environment,network_actively,goal_achieved,0.6282,0.30567,-0.17987,0.50000,0.50000,-0.27964,0.000330,-0.000322,0.000000,0.000000,-0.000525
2238,83,conference,mask_conference,environment,network_actively,goal_achieved,0.6288,0.30600,-0.18019,0.50000,0.50000,-0.28017,0.000330,-0.000324,0.000000,0.000000,-0.000524
2239,83,conference,mask_conference,environment,network_actively,goal_achieved,0.6294,0.30633,-0.18052,0.50000,0.50000,-0.28069,0.000329,-0.000326,0.000000,0.000000,-0.000523
2240,83,conference,mask_conference,environment,quick_scan,goal_achieved,0.9061,0.30611,-0.18134,0.50000,0.50000,-0.28010,-0.000224,-0.000828,0.000000,0.000000,0.000587
2241,83,conference,mask_conference,environment,quick_scan,delayed,-2.1876,0.30672,-0.18111,0.50000,0.50000,-0.28118,0.000616,0.000234,0.000000,0.000000,-0.001081
2242,84,work,mask_work,environment,handle_backlog,goal_achieved,2.1107,0.36856,0.50000,-0.50000,-0.50000,-0.47835,0.000420,0.000000,0.000000,0.000000,-0.000423
2243,84,work,mask_work,environment,tidy_up,failed,-2.3623,0.36995,0.50000,-0.50000,-0.50000,-0.47891,0.001397,0.000000,0.000000,0.000000,-0.000567
2244,84,work,mask_work,environment,deep_work,goal_achieved,1.9304,0.37093,0.50000,-0.50000,-0.50000,-0.47988,0.000974,0.000000,0.000000,0.000000,-0.000966
2245,84,work,mask_work,environment,deep_work,goal_achieved,1.9303,0.37190,0.50000,-0.50000,-0.50000,-0.48085,0.000974,0.000000,0.000000,0.000000,-0.000966
2246,84,work,mask_work,environment,network_actively,goal_achieved,1.9301,0.37244,0.49963,-0.49865,-0.49989,-0.48115,0.000534,-0.000373,0.001354,0.000111,-0.000302
2247,84,work,mask_work,environment,network_actively,failed,-2.4895,0.37310,0.50000,-0.50000,-0.50000,-0.48190,0.000667,0.000373,-0.001354,-0.000111,-0.000747
2248,84,work,mask_work,environment,handle_backlog,goal_achieved,2.1080,0.37353,0.50000,-0.50000,-0.50000,-0.48232,0.000429,0.000000,0.000000,0.000000,-0.000425
2249,84,work,mask_work,environment,deep_work,goal_achieved,1.9254,0.37450,0.50000,-0.50000,-0.50000,-0.48328,0.000970,0.000000,0.000000,0.000000,-0.000962
2250,84,work,mask_work,environment,handle_backlog,delayed,-1.2046,0.37547,0.50000,-0.50000,-0.50000,-0.48426,0.000971,0.000000,0.000000,0.000000,-0.000982
2251,84,home,mask_home,environment,network_actively,failed,-2.8860,-0.50000,-0.14655,-0.50000,-0.40491,0.17628,0.000000,-0.000082,0.000000,-0.000981,0.000377
2252,84,home,mask_home,environment,zone_out,delayed,-1.4982,-0.49999,-0.14598,-0.50000,-0.40464,0.17603,0.000005,0.000574,0.000000,0.000267,-0.000252
2253,84,home,mask_home,environment,zone_out,goal_achieved,1.4423,-0.50000,-0.14698,-0.50000,-0.40646,0.17692,-0.000005,-0.000999,0.000000,-0.001820,0.000891
2254,84,home,mask_home,environment,zone_out,failed,-2.4783,-0.49934,-0.14588,-0.50000,-0.40550,0.17629,0.000661,0.001101,0.000000,0.000965,-0.000631
2255,84,home,mask_home,environment,rest_deeply,goal_achieved,1.7055,-0.49995,-0.14597,-0.50000,-0.40579,0.17639,-0.000612,-0.000095,0.000000,-0.000293,0.000103
2256,84,home,mask_home,environment,network_actively,failed,-2.8872,-0.50000,-0.14605,-0.50000,-0.40676,0.17677,-0.000050,-0.000078,0.000000,-0.000969,0.000374
2257,84,home,mask_home,environment,rest_deeply,goal_achieved,1.7037,-0.50000,-0.14614,-0.50000,-0.40705,0.17687,0.000000,-0.000088,0.000000,-0.000295,0.000101
2258,84,home,mask_home,environment,zone_out,goal_achieved,1.4349,-0.50000,-0.14714,-0.50000,-0.40888,0.17776,0.000000,-0.000998,0.000000,-0.001825,0.000892
2259,84,home,mask_home,environment,quick_scan,failed,-2.8718,-0.50000,-0.14697,-0.50000,-0.40925,0.17764,0.000000,0.000170,0.000000,-0.000372,-0.000119
2260,84,conference,mask_conference,environment,quick_scan,goal_achieved,0.9062,0.30650,-0.18194,0.50000,0.50000,-0.28060,-0.000224,-0.000827,0.000000,0.000000,0.000587
2261,84,conference,mask_conference,environment,quick_scan,goal_achieved,0.9037,0.30627,-0.18275,0.50000,0.50000,-0.28001,-0.000225,-0.000816,0.000000,0.000000,0.000583
2262,84,conference,mask_conference,environment,network_actively,delayed,-0.4765,0.30600,-0.18282,0.49891,0.49899,-0.27927,-0.000276,-0.000071,-0.001093,-0.001007,0.000741
2263,84,conference,mask_conference,environment,quick_scan,delayed,-2.1841,0.30661,-0.18258,0.50000,0.50000,-0.28036,0.000616,0.000245,0.001093,0.001007,-0.001085
2264,84,conference,mask_conference,environment,network_actively,goal_achieved,0.6238,0.30694,-0.18289,0.50000,0.50000,-0.28088,0.000326,-0.000311,0.000000,0.000000,-0.000525
2265,84,conference,mask_conference,environment,quick_scan,failed,-3.2149,0.30783,-0.18230,0.50000,0.50000,-0.28252,0.000894,0.000590,0.000000,0.000000,-0.001637
2266,84,conference,mask_conference,environment,network_actively,goal_achieved,0.6319,0.30816,-0.18263,0.50000,0.50000,-0.28304,0.000328,-0.000328,0.000000,0.000000,-0.000523
2267,84,conference,mask_conference,environment,network_actively,goal_achieved,0.6325,0.30849,-0.18296,0.50000,0.50000,-0.28356,0.000327,-0.000329,0.000000,0.000000,-0.000522
2268,84,conference,mask_conference,environment,network_actively,goal_achieved,0.6330,0.30881,-0.18329,0.50000,0.50000,-0.28409,0.000327,-0.000331,0.000000,0.000000,-0.000521
2269,85,work,mask_work,environment,take_notes,goal_achieved,1.5553,0.37707,0.50000,-0.50000,-0.50000,-0.48470,0.001601,0.000000,0.000000,0.000000,-0.000436
2270,85,work,mask_work,environment,handle_backlog,delayed,-1.2088,0.37805,0.50000,-0.50000,-0.50000,-0.48568,0.000976,0.000000,0.000000,0.000000,-0.000981
2271,85,work,mask_work,environment,tidy_up,failed,-2.3694,0.37946,0.50000,-0.50000,-0.50000,-0.48626,0.001408,0.000000,0.000000,0.000000,-0.000577
2272,85,work,mask_work,environment,handle_backlog,delayed,-1.2065,0.38044,0.50000,-0.50000,-0.50000,-0.48724,0.000982,0.000000,0.000000,0.000000,-0.000981
2273,85,work,mask_work,environment,deep_work,goal_achieved,1.9348,0.38143,0.50000,-0.50000,-0.50000,-0.48821,0.000994,0.000000,0.000000,0.000000,-0.000975
2274,85,work,mask_work,environment,handle_backlog,goal_achieved,2.1033,0.38188,0.50000,-0.50000,-0.50000,-0.48864,0.000443,0.000000,0.000000,0.000000,-0.000427
2275,85,work,mask_work,environment,rest_deeply,failed,-2.4084,0.38274,0.50000,-0.50000,-0.50000,-0.48945,0.000865,0.000000,0.000000,0.000000,-0.000811
2276,85,work,mask_work,environment,tidy_up,failed,-2.3690,0.38415,0.50000,-0.50000,-0.50000,-0.49004,0.001413,0.000000,0.000000,0.000000,-0.000584
2277,85,work,mask_work,environment,tidy_up,delayed,-1.3005,0.38507,0.50000,-0.50000,-0.50000,-0.49066,0.000917,0.000000,0.000000,0.000000,-0.000626
2278,85,home,mask_home,environment,tidy_up,delayed,-1.6494,-0.50000,-0.14810,-0.50000,-0.40980,0.17827,0.000000,-0.001136,0.000000,-0.000548,0.000626
2279,85,home,mask_home,environment,rest_deeply,goal_achieved,1.6964,-0.50000,-0.14819,-0.50000,-0.41011,0.17837,0.000000,-0.000090,0.000000,-0.000312,0.000102
2280,85,home,mask_home,environment,rest_deeply,goal_achieved,1.6959,-0.50000,-0.14828,-0.50000,-0.41042,0.17847,0.000000,-0.000089,0.000000,-0.000312,0.000101
2281,85,home,mask_home,environment,network_actively,failed,-2.9026,-0.50000,-0.14837,-0.50000,-0.41141,0.17886,0.000000,-0.000092,0.000000,-0.000988,0.000385
2282,85,home,mask_home,environment,network_actively,delayed,-1.8943,-0.50000,-0.14832,-0.50000,-0.41181,0.17897,0.000000,0.000053,0.000000,-0.000402,0.000117
2283,85,home,mask_home,environment,rest_deeply,delayed,-0.5655,-0.50000,-0.14781,-0.50000,-0.41279,0.17926,0.000000,0.000510,0.000000,-0.000979,0.000288
2284,85,home,mask_home,environment,rest_deeply,goal_achieved,1.6931,-0.50000,-0.14790,-0.50000,-0.41310,0.17936,0.000000,-0.000087,0.000000,-0.000311,0.000103
2285,85,home,mask_home,environment,rest_deeply,goal_achieved,1.6926,-0.50000,-0.14798,-0.50000,-0.41341,0.17947,0.000000,-0.000085,0.000000,-0.000311,0.000103
2286,85,home,mask_home,environment,rest_deeply,goal_achieved,1.6921,-0.50000,-0.14807,-0.50000,-0.41372,0.17957,0.000000,-0.000084,0.000000,-0.000310,0.000102
2287,85,conference,mask_conference,environment,take_notes,goal_achieved,1.0019,0.30918,-0.18317,0.50000,0.50000,-0.28445,0.000368,0.000114,0.000000,0.000000,-0.000369
2288,85,conference,mask_conference,environment,network_actively,goal_achieved,0.6314,0.30951,-0.18350,0.50000,0.50000,-0.28498,0.000331,-0.000324,0.000000,0.000000,-0.000521
2289,85,conference,mask_conference,environment,network_actively,delayed,-0.4749,0.30926,-0.18354,0.49889,0.49900,-0.28426,-0.000257,-0.000041,-0.001111,-0.001001,0.000719
2290,85,conference,mask_conference,environment,quick_scan,delayed,-2.1831,0.30987,-0.18331,0.50000,0.50000,-0.28533,0.000616,0.000230,0.001111,0.001001,-0.001070
2291,85,conference,mask_conference,environment,network_actively,delayed,-0.4730,0.30962,-0.18334,0.49889,0.49900,-0.28461,-0.000254,-0.000036,-0.001111,-0.000997,0.000713
2292,85,conference,mask_conference,environment,network_actively,delayed,-0.4732,0.30936,-0.18338,0.49778,0.49801,-0.28390,-0.000254,-0.000036,-0.001111,-0.000997,0.000712
2293,85,conference,mask_conference,environment,network_actively,goal_achieved,0.6367,0.30970,-0.18371,0.49990,0.49933,-0.28442,0.000334,-0.000328,0.002122,0.001320,-0.000522
2294,85,conference,mask_conference,environment,network_actively,goal_achieved,0.6330,0.31003,-0.18403,0.50000,0.50000,-0.28495,0.000333,-0.000318,0.000100,0.000673,-0.000527
2295,85,conference,mask_conference,environment,network_actively,goal_achieved,0.6334,0.31036,-0.18434,0.50000,0.50000,-0.28548,0.000332,-0.000319,0.000000,0.000000,-0.000527
2296,86,work,mask_work,environment,deep_work,goal_achieved,1.9367,0.38607,0.50000,-0.50000,-0.50000,-0.49164,0.001002,0.000000,0.000000,0.000000,-0.000975
2297,86,work,mask_work,environment,handle_backlog,goal_achieved,2.1065,0.38653,0.50000,-0.50000,-0.50000,-0.49207,0.000455,0.000000,0.000000,0.000000,-0.000431
2298,86,work,mask_work,environment,deep_work,delayed,-0.6576,0.38606,0.50000,-0.50000,-0.50000,-0.49161,-0.000465,0.000000,0.000000,0.000000,0.000456
2299,86,work,mask_work,environment,deep_work,goal_achieved,1.9343,0.38706,0.50000,-0.50000,-0.50000,-0.49258,0.000999,0.000000,0.000000,0.000000,-0.000972
2300,86,work,mask_work,environment,deep_work,goal_achieved,1.9342,0.38806,0.50000,-0.50000,-0.50000,-0.49355,0.000999,0.000000,0.000000,0.000000,-0.000972
2301,86,work,mask_work,environment,tidy_up,goal_achieved,1.9049,0.38749,0.50000,-0.50000,-0.50000,-0.49430,-0.000572,0.000000,0.000000,0.000000,-0.000749
2302,86,work,mask_work,environment,tidy_up,failed,-2.3718,0.38889,0.50000,-0.50000,-0.50000,-0.49488,0.001407,0.000000,0.000000,0.000000,-0.000581
2303,86,work,mask_work,environment,handle_backlog,goal_achieved,2.1067,0.38934,0.50000,-0.50000,-0.50000,-0.49531,0.000448,0.000000,0.000000,0.000000,-0.000429
2304,86,work,mask_work,environment,rest_deeply,failed,-2.4116,0.39020,0.50000,-0.50000,-0.50000,-0.49612,0.000861,0.000000,0.000000,0.000000,-0.000804
2305,86,home,mask_home,environment,network_actively,delayed,-1.8964,-0.50000,-0.14801,-0.50000,-0.41413,0.17969,0.000000,0.000054,0.000000,-0.000401,0.000119
2306,86,home,mask_home,environment,rest_deeply,goal_achieved,1.6910,-0.50000,-0.14809,-0.50000,-0.41444,0.17979,0.000000,-0.000083,0.000000,-0.000309,0.000102
2307,86,home,mask_home,environment,tidy_up,failed,-2.8071,-0.50000,-0.14975,-0.50000,-0.41504,0.18064,0.000000,-0.001657,0.000000,-0.000604,0.000852
2308,86,home,mask_home,environment,quick_scan,failed,-2.8762,-0.50000,-0.14960,-0.50000,-0.41542,0.18054,0.000000,0.000153,0.000000,-0.000386,-0.000106
2309,86,home,mask_home,environment,rest_deeply,delayed,-0.5649,-0.50000,-0.14912,-0.50000,-0.41642,0.18085,0.000000,0.000479,0.000000,-0.000999,0.000313
2310,86,home,mask_home,environment,rest_deeply,goal_achieved,1.6924,-0.50000,-0.14920,-0.50000,-0.41673,0.18095,0.000000,-0.000086,0.000000,-0.000310,0.000100
2311,86,home,mask_home,environment,tidy_up,goal_achieved,1.7621,-0.50000,-0.14864,-0.50000,-0.41714,0.18087,0.000000,0.000563,0.000000,-0.000410,-0.000076
2312,86,home,mask_home,environment,rest_deeply,delayed,-0.5680,-0.50000,-0.14816,-0.50000,-0.41814,0.18119,0.000000,0.000484,0.000000,-0.001001,0.000314
2313,86,home,mask_home,environment,network_actively,failed,-2.9055,-0.50000,-0.14825,-0.50000,-0.41913,0.18158,0.000000,-0.000095,0.000000,-0.000987,0.000394
2314,86,conference,mask_conference,environment,quick_scan,failed,-3.2098,0.31126,-0.18376,0.50000,0.50000,-0.28710,0.000893,0.000584,0.000000,0.000000,-0.001622
2315,86,conference,mask_conference,environment,network_actively,goal_achieved,0.6412,0.31159,-0.18410,0.50000,0.50000,-0.28762,0.000334,-0.000335,0.000000,0.000000,-0.000524
2316,86,conference,mask_conference,environment,network_actively,goal_achieved,0.6418,0.31192,-0.18443,0.50000,0.50000,-0.28815,0.000333,-0.000337,0.000000,0.000000,-0.000523
2317,86,conference,mask_conference,environment,network_actively,goal_achieved,0.6423,0.31226,-0.18477,0.50000,0.50000,-0.28867,0.000333,-0.000339,0.000000,0.000000,-0.000522
2318,86,conference,mask_conference,environment,quick_scan,failed,-3.2105,0.31315,-0.18420,0.50000,0.50000,-0.29028,0.000890,0.000567,0.000000,0.000000,-0.001611
2319,86,conference,mask_conference,environment,quick_scan,delayed,-2.1762,0.31375,-0.18400,0.50000,0.50000,-0.29133,0.000609,0.000200,0.000000,0.000000,-0.001051
2320,86,conference,mask_conference,environment,network_actively,goal_achieved,0.6541,0.31409,-0.18437,0.50000,0.50000,-0.29185,0.000335,-0.000363,0.000000,0.000000,-0.000520
2321,86,conference,mask_conference,environment,network_actively,goal_achieved,0.6546,0.31443,-0.18473,0.50000,0.50000,-0.29237,0.000335,-0.000364,0.000000,0.000000,-0.000519
2322,86,conference,mask_conference,environment,quick_scan,failed,-3.2096,0.31531,-0.18419,0.50000,0.50000,-0.29397,0.000886,0.000544,0.000000,0.000000,-0.001596
2323,87,work,mask_work,environment,take_notes,failed,-2.1865,0.39024,0.50000,-0.50000,-0.50000,-0.49689,0.000032,0.000000,0.000000,0.000000,-0.000777
2324,87,work,mask_work,environment,deep_work,goal_achieved,1.9341,0.39123,0.50000,-0.50000,-0.50000,-0.49787,0.000991,0.000000,0.000000,0.000000,-0.000973
2325,87,work,mask_work,environment,network_actively,goal_achieved,1.9309,0.39178,0.49963,-0.49864,-0.49989,-0.49818,0.000553,-0.000366,0.001357,0.000107,-0.000312
2326,87,work,mask_work,environment,take_notes,delayed,-1.2546,0.39221,0.50000,-0.49977,-0.50000,-0.49887,0.000428,0.000366,-0.001127,-0.000107,-0.000692
2327,87,work,mask_work,environment,take_notes,failed,-2.1911,0.39224,0.50000,-0.50000,-0.50000,-0.49965,0.000032,0.000000,-0.000229,0.000000,-0.000776
2328,87,work,mask_work,environment,deep_work,goal_achieved,1.9340,0.39322,0.50000,-0.50000,-0.50000,-0.50000,0.000985,0.000000,0.000000,0.000000,-0.000353
2329,87,work,mask_work,environment,rest_deeply,failed,-2.4121,0.39408,0.50000,-0.50000,-0.50000,-0.50000,0.000855,0.000000,0.000000,0.000000,0.000000
2330,87,work,mask_work,environment,handle_backlog,delayed,-1.2027,0.39507,0.50000,-0.50000,-0.50000,-0.50000,0.000990,0.000000,0.000000,0.000000,0.000000
2331,87,work,mask_work,environment,take_notes,goal_achieved,1.5565,0.39669,0.50000,-0.50000,-0.50000,-0.50000,0.001625,0.000000,0.000000,0.000000,0.000000
2332,87,home,mask_home,environment,zone_out,failed,-2.4684,-0.49928,-0.14716,-0.50000,-0.41817,0.18097,0.000717,0.001096,0.000000,0.000965,-0.000612
2333,87,home,mask_home,environment,tidy_up,goal_achieved,1.7732,-0.49993,-0.14659,-0.50000,-0.41856,0.18089,-0.000644,0.000566,0.000000,-0.000392,-0.000076
2334,87,home,mask_home,environment,rest_deeply,goal_achieved,1.6968,-0.50000,-0.14667,-0.50000,-0.41885,0.18099,-0.000073,-0.000079,0.000000,-0.000287,0.000098
2335,87,home,mask_home,environment,rest_deeply,delayed,-0.5636,-0.50000,-0.14616,-0.50000,-0.41983,0.18129,0.000000,0.000505,0.000000,-0.000985,0.000303
2336,87,home,mask_home,environment,network_actively,delayed,-1.8840,-0.50000,-0.14610,-0.50000,-0.42021,0.18141,0.000000,0.000061,0.000000,-0.000384,0.000119
2337,87,home,mask_home,environment,network_actively,failed,-2.8998,-0.50000,-0.14618,-0.50000,-0.42118,0.18180,0.000000,-0.000082,0.000000,-0.000964,0.000387
2338,87,home,mask_home,environment,rest_deeply,delayed,-0.5658,-0.50000,-0.14568,-0.50000,-0.42217,0.18211,0.000000,0.000500,0.000000,-0.000994,0.000313
2339,87,home,mask_home,environment,step_away,goal_achieved,1.9435,-0.50000,-0.14563,-0.50000,-0.42261,0.18226,0.000000,0.000050,0.000000,-0.000441,0.000148
2340,87,home,mask_home,environment,network_actively,failed,-2.9001,-0.50000,-0.14571,-0.50000,-0.42358,0.18265,0.000000,-0.000080,0.000000,-0.000964,0.000390
2341,87,conference,mask_conference,environment,network_actively,goal_achieved,0.6620,0.31565,-0.18457,0.50000,0.50000,-0.29448,0.000337,-0.000379,0.000000,0.000000,-0.000517
2342,87,conference,mask_conference,environment,network_actively,goal_achieved,0.6625,0.31598,-0.18495,0.50000,0.50000,-0.29500,0.000336,-0.000380,0.000000,0.000000,-0.000516
2343,87,conference,mask_conference,environment,network_actively,delayed,-0.4630,0.31576,-0.18495,0.49889,0.49903,-0.29433,-0.000226,-0.000003,-0.001112,-0.000970,0.000673
2344,87,conference,mask_conference,environment,network_actively,goal_achieved,0.6639,0.31609,-0.18533,0.50000,0.50000,-0.29484,0.000336,-0.000382,0.001112,0.000970,-0.000515
2345,87,conference,mask_conference,environment,network_actively,goal_achieved,0.6622,0.31643,-0.18571,0.50000,0.50000,-0.29536,0.000336,-0.000377,0.000000,0.000000,-0.000517
2346,87,conference,mask_conference,environment,network_actively,goal_achieved,0.6627,0.31677,-0.18608,0.50000,0.50000,-0.29588,0.000335,-0.000378,0.000000,0.000000,-0.000517
2347,87,conference,mask_conference,environment,quick_scan,delayed,-2.1742,0.31737,-0.18591,0.50000,0.50000,-0.29691,0.000605,0.000177,0.000000,0.000000,-0.001037
2348,87,conference,mask_conference,environment,network_actively,goal_achieved,0.6671,0.31771,-0.18629,0.50000,0.50000,-0.29743,0.000336,-0.000387,0.000000,0.000000,-0.000515
2349,87,conference,mask_conference,environment,quick_scan,failed,-3.2083,0.31859,-0.18577,0.50000,0.50000,-0.29901,0.000881,0.000524,0.000000,0.000000,-0.001581
2350,88,work,mask_work,environment,take_notes,goal_achieved,1.5561,0.39832,0.50000,-0.50000,-0.50000,-0.50000,0.001624,0.000000,0.000000,0.000000,0.000000
2351,88,work,mask_work,environment,tidy_up,goal_achieved,1.9030,0.39776,0.50000,-0.50000,-0.50000,-0.50000,-0.000557,0.000000,0.000000,0.000000,0.000000
2352,88,work,mask_work,environment,deep_work,delayed,-0.6635,0.39729,0.50000,-0.50000,-0.50000,-0.49955,-0.000471,0.000000,0.000000,0.000000,0.000452
2353,88,work,mask_work,environment,tidy_up,failed,-2.3731,0.39870,0.50000,-0.50000,-0.50000,-0.50000,0.001409,0.000000,0.000000,0.000000,-0.000452
2354,88,work,mask_work,environment,deep_work,goal_achieved,1.9290,0.39970,0.50000,-0.50000,-0.50000,-0.50000,0.000996,0.000000,0.000000,0.000000,0.000000
2355,88,work,mask_work,environment,deep_work,goal_achieved,1.9289,0.40069,0.50000,-0.50000,-0.50000,-0.50000,0.000996,0.000000,0.000000,0.000000,0.000000
2356,88,work,mask_work,environment,tidy_up,goal_achieved,1.9052,0.40013,0.50000,-0.50000,-0.50000,-0.50000,-0.000559,0.000000,0.000000,0.000000,0.000000
2357,88,work,mask_work,environment,rest_deeply,goal_achieved,2.2701,0.40029,0.50000,-0.50000,-0.50000,-0.50000,0.000157,0.000000,0.000000,0.000000,0.000000
2358,88,work,mask_work,environment,tidy_up,failed,-2.3797,0.40169,0.50000,-0.50000,-0.50000,-0.50000,0.001404,0.000000,0.000000,0.000000,0.000000
2359,88,home,mask_home,environment,rest_deeply,goal_achieved,1.6916,-0.50000,-0.14579,-0.50000,-0.42386,0.18275,0.000000,-0.000075,0.000000,-0.000284,0.000100
2360,88,home,mask_home,environment,rest_deeply,delayed,-0.5685,-0.50000,-0.14529,-0.50000,-0.42487,0.18307,0.000000,0.000494,0.000000,-0.001005,0.000325
2361,88,home,mask_home,environment,rest_deeply,goal_achieved,1.6899,-0.50000,-0.14537,-0.50000,-0.42515,0.18318,0.000000,-0.000075,0.000000,-0.000282,0.000101
2362,88,home,mask_home,environment,zone_out,delayed,-1.4922,-0.49994,-0.14479,-0.50000,-0.42489,0.18295,0.000064,0.000578,0.000000,0.000260,-0.000225
2363,88,home,mask_home,environment,network_actively,failed,-2.8991,-0.50000,-0.14487,-0.50000,-0.42584,0.18334,-0.000064,-0.000074,0.000000,-0.000953,0.000389
2364,88,home,mask_home,environment,rest_deeply,goal_achieved,1.6928,-0.50000,-0.14494,-0.50000,-0.42612,0.18344,0.000000,-0.000071,0.000000,-0.000274,0.000100
2365,88,home,mask_home,environment,tidy_up,goal_achieved,1.7772,-0.50000,-0.14437,-0.50000,-0.42650,0.18337,0.000000,0.000570,0.000000,-0.000386,-0.000067
2366,88,home,mask_home,environment,rest_deeply,delayed,-0.5688,-0.50000,-0.14386,-0.50000,-0.42751,0.18370,0.000000,0.000504,0.000000,-0.001003,0.000325
2367,88,home,mask_home,environment,network_actively,failed,-2.9019,-0.50000,-0.14393,-0.50000,-0.42846,0.18409,0.000000,-0.000068,0.000000,-0.000949,0.000390
2368,88,conference,mask_conference,environment,network_actively,goal_achieved,0.6743,0.31893,-0.18617,0.50000,0.50000,-0.29952,0.000337,-0.000401,0.000000,0.000000,-0.000514
2369,88,conference,mask_conference,environment,network_actively,delayed,-0.4589,0.31871,-0.18616,0.49889,0.49904,-0.29887,-0.000215,0.000012,-0.001113,-0.000959,0.000656
2370,88,conference,mask_conference,environment,deep_work,failed,-3.9208,0.31883,-0.18681,0.50000,0.50000,-0.29899,0.000117,-0.000645,0.001113,0.000959,-0.000124
2371,88,conference,mask_conference,environment,network_actively,goal_achieved,0.6795,0.31915,-0.18723,0.50000,0.50000,-0.29949,0.000326,-0.000424,0.000000,0.000000,-0.000502
2372,88,conference,mask_conference,environment,network_actively,goal_achieved,0.6799,0.31948,-0.18765,0.50000,0.50000,-0.29999,0.000326,-0.000425,0.000000,0.000000,-0.000501
2373,88,conference,mask_conference,environment,network_actively,delayed,-0.4526,0.31925,-0.18767,0.49893,0.49906,-0.29932,-0.000228,-0.000021,-0.001073,-0.000939,0.000673
2374,88,conference,mask_conference,environment,network_actively,goal_achieved,0.6811,0.31958,-0.18810,0.50000,0.50000,-0.29982,0.000326,-0.000426,0.001073,0.000939,-0.000500
2375,88,conference,mask_conference,environment,quick_scan,goal_achieved,0.9426,0.31934,-0.18903,0.50000,0.50000,-0.29919,-0.000242,-0.000933,0.000000,0.000000,0.000636
2376,88,conference,mask_conference,environment,network_actively,goal_achieved,0.6747,0.31966,-0.18944,0.50000,0.50000,-0.29969,0.000324,-0.000410,0.000000,0.000000,-0.000504
2377,89,work,mask_work,environment,network_actively,delayed,-1.3879,0.40234,0.50000,-0.50000,-0.50000,-0.50000,0.000651,0.000000,0.000000,0.000000,0.000000
2378,89,work,mask_work,environment,deep_work,goal_achieved,1.9240,0.40333,0.50000,-0.50000,-0.50000,-0.50000,0.000984,0.000000,0.000000,0.000000,0.000000
2379,89,work,mask_work,environment,tidy_up,failed,-2.3816,0.40473,0.50000,-0.50000,-0.50000,-0.50000,0.001404,0.000000,0.000000,0.000000,0.000000
2380,89,work,mask_work,environment,deep_work,delayed,-0.6631,0.40426,0.50000,-0.50000,-0.50000,-0.49954,-0.000469,0.000000,0.000000,0.000000,0.000458
2381,89,work,mask_work,environment,tidy_up,goal_achieved,1.9057,0.40369,0.50000,-0.50000,-0.50000,-0.50000,-0.000569,0.000000,0.000000,0.000000,-0.000458
2382,89,work,mask_work,environment,deep_work,goal_achieved,1.9224,0.40467,0.50000,-0.50000,-0.50000,-0.50000,0.000980,0.000000,0.000000,0.000000,0.000000
2383,89,work,mask_work,environment,take_notes,goal_achieved,1.5504,0.40627,0.50000,-0.50000,-0.50000,-0.50000,0.001598,0.000000,0.000000,0.000000,0.000000
2384,89,work,mask_work,environment,take_notes,failed,-2.1908,0.40629,0.50000,-0.50000,-0.50000,-0.50000,0.000016,0.000000,0.000000,0.000000,0.000000
2385,89,work,mask_work,environment,network_actively,delayed,-1.3891,0.40693,0.50000,-0.50000,-0.50000,-0.50000,0.000646,0.000000,0.000000,0.000000,0.000000
2386,89,home,mask_home,environment,rest_deeply,goal_achieved,1.6895,-0.50000,-0.14400,-0.50000,-0.42873,0.18419,0.000000,-0.000067,0.000000,-0.000271,0.000101
2387,89,home,mask_home,environment,network_actively,failed,-2.9056,-0.50000,-0.14406,-0.50000,-0.42967,0.18458,0.000000,-0.000067,0.000000,-0.000948,0.000390
2388,89,home,mask_home,environment,zone_out,goal_achieved,1.4129,-0.50000,-0.14507,-0.50000,-0.43153,0.18549,0.000000,-0.001000,0.000000,-0.001853,0.000912
2389,89,home,mask_home,environment,network_actively,delayed,-1.8965,-0.50000,-0.14499,-0.50000,-0.43192,0.18562,0.000000,0.000073,0.000000,-0.000393,0.000131
2390,89,home,mask_home,environment,zone_out,goal_achieved,1.4053,-0.50000,-0.14598,-0.50000,-0.43378,0.18653,0.000000,-0.000990,0.000000,-0.001858,0.000908
2391,89,home,mask_home,environment,rest_deeply,delayed,-0.5900,-0.50000,-0.14553,-0.50000,-0.43485,0.18691,0.000000,0.000455,0.000000,-0.001074,0.000383
2392,89,home,mask_home,environment,network_actively,failed,-2.9275,-0.50000,-0.14560,-0.50000,-0.43583,0.18732,0.000000,-0.000077,0.000000,-0.000982,0.000409
2393,89,home,mask_home,environment,zone_out,delayed,-1.4946,-0.49990,-0.14501,-0.50000,-0.43558,0.18711,0.000100,0.000598,0.000000,0.000252,-0.000214
2394,89,home,mask_home,environment,zone_out,delayed,-1.4942,-0.49980,-0.14441,-0.50000,-0.43533,0.18690,0.000096,0.000595,0.000000,0.000253,-0.000213
2395,89,conference,mask_conference,environment,network_actively,goal_achieved,0.6751,0.31998,-0.18985,0.50000,0.50000,-0.30019,0.000324,-0.000410,0.000000,0.000000,-0.000504
2396,89,conference,mask_conference,environment,network_actively,goal_achieved,0.6755,0.32031,-0.19026,0.50000,0.50000,-0.30070,0.000323,-0.000411,0.000000,0.000000,-0.000503
2397,89,conference,mask_conference,environment,take_notes,delayed,-2.5057,0.32033,-0.19109,0.50000,0.50000,-0.30087,0.000023,-0.000827,0.000000,0.000000,-0.000168
2398,89,conference,mask_conference,environment,network_actively,goal_achieved,0.6788,0.32065,-0.19151,0.50000,0.50000,-0.30137,0.000317,-0.000422,0.000000,0.000000,-0.000502
2399,89,conference,mask_conference,environment,network_actively,goal_achieved,0.6792,0.32096,-0.19194,0.50000,0.50000,-0.30187,0.000317,-0.000423,0.000000,0.000000,-0.000502
2400,89,conference,mask_conference,environment,network_actively,delayed,-0.4519,0.32072,-0.19198,0.49895,0.49906,-0.30119,-0.000241,-0.000042,-0.001055,-0.000937,0.000683
2401,89,conference,mask_conference,environment,network_actively,goal_achieved,0.6803,0.32104,-0.19240,0.50000,0.50000,-0.30169,0.000317,-0.000423,0.001055,0.000937,-0.000501
2402,89,conference,mask_conference,environment,quick_scan,goal_achieved,0.9415,0.32079,-0.19333,0.50000,0.50000,-0.30106,-0.000250,-0.000931,0.000000,0.000000,0.000632
2403,89,conference,mask_conference,environment,quick_scan,delayed,-2.1623,0.32138,-0.19319,0.50000,0.50000,-0.30208,0.000585,0.000144,0.000000,0.000000,-0.001023
2404,90,work,mask_work,environment,rest_deeply,failed,-2.4198,0.40778,0.50000,-0.50000,-0.50000,-0.50000,0.000851,0.000000,0.000000,0.000000,0.000000
2405,90,work,mask_work,environment,tidy_up,delayed,-1.3082,0.40870,0.50000,-0.50000,-0.50000,-0.50000,0.000911,0.000000,0.000000,0.000000,0.000000
2406,90,work,mask_work,environment,deep_work,goal_achieved,1.9228,0.40968,0.50000,-0.50000,-0.50000,-0.50000,0.000985,0.000000,0.000000,0.000000,0.000000
2407,90,work,mask_work,environment,network_actively,delayed,-1.3885,0.41033,0.50000,-0.50000,-0.50000,-0.50000,0.000652,0.000000,0.000000,0.000000,0.000000
2408,90,work,mask_work,environment,deep_work,delayed,-0.6656,0.40986,0.50000,-0.50000,-0.50000,-0.49954,-0.000472,0.000000,0.000000,0.000000,0.000456
2409,90,work,mask_work,environment,network_actively,delayed,-1.3842,0.41051,0.50000,-0.50000,-0.50000,-0.50000,0.000647,0.000000,0.000000,0.000000,-0.000456
2410,90,work,mask_work,environment,deep_work,delayed,-0.6656,0.41004,0.50000,-0.50000,-0.50000,-0.49954,-0.000472,0.000000,0.000000,0.000000,0.000456
2411,90,work,mask_work,environment,tidy_up,failed,-2.3724,0.41143,0.50000,-0.50000,-0.50000,-0.50000,0.001392,0.000000,0.000000,0.000000,-0.000456
2412,90,work,mask_work,environment,take_notes,goal_achieved,1.5607,0.41303,0.50000,-0.50000,-0.50000,-0.50000,0.001598,0.000000,0.000000,0.000000,0.000000
2413,90,home,mask_home,environment,network_actively,goal_achieved,1.1748,-0.49886,-0.14390,-0.49977,-0.43401,0.18623,0.000947,0.000514,0.000228,0.001316,-0.000665
2414,90,home,mask_home,environment,zone_out,goal_achieved,1.4069,-0.50000,-0.14489,-0.50000,-0.43586,0.18714,-0.001144,-0.000997,-0.000228,-0.001850,0.000913
2415,90,home,mask_home,environment,zone_out,failed,-2.4625,-0.49923,-0.14377,-0.50000,-0.43490,0.18655,0.000767,0.001124,0.000000,0.000967,-0.000591
2416,90,home,mask_home,environment,network_actively,goal_achieved,1.1756,-0.49829,-0.14327,-0.49976,-0.43358,0.18589,0.000940,0.000502,0.000237,0.001319,-0.000659
2417,90,home,mask_home,environment,rest_deeply,goal_achieved,1.6743,-0.49882,-0.14335,-0.50000,-0.43385,0.18600,-0.000531,-0.000078,-0.000237,-0.000269,0.000109
2418,90,home,mask_home,environment,zone_out,goal_achieved,1.4038,-0.50000,-0.14435,-0.50000,-0.43568,0.18691,-0.001176,-0.001002,0.000000,-0.001837,0.000912
2419,90,home,mask_home,environment,tidy_up,goal_achieved,1.7567,-0.50000,-0.14380,-0.50000,-0.43609,0.18687,0.000000,0.000549,0.000000,-0.000406,-0.000044
2420,90,home,mask_home,environment,network_actively,failed,-2.9303,-0.50000,-0.14388,-0.50000,-0.43706,0.18728,0.000000,-0.000077,0.000000,-0.000973,0.000409
2421,90,home,mask_home,environment,rest_deeply,goal_achieved,1.6597,-0.50000,-0.14394,-0.50000,-0.43734,0.18738,0.000000,-0.000062,0.000000,-0.000280,0.000105
2422,90,conference,mask_conference,environment,quick_scan,failed,-3.1951,0.32224,-0.19270,0.50000,0.50000,-0.30365,0.000861,0.000491,0.000000,0.000000,-0.001568
2423,90,conference,mask_conference,environment,network_actively,goal_achieved,0.6846,0.32255,-0.19313,0.50000,0.50000,-0.30415,0.000318,-0.000429,0.000000,0.000000,-0.000503
2424,90,conference,mask_conference,environment,rest_deeply,failed,-3.6124,0.32288,-0.19340,0.50000,0.50000,-0.30446,0.000330,-0.000276,0.000000,0.000000,-0.000313
2425,90,conference,mask_conference,environment,network_actively,goal_achieved,0.6874,0.32321,-0.19383,0.50000,0.50000,-0.30497,0.000320,-0.000427,0.000000,0.000000,-0.000503
2426,90,conference,mask_conference,environment,network_actively,goal_achieved,0.6878,0.32353,-0.19426,0.50000,0.50000,-0.30547,0.000320,-0.000428,0.000000,0.000000,-0.000503
2427,90,conference,mask_conference,environment,network_actively,goal_achieved,0.6881,0.32384,-0.19469,0.50000,0.50000,-0.30597,0.000320,-0.000429,0.000000,0.000000,-0.000502
2428,90,conference,mask_conference,environment,network_actively,goal_achieved,0.6885,0.32416,-0.19512,0.50000,0.50000,-0.30647,0.000319,-0.000429,0.000000,0.000000,-0.000502
2429,90,conference,mask_conference,environment,network_actively,goal_achieved,0.6889,0.32448,-0.19554,0.50000,0.50000,-0.30697,0.000319,-0.000430,0.000000,0.000000,-0.000502
2430,90,conference,mask_conference,environment,network_actively,goal_achieved,0.6892,0.32480,-0.19598,0.50000,0.50000,-0.30748,0.000319,-0.000430,0.000000,0.000000,-0.000501
2431,91,work,mask_work,environment,deep_work,goal_achieved,1.9209,0.41402,0.50000,-0.50000,-0.50000,-0.50000,0.000995,0.000000,0.000000,0.000000,0.000000
2432,91,work,mask_work,environment,take_notes,delayed,-1.2453,0.41443,0.50000,-0.50000,-0.50000,-0.50000,0.000414,0.000000,0.000000,0.000000,0.000000
2433,91,work,mask_work,environment,network_actively,delayed,-1.3821,0.41509,0.50000,-0.50000,-0.50000,-0.50000,0.000652,0.000000,0.000000,0.000000,0.000000
2434,91,work,mask_work,environment,tidy_up,goal_achieved,1.9096,0.41452,0.50000,-0.50000,-0.50000,-0.50000,-0.000564,0.000000,0.000000,0.000000,0.000000
2435,91,work,mask_work,environment,tidy_up,goal_achieved,1.9096,0.41396,0.50000,-0.50000,-0.50000,-0.50000,-0.000564,0.000000,0.000000,0.000000,0.000000
2436,91,work,mask_work,environment,deep_work,goal_achieved,1.9147,0.41493,0.50000,-0.50000,-0.50000,-0.50000,0.000974,0.000000,0.000000,0.000000,0.000000
2437,91,work,mask_work,environment,tidy_up,goal_achieved,1.9083,0.41437,0.50000,-0.50000,-0.50000,-0.50000,-0.000562,0.000000,0.000000,0.000000,0.000000
2438,91,work,mask_work,environment,tidy_up,delayed,-1.3070,0.41528,0.50000,-0.50000,-0.50000,-0.50000,0.000907,0.000000,0.000000,0.000000,0.000000
2439,91,work,mask_work,environment,tidy_up,goal_achieved,1.9084,0.41472,0.50000,-0.50000,-0.50000,-0.50000,-0.000562,0.000000,0.000000,0.000000,0.000000
2440,91,home,mask_home,environment,rest_deeply,goal_achieved,1.6593,-0.50000,-0.14400,-0.50000,-0.43762,0.18749,0.000000,-0.000060,0.000000,-0.000280,0.000105
2441,91,home,mask_home,environment,network_actively,delayed,-1.9106,-0.50000,-0.14393,-0.50000,-0.43802,0.18763,0.000000,0.000070,0.000000,-0.000403,0.000143
2442,91,home,mask_home,environment,zone_out,delayed,-1.5064,-0.49989,-0.14333,-0.50000,-0.43775,0.18741,0.000112,0.000602,0.000000,0.000272,-0.000219
2443,91,home,mask_home,environment,rest_deeply,delayed,-0.5968,-0.50000,-0.14286,-0.50000,-0.43881,0.18779,-0.000112,0.000470,0.000000,-0.001057,0.000378
2444,91,home,mask_home,environment,rest_deeply,goal_achieved,1.6607,-0.50000,-0.14291,-0.50000,-0.43908,0.18790,0.000000,-0.000059,0.000000,-0.000268,0.000104
2445,91,home,mask_home,environment,rest_deeply,goal_achieved,1.6602,-0.50000,-0.14297,-0.50000,-0.43934,0.18800,0.000000,-0.000058,0.000000,-0.000268,0.000104
2446,91,home,mask_home,environment,tidy_up,delayed,-1.6862,-0.50000,-0.14401,-0.50000,-0.43990,0.18863,0.000000,-0.001037,0.000000,-0.000559,0.000633
2447,91,home,mask_home,environment,rest_deeply,goal_achieved,1.6598,-0.50000,-0.14407,-0.50000,-0.44017,0.18874,0.000000,-0.000058,0.000000,-0.000271,0.000103
2448,91,home,mask_home,environment,rest_deeply,delayed,-0.5985,-0.50000,-0.14362,-0.50000,-0.44125,0.18913,0.000000,0.000449,0.000000,-0.001072,0.000398
2449,91,conference,mask_conference,environment,network_actively,goal_achieved,0.6896,0.32512,-0.19641,0.50000,0.50000,-0.30798,0.000318,-0.000431,0.000000,0.000000,-0.000501
2450,91,conference,mask_conference,environment,network_actively,delayed,-0.4484,0.32489,-0.19644,0.49896,0.49907,-0.30730,-0.000232,-0.000030,-0.001044,-0.000929,0.000673
2451,91,conference,mask_conference,environment,network_actively,delayed,-0.4486,0.32466,-0.19647,0.49791,0.49814,-0.30663,-0.000232,-0.000030,-0.001045,-0.000929,0.000672
2452,91,conference,mask_conference,environment,tidy_up,failed,-3.8122,0.32488,-0.19684,0.49962,0.49912,-0.30690,0.000223,-0.000374,0.001711,0.000981,-0.000267
2453,91,conference,mask_conference,environment,network_actively,goal_achieved,0.6889,0.32520,-0.19727,0.50000,0.50000,-0.30740,0.000320,-0.000424,0.000378,0.000877,-0.000504
2454,91,conference,mask_conference,environment,network_actively,goal_achieved,0.6885,0.32552,-0.19769,0.50000,0.50000,-0.30791,0.000320,-0.000423,0.000000,0.000000,-0.000505
2455,91,conference,mask_conference,environment,quick_scan,goal_achieved,0.9473,0.32527,-0.19863,0.50000,0.50000,-0.30727,-0.000248,-0.000939,0.000000,0.000000,0.000635
2456,91,conference,mask_conference,environment,network_actively,goal_achieved,0.6842,0.32559,-0.19904,0.50000,0.50000,-0.30778,0.000318,-0.000413,0.000000,0.000000,-0.000506
2457,91,conference,mask_conference,environment,network_actively,goal_achieved,0.6846,0.32591,-0.19945,0.50000,0.50000,-0.30828,0.000318,-0.000413,0.000000,0.000000,-0.000505
2458,92,work,mask_work,environment,take_notes,delayed,-1.2596,0.41509,0.50000,-0.50000,-0.50000,-0.50000,0.000379,0.000000,0.000000,0.000000,0.000000
2459,92,work,mask_work,environment,deep_work,goal_achieved,1.9095,0.41605,0.50000,-0.50000,-0.50000,-0.50000,0.000956,0.000000,0.000000,0.000000,0.000000
2460,92,work,mask_work,environment,deep_work,goal_achieved,1.9094,0.41701,0.50000,-0.50000,-0.50000,-0.50000,0.000956,0.000000,0.000000,0.000000,0.000000
2461,92,work,mask_work,environment,handle_backlog,goal_achieved,2.0867,0.41741,0.50000,-0.50000,-0.50000,-0.50000,0.000405,0.000000,0.000000,0.000000,0.000000
2462,92,work,mask_work,environment,take_notes,delayed,-1.2645,0.41779,0.50000,-0.50000,-0.50000,-0.50000,0.000379,0.000000,0.000000,0.000000,0.000000
2463,92,work,mask_work,environment,take_notes,failed,-2.1989,0.41778,0.50000,-0.50000,-0.50000,-0.50000,-0.000016,0.000000,0.000000,0.000000,0.000000
2464,92,work,mask_work,environment,handle_backlog,goal_achieved,2.0901,0.41818,0.50000,-0.50000,-0.50000,-0.50000,0.000400,0.000000,0.000000,0.000000,0.000000
2465,92,work,mask_work,environment,take_notes,failed,-2.2011,0.41816,0.50000,-0.50000,-0.50000,-0.50000,-0.000018,0.000000,0.000000,0.000000,0.000000
2466,92,work,mask_work,environment,take_notes,failed,-2.2011,0.41814,0.50000,-0.50000,-0.50000,-0.50000,-0.000018,0.000000,0.000000,0.000000,0.000000
2467,92,home,mask_home,environment,step_away,failed,-2.9206,-0.50000,-0.14359,-0.50000,-0.44122,0.18885,0.000000,0.000031,0.000000,0.000027,-0.000281
2468,92,home,mask_home,environment,network_actively,goal_achieved,1.2303,-0.49907,-0.14309,-0.49966,-0.43976,0.18805,0.000933,0.000501,0.000336,0.001456,-0.000803
2469,92,home,mask_home,environment,rest_deeply,goal_achieved,1.7124,-0.49958,-0.14317,-0.50000,-0.43987,0.18801,-0.000513,-0.000078,-0.000336,-0.000108,-0.000039
2470,92,home,mask_home,environment,zone_out,delayed,-1.4526,-0.49947,-0.14258,-0.50000,-0.43944,0.18765,0.000111,0.000582,0.000000,0.000434,-0.000360
2471,92,home,mask_home,environment,rest_deeply,goal_achieved,1.7151,-0.49998,-0.14266,-0.50000,-0.43954,0.18761,-0.000509,-0.000077,0.000000,-0.000099,-0.000040
2472,92,home,mask_home,environment,zone_out,goal_achieved,1.4395,-0.50000,-0.14367,-0.50000,-0.44122,0.18838,-0.000022,-0.001009,0.000000,-0.001679,0.000767
2473,92,home,mask_home,environment,zone_out,goal_achieved,1.4349,-0.50000,-0.14467,-0.50000,-0.44290,0.18914,0.000000,-0.001000,0.000000,-0.001680,0.000759
2474,92,home,mask_home,environment,zone_out,goal_achieved,1.4305,-0.50000,-0.14566,-0.50000,-0.44458,0.18989,0.000000,-0.000991,0.000000,-0.001681,0.000751
2475,92,home,mask_home,environment,network_actively,goal_achieved,1.2166,-0.49908,-0.14516,-0.49969,-0.44315,0.18909,0.000916,0.000499,0.000311,0.001422,-0.000802
2476,92,conference,mask_conference,environment,network_actively,goal_achieved,0.6850,0.32622,-0.19987,0.50000,0.50000,-0.30879,0.000317,-0.000414,0.000000,0.000000,-0.000505
2477,92,conference,mask_conference,environment,network_actively,goal_achieved,0.6854,0.32654,-0.20028,0.50000,0.50000,-0.30929,0.000317,-0.000415,0.000000,0.000000,-0.000504
2478,92,conference,mask_conference,environment,quick_scan,delayed,-2.1604,0.32713,-0.20015,0.50000,0.50000,-0.31031,0.000585,0.000135,0.000000,0.000000,-0.001018
2479,92,conference,mask_conference,environment,network_actively,goal_achieved,0.6897,0.32744,-0.20057,0.50000,0.50000,-0.31081,0.000317,-0.000423,0.000000,0.000000,-0.000503
2480,92,conference,mask_conference,environment,quick_scan,goal_achieved,0.9442,0.32719,-0.20151,0.50000,0.50000,-0.31018,-0.000249,-0.000939,0.000000,0.000000,0.000634
2481,92,conference,mask_conference,environment,network_actively,goal_achieved,0.6854,0.32751,-0.20192,0.50000,0.50000,-0.31068,0.000315,-0.000413,0.000000,0.000000,-0.000504
2482,92,conference,mask_conference,environment,quick_scan,goal_achieved,0.9408,0.32726,-0.20285,0.50000,0.50000,-0.31005,-0.000249,-0.000928,0.000000,0.000000,0.000629
2483,92,conference,mask_conference,environment,network_actively,goal_achieved,0.6812,0.32757,-0.20325,0.50000,0.50000,-0.31056,0.000313,-0.000403,0.000000,0.000000,-0.000505
2484,92,conference,mask_conference,environment,take_notes,goal_achieved,1.0357,0.32794,-0.20318,0.50000,0.50000,-0.31093,0.000369,0.000077,0.000000,0.000000,-0.000368
2485,93,work,mask_work,environment,deep_work,goal_achieved,1.9132,0.41908,0.50000,-0.50000,-0.50000,-0.50000,0.000940,0.000000,0.000000,0.000000,0.000000
2486,93,work,mask_work,environment,network_actively,goal_achieved,1.9143,0.41957,0.49963,-0.49863,-0.49987,-0.50000,0.000494,-0.000374,0.001370,0.000130,0.000000
2487,93,work,mask_work,environment,deep_work,goal_achieved,1.9103,0.42051,0.50000,-0.50000,-0.50000,-0.50000,0.000938,0.000374,-0.001370,-0.000130,0.000000
2488,93,work,mask_work,environment,deep_work,goal_achieved,1.9098,0.42145,0.50000,-0.50000,-0.50000,-0.50000,0.000938,0.000000,0.000000,0.000000,0.000000
2489,93,work,mask_work,environment,network_actively,failed,-2.5016,0.42209,0.50000,-0.50000,-0.50000,-0.50000,0.000644,0.000000,0.000000,0.000000,0.000000
2490,93,work,mask_work,environment,handle_backlog,goal_achieved,2.0889,0.42249,0.50000,-0.50000,-0.50000,-0.50000,0.000397,0.000000,0.000000,0.000000,0.000000
2491,93,work,mask_work,environment,deep_work,goal_achieved,1.9086,0.42343,0.50000,-0.50000,-0.50000,-0.50000,0.000935,0.000000,0.000000,0.000000,0.000000
2492,93,work,mask_work,environment,deep_work,goal_achieved,1.9085,0.42436,0.50000,-0.50000,-0.50000,-0.50000,0.000935,0.000000,0.000000,0.000000,0.000000
2493,93,work,mask_work,environment,handle_backlog,goal_achieved,2.0864,0.42476,0.50000,-0.50000,-0.50000,-0.50000,0.000400,0.000000,0.000000,0.000000,0.000000
2494,93,home,mask_home,environment,zone_out,failed,-2.4177,-0.49828,-0.14405,-0.50000,-0.44200,0.18834,0.000803,0.001117,-0.000311,0.001155,-0.000742
2495,93,home,mask_home,environment,rest_deeply,goal_achieved,1.7003,-0.49880,-0.14414,-0.50000,-0.44211,0.18831,-0.000518,-0.000089,0.000000,-0.000113,-0.000036
2496,93,home,mask_home,environment,zone_out,failed,-2.4205,-0.49801,-0.14302,-0.50000,-0.44096,0.18757,0.000791,0.001110,0.000000,0.001152,-0.000738
2497,93,home,mask_home,environment,rest_deeply,goal_achieved,1.7078,-0.49853,-0.14312,-0.50000,-0.44106,0.18754,-0.000517,-0.000092,0.000000,-0.000102,-0.000033
2498,93,home,mask_home,environment,rest_deeply,goal_achieved,1.7072,-0.49904,-0.14321,-0.50000,-0.44116,0.18750,-0.000514,-0.000089,0.000000,-0.000101,-0.000036
2499,93,home,mask_home,environment,tidy_up,delayed,-1.6458,-0.49954,-0.14425,-0.50000,-0.44155,0.18798,-0.000499,-0.001048,0.000000,-0.000391,0.000484
2500,93,home,mask_home,environment,network_actively,failed,-2.8847,-0.50000,-0.14436,-0.50000,-0.44236,0.18826,-0.000461,-0.000108,0.000000,-0.000809,0.000272
2501,93,home,mask_home,environment,zone_out,goal_achieved,1.4296,-0.50000,-0.14537,-0.50000,-0.44404,0.18902,0.000000,-0.001009,0.000000,-0.001674,0.000758
2502,93,home,mask_home,environment,zone_out,failed,-2.4183,-0.49919,-0.14426,-0.50000,-0.44288,0.18828,0.000810,0.001109,0.000000,0.001158,-0.000740
2503,93,conference,mask_conference,environment,network_actively,goal_achieved,0.6795,0.32826,-0.20357,0.50000,0.50000,-0.31143,0.000318,-0.000395,0.000000,0.000000,-0.000505
2504,93,conference,mask_conference,environment,quick_scan,goal_achieved,0.9349,0.32802,-0.20448,0.50000,0.50000,-0.31081,-0.000245,-0.000908,0.000000,0.000000,0.000623
2505,93,conference,mask_conference,environment,take_notes,goal_achieved,1.0321,0.32838,-0.20440,0.50000,0.50000,-0.31118,0.000366,0.000080,0.000000,0.000000,-0.000366
2506,93,conference,mask_conference,environment,network_actively,goal_achieved,0.6734,0.32870,-0.20478,0.50000,0.50000,-0.31168,0.000320,-0.000378,0.000000,0.000000,-0.000506
2507,93,conference,mask_conference,environment,network_actively,goal_achieved,0.6738,0.32902,-0.20516,0.50000,0.50000,-0.31219,0.000319,-0.000379,0.000000,0.000000,-0.000506
2508,93,conference,mask_conference,environment,network_actively,goal_achieved,0.6743,0.32934,-0.20554,0.50000,0.50000,-0.31269,0.000319,-0.000380,0.000000,0.000000,-0.000505
2509,93,conference,mask_conference,environment,take_notes,goal_achieved,1.0308,0.32970,-0.20546,0.50000,0.50000,-0.31306,0.000366,0.000075,0.000000,0.000000,-0.000365
2510,93,conference,mask_conference,environment,network_actively,goal_achieved,0.6729,0.33003,-0.20583,0.50000,0.50000,-0.31356,0.000322,-0.000373,0.000000,0.000000,-0.000505
2511,93,conference,mask_conference,environment,network_actively,goal_achieved,0.6733,0.33035,-0.20621,0.50000,0.50000,-0.31407,0.000322,-0.000375,0.000000,0.000000,-0.000504
2512,94,work,mask_work,environment,deep_work,goal_achieved,1.9064,0.42569,0.50000,-0.50000,-0.50000,-0.50000,0.000932,0.000000,0.000000,0.000000,0.000000
2513,94,work,mask_work,environment,deep_work,goal_achieved,1.9063,0.42662,0.50000,-0.50000,-0.50000,-0.50000,0.000932,0.000000,0.000000,0.000000,0.000000
2514,94,work,mask_work,environment,tidy_up,delayed,-1.3210,0.42752,0.50000,-0.50000,-0.50000,-0.50000,0.000895,0.000000,0.000000,0.000000,0.000000
2515,94,work,mask_work,environment,deep_work,goal_achieved,1.9070,0.42845,0.50000,-0.50000,-0.50000,-0.50000,0.000934,0.000000,0.000000,0.000000,0.000000
2516,94,work,mask_work,environment,deep_work,goal_achieved,1.9069,0.42939,0.50000,-0.50000,-0.50000,-0.50000,0.000933,0.000000,0.000000,0.000000,0.000000
2517,94,work,mask_work,environment,deep_work,delayed,-0.6787,0.42887,0.50000,-0.50000,-0.50000,-0.49954,-0.000518,0.000000,0.000000,0.000000,0.000464
2518,94,work,mask_work,environment,take_notes,failed,-2.2129,0.42885,0.50000,-0.50000,-0.50000,-0.50000,-0.000014,0.000000,0.000000,0.000000,-0.000464
2519,94,work,mask_work,environment,take_notes,delayed,-1.2792,0.42923,0.50000,-0.50000,-0.50000,-0.50000,0.000380,0.000000,0.000000,0.000000,0.000000
2520,94,work,mask_work,environment,handle_backlog,goal_achieved,2.0896,0.42963,0.50000,-0.50000,-0.50000,-0.50000,0.000398,0.000000,0.000000,0.000000,0.000000
2521,94,home,mask_home,environment,deep_work,failed,-3.2393,-0.49983,-0.14435,-0.50000,-0.44313,0.18837,-0.000636,-0.000091,0.000000,-0.000249,0.000091
2522,94,home,mask_home,environment,rest_deeply,goal_achieved,1.7074,-0.50000,-0.14444,-0.50000,-0.44322,0.18832,-0.000174,-0.000084,0.000000,-0.000096,-0.000044
2523,94,home,mask_home,environment,zone_out,goal_achieved,1.4279,-0.50000,-0.14545,-0.50000,-0.44489,0.18908,0.000000,-0.001014,0.000000,-0.001671,0.000759
2524,94,home,mask_home,environment,tidy_up,goal_achieved,1.7908,-0.50000,-0.14493,-0.50000,-0.44513,0.18889,0.000000,0.000524,0.000000,-0.000235,-0.000189
2525,94,home,mask_home,environment,rest_deeply,goal_achieved,1.6993,-0.50000,-0.14501,-0.50000,-0.44523,0.18885,0.000000,-0.000080,0.000000,-0.000103,-0.000046
2526,94,home,mask_home,environment,network_actively,failed,-2.8976,-0.50000,-0.14512,-0.50000,-0.44604,0.18912,0.000000,-0.000111,0.000000,-0.000809,0.000272
2527,94,home,mask_home,environment,zone_out,delayed,-1.4595,-0.49986,-0.14454,-0.50000,-0.44559,0.18875,0.000141,0.000581,0.000000,0.000455,-0.000367
2528,94,home,mask_home,environment,tidy_up,delayed,-1.6571,-0.50000,-0.14556,-0.50000,-0.44598,0.18923,-0.000141,-0.001027,0.000000,-0.000392,0.000474
2529,94,home,mask_home,environment,zone_out,goal_achieved,1.4224,-0.50000,-0.14657,-0.50000,-0.44765,0.18998,0.000000,-0.001010,0.000000,-0.001673,0.000753
2530,94,conference,mask_conference,environment,network_actively,goal_achieved,0.6738,0.33067,-0.20658,0.50000,0.50000,-0.31457,0.000321,-0.000376,0.000000,0.000000,-0.000503
2531,94,conference,mask_conference,environment,network_actively,goal_achieved,0.6742,0.33099,-0.20696,0.50000,0.50000,-0.31507,0.000321,-0.000377,0.000000,0.000000,-0.000503
2532,94,conference,mask_conference,environment,network_actively,delayed,-0.4657,0.33076,-0.20696,0.49890,0.49904,-0.31439,-0.000231,-0.000004,-0.001103,-0.000963,0.000683
2533,94,conference,mask_conference,environment,network_actively,goal_achieved,0.6756,0.33108,-0.20734,0.50000,0.50000,-0.31489,0.000321,-0.000379,0.001103,0.000963,-0.000502
2534,94,conference,mask_conference,environment,network_actively,goal_achieved,0.6738,0.33140,-0.20772,0.50000,0.50000,-0.31540,0.000321,-0.000373,0.000000,0.000000,-0.000504
2535,94,conference,mask_conference,environment,quick_scan,goal_achieved,0.9269,0.33116,-0.20860,0.50000,0.50000,-0.31478,-0.000238,-0.000883,0.000000,0.000000,0.000617
2536,94,conference,mask_conference,environment,network_actively,goal_achieved,0.6698,0.33148,-0.20896,0.50000,0.50000,-0.31528,0.000319,-0.000364,0.000000,0.000000,-0.000505
2537,94,conference,mask_conference,environment,take_notes,goal_achieved,1.0267,0.33184,-0.20889,0.50000,0.50000,-0.31565,0.000361,0.000077,0.000000,0.000000,-0.000362
2538,94,conference,mask_conference,environment,take_notes,goal_achieved,1.0271,0.33221,-0.20881,0.50000,0.50000,-0.31601,0.000361,0.000075,0.000000,0.000000,-0.000361
2539,95,work,mask_work,environment,tidy_up,delayed,-1.3183,0.43052,0.50000,-0.50000,-0.50000,-0.50000,0.000885,0.000000,0.000000,0.000000,0.000000
2540,95,work,mask_work,environment,take_notes,failed,-2.2140,0.43050,0.50000,-0.50000,-0.50000,-0.50000,-0.000015,0.000000,0.000000,0.000000,0.000000
2541,95,work,mask_work,environment,network_actively,failed,-2.5038,0.43114,0.50000,-0.50000,-0.50000,-0.50000,0.000636,0.000000,0.000000,0.000000,0.000000
2542,95,work,mask_work,environment,deep_work,goal_achieved,1.9122,0.43206,0.50000,-0.50000,-0.50000,-0.50000,0.000926,0.000000,0.000000,0.000000,0.000000
2543,95,work,mask_work,environment,deep_work,goal_achieved,1.9121,0.43299,0.50000,-0.50000,-0.50000,-0.50000,0.000925,0.000000,0.000000,0.000000,0.000000
2544,95,work,mask_work,environment,rest_deeply,failed,-2.4377,0.43379,0.50000,-0.50000,-0.50000,-0.50000,0.000801,0.000000,0.000000,0.000000,0.000000
2545,95,work,mask_work,environment,handle_backlog,goal_achieved,2.0926,0.43419,0.50000,-0.50000,-0.50000,-0.50000,0.000402,0.000000,0.000000,0.000000,0.000000
2546,95,work,mask_work,environment,handle_backlog,goal_achieved,2.0926,0.43459,0.50000,-0.50000,-0.50000,-0.50000,0.000402,0.000000,0.000000,0.000000,0.000000
2547,95,work,mask_work,environment,network_actively,failed,-2.5088,0.43523,0.50000,-0.50000,-0.50000,-0.50000,0.000637,0.000000,0.000000,0.000000,0.000000
2548,95,home,mask_home,environment,zone_out,goal_achieved,1.4178,-0.50000,-0.14757,-0.50000,-0.44932,0.19072,0.000000,-0.001001,0.000000,-0.001674,0.000744
2549,95,home,mask_home,environment,rest_deeply,delayed,-0.5664,-0.50000,-0.14721,-0.50000,-0.45029,0.19103,0.000000,0.000360,0.000000,-0.000966,0.000302
2550,95,home,mask_home,environment,rest_deeply,goal_achieved,1.6890,-0.50000,-0.14729,-0.50000,-0.45040,0.19097,0.000000,-0.000076,0.000000,-0.000111,-0.000056
2551,95,home,mask_home,environment,zone_out,delayed,-1.4554,-0.49983,-0.14671,-0.50000,-0.44994,0.19060,0.000169,0.000584,0.000000,0.000462,-0.000371
2552,95,home,mask_home,environment,rest_deeply,delayed,-0.5639,-0.50000,-0.14634,-0.50000,-0.45090,0.19090,-0.000169,0.000366,0.000000,-0.000957,0.000298
2553,95,home,mask_home,environment,rest_deeply,goal_achieved,1.6920,-0.50000,-0.14642,-0.50000,-0.45100,0.19084,0.000000,-0.000078,0.000000,-0.000101,-0.000055
2554,95,home,mask_home,environment,zone_out,delayed,-1.4529,-0.49983,-0.14584,-0.50000,-0.45053,0.19047,0.000165,0.000581,0.000000,0.000462,-0.000369
2555,95,home,mask_home,environment,rest_deeply,goal_achieved,1.6958,-0.50000,-0.14592,-0.50000,-0.45063,0.19042,-0.000165,-0.000080,0.000000,-0.000095,-0.000053
2556,95,home,mask_home,environment,rest_deeply,goal_achieved,1.6956,-0.50000,-0.14600,-0.50000,-0.45072,0.19037,0.000000,-0.000079,0.000000,-0.000095,-0.000054
2557,95,conference,mask_conference,environment,take_notes,goal_achieved,1.0276,0.33257,-0.20874,0.50000,0.50000,-0.31637,0.000361,0.000072,0.000000,0.000000,-0.000359
2558,95,conference,mask_conference,environment,quick_scan,failed,-3.2170,0.33345,-0.20817,0.50000,0.50000,-0.31796,0.000887,0.000567,0.000000,0.000000,-0.001589
2559,95,conference,mask_conference,environment,network_actively,goal_achieved,0.6723,0.33378,-0.20853,0.50000,0.50000,-0.31846,0.000330,-0.000361,0.000000,0.000000,-0.000503
2560,95,conference,mask_conference,environment,network_actively,goal_achieved,0.6728,0.33411,-0.20890,0.50000,0.50000,-0.31896,0.000330,-0.000362,0.000000,0.000000,-0.000502
2561,95,conference,mask_conference,environment,network_actively,goal_achieved,0.6732,0.33444,-0.20926,0.50000,0.50000,-0.31946,0.000329,-0.000363,0.000000,0.000000,-0.000501
2562,95,conference,mask_conference,environment,network_actively,goal_achieved,0.6737,0.33477,-0.20962,0.50000,0.50000,-0.31996,0.000329,-0.000365,0.000000,0.000000,-0.000500
2563,95,conference,mask_conference,environment,network_actively,goal_achieved,0.6741,0.33510,-0.20999,0.50000,0.50000,-0.32046,0.000328,-0.000366,0.000000,0.000000,-0.000500
2564,95,conference,mask_conference,environment,network_actively,goal_achieved,0.6745,0.33543,-0.21036,0.50000,0.50000,-0.32096,0.000328,-0.000367,0.000000,0.000000,-0.000499
2565,95,conference,mask_conference,environment,rest_deeply,goal_achieved,1.1703,0.33544,-0.21079,0.50000,0.50000,-0.32117,0.000011,-0.000432,0.000000,0.000000,-0.000215
2566,96,work,mask_work,environment,deep_work,goal_achieved,1.9104,0.43615,0.50000,-0.50000,-0.50000,-0.50000,0.000923,0.000000,0.000000,0.000000,0.000000
2567,96,work,mask_work,environment,take_notes,failed,-2.2176,0.43614,0.50000,-0.50000,-0.50000,-0.50000,-0.000013,0.000000,0.000000,0.000000,0.000000
2568,96,work,mask_work,environment,take_notes,failed,-2.2176,0.43613,0.50000,-0.50000,-0.50000,-0.50000,-0.000013,0.000000,0.000000,0.000000,0.000000
2569,96,work,mask_work,environment,tidy_up,failed,-2.3897,0.43749,0.50000,-0.50000,-0.50000,-0.50000,0.001363,0.000000,0.000000,0.000000,0.000000
2570,96,work,mask_work,environment,rest_deeply,failed,-2.4352,0.43829,0.50000,-0.50000,-0.50000,-0.50000,0.000797,0.000000,0.000000,0.000000,0.000000
2571,96,work,mask_work,environment,deep_work,goal_achieved,1.9182,0.43921,0.50000,-0.50000,-0.50000,-0.50000,0.000925,0.000000,0.000000,0.000000,0.000000
2572,96,work,mask_work,environment,rest_deeply,failed,-2.4366,0.44001,0.50000,-0.50000,-0.50000,-0.50000,0.000798,0.000000,0.000000,0.000000,0.000000
2573,96,work,mask_work,environment,rest_deeply,delayed,-1.2622,0.44064,0.50000,-0.50000,-0.50000,-0.50000,0.000627,0.000000,0.000000,0.000000,0.000000
2574,96,work,mask_work,environment,tidy_up,delayed,-1.3149,0.44152,0.50000,-0.50000,-0.50000,-0.50000,0.000883,0.000000,0.000000,0.000000,0.000000
2575,96,home,mask_home,environment,zone_out,goal_achieved,1.4173,-0.50000,-0.14700,-0.50000,-0.45239,0.19111,0.000000,-0.001005,0.000000,-0.001668,0.000745
2576,96,home,mask_home,environment,rest_deeply,goal_achieved,1.6885,-0.50000,-0.14708,-0.50000,-0.45249,0.19105,0.000000,-0.000076,0.000000,-0.000102,-0.000057
2577,96,home,mask_home,environment,zone_out,delayed,-1.4563,-0.49983,-0.14649,-0.50000,-0.45203,0.19068,0.000173,0.000583,0.000000,0.000467,-0.000372
2578,96,home,mask_home,environment,quick_scan,goal_achieved,1.7946,-0.50000,-0.14664,-0.50000,-0.45240,0.19108,-0.000173,-0.000149,0.000000,-0.000378,0.000397
2579,96,home,mask_home,environment,zone_out,delayed,-1.4600,-0.49983,-0.14606,-0.50000,-0.45194,0.19072,0.000173,0.000579,0.000000,0.000466,-0.000364
2580,96,home,mask_home,environment,zone_out,goal_achieved,1.4108,-0.50000,-0.14707,-0.50000,-0.45361,0.19146,-0.000173,-0.001007,0.000000,-0.001667,0.000749
2581,96,home,mask_home,environment,zone_out,goal_achieved,1.4058,-0.50000,-0.14807,-0.50000,-0.45527,0.19220,0.000000,-0.000996,0.000000,-0.001668,0.000740
2582,96,home,mask_home,environment,zone_out,delayed,-1.4606,-0.49981,-0.14748,-0.50000,-0.45480,0.19183,0.000191,0.000587,0.000000,0.000472,-0.000371
2583,96,home,mask_home,environment,rest_deeply,goal_achieved,1.6814,-0.50000,-0.14755,-0.50000,-0.45490,0.19178,-0.000191,-0.000075,0.000000,-0.000100,-0.000056
2584,96,conference,mask_conference,environment,network_actively,goal_achieved,0.6711,0.33576,-0.21116,0.50000,0.50000,-0.32167,0.000321,-0.000370,0.000000,0.000000,-0.000497
2585,96,conference,mask_conference,environment,take_notes,delayed,-2.5170,0.33576,-0.21200,0.50000,0.50000,-0.32183,0.000004,-0.000847,0.000000,0.000000,-0.000160
2586,96,conference,mask_conference,environment,quick_scan,delayed,-2.1854,0.33636,-0.21183,0.50000,0.50000,-0.32286,0.000594,0.000179,0.000000,0.000000,-0.001027
2587,96,conference,mask_conference,environment,quick_scan,goal_achieved,0.9214,0.33612,-0.21272,0.50000,0.50000,-0.32224,-0.000240,-0.000896,0.000000,0.000000,0.000622
2588,96,conference,mask_conference,environment,network_actively,goal_achieved,0.6735,0.33643,-0.21310,0.50000,0.50000,-0.32273,0.000315,-0.000377,0.000000,0.000000,-0.000497
2589,96,conference,mask_conference,environment,quick_scan,delayed,-2.1861,0.33703,-0.21292,0.50000,0.50000,-0.32376,0.000593,0.000180,0.000000,0.000000,-0.001028
2590,96,conference,mask_conference,environment,network_actively,delayed,-0.4728,0.33680,-0.21290,0.49885,0.49903,-0.32309,-0.000225,0.000020,-0.001153,-0.000970,0.000671
2591,96,conference,mask_conference,environment,network_actively,goal_achieved,0.6788,0.33712,-0.21329,0.50000,0.50000,-0.32359,0.000316,-0.000387,0.001153,0.000970,-0.000494
2592,96,conference,mask_conference,environment,quick_scan,goal_achieved,0.9225,0.33688,-0.21418,0.50000,0.50000,-0.32296,-0.000242,-0.000891,0.000000,0.000000,0.000621
2593,97,work,mask_work,environment,tidy_up,failed,-2.3894,0.44289,0.50000,-0.50000,-0.50000,-0.50000,0.001367,0.000000,0.000000,0.000000,0.000000
2594,97,work,mask_work,environment,tidy_up,failed,-2.3896,0.44425,0.50000,-0.50000,-0.50000,-0.50000,0.001367,0.000000,0.000000,0.000000,0.000000
2595,97,work,mask_work,environment,network_actively,failed,-2.4971,0.44491,0.50000,-0.50000,-0.50000,-0.50000,0.000658,0.000000,0.000000,0.000000,0.000000
2596,97,work,mask_work,environment,network_actively,failed,-2.4971,0.44557,0.50000,-0.50000,-0.50000,-0.50000,0.000658,0.000000,0.000000,0.000000,0.000000
2597,97,work,mask_work,environment,network_actively,failed,-2.4971,0.44623,0.50000,-0.50000,-0.50000,-0.50000,0.000657,0.000000,0.000000,0.000000,0.000000
2598,97,work,mask_work,environment,handle_backlog,goal_achieved,2.1083,0.44665,0.50000,-0.50000,-0.50000,-0.50000,0.000422,0.000000,0.000000,0.000000,0.000000
2599,97,work,mask_work,environment,tidy_up,failed,-2.3890,0.44801,0.50000,-0.50000,-0.50000,-0.50000,0.001363,0.000000,0.000000,0.000000,0.000000
2600,97,work,mask_work,environment,deep_work,goal_achieved,1.9269,0.44895,0.50000,-0.50000,-0.50000,-0.50000,0.000943,0.000000,0.000000,0.000000,0.000000
2601,97,work,mask_work,environment,handle_backlog,delayed,-1.2049,0.44993,0.50000,-0.50000,-0.50000,-0.50000,0.000979,0.000000,0.000000,0.000000,0.000000
2602,97,home,mask_home,environment,rest_deeply,goal_achieved,1.6812,-0.50000,-0.14763,-0.50000,-0.45500,0.19172,0.000000,-0.000074,0.000000,-0.000100,-0.000057
2603,97,home,mask_home,environment,rest_deeply,goal_achieved,1.6812,-0.50000,-0.14770,-0.50000,-0.45510,0.19166,0.000000,-0.000073,0.000000,-0.000100,-0.000057
2604,97,home,mask_home,environment,rest_deeply,goal_achieved,1.6812,-0.50000,-0.14777,-0.50000,-0.45520,0.19161,0.000000,-0.000073,0.000000,-0.000099,-0.000057
2605,97,home,mask_home,environment,zone_out,failed,-2.4189,-0.49914,-0.14667,-0.50000,-0.45401,0.19087,0.000864,0.001108,0.000000,0.001187,-0.000738
2606,97,home,mask_home,environment,zone_out,failed,-2.4199,-0.49829,-0.14557,-0.50000,-0.45283,0.19014,0.000848,0.001099,0.000000,0.001182,-0.000732
2607,97,home,mask_home,environment,quick_scan,failed,-2.8577,-0.49893,-0.14545,-0.50000,-0.45304,0.18993,-0.000637,0.000120,0.000000,-0.000213,-0.000209
2608,97,home,mask_home,environment,network_actively,delayed,-1.8715,-0.49943,-0.14542,-0.50000,-0.45327,0.18993,-0.000507,0.000025,0.000000,-0.000228,0.000007
2609,97,home,mask_home,environment,zone_out,goal_achieved,1.4098,-0.50000,-0.14644,-0.50000,-0.45493,0.19069,-0.000567,-0.001020,0.000000,-0.001656,0.000752
2610,97,home,mask_home,environment,zone_out,failed,-2.4177,-0.49915,-0.14534,-0.50000,-0.45374,0.18995,0.000851,0.001105,0.000000,0.001187,-0.000738
2611,97,conference,mask_conference,environment,take_notes,goal_achieved,1.0260,0.33723,-0.21411,0.50000,0.50000,-0.32332,0.000355,0.000064,0.000000,0.000000,-0.000359
2612,97,conference,mask_conference,environment,take_notes,goal_achieved,1.0265,0.33759,-0.21405,0.50000,0.50000,-0.32368,0.000355,0.000062,0.000000,0.000000,-0.000357
2613,97,conference,mask_conference,environment,network_actively,goal_achieved,0.6699,0.33791,-0.21441,0.50000,0.50000,-0.32418,0.000320,-0.000361,0.000000,0.000000,-0.000499
2614,97,conference,mask_conference,environment,network_actively,goal_achieved,0.6704,0.33823,-0.21477,0.50000,0.50000,-0.32468,0.000319,-0.000362,0.000000,0.000000,-0.000498
2615,97,conference,mask_conference,environment,quick_scan,failed,-3.2233,0.33910,-0.21422,0.50000,0.50000,-0.32625,0.000876,0.000553,0.000000,0.000000,-0.001578
2616,97,conference,mask_conference,environment,deep_work,failed,-3.9433,0.33921,-0.21484,0.50000,0.50000,-0.32638,0.000110,-0.000615,0.000000,0.000000,-0.000120
2617,97,conference,mask_conference,environment,network_actively,goal_achieved,0.6826,0.33952,-0.21524,0.50000,0.50000,-0.32686,0.000311,-0.000401,0.000000,0.000000,-0.000483
2618,97,conference,mask_conference,environment,network_actively,goal_achieved,0.6830,0.33983,-0.21564,0.50000,0.50000,-0.32734,0.000310,-0.000402,0.000000,0.000000,-0.000482
2619,97,conference,mask_conference,environment,rest_deeply,delayed,-2.4277,0.34009,-0.21594,0.50000,0.50000,-0.32762,0.000258,-0.000295,0.000000,0.000000,-0.000282
2620,98,work,mask_work,environment,take_notes,failed,-2.2030,0.44995,0.50000,-0.50000,-0.50000,-0.50000,0.000022,0.000000,0.000000,0.000000,0.000000
2621,98,work,mask_work,environment,network_actively,goal_achieved,1.9163,0.45046,0.49964,-0.49862,-0.49989,-0.50000,0.000508,-0.000365,0.001379,0.000108,0.000000
2622,98,work,mask_work,environment,rest_deeply,failed,-2.4279,0.45128,0.50000,-0.49981,-0.50000,-0.50000,0.000813,0.000365,-0.001186,-0.000108,0.000000
2623,98,work,mask_work,environment,tidy_up,failed,-2.3874,0.45264,0.50000,-0.50000,-0.50000,-0.50000,0.001366,0.000000,-0.000194,0.000000,0.000000
2624,98,work,mask_work,environment,deep_work,goal_achieved,1.9321,0.45359,0.50000,-0.50000,-0.50000,-0.50000,0.000950,0.000000,0.000000,0.000000,0.000000
2625,98,work,mask_work,environment,tidy_up,delayed,-1.3136,0.45447,0.50000,-0.50000,-0.50000,-0.50000,0.000883,0.000000,0.000000,0.000000,0.000000
2626,98,work,mask_work,environment,handle_backlog,delayed,-1.2035,0.45546,0.50000,-0.50000,-0.50000,-0.50000,0.000985,0.000000,0.000000,0.000000,0.000000
2627,98,work,mask_work,environment,take_notes,goal_achieved,1.5276,0.45707,0.50000,-0.50000,-0.50000,-0.50000,0.001608,0.000000,0.000000,0.000000,0.000000
2628,98,work,mask_work,environment,handle_backlog,delayed,-1.2075,0.45806,0.50000,-0.50000,-0.50000,-0.50000,0.000990,0.000000,0.000000,0.000000,0.000000
2629,98,home,mask_home,environment,quick_scan,delayed,-1.6946,-0.49972,-0.14528,-0.50000,-0.45399,0.18989,-0.000573,0.000053,0.000000,-0.000246,-0.000059
2630,98,home,mask_home,environment,deep_work,failed,-3.2552,-0.50000,-0.14537,-0.50000,-0.45422,0.18997,-0.000278,-0.000090,0.000000,-0.000237,0.000084
2631,98,home,mask_home,environment,zone_out,delayed,-1.4607,-0.49984,-0.14481,-0.50000,-0.45375,0.18961,0.000164,0.000568,0.000000,0.000476,-0.000363
2632,98,home,mask_home,environment,quick_scan,failed,-2.8568,-0.50000,-0.14468,-0.50000,-0.45395,0.18940,-0.000164,0.000123,0.000000,-0.000201,-0.000210
2633,98,home,mask_home,environment,rest_deeply,goal_achieved,1.7038,-0.50000,-0.14477,-0.50000,-0.45402,0.18935,0.000000,-0.000086,0.000000,-0.000066,-0.000055
2634,98,home,mask_home,environment,network_actively,delayed,-1.8674,-0.50000,-0.14474,-0.50000,-0.45423,0.18935,0.000000,0.000027,0.000000,-0.000214,0.000001
2635,98,home,mask_home,environment,rest_deeply,goal_achieved,1.7037,-0.50000,-0.14483,-0.50000,-0.45429,0.18929,0.000000,-0.000086,0.000000,-0.000065,-0.000055
2636,98,home,mask_home,environment,network_actively,delayed,-1.8685,-0.50000,-0.14480,-0.50000,-0.45451,0.18929,0.000000,0.000027,0.000000,-0.000213,0.000001
2637,98,home,mask_home,environment,zone_out,failed,-2.4175,-0.49917,-0.14371,-0.50000,-0.45332,0.18856,0.000832,0.001095,0.000000,0.001188,-0.000737
2638,98,conference,mask_conference,environment,network_actively,goal_achieved,0.6843,0.34040,-0.21634,0.50000,0.50000,-0.32810,0.000311,-0.000402,0.000000,0.000000,-0.000482
2639,98,conference,mask_conference,environment,network_actively,goal_achieved,0.6846,0.34071,-0.21674,0.50000,0.50000,-0.32859,0.000311,-0.000403,0.000000,0.000000,-0.000482
2640,98,conference,mask_conference,environment,quick_scan,goal_achieved,0.9247,0.34047,-0.21765,0.50000,0.50000,-0.32795,-0.000245,-0.000912,0.000000,0.000000,0.000634
2641,98,conference,mask_conference,environment,network_actively,goal_achieved,0.6806,0.34078,-0.21804,0.50000,0.50000,-0.32843,0.000309,-0.000393,0.000000,0.000000,-0.000483
2642,98,conference,mask_conference,environment,deep_work,goal_achieved,0.8644,0.34120,-0.21775,0.50000,0.50000,-0.32901,0.000426,0.000295,0.000000,0.000000,-0.000578
2643,98,conference,mask_conference,environment,network_actively,goal_achieved,0.6718,0.34153,-0.21810,0.50000,0.50000,-0.32952,0.000325,-0.000350,0.000000,0.000000,-0.000504
2644,98,conference,mask_conference,environment,network_actively,goal_achieved,0.6723,0.34185,-0.21845,0.50000,0.50000,-0.33002,0.000325,-0.000351,0.000000,0.000000,-0.000504
2645,98,conference,mask_conference,environment,network_actively,goal_achieved,0.6727,0.34218,-0.21880,0.50000,0.50000,-0.33052,0.000325,-0.000353,0.000000,0.000000,-0.000503
2646,98,conference,mask_conference,environment,network_actively,goal_achieved,0.6731,0.34250,-0.21916,0.50000,0.50000,-0.33102,0.000324,-0.000354,0.000000,0.000000,-0.000502
2647,99,work,mask_work,environment,deep_work,delayed,-0.6464,0.45758,0.50000,-0.50000,-0.50000,-0.49955,-0.000480,0.000000,0.000000,0.000000,0.000452
2648,99,work,mask_work,environment,tidy_up,failed,-2.3832,0.45895,0.50000,-0.50000,-0.50000,-0.50000,0.001372,0.000000,0.000000,0.000000,-0.000452
2649,99,work,mask_work,environment,network_actively,failed,-2.4815,0.45963,0.50000,-0.50000,-0.50000,-0.50000,0.000686,0.000000,0.000000,0.000000,0.000000
2650,99,work,mask_work,environment,deep_work,goal_achieved,1.9378,0.46060,0.50000,-0.50000,-0.50000,-0.50000,0.000968,0.000000,0.000000,0.000000,0.000000
2651,99,work,mask_work,environment,handle_backlog,delayed,-1.2019,0.46159,0.50000,-0.50000,-0.50000,-0.50000,0.000991,0.000000,0.000000,0.000000,0.000000
2652,99,work,mask_work,environment,handle_backlog,goal_achieved,2.1125,0.46203,0.50000,-0.50000,-0.50000,-0.50000,0.000439,0.000000,0.000000,0.000000,0.000000
2653,99,work,mask_work,environment,deep_work,goal_achieved,1.9388,0.46300,0.50000,-0.50000,-0.50000,-0.50000,0.000969,0.000000,0.000000,0.000000,0.000000
2654,99,work,mask_work,environment,deep_work,goal_achieved,1.9387,0.46397,0.50000,-0.50000,-0.50000,-0.50000,0.000969,0.000000,0.000000,0.000000,0.000000
2655,99,work,mask_work,environment,deep_work,goal_achieved,1.9386,0.46494,0.50000,-0.50000,-0.50000,-0.50000,0.000969,0.000000,0.000000,0.000000,0.000000
2656,99,home,mask_home,environment,rest_deeply,goal_achieved,1.7111,-0.49965,-0.14380,-0.50000,-0.45337,0.18851,-0.000478,-0.000095,0.000000,-0.000055,-0.000048
2657,99,home,mask_home,environment,step_away,delayed,-1.7190,-0.50000,-0.14380,-0.50000,-0.45340,0.18832,-0.000354,0.000001,0.000000,-0.000023,-0.000187
2658,99,home,mask_home,environment,rest_deeply,goal_achieved,1.7289,-0.50000,-0.14389,-0.50000,-0.45340,0.18822,0.000000,-0.000094,0.000000,-0.000000,-0.000103
2659,99,home,mask_home,environment,quick_scan,failed,-2.8373,-0.50000,-0.14378,-0.50000,-0.45353,0.18796,0.000000,0.000118,0.000000,-0.000131,-0.000261
2660,99,home,mask_home,environment,rest_deeply,goal_achieved,1.7313,-0.50000,-0.14387,-0.50000,-0.45353,0.18785,0.000000,-0.000095,0.000000,0.000001,-0.000104
2661,99,home,mask_home,environment,rest_deeply,goal_achieved,1.7313,-0.50000,-0.14397,-0.50000,-0.45353,0.18775,0.000000,-0.000095,0.000000,0.000001,-0.000104
2662,99,home,mask_home,environment,deep_work,goal_achieved,1.7016,-0.50000,-0.14367,-0.50000,-0.45378,0.18755,0.000000,0.000298,0.000000,-0.000256,-0.000197
2663,99,home,mask_home,environment,rest_deeply,delayed,-0.5315,-0.50000,-0.14326,-0.50000,-0.45464,0.18776,0.000000,0.000405,0.000000,-0.000857,0.000214
2664,99,home,mask_home,environment,rest_deeply,goal_achieved,1.7295,-0.50000,-0.14335,-0.50000,-0.45464,0.18766,0.000000,-0.000090,0.000000,0.000003,-0.000108
2665,99,conference,mask_conference,environment,deep_work,delayed,-2.7464,0.34269,-0.21955,0.50000,0.50000,-0.33126,0.000186,-0.000392,0.000000,0.000000,-0.000232
2666,99,conference,mask_conference,environment,network_actively,goal_achieved,0.6753,0.34301,-0.21991,0.50000,0.50000,-0.33175,0.000321,-0.000362,0.000000,0.000000,-0.000498
2667,99,conference,mask_conference,environment,deep_work,delayed,-2.7469,0.34319,-0.22030,0.50000,0.50000,-0.33199,0.000186,-0.000392,0.000000,0.000000,-0.000232
2668,99,conference,mask_conference,environment,network_actively,goal_achieved,0.6772,0.34351,-0.22067,0.50000,0.50000,-0.33248,0.000317,-0.000370,0.000000,0.000000,-0.000494
2669,99,conference,mask_conference,environment,network_actively,goal_achieved,0.6776,0.34383,-0.22104,0.50000,0.50000,-0.33297,0.000317,-0.000371,0.000000,0.000000,-0.000493
2670,99,conference,mask_conference,environment,network_actively,goal_achieved,0.6780,0.34414,-0.22142,0.50000,0.50000,-0.33347,0.000317,-0.000371,0.000000,0.000000,-0.000492
2671,99,conference,mask_conference,environment,network_actively,goal_achieved,0.6784,0.34446,-0.22179,0.50000,0.50000,-0.33396,0.000316,-0.000372,0.000000,0.000000,-0.000492
2672,99,conference,mask_conference,environment,network_actively,goal_achieved,0.6788,0.34478,-0.22216,0.50000,0.50000,-0.33445,0.000316,-0.000373,0.000000,0.000000,-0.000491
2673,99,conference,mask_conference,environment,network_actively,goal_achieved,0.6792,0.34509,-0.22254,0.50000,0.50000,-0.33494,0.000316,-0.000374,0.000000,0.000000,-0.000491
2674,100,work,mask_work,environment,deep_work,goal_achieved,1.9385,0.46591,0.50000,-0.50000,-0.50000,-0.50000,0.000968,0.000000,0.000000,0.000000,0.000000
2675,100,work,mask_work,environment,handle_backlog,failed,-2.3117,0.46709,0.50000,-0.50000,-0.50000,-0.50000,0.001180,0.000000,0.000000,0.000000,0.000000
2676,100,work,mask_work,environment,deep_work,goal_achieved,1.9429,0.46806,0.50000,-0.50000,-0.50000,-0.50000,0.000974,0.000000,0.000000,0.000000,0.000000
2677,100,work,mask_work,environment,rest_deeply,failed,-2.4198,0.46891,0.50000,-0.50000,-0.50000,-0.50000,0.000846,0.000000,0.000000,0.000000,0.000000
2678,100,work,mask_work,environment,tidy_up,goal_achieved,1.9234,0.46838,0.50000,-0.50000,-0.50000,-0.50000,-0.000533,0.000000,0.000000,0.000000,0.000000
2679,100,work,mask_work,environment,take_notes,delayed,-1.2611,0.46882,0.50000,-0.50000,-0.50000,-0.50000,0.000440,0.000000,0.000000,0.000000,0.000000
2680,100,work,mask_work,environment,take_notes,delayed,-1.2611,0.46926,0.50000,-0.50000,-0.50000,-0.50000,0.000440,0.000000,0.000000,0.000000,0.000000
2681,100,work,mask_work,environment,take_notes,delayed,-1.2612,0.46970,0.50000,-0.50000,-0.50000,-0.50000,0.000440,0.000000,0.000000,0.000000,0.000000
2682,100,work,mask_work,environment,take_notes,goal_achieved,1.5317,0.47131,0.50000,-0.50000,-0.50000,-0.50000,0.001617,0.000000,0.000000,0.000000,0.000000
2683,100,home,mask_home,environment,rest_deeply,goal_achieved,1.7296,-0.50000,-0.14344,-0.50000,-0.45463,0.18755,0.000000,-0.000090,0.000000,0.000003,-0.000108
2684,100,home,mask_home,environment,tidy_up,delayed,-1.6416,-0.50000,-0.14446,-0.50000,-0.45493,0.18796,0.000000,-0.001019,0.000000,-0.000299,0.000407
2685,100,home,mask_home,environment,network_actively,failed,-2.8785,-0.50000,-0.14459,-0.50000,-0.45563,0.18816,0.000000,-0.000123,0.000000,-0.000701,0.000206
2686,100,home,mask_home,environment,zone_out,failed,-2.3973,-0.49917,-0.14350,-0.50000,-0.45439,0.18737,0.000829,0.001087,0.000000,0.001243,-0.000791
2687,100,home,mask_home,environment,network_actively,failed,-2.8717,-0.50000,-0.14362,-0.50000,-0.45508,0.18758,-0.000829,-0.000123,0.000000,-0.000691,0.000207
2688,100,home,mask_home,environment,rest_deeply,goal_achieved,1.7379,-0.50000,-0.14371,-0.50000,-0.45507,0.18747,0.000000,-0.000092,0.000000,0.000010,-0.000108
2689,100,home,mask_home,environment,rest_deeply,delayed,-0.5237,-0.50000,-0.14331,-0.50000,-0.45592,0.18769,0.000000,0.000399,0.000000,-0.000852,0.000216
2690,100,home,mask_home,environment,zone_out,delayed,-1.4372,-0.49985,-0.14277,-0.50000,-0.45539,0.18727,0.000146,0.000549,0.000000,0.000532,-0.000412
2691,100,home,mask_home,environment,tidy_up,goal_achieved,1.8219,-0.50000,-0.14224,-0.50000,-0.45550,0.18702,-0.000146,0.000528,0.000000,-0.000113,-0.000257
2692,100,conference,mask_conference,environment,quick_scan,goal_achieved,0.9115,0.34486,-0.22342,0.50000,0.50000,-0.33432,-0.000235,-0.000882,0.000000,0.000000,0.000614
2693,100,conference,mask_conference,environment,network_actively,goal_achieved,0.6754,0.34517,-0.22378,0.50000,0.50000,-0.33482,0.000314,-0.000366,0.000000,0.000000,-0.000491
2694,100,conference,mask_conference,environment,network_actively,goal_achieved,0.6758,0.34548,-0.22415,0.50000,0.50000,-0.33531,0.000313,-0.000367,0.000000,0.000000,-0.000491
2695,100,conference,mask_conference,environment,quick_scan,delayed,-2.1984,0.34608,-0.22395,0.50000,0.50000,-0.33634,0.000598,0.000196,0.000000,0.000000,-0.001032
2696,100,conference,mask_conference,environment,take_notes,goal_achieved,1.0175,0.34644,-0.22390,0.50000,0.50000,-0.33670,0.000357,0.000053,0.000000,0.000000,-0.000358
2697,100,conference,mask_conference,environment,network_actively,goal_achieved,0.6787,0.34676,-0.22427,0.50000,0.50000,-0.33719,0.000317,-0.000371,0.000000,0.000000,-0.000489
2698,100,conference,mask_conference,environment,network_actively,goal_achieved,0.6791,0.34707,-0.22464,0.50000,0.50000,-0.33767,0.000316,-0.000371,0.000000,0.000000,-0.000488
2699,100,conference,mask_conference,environment,rest_deeply,delayed,-2.4470,0.34734,-0.22491,0.50000,0.50000,-0.33797,0.000269,-0.000263,0.000000,0.000000,-0.000296
2700,100,conference,mask_conference,environment,tidy_up,failed,-3.8644,0.34757,-0.22521,0.50000,0.50000,-0.33825,0.000228,-0.000304,0.000000,0.000000,-0.000278
2701,101,work,mask_work,environment,deep_work,goal_achieved,1.9393,0.47228,0.50000,-0.50000,-0.50000,-0.50000,0.000968,0.000000,0.000000,0.000000,0.000000
2702,101,work,mask_work,environment,deep_work,goal_achieved,1.9392,0.47325,0.50000,-0.50000,-0.50000,-0.50000,0.000968,0.000000,0.000000,0.000000,0.000000
2703,101,work,mask_work,environment,network_actively,delayed,-1.3867,0.47391,0.50000,-0.50000,-0.50000,-0.50000,0.000657,0.000000,0.000000,0.000000,0.000000
2704,101,work,mask_work,environment,take_notes,goal_achieved,1.5287,0.47553,0.50000,-0.50000,-0.50000,-0.50000,0.001619,0.000000,0.000000,0.000000,0.000000
2705,101,work,mask_work,environment,tidy_up,delayed,-1.3150,0.47644,0.50000,-0.50000,-0.50000,-0.50000,0.000912,0.000000,0.000000,0.000000,0.000000
2706,101,work,mask_work,environment,deep_work,goal_achieved,1.9359,0.47741,0.50000,-0.50000,-0.50000,-0.50000,0.000973,0.000000,0.000000,0.000000,0.000000
2707,101,work,mask_work,environment,tidy_up,delayed,-1.3162,0.47832,0.50000,-0.50000,-0.50000,-0.50000,0.000912,0.000000,0.000000,0.000000,0.000000
2708,101,work,mask_work,environment,deep_work,delayed,-0.6421,0.47786,0.50000,-0.50000,-0.50000,-0.49956,-0.000463,0.000000,0.000000,0.000000,0.000443
2709,101,work,mask_work,environment,tidy_up,delayed,-1.3124,0.47877,0.50000,-0.50000,-0.50000,-0.50000,0.000907,0.000000,0.000000,0.000000,-0.000443
2710,101,home,mask_home,environment,tidy_up,failed,-2.7784,-0.50000,-0.14377,-0.50000,-0.45585,0.18765,0.000000,-0.001537,0.000000,-0.000343,0.000629
2711,101,home,mask_home,environment,rest_deeply,goal_achieved,1.7418,-0.50000,-0.14387,-0.50000,-0.45583,0.18754,0.000000,-0.000097,0.000000,0.000017,-0.000109
2712,101,home,mask_home,environment,rest_deeply,goal_achieved,1.7419,-0.50000,-0.14397,-0.50000,-0.45581,0.18743,0.000000,-0.000097,0.000000,0.000017,-0.000109
2713,101,home,mask_home,environment,deep_work,failed,-3.2118,-0.50000,-0.14409,-0.50000,-0.45595,0.18747,0.000000,-0.000123,0.000000,-0.000138,0.000037
2714,101,home,mask_home,environment,step_away,goal_achieved,1.9082,-0.50000,-0.14407,-0.50000,-0.45635,0.18765,0.000000,0.000019,0.000000,-0.000401,0.000185
2715,101,home,mask_home,environment,rest_deeply,goal_achieved,1.7264,-0.50000,-0.14417,-0.50000,-0.45638,0.18759,0.000000,-0.000096,0.000000,-0.000026,-0.000064
2716,101,home,mask_home,environment,rest_deeply,goal_achieved,1.7264,-0.50000,-0.14426,-0.50000,-0.45641,0.18752,0.000000,-0.000096,0.000000,-0.000026,-0.000064
2717,101,home,mask_home,environment,network_actively,failed,-2.8870,-0.50000,-0.14439,-0.50000,-0.45713,0.18777,0.000000,-0.000125,0.000000,-0.000724,0.000249
2718,101,home,mask_home,environment,zone_out,delayed,-1.4533,-0.49985,-0.14385,-0.50000,-0.45664,0.18741,0.000153,0.000539,0.000000,0.000488,-0.000364
2719,101,conference,mask_conference,environment,network_actively,goal_achieved,0.6809,0.34789,-0.22558,0.50000,0.50000,-0.33874,0.000317,-0.000373,0.000000,0.000000,-0.000487
2720,101,conference,mask_conference,environment,network_actively,goal_achieved,0.6813,0.34820,-0.22596,0.50000,0.50000,-0.33922,0.000317,-0.000374,0.000000,0.000000,-0.000487
2721,101,conference,mask_conference,environment,network_actively,goal_achieved,0.6817,0.34852,-0.22633,0.50000,0.50000,-0.33971,0.000317,-0.000375,0.000000,0.000000,-0.000486
2722,101,conference,mask_conference,environment,network_actively,goal_achieved,0.6820,0.34884,-0.22671,0.50000,0.50000,-0.34019,0.000316,-0.000376,0.000000,0.000000,-0.000486
2723,101,conference,mask_conference,environment,network_actively,goal_achieved,0.6824,0.34915,-0.22708,0.50000,0.50000,-0.34068,0.000316,-0.000377,0.000000,0.000000,-0.000485
2724,101,conference,mask_conference,environment,network_actively,goal_achieved,0.6828,0.34947,-0.22746,0.50000,0.50000,-0.34116,0.000316,-0.000377,0.000000,0.000000,-0.000484
2725,101,conference,mask_conference,environment,tidy_up,failed,-3.8671,0.34969,-0.22777,0.50000,0.50000,-0.34144,0.000226,-0.000308,0.000000,0.000000,-0.000278
2726,101,conference,mask_conference,environment,network_actively,goal_achieved,0.6835,0.35001,-0.22815,0.50000,0.50000,-0.34192,0.000315,-0.000379,0.000000,0.000000,-0.000484
2727,101,conference,mask_conference,environment,quick_scan,goal_achieved,0.9076,0.34978,-0.22903,0.50000,0.50000,-0.34131,-0.000231,-0.000885,0.000000,0.000000,0.000613
2728,102,work,mask_work,environment,network_actively,failed,-2.4872,0.47947,0.50000,-0.50000,-0.50000,-0.50000,0.000703,0.000000,0.000000,0.000000,0.000000
2729,102,work,mask_work,environment,deep_work,goal_achieved,1.9379,0.48044,0.50000,-0.50000,-0.50000,-0.50000,0.000976,0.000000,0.000000,0.000000,0.000000
2730,102,work,mask_work,environment,deep_work,goal_achieved,1.9378,0.48142,0.50000,-0.50000,-0.50000,-0.50000,0.000975,0.000000,0.000000,0.000000,0.000000
2731,102,work,mask_work,environment,tidy_up,goal_achieved,1.9202,0.48090,0.50000,-0.50000,-0.50000,-0.50000,-0.000522,0.000000,0.000000,0.000000,0.000000
2732,102,work,mask_work,environment,deep_work,goal_achieved,1.9348,0.48187,0.50000,-0.50000,-0.50000,-0.50000,0.000967,0.000000,0.000000,0.000000,0.000000
2733,102,work,mask_work,environment,take_notes,delayed,-1.2640,0.48230,0.50000,-0.50000,-0.50000,-0.50000,0.000438,0.000000,0.000000,0.000000,0.000000
2734,102,work,mask_work,environment,handle_backlog,goal_achieved,2.0973,0.48274,0.50000,-0.50000,-0.50000,-0.50000,0.000440,0.000000,0.000000,0.000000,0.000000
2735,102,work,mask_work,environment,take_notes,delayed,-1.2659,0.48318,0.50000,-0.50000,-0.50000,-0.50000,0.000436,0.000000,0.000000,0.000000,0.000000
2736,102,work,mask_work,environment,take_notes,goal_achieved,1.5243,0.48479,0.50000,-0.50000,-0.50000,-0.50000,0.001611,0.000000,0.000000,0.000000,0.000000
2737,102,home,mask_home,environment,network_actively,failed,-2.8846,-0.50000,-0.14397,-0.50000,-0.45736,0.18765,-0.000153,-0.000124,0.000000,-0.000717,0.000247
2738,102,home,mask_home,environment,rest_deeply,delayed,-0.5318,-0.50000,-0.14359,-0.50000,-0.45825,0.18792,0.000000,0.000389,0.000000,-0.000895,0.000268
2739,102,home,mask_home,environment,rest_deeply,goal_achieved,1.7293,-0.50000,-0.14368,-0.50000,-0.45827,0.18786,0.000000,-0.000095,0.000000,-0.000018,-0.000066
2740,102,home,mask_home,environment,rest_deeply,delayed,-0.5325,-0.50000,-0.14329,-0.50000,-0.45917,0.18813,0.000000,0.000387,0.000000,-0.000895,0.000270
2741,102,home,mask_home,environment,rest_deeply,goal_achieved,1.7287,-0.50000,-0.14339,-0.50000,-0.45918,0.18806,0.000000,-0.000095,0.000000,-0.000015,-0.000066
2742,102,home,mask_home,environment,network_actively,failed,-2.8827,-0.50000,-0.14351,-0.50000,-0.45989,0.18831,0.000000,-0.000121,0.000000,-0.000712,0.000246
2743,102,home,mask_home,environment,network_actively,delayed,-1.8463,-0.50000,-0.14349,-0.50000,-0.46005,0.18829,0.000000,0.000024,0.000000,-0.000158,-0.000017
2744,102,home,mask_home,environment,network_actively,goal_achieved,1.2662,-0.49907,-0.14303,-0.49972,-0.45856,0.18749,0.000935,0.000457,0.000283,0.001496,-0.000801
2745,102,home,mask_home,environment,tidy_up,goal_achieved,1.8109,-0.49961,-0.14251,-0.50000,-0.45870,0.18728,-0.000548,0.000522,-0.000283,-0.000147,-0.000212
2746,102,conference,mask_conference,environment,rest_deeply,delayed,-2.4527,0.35005,-0.22930,0.50000,0.50000,-0.34161,0.000267,-0.000263,0.000000,0.000000,-0.000295
2747,102,conference,mask_conference,environment,network_actively,goal_achieved,0.6806,0.35036,-0.22966,0.50000,0.50000,-0.34209,0.000314,-0.000370,0.000000,0.000000,-0.000485
2748,102,conference,mask_conference,environment,network_actively,goal_achieved,0.6810,0.35067,-0.23004,0.50000,0.50000,-0.34257,0.000314,-0.000371,0.000000,0.000000,-0.000484
2749,102,conference,mask_conference,environment,network_actively,goal_achieved,0.6814,0.35099,-0.23041,0.50000,0.50000,-0.34306,0.000314,-0.000371,0.000000,0.000000,-0.000483
2750,102,conference,mask_conference,environment,network_actively,delayed,-0.4863,0.35078,-0.23034,0.49880,0.49901,-0.34239,-0.000211,0.000063,-0.001201,-0.000993,0.000664
2751,102,conference,mask_conference,environment,network_actively,goal_achieved,0.6830,0.35109,-0.23072,0.50000,0.50000,-0.34288,0.000314,-0.000374,0.001201,0.000993,-0.000482
2752,102,conference,mask_conference,environment,network_actively,goal_achieved,0.6811,0.35140,-0.23109,0.50000,0.50000,-0.34336,0.000313,-0.000368,0.000000,0.000000,-0.000485
2753,102,conference,mask_conference,environment,network_actively,goal_achieved,0.6814,0.35172,-0.23146,0.50000,0.50000,-0.34384,0.000313,-0.000369,0.000000,0.000000,-0.000484
2754,102,conference,mask_conference,environment,rest_deeply,delayed,-2.4524,0.35198,-0.23172,0.50000,0.50000,-0.34414,0.000266,-0.000263,0.000000,0.000000,-0.000294
2755,103,work,mask_work,environment,take_notes,failed,-2.1959,0.48483,0.50000,-0.50000,-0.50000,-0.50000,0.000044,0.000000,0.000000,0.000000,0.000000
2756,103,work,mask_work,environment,rest_deeply,failed,-2.4336,0.48567,0.50000,-0.50000,-0.50000,-0.50000,0.000837,0.000000,0.000000,0.000000,0.000000
2757,103,work,mask_work,environment,handle_backlog,goal_achieved,2.0978,0.48611,0.50000,-0.50000,-0.50000,-0.50000,0.000442,0.000000,0.000000,0.000000,0.000000
2758,103,work,mask_work,environment,take_notes,failed,-2.1967,0.48616,0.50000,-0.50000,-0.50000,-0.50000,0.000044,0.000000,0.000000,0.000000,0.000000
2759,103,work,mask_work,environment,rest_deeply,failed,-2.4333,0.48699,0.50000,-0.50000,-0.50000,-0.50000,0.000831,0.000000,0.000000,0.000000,0.000000
2760,103,work,mask_work,environment,deep_work,goal_achieved,1.9353,0.48795,0.50000,-0.50000,-0.50000,-0.50000,0.000962,0.000000,0.000000,0.000000,0.000000
2761,103,work,mask_work,environment,take_notes,delayed,-1.2668,0.48839,0.50000,-0.50000,-0.50000,-0.50000,0.000439,0.000000,0.000000,0.000000,0.000000
2762,103,work,mask_work,environment,take_notes,failed,-2.1966,0.48844,0.50000,-0.50000,-0.50000,-0.50000,0.000047,0.000000,0.000000,0.000000,0.000000
2763,103,work,mask_work,environment,rest_deeply,failed,-2.4316,0.48926,0.50000,-0.50000,-0.50000,-0.50000,0.000828,0.000000,0.000000,0.000000,0.000000
2764,103,home,mask_home,environment,network_actively,failed,-2.8818,-0.50000,-0.14263,-0.50000,-0.45941,0.18753,-0.000386,-0.000123,0.000000,-0.000711,0.000249
2765,103,home,mask_home,environment,tidy_up,goal_achieved,1.8095,-0.50000,-0.14210,-0.50000,-0.45956,0.18731,0.000000,0.000525,0.000000,-0.000144,-0.000213
2766,103,home,mask_home,environment,rest_deeply,goal_achieved,1.7266,-0.50000,-0.14220,-0.50000,-0.45957,0.18725,0.000000,-0.000098,0.000000,-0.000008,-0.000063
2767,103,home,mask_home,environment,rest_deeply,goal_achieved,1.7266,-0.50000,-0.14230,-0.50000,-0.45957,0.18719,0.000000,-0.000098,0.000000,-0.000008,-0.000063
2768,103,home,mask_home,environment,rest_deeply,goal_achieved,1.7267,-0.50000,-0.14240,-0.50000,-0.45958,0.18712,0.000000,-0.000097,0.000000,-0.000008,-0.000063
2769,103,home,mask_home,environment,network_actively,failed,-2.8870,-0.50000,-0.14252,-0.50000,-0.46029,0.18737,0.000000,-0.000119,0.000000,-0.000706,0.000245
2770,103,home,mask_home,environment,zone_out,delayed,-1.4533,-0.49985,-0.14197,-0.50000,-0.45979,0.18701,0.000149,0.000541,0.000000,0.000495,-0.000363
2771,103,home,mask_home,environment,zone_out,failed,-2.4103,-0.49903,-0.14090,-0.50000,-0.45859,0.18627,0.000818,0.001076,0.000000,0.001200,-0.000736
2772,103,home,mask_home,environment,rest_deeply,goal_achieved,1.7370,-0.49949,-0.14101,-0.50000,-0.45859,0.18622,-0.000459,-0.000107,0.000000,0.000003,-0.000056
2773,103,conference,mask_conference,environment,network_actively,goal_achieved,0.6827,0.35229,-0.23209,0.50000,0.50000,-0.34462,0.000313,-0.000370,0.000000,0.000000,-0.000484
2774,103,conference,mask_conference,environment,network_actively,delayed,-0.4861,0.35209,-0.23202,0.49880,0.49901,-0.34396,-0.000210,0.000065,-0.001198,-0.000992,0.000663
2775,103,conference,mask_conference,environment,network_actively,delayed,-0.4863,0.35188,-0.23196,0.49760,0.49802,-0.34330,-0.000209,0.000065,-0.001199,-0.000992,0.000662
2776,103,conference,mask_conference,environment,network_actively,goal_achieved,0.6856,0.35219,-0.23233,0.49994,0.49943,-0.34378,0.000314,-0.000375,0.002336,0.001412,-0.000481
2777,103,conference,mask_conference,environment,network_actively,goal_achieved,0.6815,0.35250,-0.23270,0.50000,0.50000,-0.34427,0.000313,-0.000362,0.000061,0.000573,-0.000487
2778,103,conference,mask_conference,environment,network_actively,goal_achieved,0.6818,0.35282,-0.23306,0.50000,0.50000,-0.34475,0.000313,-0.000363,0.000000,0.000000,-0.000487
2779,103,conference,mask_conference,environment,network_actively,goal_achieved,0.6822,0.35313,-0.23342,0.50000,0.50000,-0.34524,0.000312,-0.000364,0.000000,0.000000,-0.000486
2780,103,conference,mask_conference,environment,network_actively,goal_achieved,0.6826,0.35344,-0.23379,0.50000,0.50000,-0.34572,0.000312,-0.000365,0.000000,0.000000,-0.000485
2781,103,conference,mask_conference,environment,quick_scan,goal_achieved,0.9090,0.35321,-0.23466,0.50000,0.50000,-0.34511,-0.000233,-0.000869,0.000000,0.000000,0.000609
2782,104,work,mask_work,environment,take_notes,goal_achieved,1.5232,0.49088,0.50000,-0.50000,-0.50000,-0.50000,0.001615,0.000000,0.000000,0.000000,0.000000
2783,104,work,mask_work,environment,network_actively,failed,-2.4932,0.49158,0.50000,-0.50000,-0.50000,-0.50000,0.000698,0.000000,0.000000,0.000000,0.000000
2784,104,work,mask_work,environment,network_actively,failed,-2.4932,0.49228,0.50000,-0.50000,-0.50000,-0.50000,0.000698,0.000000,0.000000,0.000000,0.000000
2785,104,work,mask_work,environment,handle_backlog,delayed,-1.2134,0.49328,0.50000,-0.50000,-0.50000,-0.50000,0.001001,0.000000,0.000000,0.000000,0.000000
2786,104,work,mask_work,environment,handle_backlog,goal_achieved,2.1022,0.49372,0.50000,-0.50000,-0.50000,-0.50000,0.000445,0.000000,0.000000,0.000000,0.000000
2787,104,work,mask_work,environment,deep_work,goal_achieved,1.9383,0.49469,0.50000,-0.50000,-0.50000,-0.50000,0.000965,0.000000,0.000000,0.000000,0.000000
2788,104,work,mask_work,environment,deep_work,goal_achieved,1.9382,0.49565,0.50000,-0.50000,-0.50000,-0.50000,0.000965,0.000000,0.000000,0.000000,0.000000
2789,104,work,mask_work,environment,take_notes,failed,-2.1942,0.49570,0.50000,-0.50000,-0.50000,-0.50000,0.000053,0.000000,0.000000,0.000000,0.000000
2790,104,work,mask_work,environment,handle_backlog,delayed,-1.2136,0.49670,0.50000,-0.50000,-0.50000,-0.50000,0.001000,0.000000,0.000000,0.000000,0.000000
2791,104,home,mask_home,environment,zone_out,delayed,-1.4537,-0.49936,-0.14048,-0.50000,-0.45810,0.18586,0.000131,0.000529,0.000000,0.000492,-0.000354
2792,104,home,mask_home,environment,step_away,failed,-2.9011,-0.49990,-0.14048,-0.50000,-0.45794,0.18555,-0.000538,-0.000007,0.000000,0.000158,-0.000315
2793,104,home,mask_home,environment,zone_out,delayed,-1.4344,-0.49978,-0.13996,-0.50000,-0.45739,0.18514,0.000123,0.000525,0.000000,0.000547,-0.000406
2794,104,home,mask_home,environment,step_away,goal_achieved,1.9242,-0.50000,-0.13994,-0.50000,-0.45775,0.18532,-0.000224,0.000019,0.000000,-0.000355,0.000182
2795,104,home,mask_home,environment,quick_scan,failed,-2.8245,-0.50000,-0.13982,-0.50000,-0.45785,0.18509,0.000000,0.000118,0.000000,-0.000101,-0.000235
2796,104,home,mask_home,environment,rest_deeply,delayed,-0.5143,-0.50000,-0.13938,-0.50000,-0.45868,0.18530,0.000000,0.000439,0.000000,-0.000827,0.000211
2797,104,home,mask_home,environment,rest_deeply,goal_achieved,1.7510,-0.50000,-0.13949,-0.50000,-0.45864,0.18522,0.000000,-0.000109,0.000000,0.000039,-0.000078
2798,104,home,mask_home,environment,zone_out,goal_achieved,1.4363,-0.50000,-0.14060,-0.50000,-0.46023,0.18598,0.000000,-0.001104,0.000000,-0.001592,0.000763
2799,104,home,mask_home,environment,tidy_up,goal_achieved,1.8245,-0.50000,-0.14007,-0.50000,-0.46033,0.18574,0.000000,0.000527,0.000000,-0.000099,-0.000238
2800,104,conference,mask_conference,environment,quick_scan,delayed,-2.2003,0.35381,-0.23445,0.50000,0.50000,-0.34615,0.000600,0.000211,0.000000,0.000000,-0.001037
2801,104,conference,mask_conference,environment,network_actively,goal_achieved,0.6826,0.35412,-0.23481,0.50000,0.50000,-0.34664,0.000311,-0.000364,0.000000,0.000000,-0.000485
2802,104,conference,mask_conference,environment,network_actively,goal_achieved,0.6830,0.35443,-0.23518,0.50000,0.50000,-0.34712,0.000310,-0.000365,0.000000,0.000000,-0.000484
2803,104,conference,mask_conference,environment,network_actively,delayed,-0.4873,0.35422,-0.23511,0.49880,0.49901,-0.34646,-0.000212,0.000066,-0.001201,-0.000994,0.000663
2804,104,conference,mask_conference,environment,rest_deeply,goal_achieved,1.1458,0.35420,-0.23556,0.49969,0.49985,-0.34666,-0.000020,-0.000445,0.000889,0.000840,-0.000204
2805,104,conference,mask_conference,environment,quick_scan,goal_achieved,0.9071,0.35396,-0.23642,0.50000,0.50000,-0.34605,-0.000240,-0.000868,0.000312,0.000154,0.000610
2806,104,conference,mask_conference,environment,network_actively,goal_achieved,0.6744,0.35426,-0.23678,0.50000,0.50000,-0.34654,0.000303,-0.000354,0.000000,0.000000,-0.000487
2807,104,conference,mask_conference,environment,take_notes,goal_achieved,1.0093,0.35460,-0.23672,0.50000,0.50000,-0.34689,0.000343,0.000062,0.000000,0.000000,-0.000354
2808,104,conference,mask_conference,environment,network_actively,goal_achieved,0.6736,0.35491,-0.23707,0.50000,0.50000,-0.34738,0.000305,-0.000350,0.000000,0.000000,-0.000486
2809,105,work,mask_work,environment,deep_work,goal_achieved,1.9430,0.49767,0.50000,-0.50000,-0.50000,-0.50000,0.000965,0.000000,0.000000,0.000000,0.000000
2810,105,work,mask_work,environment,take_notes,delayed,-1.2632,0.49812,0.50000,-0.50000,-0.50000,-0.50000,0.000449,0.000000,0.000000,0.000000,0.000000
2811,105,work,mask_work,environment,rest_deeply,failed,-2.4303,0.49895,0.50000,-0.50000,-0.50000,-0.50000,0.000836,0.000000,0.000000,0.000000,0.000000
2812,105,work,mask_work,environment,take_notes,goal_achieved,1.5249,0.50000,0.50000,-0.50000,-0.50000,-0.50000,0.001046,0.000000,0.000000,0.000000,0.000000
2813,105,work,mask_work,environment,deep_work,goal_achieved,1.9410,0.50000,0.50000,-0.50000,-0.50000,-0.50000,0.000000,0.000000,0.000000,0.000000,0.000000
2814,105,work,mask_work,environment,take_notes,failed,-2.1923,0.50000,0.50000,-0.50000,-0.50000,-0.50000,0.000000,0.000000,0.000000,0.000000,0.000000
2815,105,work,mask_work,environment,rest_deeply,failed,-2.4328,0.50000,0.50000,-0.50000,-0.50000,-0.50000,0.000000,0.000000,0.000000,0.000000,0.000000
2816,105,work,mask_work,environment,deep_work,goal_achieved,1.9441,0.50000,0.50000,-0.50000,-0.50000,-0.50000,0.000000,0.000000,0.000000,0.000000,0.000000
2817,105,work,mask_work,environment,handle_backlog,delayed,-1.2155,0.50000,0.50000,-0.50000,-0.50000,-0.50000,0.000000,0.000000,0.000000,0.000000,0.000000
2818,105,home,mask_home,environment,zone_out,failed,-2.4013,-0.49920,-0.13899,-0.50000,-0.45911,0.18499,0.000803,0.001076,0.000000,0.001223,-0.000758
2819,105,home,mask_home,environment,zone_out,goal_achieved,1.4374,-0.50000,-0.14010,-0.50000,-0.46070,0.18575,-0.000803,-0.001108,0.000000,-0.001588,0.000767
2820,105,home,mask_home,environment,tidy_up,delayed,-1.6233,-0.50000,-0.14113,-0.50000,-0.46097,0.18619,0.000000,-0.001031,0.000000,-0.000276,0.000431
2821,105,home,mask_home,environment,rest_deeply,goal_achieved,1.7453,-0.50000,-0.14124,-0.50000,-0.46094,0.18610,0.000000,-0.000105,0.000000,0.000034,-0.000085
2822,105,home,mask_home,environment,zone_out,goal_achieved,1.4302,-0.50000,-0.14233,-0.50000,-0.46253,0.18685,0.000000,-0.001095,0.000000,-0.001594,0.000752
2823,105,home,mask_home,environment,network_actively,failed,-2.8761,-0.50000,-0.14245,-0.50000,-0.46320,0.18707,0.000000,-0.000122,0.000000,-0.000668,0.000219
2824,105,home,mask_home,environment,rest_deeply,delayed,-0.5242,-0.50000,-0.14206,-0.50000,-0.46407,0.18732,0.000000,0.000392,0.000000,-0.000866,0.000244
2825,105,home,mask_home,environment,zone_out,goal_achieved,1.4278,-0.50000,-0.14315,-0.50000,-0.46566,0.18806,0.000000,-0.001084,0.000000,-0.001594,0.000742
2826,105,home,mask_home,environment,rest_deeply,goal_achieved,1.7332,-0.50000,-0.14324,-0.50000,-0.46563,0.18796,0.000000,-0.000097,0.000000,0.000026,-0.000096
2827,105,conference,mask_conference,environment,network_actively,delayed,-0.4950,0.35469,-0.23700,0.49876,0.49899,-0.34671,-0.000220,0.000067,-0.001235,-0.001006,0.000669
2828,105,conference,mask_conference,environment,network_actively,goal_achieved,0.6753,0.35499,-0.23735,0.50000,0.50000,-0.34719,0.000305,-0.000353,0.001235,0.001006,-0.000484
2829,105,conference,mask_conference,environment,rest_deeply,goal_achieved,1.1397,0.35497,-0.23777,0.50000,0.50000,-0.34740,-0.000022,-0.000423,0.000000,0.000000,-0.000208
2830,105,conference,mask_conference,environment,quick_scan,goal_achieved,0.9003,0.35472,-0.23863,0.50000,0.50000,-0.34679,-0.000245,-0.000851,0.000000,0.000000,0.000606
2831,105,conference,mask_conference,environment,network_actively,delayed,-0.5004,0.35449,-0.23857,0.49874,0.49899,-0.34612,-0.000232,0.000058,-0.001257,-0.001015,0.000677
2832,105,conference,mask_conference,environment,network_actively,goal_achieved,0.6670,0.35479,-0.23891,0.50000,0.50000,-0.34660,0.000298,-0.000342,0.001257,0.001015,-0.000486
2833,105,conference,mask_conference,environment,quick_scan,goal_achieved,0.8995,0.35454,-0.23975,0.50000,0.50000,-0.34600,-0.000247,-0.000836,0.000000,0.000000,0.000603
2834,105,conference,mask_conference,environment,network_actively,delayed,-0.5025,0.35431,-0.23969,0.49874,0.49898,-0.34532,-0.000238,0.000054,-0.001259,-0.001019,0.000683
2835,105,conference,mask_conference,environment,take_notes,goal_achieved,1.0075,0.35464,-0.23962,0.49991,0.49976,-0.34567,0.000329,0.000073,0.001170,0.000782,-0.000349
2836,106,work,mask_work,environment,deep_work,goal_achieved,1.9469,0.50000,0.50000,-0.50000,-0.50000,-0.50000,0.000000,0.000000,0.000000,0.000000,0.000000
2837,106,work,mask_work,environment,tidy_up,failed,-2.3901,0.50000,0.50000,-0.50000,-0.50000,-0.50000,0.000000,0.000000,0.000000,0.000000,0.000000
2838,106,work,mask_work,environment,deep_work,goal_achieved,1.9487,0.50000,0.50000,-0.50000,-0.50000,-0.50000,0.000000,0.000000,0.000000,0.000000,0.000000
2839,106,work,mask_work,environment,handle_backlog,delayed,-1.2157,0.50000,0.50000,-0.50000,-0.50000,-0.50000,0.000000,0.000000,0.000000,0.000000,0.000000
2840,106,work,mask_work,environment,deep_work,goal_achieved,1.9514,0.50000,0.50000,-0.50000,-0.50000,-0.50000,0.000000,0.000000,0.000000,0.000000,0.000000
2841,106,work,mask_work,environment,take_notes,delayed,-1.2590,0.50000,0.50000,-0.50000,-0.50000,-0.50000,0.000000,0.000000,0.000000,0.000000,0.000000
2842,106,work,mask_work,environment,tidy_up,delayed,-1.3088,0.50000,0.50000,-0.50000,-0.50000,-0.50000,0.000000,0.000000,0.000000,0.000000,0.000000
2843,106,work,mask_work,environment,network_actively,delayed,-1.3849,0.50000,0.50000,-0.50000,-0.50000,-0.50000,0.000000,0.000000,0.000000,0.000000,0.000000
2844,106,work,mask_work,environment,rest_deeply,failed,-2.4281,0.50000,0.50000,-0.50000,-0.50000,-0.50000,0.000000,0.000000,0.000000,0.000000,0.000000
2845,106,home,mask_home,environment,rest_deeply,goal_achieved,1.7333,-0.50000,-0.14334,-0.50000,-0.46561,0.18787,0.000000,-0.000097,0.000000,0.000026,-0.000096
2846,106,home,mask_home,environment,rest_deeply,goal_achieved,1.7334,-0.50000,-0.14344,-0.50000,-0.46558,0.18777,0.000000,-0.000097,0.000000,0.000025,-0.000096
2847,106,home,mask_home,environment,rest_deeply,goal_achieved,1.7335,-0.50000,-0.14353,-0.50000,-0.46556,0.18767,0.000000,-0.000097,0.000000,0.000025,-0.000096
2848,106,home,mask_home,environment,tidy_up,goal_achieved,1.8150,-0.50000,-0.14302,-0.50000,-0.46567,0.18744,0.000000,0.000511,0.000000,-0.000113,-0.000237
2849,106,home,mask_home,environment,rest_deeply,delayed,-0.5308,-0.50000,-0.14264,-0.50000,-0.46655,0.18769,0.000000,0.000381,0.000000,-0.000880,0.000254
2850,106,home,mask_home,environment,tidy_up,goal_achieved,1.8178,-0.50000,-0.14213,-0.50000,-0.46666,0.18746,0.000000,0.000509,0.000000,-0.000111,-0.000235
2851,106,home,mask_home,environment,rest_deeply,delayed,-0.5325,-0.50000,-0.14175,-0.50000,-0.46754,0.18771,0.000000,0.000387,0.000000,-0.000878,0.000252
2852,106,home,mask_home,environment,zone_out,goal_achieved,1.4244,-0.50000,-0.14282,-0.50000,-0.46913,0.18844,0.000000,-0.001077,0.000000,-0.001586,0.000736
2853,106,home,mask_home,environment,step_away,goal_achieved,1.8979,-0.50000,-0.14280,-0.50000,-0.46953,0.18864,0.000000,0.000023,0.000000,-0.000404,0.000200
2854,106,conference,mask_conference,environment,quick_scan,goal_achieved,0.8982,0.35439,-0.24043,0.50000,0.49998,-0.34507,-0.000245,-0.000816,0.000089,0.000220,0.000598
2855,106,conference,mask_conference,environment,network_actively,goal_achieved,0.6548,0.35469,-0.24074,0.50000,0.50000,-0.34556,0.000296,-0.000308,0.000000,0.000017,-0.000494
2856,106,conference,mask_conference,environment,network_actively,goal_achieved,0.6553,0.35498,-0.24105,0.50000,0.50000,-0.34606,0.000296,-0.000310,0.000000,0.000000,-0.000493
2857,106,conference,mask_conference,environment,rest_deeply,failed,-3.6574,0.35534,-0.24120,0.50000,0.50000,-0.34638,0.000353,-0.000146,0.000000,0.000000,-0.000326
2858,106,conference,mask_conference,environment,rest_deeply,delayed,-2.4604,0.35559,-0.24141,0.50000,0.50000,-0.34668,0.000257,-0.000208,0.000000,0.000000,-0.000296
2859,106,conference,mask_conference,environment,network_actively,goal_achieved,0.6593,0.35589,-0.24172,0.50000,0.50000,-0.34717,0.000300,-0.000310,0.000000,0.000000,-0.000492
2860,106,conference,mask_conference,environment,network_actively,goal_achieved,0.6598,0.35619,-0.24203,0.50000,0.50000,-0.34766,0.000299,-0.000312,0.000000,0.000000,-0.000492
2861,106,conference,mask_conference,environment,network_actively,goal_achieved,0.6603,0.35649,-0.24234,0.50000,0.50000,-0.34815,0.000299,-0.000313,0.000000,0.000000,-0.000491
2862,106,conference,mask_conference,environment,deep_work,delayed,-2.7704,0.35666,-0.24269,0.50000,0.50000,-0.34838,0.000168,-0.000347,0.000000,0.000000,-0.000227
2863,107,work,mask_work,environment,network_actively,goal_achieved,1.9173,0.50000,0.49966,-0.49862,-0.49990,-0.50000,0.000000,-0.000340,0.001377,0.000105,0.000000
2864,107,work,mask_work,environment,deep_work,goal_achieved,1.9511,0.50000,0.50000,-0.50000,-0.50000,-0.50000,0.000000,0.000340,-0.001377,-0.000105,0.000000
2865,107,work,mask_work,environment,deep_work,delayed,-0.6247,0.49955,0.50000,-0.50000,-0.50000,-0.49958,-0.000447,0.000000,0.000000,0.000000,0.000425
2866,107,work,mask_work,environment,take_notes,goal_achieved,1.5293,0.50000,0.50000,-0.50000,-0.50000,-0.50000,0.000447,0.000000,0.000000,0.000000,-0.000425
2867,107,work,mask_work,environment,take_notes,delayed,-1.2578,0.50000,0.50000,-0.50000,-0.50000,-0.50000,0.000000,0.000000,0.000000,0.000000,0.000000
2868,107,work,mask_work,environment,take_notes,goal_achieved,1.5292,0.50000,0.50000,-0.50000,-0.50000,-0.50000,0.000000,0.000000,0.000000,0.000000,0.000000
2869,107,work,mask_work,environment,rest_deeply,failed,-2.4344,0.50000,0.50000,-0.50000,-0.50000,-0.50000,0.000000,0.000000,0.000000,0.000000,0.000000
2870,107,work,mask_work,environment,network_actively,goal_achieved,1.9149,0.50000,0.49967,-0.49862,-0.49989,-0.50000,0.000000,-0.000334,0.001377,0.000106,0.000000
2871,107,work,mask_work,environment,deep_work,goal_achieved,1.9430,0.50000,0.50000,-0.50000,-0.50000,-0.50000,0.000000,0.000334,-0.001377,-0.000106,0.000000
2872,107,home,mask_home,environment,step_away,goal_achieved,1.8972,-0.50000,-0.14278,-0.50000,-0.46993,0.18884,0.000000,0.000023,0.000000,-0.000404,0.000201
2873,107,home,mask_home,environment,rest_deeply,delayed,-0.5565,-0.50000,-0.14241,-0.50000,-0.47088,0.18916,0.000000,0.000371,0.000000,-0.000947,0.000316
2874,107,home,mask_home,environment,rest_deeply,goal_achieved,1.7060,-0.50000,-0.14250,-0.50000,-0.47090,0.18911,0.000000,-0.000090,0.000000,-0.000015,-0.000053
2875,107,home,mask_home,environment,zone_out,failed,-2.4047,-0.49914,-0.14140,-0.50000,-0.46970,0.18839,0.000859,0.001096,0.000000,0.001197,-0.000719
2876,107,home,mask_home,environment,network_actively,failed,-2.8979,-0.50000,-0.14152,-0.50000,-0.47041,0.18865,-0.000859,-0.000119,0.000000,-0.000710,0.000267
2877,107,home,mask_home,environment,rest_deeply,goal_achieved,1.7122,-0.50000,-0.14161,-0.50000,-0.47042,0.18860,0.000000,-0.000092,0.000000,-0.000007,-0.000051
2878,107,home,mask_home,environment,network_actively,delayed,-1.8578,-0.50000,-0.14159,-0.50000,-0.47058,0.18861,0.000000,0.000027,0.000000,-0.000164,0.000006
2879,107,home,mask_home,environment,rest_deeply,goal_achieved,1.7120,-0.50000,-0.14168,-0.50000,-0.47059,0.18856,0.000000,-0.000092,0.000000,-0.000007,-0.000051
2880,107,home,mask_home,environment,rest_deeply,goal_achieved,1.7121,-0.50000,-0.14177,-0.50000,-0.47059,0.18851,0.000000,-0.000092,0.000000,-0.000007,-0.000051
2881,107,conference,mask_conference,environment,rest_deeply,delayed,-2.4597,0.35691,-0.24291,0.50000,0.50000,-0.34867,0.000254,-0.000218,0.000000,0.000000,-0.000292
2882,107,conference,mask_conference,environment,network_actively,goal_achieved,0.6630,0.35721,-0.24323,0.50000,0.50000,-0.34916,0.000297,-0.000320,0.000000,0.000000,-0.000487
2883,107,conference,mask_conference,environment,network_actively,goal_achieved,0.6635,0.35751,-0.24355,0.50000,0.50000,-0.34964,0.000297,-0.000322,0.000000,0.000000,-0.000486
2884,107,conference,mask_conference,environment,take_notes,goal_achieved,1.0058,0.35784,-0.24348,0.50000,0.50000,-0.34999,0.000328,0.000070,0.000000,0.000000,-0.000346
2885,107,conference,mask_conference,environment,network_actively,goal_achieved,0.6630,0.35813,-0.24380,0.50000,0.50000,-0.35048,0.000299,-0.000319,0.000000,0.000000,-0.000485
2886,107,conference,mask_conference,environment,network_actively,goal_achieved,0.6634,0.35843,-0.24412,0.50000,0.50000,-0.35096,0.000298,-0.000321,0.000000,0.000000,-0.000484
2887,107,conference,mask_conference,environment,network_actively,goal_achieved,0.6639,0.35873,-0.24444,0.50000,0.50000,-0.35144,0.000298,-0.000322,0.000000,0.000000,-0.000484
2888,107,conference,mask_conference,environment,network_actively,delayed,-0.5044,0.35850,-0.24437,0.49875,0.49898,-0.35076,-0.000229,0.000068,-0.001255,-0.001023,0.000684
2889,107,conference,mask_conference,environment,deep_work,delayed,-2.7679,0.35867,-0.24472,0.50000,0.49998,-0.35098,0.000170,-0.000350,0.001255,0.001007,-0.000223
2890,108,work,mask_work,environment,rest_deeply,failed,-2.4383,0.50000,0.50000,-0.50000,-0.50000,-0.50000,0.000000,0.000000,0.000000,0.000000,0.000000
2891,108,work,mask_work,environment,network_actively,delayed,-1.3865,0.50000,0.50000,-0.50000,-0.50000,-0.50000,0.000000,0.000000,0.000000,0.000000,0.000000
2892,108,work,mask_work,environment,deep_work,goal_achieved,1.9436,0.50000,0.50000,-0.50000,-0.50000,-0.50000,0.000000,0.000000,0.000000,0.000000,0.000000
2893,108,work,mask_work,environment,network_actively,goal_achieved,1.9139,0.50000,0.49967,-0.49862,-0.49990,-0.50000,0.000000,-0.000328,0.001375,0.000103,0.000000
2894,108,work,mask_work,environment,network_actively,failed,-2.4871,0.50000,0.50000,-0.50000,-0.50000,-0.50000,0.000000,0.000328,-0.001375,-0.000103,0.000000
2895,108,work,mask_work,environment,handle_backlog,delayed,-1.2256,0.50000,0.50000,-0.50000,-0.50000,-0.50000,0.000000,0.000000,0.000000,0.000000,0.000000
2896,108,work,mask_work,environment,rest_deeply,failed,-2.4385,0.50000,0.50000,-0.50000,-0.50000,-0.50000,0.000000,0.000000,0.000000,0.000000,0.000000
2897,108,work,mask_work,environment,tidy_up,delayed,-1.3156,0.50000,0.50000,-0.50000,-0.50000,-0.50000,0.000000,0.000000,0.000000,0.000000,0.000000
2898,108,work,mask_work,environment,deep_work,delayed,-0.6296,0.49957,0.50000,-0.50000,-0.50000,-0.49958,-0.000430,0.000000,0.000000,0.000000,0.000422
2899,108,home,mask_home,environment,step_away,goal_achieved,1.9013,-0.50000,-0.14175,-0.50000,-0.47098,0.18871,0.000000,0.000024,0.000000,-0.000391,0.000200
2900,108,home,mask_home,environment,zone_out,delayed,-1.4616,-0.49983,-0.14119,-0.50000,-0.47051,0.18838,0.000173,0.000552,0.000000,0.000472,-0.000326
2901,108,home,mask_home,environment,network_actively,goal_achieved,1.2666,-0.49892,-0.14075,-0.49976,-0.46906,0.18764,0.000909,0.000446,0.000239,0.001452,-0.000746
2902,108,home,mask_home,environment,rest_deeply,delayed,-0.5560,-0.49966,-0.14035,-0.50000,-0.46999,0.18795,-0.000743,0.000393,-0.000239,-0.000934,0.000314
2903,108,home,mask_home,environment,zone_out,delayed,-1.4602,-0.49950,-0.13981,-0.50000,-0.46952,0.18763,0.000165,0.000546,0.000000,0.000475,-0.000323
2904,108,home,mask_home,environment,rest_deeply,goal_achieved,1.7104,-0.49993,-0.13991,-0.50000,-0.46953,0.18760,-0.000438,-0.000103,0.000000,-0.000009,-0.000027
2905,108,home,mask_home,environment,quick_scan,delayed,-1.6878,-0.50000,-0.13987,-0.50000,-0.46973,0.18758,-0.000066,0.000044,0.000000,-0.000199,-0.000023
2906,108,home,mask_home,environment,rest_deeply,goal_achieved,1.7103,-0.50000,-0.13997,-0.50000,-0.46973,0.18755,0.000000,-0.000100,0.000000,-0.000008,-0.000030
2907,108,home,mask_home,environment,rest_deeply,goal_achieved,1.7103,-0.50000,-0.14007,-0.50000,-0.46974,0.18752,0.000000,-0.000099,0.000000,-0.000008,-0.000031
2908,108,conference,mask_conference,environment,deep_work,goal_achieved,0.8332,0.35909,-0.24435,0.50000,0.50000,-0.35157,0.000419,0.000369,0.000000,0.000016,-0.000587
2909,108,conference,mask_conference,environment,network_actively,goal_achieved,0.6584,0.35940,-0.24465,0.50000,0.50000,-0.35207,0.000308,-0.000295,0.000000,0.000000,-0.000497
2910,108,conference,mask_conference,environment,network_actively,goal_achieved,0.6588,0.35971,-0.24494,0.50000,0.50000,-0.35256,0.000308,-0.000296,0.000000,0.000000,-0.000496
2911,108,conference,mask_conference,environment,network_actively,goal_achieved,0.6593,0.36001,-0.24524,0.50000,0.50000,-0.35306,0.000307,-0.000298,0.000000,0.000000,-0.000495
2912,108,conference,mask_conference,environment,network_actively,goal_achieved,0.6598,0.36032,-0.24554,0.50000,0.50000,-0.35355,0.000307,-0.000300,0.000000,0.000000,-0.000494
2913,108,conference,mask_conference,environment,network_actively,goal_achieved,0.6603,0.36063,-0.24584,0.50000,0.50000,-0.35405,0.000306,-0.000301,0.000000,0.000000,-0.000494
2914,108,conference,mask_conference,environment,quick_scan,delayed,-2.2115,0.36123,-0.24557,0.50000,0.50000,-0.35510,0.000605,0.000272,0.000000,0.000000,-0.001058
2915,108,conference,mask_conference,environment,network_actively,goal_achieved,0.6645,0.36154,-0.24588,0.50000,0.50000,-0.35560,0.000307,-0.000311,0.000000,0.000000,-0.000491
2916,108,conference,mask_conference,environment,network_actively,goal_achieved,0.6650,0.36185,-0.24619,0.50000,0.50000,-0.35609,0.000307,-0.000312,0.000000,0.000000,-0.000491
2917,109,work,mask_work,environment,deep_work,delayed,-0.6296,0.49914,0.50000,-0.50000,-0.50000,-0.49916,-0.000430,0.000000,0.000000,0.000000,0.000422
2918,109,work,mask_work,environment,deep_work,goal_achieved,1.9459,0.50000,0.50000,-0.50000,-0.50000,-0.50000,0.000860,0.000000,0.000000,0.000000,-0.000844
2919,109,work,mask_work,environment,tidy_up,goal_achieved,1.9299,0.49952,0.50000,-0.50000,-0.50000,-0.50000,-0.000483,0.000000,0.000000,0.000000,0.000000
2920,109,work,mask_work,environment,deep_work,delayed,-0.6325,0.49908,0.50000,-0.50000,-0.50000,-0.49958,-0.000438,0.000000,0.000000,0.000000,0.000422
2921,109,work,mask_work,environment,take_notes,failed,-2.1807,0.49915,0.50000,-0.50000,-0.50000,-0.50000,0.000072,0.000000,0.000000,0.000000,-0.000422
2922,109,work,mask_work,environment,rest_deeply,goal_achieved,2.2794,0.49933,0.50000,-0.50000,-0.50000,-0.50000,0.000176,0.000000,0.000000,0.000000,0.000000
2923,109,work,mask_work,environment,deep_work,goal_achieved,1.9425,0.50000,0.50000,-0.50000,-0.50000,-0.50000,0.000673,0.000000,0.000000,0.000000,0.000000
2924,109,work,mask_work,environment,take_notes,goal_achieved,1.5318,0.50000,0.50000,-0.50000,-0.50000,-0.50000,0.000000,0.000000,0.000000,0.000000,0.000000
2925,109,work,mask_work,environment,deep_work,delayed,-0.6363,0.49956,0.50000,-0.50000,-0.50000,-0.49957,-0.000442,0.000000,0.000000,0.000000,0.000426
2926,109,home,mask_home,environment,zone_out,delayed,-1.4625,-0.49984,-0.13952,-0.50000,-0.46926,0.18719,0.000163,0.000545,0.000000,0.000478,-0.000324
2927,109,home,mask_home,environment,step_away,goal_achieved,1.9106,-0.50000,-0.13950,-0.50000,-0.46963,0.18739,-0.000163,0.000020,0.000000,-0.000363,0.000195
2928,109,home,mask_home,environment,zone_out,goal_achieved,1.3953,-0.50000,-0.14059,-0.50000,-0.47128,0.18821,0.000000,-0.001091,0.000000,-0.001649,0.000822
2929,109,home,mask_home,environment,quick_scan,delayed,-1.6987,-0.50000,-0.14055,-0.50000,-0.47149,0.18820,0.000000,0.000046,0.000000,-0.000216,-0.000010
2930,109,home,mask_home,environment,rest_deeply,goal_achieved,1.7017,-0.50000,-0.14064,-0.50000,-0.47152,0.18818,0.000000,-0.000094,0.000000,-0.000023,-0.000021
2931,109,home,mask_home,environment,rest_deeply,goal_achieved,1.7017,-0.50000,-0.14073,-0.50000,-0.47154,0.18816,0.000000,-0.000093,0.000000,-0.000023,-0.000022
2932,109,home,mask_home,environment,network_actively,failed,-2.9131,-0.50000,-0.14085,-0.50000,-0.47226,0.18845,0.000000,-0.000114,0.000000,-0.000726,0.000291
2933,109,home,mask_home,environment,zone_out,goal_achieved,1.3874,-0.50000,-0.14193,-0.50000,-0.47392,0.18926,0.000000,-0.001078,0.000000,-0.001651,0.000811
2934,109,home,mask_home,environment,rest_deeply,delayed,-0.5690,-0.50000,-0.14155,-0.50000,-0.47489,0.18961,0.000000,0.000373,0.000000,-0.000975,0.000348
2935,109,conference,mask_conference,environment,network_actively,goal_achieved,0.6654,0.36215,-0.24651,0.50000,0.50000,-0.35658,0.000307,-0.000314,0.000000,0.000000,-0.000490
2936,109,conference,mask_conference,environment,quick_scan,goal_achieved,0.8959,0.36192,-0.24732,0.50000,0.50000,-0.35599,-0.000230,-0.000809,0.000000,0.000000,0.000590
2937,109,conference,mask_conference,environment,quick_scan,goal_achieved,0.8935,0.36169,-0.24812,0.50000,0.50000,-0.35540,-0.000231,-0.000799,0.000000,0.000000,0.000586
2938,109,conference,mask_conference,environment,rest_deeply,failed,-3.6663,0.36205,-0.24825,0.50000,0.50000,-0.35573,0.000361,-0.000129,0.000000,0.000000,-0.000330
2939,109,conference,mask_conference,environment,network_actively,goal_achieved,0.6606,0.36236,-0.24854,0.50000,0.50000,-0.35622,0.000306,-0.000297,0.000000,0.000000,-0.000491
2940,109,conference,mask_conference,environment,quick_scan,goal_achieved,0.8934,0.36213,-0.24933,0.50000,0.50000,-0.35564,-0.000228,-0.000790,0.000000,0.000000,0.000582
2941,109,conference,mask_conference,environment,network_actively,delayed,-0.5141,0.36191,-0.24924,0.49871,0.49895,-0.35496,-0.000222,0.000099,-0.001289,-0.001049,0.000676
2942,109,conference,mask_conference,environment,network_actively,goal_achieved,0.6586,0.36221,-0.24953,0.50000,0.50000,-0.35545,0.000304,-0.000293,0.001289,0.001049,-0.000490
2943,109,conference,mask_conference,environment,network_actively,delayed,-0.5142,0.36199,-0.24943,0.49871,0.49895,-0.35478,-0.000222,0.000099,-0.001289,-0.001049,0.000676
2944,110,work,mask_work,environment,take_notes,goal_achieved,1.5354,0.50000,0.50000,-0.50000,-0.50000,-0.50000,0.000442,0.000000,0.000000,0.000000,-0.000426
2945,110,work,mask_work,environment,take_notes,failed,-2.1807,0.50000,0.50000,-0.50000,-0.50000,-0.50000,0.000000,0.000000,0.000000,0.000000,0.000000
2946,110,work,mask_work,environment,deep_work,goal_achieved,1.9380,0.50000,0.50000,-0.50000,-0.50000,-0.50000,0.000000,0.000000,0.000000,0.000000,0.000000
2947,110,work,mask_work,environment,deep_work,goal_achieved,1.9380,0.50000,0.50000,-0.50000,-0.50000,-0.50000,0.000000,0.000000,0.000000,0.000000,0.000000
2948,110,work,mask_work,environment,deep_work,goal_achieved,1.9380,0.50000,0.50000,-0.50000,-0.50000,-0.50000,0.000000,0.000000,0.000000,0.000000,0.000000
2949,110,work,mask_work,environment,take_notes,failed,-2.1836,0.50000,0.50000,-0.50000,-0.50000,-0.50000,0.000000,0.000000,0.000000,0.000000,0.000000
2950,110,work,mask_work,environment,handle_backlog,delayed,-1.2204,0.50000,0.50000,-0.50000,-0.50000,-0.50000,0.000000,0.000000,0.000000,0.000000,0.000000
2951,110,work,mask_work,environment,take_notes,goal_achieved,1.5350,0.50000,0.50000,-0.50000,-0.50000,-0.50000,0.000000,0.000000,0.000000,0.000000,0.000000
2952,110,work,mask_work,environment,rest_deeply,failed,-2.4322,0.50000,0.50000,-0.50000,-0.50000,-0.50000,0.000000,0.000000,0.000000,0.000000,0.000000
2953,110,home,mask_home,environment,zone_out,goal_achieved,1.3838,-0.50000,-0.14262,-0.50000,-0.47654,0.19041,0.000000,-0.001067,0.000000,-0.001653,0.000803
2954,110,home,mask_home,environment,zone_out,delayed,-1.4677,-0.49980,-0.14206,-0.50000,-0.47607,0.19009,0.000202,0.000565,0.000000,0.000472,-0.000321
2955,110,home,mask_home,environment,zone_out,delayed,-1.4674,-0.49960,-0.14150,-0.50000,-0.47560,0.18977,0.000196,0.000560,0.000000,0.000471,-0.000318
2956,110,home,mask_home,environment,zone_out,goal_achieved,1.3835,-0.50000,-0.14257,-0.50000,-0.47725,0.19057,-0.000398,-0.001069,0.000000,-0.001651,0.000804
2957,110,home,mask_home,environment,quick_scan,delayed,-1.7111,-0.50000,-0.14252,-0.50000,-0.47748,0.19056,0.000000,0.000048,0.000000,-0.000231,-0.000011
2958,110,home,mask_home,environment,rest_deeply,goal_achieved,1.6874,-0.50000,-0.14260,-0.50000,-0.47751,0.19053,0.000000,-0.000079,0.000000,-0.000029,-0.000034
2959,110,home,mask_home,environment,network_actively,failed,-2.9285,-0.50000,-0.14271,-0.50000,-0.47825,0.19082,0.000000,-0.000114,0.000000,-0.000735,0.000290
2960,110,home,mask_home,environment,rest_deeply,delayed,-0.5758,-0.50000,-0.14236,-0.50000,-0.47925,0.19119,0.000000,0.000351,0.000000,-0.000999,0.000369
2961,110,home,mask_home,environment,step_away,goal_achieved,1.8867,-0.50000,-0.14233,-0.50000,-0.47965,0.19139,0.000000,0.000031,0.000000,-0.000402,0.000206
2962,110,conference,mask_conference,environment,quick_scan,goal_achieved,0.8975,0.36176,-0.25021,0.50000,0.49917,-0.35420,-0.000229,-0.000779,0.001289,0.000224,0.000581
2963,110,conference,mask_conference,environment,network_actively,goal_achieved,0.6519,0.36206,-0.25048,0.50000,0.50000,-0.35469,0.000302,-0.000275,0.000000,0.000826,-0.000496
2964,110,conference,mask_conference,environment,network_actively,delayed,-0.5161,0.36184,-0.25039,0.49871,0.49895,-0.35401,-0.000227,0.000094,-0.001290,-0.001054,0.000682
2965,110,conference,mask_conference,environment,network_actively,goal_achieved,0.6538,0.36214,-0.25067,0.50000,0.50000,-0.35450,0.000302,-0.000279,0.001290,0.001054,-0.000493
2966,110,conference,mask_conference,environment,network_actively,goal_achieved,0.6522,0.36244,-0.25094,0.50000,0.50000,-0.35500,0.000302,-0.000275,0.000000,0.000000,-0.000496
2967,110,conference,mask_conference,environment,network_actively,delayed,-0.5162,0.36221,-0.25085,0.49871,0.49895,-0.35432,-0.000228,0.000094,-0.001290,-0.001054,0.000682
2968,110,conference,mask_conference,environment,network_actively,delayed,-0.5165,0.36199,-0.25075,0.49742,0.49789,-0.35364,-0.000227,0.000095,-0.001292,-0.001054,0.000681
2969,110,conference,mask_conference,environment,network_actively,goal_achieved,0.6552,0.36229,-0.25103,0.49965,0.49924,-0.35413,0.000303,-0.000280,0.002233,0.001350,-0.000492
2970,110,conference,mask_conference,environment,quick_scan,goal_achieved,0.8994,0.36206,-0.25179,0.50000,0.49945,-0.35355,-0.000232,-0.000761,0.000350,0.000208,0.000578
2971,111,work,mask_work,environment,deep_work,goal_achieved,1.9403,0.50000,0.50000,-0.50000,-0.50000,-0.50000,0.000000,0.000000,0.000000,0.000000,0.000000
2972,111,work,mask_work,environment,take_notes,delayed,-1.2521,0.50000,0.50000,-0.50000,-0.50000,-0.50000,0.000000,0.000000,0.000000,0.000000,0.000000
2973,111,work,mask_work,environment,deep_work,delayed,-0.6344,0.49956,0.50000,-0.50000,-0.50000,-0.49958,-0.000435,0.000000,0.000000,0.000000,0.000422
2974,111,work,mask_work,environment,tidy_up,failed,-2.3852,0.50000,0.50000,-0.50000,-0.50000,-0.50000,0.000435,0.000000,0.000000,0.000000,-0.000422
2975,111,work,mask_work,environment,tidy_up,delayed,-1.3056,0.50000,0.50000,-0.50000,-0.50000,-0.50000,0.000000,0.000000,0.000000,0.000000,0.000000
2976,111,work,mask_work,environment,tidy_up,failed,-2.3853,0.50000,0.50000,-0.50000,-0.50000,-0.50000,0.000000,0.000000,0.000000,0.000000,0.000000
2977,111,work,mask_work,environment,take_notes,delayed,-1.2446,0.50000,0.50000,-0.50000,-0.50000,-0.50000,0.000000,0.000000,0.000000,0.000000,0.000000
2978,111,work,mask_work,environment,rest_deeply,failed,-2.4241,0.50000,0.50000,-0.50000,-0.50000,-0.50000,0.000000,0.000000,0.000000,0.000000,0.000000
2979,111,work,mask_work,environment,take_notes,delayed,-1.2437,0.50000,0.50000,-0.50000,-0.50000,-0.50000,0.000000,0.000000,0.000000,0.000000,0.000000
2980,111,home,mask_home,environment,rest_deeply,delayed,-0.5818,-0.50000,-0.14198,-0.50000,-0.48066,0.19178,0.000000,0.000350,0.000000,-0.001015,0.000385
2981,111,home,mask_home,environment,rest_deeply,delayed,-0.5829,-0.50000,-0.14163,-0.50000,-0.48168,0.19217,0.000000,0.000349,0.000000,-0.001016,0.000387
2982,111,home,mask_home,environment,zone_out,failed,-2.4117,-0.49910,-0.14052,-0.50000,-0.48051,0.19149,0.000902,0.001112,0.000000,0.001171,-0.000677
2983,111,home,mask_home,environment,network_actively,delayed,-1.8732,-0.49954,-0.14049,-0.50000,-0.48071,0.19154,-0.000446,0.000029,0.000000,-0.000200,0.000050
2984,111,home,mask_home,environment,step_away,goal_achieved,1.8966,-0.50000,-0.14046,-0.50000,-0.48110,0.19175,-0.000456,0.000030,0.000000,-0.000391,0.000210
2985,111,home,mask_home,environment,quick_scan,delayed,-1.7099,-0.50000,-0.14041,-0.50000,-0.48134,0.19177,0.000000,0.000053,0.000000,-0.000243,0.000015
2986,111,home,mask_home,environment,rest_deeply,goal_achieved,1.6808,-0.50000,-0.14048,-0.50000,-0.48137,0.19175,0.000000,-0.000077,0.000000,-0.000031,-0.000013
2987,111,home,mask_home,environment,network_actively,goal_achieved,1.2704,-0.49910,-0.14002,-0.49982,-0.47998,0.19105,0.000901,0.000460,0.000183,0.001389,-0.000707
2988,111,home,mask_home,environment,rest_deeply,goal_achieved,1.6819,-0.49951,-0.14011,-0.50000,-0.48001,0.19104,-0.000408,-0.000088,-0.000183,-0.000029,-0.000008
2989,111,conference,mask_conference,environment,network_actively,goal_achieved,0.6492,0.36236,-0.25206,0.50000,0.50000,-0.35405,0.000304,-0.000268,0.000000,0.000549,-0.000497
2990,111,conference,mask_conference,environment,take_notes,goal_achieved,0.9999,0.36269,-0.25195,0.50000,0.50000,-0.35440,0.000329,0.000111,0.000000,0.000000,-0.000349
2991,111,conference,mask_conference,environment,network_actively,goal_achieved,0.6485,0.36299,-0.25222,0.50000,0.50000,-0.35489,0.000305,-0.000266,0.000000,0.000000,-0.000496
2992,111,conference,mask_conference,environment,network_actively,goal_achieved,0.6489,0.36330,-0.25248,0.50000,0.50000,-0.35539,0.000304,-0.000267,0.000000,0.000000,-0.000495
2993,111,conference,mask_conference,environment,network_actively,goal_achieved,0.6494,0.36360,-0.25275,0.50000,0.50000,-0.35588,0.000304,-0.000269,0.000000,0.000000,-0.000494
2994,111,conference,mask_conference,environment,quick_scan,goal_achieved,0.8958,0.36337,-0.25351,0.50000,0.50000,-0.35531,-0.000228,-0.000756,0.000000,0.000000,0.000576
2995,111,conference,mask_conference,environment,quick_scan,goal_achieved,0.8946,0.36315,-0.25426,0.50000,0.50000,-0.35473,-0.000226,-0.000750,0.000000,0.000000,0.000574
2996,111,conference,mask_conference,environment,quick_scan,goal_achieved,0.8935,0.36292,-0.25500,0.50000,0.50000,-0.35416,-0.000224,-0.000745,0.000000,0.000000,0.000572
2997,111,conference,mask_conference,environment,quick_scan,delayed,-2.2069,0.36354,-0.25468,0.50000,0.50000,-0.35524,0.000617,0.000322,0.000000,0.000000,-0.001082
2998,112,work,mask_work,environment,network_actively,failed,-2.4701,0.50000,0.50000,-0.50000,-0.50000,-0.50000,0.000000,0.000000,0.000000,0.000000,0.000000
2999,112,work,mask_work,environment,network_actively,goal_achieved,1.9316,0.50000,0.49965,-0.49861,-0.49988,-0.50000,0.000000,-0.000346,0.001390,0.000119,0.000000
3000,112,work,mask_work,environment,tidy_up,delayed,-1.3047,0.50000,0.50000,-0.49991,-0.50000,-0.50000,0.000000,0.000346,-0.001298,-0.000119,0.000000
3001,112,work,mask_work,environment,deep_work,goal_achieved,1.9462,0.50000,0.50000,-0.50000,-0.50000,-0.50000,0.000000,0.000000,-0.000093,0.000000,0.000000
3002,112,work,mask_work,environment,deep_work,goal_achieved,1.9462,0.50000,0.50000,-0.50000,-0.50000,-0.50000,0.000000,0.000000,0.000000,0.000000,0.000000
3003,112,work,mask_work,environment,deep_work,goal_achieved,1.9462,0.50000,0.50000,-0.50000,-0.50000,-0.50000,0.000000,0.000000,0.000000,0.000000,0.000000
3004,112,work,mask_work,environment,deep_work,goal_achieved,1.9462,0.50000,0.50000,-0.50000,-0.50000,-0.50000,0.000000,0.000000,0.000000,0.000000,0.000000
3005,112,work,mask_work,environment,network_actively,failed,-2.4734,0.50000,0.50000,-0.50000,-0.50000,-0.50000,0.000000,0.000000,0.000000,0.000000,0.000000
3006,112,work,mask_work,environment,network_actively,failed,-2.4734,0.50000,0.50000,-0.50000,-0.50000,-0.50000,0.000000,0.000000,0.000000,0.000000,0.000000
3007,112,home,mask_home,environment,network_actively,delayed,-1.8780,-0.49995,-0.14008,-0.50000,-0.48022,0.19110,-0.000448,0.000028,0.000000,-0.000210,0.000061
3008,112,home,mask_home,environment,network_actively,failed,-2.9280,-0.50000,-0.14019,-0.50000,-0.48096,0.19141,-0.000046,-0.000109,0.000000,-0.000742,0.000313
3009,112,home,mask_home,environment,quick_scan,failed,-2.8808,-0.50000,-0.14007,-0.50000,-0.48117,0.19128,0.000000,0.000117,0.000000,-0.000209,-0.000129
3010,112,home,mask_home,environment,zone_out,delayed,-1.4702,-0.49979,-0.13951,-0.50000,-0.48071,0.19099,0.000207,0.000566,0.000000,0.000459,-0.000297
3011,112,home,mask_home,environment,quick_scan,goal_achieved,1.7942,-0.50000,-0.13966,-0.50000,-0.48103,0.19143,-0.000207,-0.000150,0.000000,-0.000315,0.000442
3012,112,home,mask_home,environment,rest_deeply,goal_achieved,1.6807,-0.50000,-0.13974,-0.50000,-0.48105,0.19142,0.000000,-0.000080,0.000000,-0.000021,-0.000011
3013,112,home,mask_home,environment,rest_deeply,goal_achieved,1.6807,-0.50000,-0.13982,-0.50000,-0.48107,0.19141,0.000000,-0.000080,0.000000,-0.000021,-0.000011
3014,112,home,mask_home,environment,rest_deeply,goal_achieved,1.6807,-0.50000,-0.13990,-0.50000,-0.48109,0.19139,0.000000,-0.000079,0.000000,-0.000022,-0.000011
3015,112,home,mask_home,environment,rest_deeply,goal_achieved,1.6806,-0.50000,-0.13998,-0.50000,-0.48112,0.19138,0.000000,-0.000079,0.000000,-0.000022,-0.000012
3016,112,conference,mask_conference,environment,network_actively,goal_achieved,0.6450,0.36384,-0.25495,0.50000,0.50000,-0.35573,0.000304,-0.000264,0.000000,0.000000,-0.000491
3017,112,conference,mask_conference,environment,network_actively,delayed,-0.5228,0.36361,-0.25486,0.49870,0.49893,-0.35504,-0.000235,0.000087,-0.001299,-0.001068,0.000697
3018,112,conference,mask_conference,environment,network_actively,delayed,-0.5232,0.36338,-0.25477,0.49740,0.49786,-0.35434,-0.000234,0.000088,-0.001300,-0.001068,0.000696
3019,112,conference,mask_conference,environment,quick_scan,failed,-3.2333,0.36427,-0.25410,0.49931,0.49986,-0.35596,0.000892,0.000669,0.001908,0.001992,-0.001622
3020,112,conference,mask_conference,environment,network_actively,goal_achieved,0.6498,0.36457,-0.25437,0.50000,0.50000,-0.35645,0.000304,-0.000270,0.000691,0.000143,-0.000492
3021,112,conference,mask_conference,environment,network_actively,goal_achieved,0.6493,0.36488,-0.25464,0.50000,0.50000,-0.35695,0.000304,-0.000269,0.000000,0.000000,-0.000492
3022,112,conference,mask_conference,environment,network_actively,goal_achieved,0.6498,0.36518,-0.25491,0.50000,0.50000,-0.35744,0.000303,-0.000271,0.000000,0.000000,-0.000491
3023,112,conference,mask_conference,environment,quick_scan,delayed,-2.2019,0.36579,-0.25460,0.50000,0.50000,-0.35851,0.000610,0.000309,0.000000,0.000000,-0.001070
3024,112,conference,mask_conference,environment,quick_scan,goal_achieved,0.9016,0.36556,-0.25536,0.50000,0.50000,-0.35793,-0.000230,-0.000762,0.000000,0.000000,0.000580
3025,113,work,mask_work,environment,network_actively,goal_achieved,1.9284,0.50000,0.49966,-0.49862,-0.49989,-0.50000,0.000000,-0.000342,0.001385,0.000114,0.000000
3026,113,work,mask_work,environment,take_notes,failed,-2.1783,0.50000,0.50000,-0.49945,-0.50000,-0.50000,0.000000,0.000342,-0.000835,-0.000114,0.000000
3027,113,work,mask_work,environment,deep_work,delayed,-0.6278,0.49957,0.50000,-0.49944,-0.50000,-0.49958,-0.000425,0.000000,0.000007,0.000000,0.000423
3028,113,work,mask_work,environment,network_actively,delayed,-1.3673,0.50000,0.50000,-0.50000,-0.50000,-0.50000,0.000425,0.000000,-0.000557,0.000000,-0.000423
3029,113,work,mask_work,environment,tidy_up,failed,-2.3838,0.50000,0.50000,-0.50000,-0.50000,-0.50000,0.000000,0.000000,0.000000,0.000000,0.000000
3030,113,work,mask_work,environment,tidy_up,failed,-2.3838,0.50000,0.50000,-0.50000,-0.50000,-0.50000,0.000000,0.000000,0.000000,0.000000,0.000000
3031,113,work,mask_work,environment,handle_backlog,goal_achieved,2.1058,0.50000,0.50000,-0.50000,-0.50000,-0.50000,0.000000,0.000000,0.000000,0.000000,0.000000
3032,113,work,mask_work,environment,network_actively,failed,-2.4664,0.50000,0.50000,-0.50000,-0.50000,-0.50000,0.000000,0.000000,0.000000,0.000000,0.000000
3033,113,work,mask_work,environment,network_actively,failed,-2.4664,0.50000,0.50000,-0.50000,-0.50000,-0.50000,0.000000,0.000000,0.000000,0.000000,0.000000
3034,113,home,mask_home,environment,rest_deeply,goal_achieved,1.6806,-0.50000,-0.14006,-0.50000,-0.48114,0.19137,0.000000,-0.000078,0.000000,-0.000022,-0.000012
3035,113,home,mask_home,environment,tidy_up,goal_achieved,1.7772,-0.50000,-0.13955,-0.50000,-0.48132,0.19124,0.000000,0.000505,0.000000,-0.000180,-0.000134
3036,113,home,mask_home,environment,rest_deeply,goal_achieved,1.6800,-0.50000,-0.13963,-0.50000,-0.48134,0.19123,0.000000,-0.000078,0.000000,-0.000020,-0.000012
3037,113,home,mask_home,environment,zone_out,delayed,-1.4798,-0.49979,-0.13906,-0.50000,-0.48087,0.19093,0.000209,0.000564,0.000000,0.000463,-0.000294
3038,113,home,mask_home,environment,tidy_up,delayed,-1.6877,-0.50000,-0.14003,-0.50000,-0.48123,0.19144,-0.000209,-0.000969,0.000000,-0.000360,0.000508
3039,113,home,mask_home,environment,rest_deeply,goal_achieved,1.6833,-0.50000,-0.14011,-0.50000,-0.48125,0.19143,0.000000,-0.000079,0.000000,-0.000017,-0.000013
3040,113,home,mask_home,environment,tidy_up,goal_achieved,1.7772,-0.50000,-0.13960,-0.50000,-0.48143,0.19129,0.000000,0.000508,0.000000,-0.000174,-0.000137
3041,113,home,mask_home,environment,tidy_up,delayed,-1.6911,-0.50000,-0.14056,-0.50000,-0.48178,0.19179,0.000000,-0.000959,0.000000,-0.000359,0.000503
3042,113,home,mask_home,environment,quick_scan,failed,-2.8824,-0.50000,-0.14045,-0.50000,-0.48198,0.19166,0.000000,0.000116,0.000000,-0.000196,-0.000134
3043,113,conference,mask_conference,environment,network_actively,goal_achieved,0.6505,0.36586,-0.25564,0.50000,0.50000,-0.35842,0.000303,-0.000273,0.000000,0.000000,-0.000490
3044,113,conference,mask_conference,environment,quick_scan,delayed,-2.2021,0.36647,-0.25533,0.50000,0.50000,-0.35949,0.000610,0.000307,0.000000,0.000000,-0.001069
3045,113,conference,mask_conference,environment,network_actively,goal_achieved,0.6538,0.36677,-0.25561,0.50000,0.50000,-0.35998,0.000301,-0.000279,0.000000,0.000000,-0.000489
3046,113,conference,mask_conference,environment,quick_scan,goal_achieved,0.9015,0.36654,-0.25638,0.50000,0.50000,-0.35939,-0.000231,-0.000765,0.000000,0.000000,0.000581
3047,113,conference,mask_conference,environment,network_actively,goal_achieved,0.6517,0.36684,-0.25665,0.50000,0.50000,-0.35988,0.000301,-0.000277,0.000000,0.000000,-0.000487
3048,113,conference,mask_conference,environment,take_notes,delayed,-2.5391,0.36681,-0.25746,0.50000,0.50000,-0.36002,-0.000031,-0.000811,0.000000,0.000000,-0.000141
3049,113,conference,mask_conference,environment,network_actively,goal_achieved,0.6550,0.36711,-0.25775,0.50000,0.50000,-0.36051,0.000298,-0.000288,0.000000,0.000000,-0.000485
3050,113,conference,mask_conference,environment,network_actively,delayed,-0.5186,0.36688,-0.25767,0.49871,0.49894,-0.35982,-0.000234,0.000083,-0.001285,-0.001056,0.000690
3051,113,conference,mask_conference,environment,network_actively,goal_achieved,0.6565,0.36717,-0.25796,0.50000,0.50000,-0.36030,0.000297,-0.000291,0.001285,0.001056,-0.000484
3052,114,work,mask_work,environment,deep_work,goal_achieved,1.9511,0.50000,0.50000,-0.50000,-0.50000,-0.50000,0.000000,0.000000,0.000000,0.000000,0.000000
3053,114,work,mask_work,environment,deep_work,goal_achieved,1.9511,0.50000,0.50000,-0.50000,-0.50000,-0.50000,0.000000,0.000000,0.000000,0.000000,0.000000
3054,114,work,mask_work,environment,take_notes,delayed,-1.2444,0.50000,0.50000,-0.50000,-0.50000,-0.50000,0.000000,0.000000,0.000000,0.000000,0.000000
3055,114,work,mask_work,environment,network_actively,failed,-2.4675,0.50000,0.50000,-0.50000,-0.50000,-0.50000,0.000000,0.000000,0.000000,0.000000,0.000000
3056,114,work,mask_work,environment,deep_work,goal_achieved,1.9528,0.50000,0.50000,-0.50000,-0.50000,-0.50000,0.000000,0.000000,0.000000,0.000000,0.000000
3057,114,work,mask_work,environment,deep_work,goal_achieved,1.9528,0.50000,0.50000,-0.50000,-0.50000,-0.50000,0.000000,0.000000,0.000000,0.000000,0.000000
3058,114,work,mask_work,environment,tidy_up,goal_achieved,1.9334,0.49951,0.50000,-0.50000,-0.50000,-0.50000,-0.000488,0.000000,0.000000,0.000000,0.000000
3059,114,work,mask_work,environment,deep_work,goal_achieved,1.9501,0.50000,0.50000,-0.50000,-0.50000,-0.50000,0.000488,0.000000,0.000000,0.000000,0.000000
3060,114,work,mask_work,environment,tidy_up,delayed,-1.3068,0.50000,0.50000,-0.50000,-0.50000,-0.50000,0.000000,0.000000,0.000000,0.000000,0.000000
3061,114,home,mask_home,environment,tidy_up,delayed,-1.6922,-0.50000,-0.14139,-0.50000,-0.48234,0.19215,0.000000,-0.000945,0.000000,-0.000358,0.000494
3062,114,home,mask_home,environment,rest_deeply,goal_achieved,1.6853,-0.50000,-0.14147,-0.50000,-0.48236,0.19213,0.000000,-0.000076,0.000000,-0.000017,-0.000020
3063,114,home,mask_home,environment,quick_scan,delayed,-1.7150,-0.50000,-0.14142,-0.50000,-0.48258,0.19214,0.000000,0.000047,0.000000,-0.000225,0.000009
3064,114,home,mask_home,environment,step_away,failed,-2.8823,-0.50000,-0.14144,-0.50000,-0.48231,0.19173,0.000000,-0.000020,0.000000,0.000271,-0.000416
3065,114,home,mask_home,environment,network_actively,delayed,-1.8677,-0.50000,-0.14142,-0.50000,-0.48247,0.19174,0.000000,0.000025,0.000000,-0.000159,0.000018
3066,114,home,mask_home,environment,rest_deeply,goal_achieved,1.6990,-0.50000,-0.14150,-0.50000,-0.48245,0.19169,0.000000,-0.000081,0.000000,0.000020,-0.000054
3067,114,home,mask_home,environment,rest_deeply,goal_achieved,1.6990,-0.50000,-0.14158,-0.50000,-0.48243,0.19164,0.000000,-0.000080,0.000000,0.000020,-0.000054
3068,114,home,mask_home,environment,network_actively,failed,-2.9199,-0.50000,-0.14169,-0.50000,-0.48312,0.19191,0.000000,-0.000118,0.000000,-0.000690,0.000272
3069,114,home,mask_home,environment,zone_out,delayed,-1.4641,-0.49978,-0.14115,-0.50000,-0.48262,0.19158,0.000221,0.000549,0.000000,0.000499,-0.000329
3070,114,conference,mask_conference,environment,network_actively,goal_achieved,0.6552,0.36747,-0.25825,0.50000,0.50000,-0.36079,0.000298,-0.000288,0.000000,0.000000,-0.000485
3071,114,conference,mask_conference,environment,network_actively,goal_achieved,0.6556,0.36777,-0.25854,0.50000,0.50000,-0.36127,0.000297,-0.000289,0.000000,0.000000,-0.000485
3072,114,conference,mask_conference,environment,network_actively,goal_achieved,0.6561,0.36807,-0.25883,0.50000,0.50000,-0.36176,0.000297,-0.000291,0.000000,0.000000,-0.000484
3073,114,conference,mask_conference,environment,network_actively,goal_achieved,0.6565,0.36836,-0.25912,0.50000,0.50000,-0.36224,0.000297,-0.000292,0.000000,0.000000,-0.000483
3074,114,conference,mask_conference,environment,network_actively,goal_achieved,0.6569,0.36866,-0.25941,0.50000,0.50000,-0.36272,0.000296,-0.000294,0.000000,0.000000,-0.000482
3075,114,conference,mask_conference,environment,network_actively,goal_achieved,0.6574,0.36896,-0.25971,0.50000,0.50000,-0.36320,0.000296,-0.000295,0.000000,0.000000,-0.000481
3076,114,conference,mask_conference,environment,network_actively,delayed,-0.5192,0.36872,-0.25962,0.49871,0.49894,-0.36251,-0.000233,0.000086,-0.001287,-0.001056,0.000689
3077,114,conference,mask_conference,environment,quick_scan,failed,-3.2312,0.36960,-0.25898,0.50000,0.50000,-0.36412,0.000882,0.000643,0.001287,0.001056,-0.001610
3078,114,conference,mask_conference,environment,network_actively,goal_achieved,0.6618,0.36990,-0.25928,0.50000,0.50000,-0.36460,0.000295,-0.000301,0.000000,0.000000,-0.000482
3079,115,work,mask_work,environment,tidy_up,failed,-2.3866,0.50000,0.50000,-0.50000,-0.50000,-0.50000,0.000000,0.000000,0.000000,0.000000,0.000000
3080,115,work,mask_work,environment,take_notes,goal_achieved,1.5401,0.50000,0.50000,-0.50000,-0.50000,-0.50000,0.000000,0.000000,0.000000,0.000000,0.000000
3081,115,work,mask_work,environment,rest_deeply,failed,-2.4269,0.50000,0.50000,-0.50000,-0.50000,-0.50000,0.000000,0.000000,0.000000,0.000000,0.000000
3082,115,work,mask_work,environment,deep_work,goal_achieved,1.9498,0.50000,0.50000,-0.50000,-0.50000,-0.50000,0.000000,0.000000,0.000000,0.000000,0.000000
3083,115,work,mask_work,environment,network_actively,goal_achieved,1.9276,0.50000,0.49966,-0.49862,-0.49989,-0.50000,0.000000,-0.000336,0.001382,0.000107,0.000000
3084,115,work,mask_work,environment,rest_deeply,goal_achieved,2.2785,0.50000,0.49994,-0.50000,-0.50000,-0.50000,0.000000,0.000275,-0.001382,-0.000107,0.000000
3085,115,work,mask_work,environment,deep_work,goal_achieved,1.9447,0.50000,0.50000,-0.50000,-0.50000,-0.50000,0.000000,0.000061,0.000000,0.000000,0.000000
3086,115,work,mask_work,environment,deep_work,goal_achieved,1.9447,0.50000,0.50000,-0.50000,-0.50000,-0.50000,0.000000,0.000000,0.000000,0.000000,0.000000
3087,115,work,mask_work,environment,deep_work,goal_achieved,1.9447,0.50000,0.50000,-0.50000,-0.50000,-0.50000,0.000000,0.000000,0.000000,0.000000,0.000000
3088,115,home,mask_home,environment,rest_deeply,goal_achieved,1.7021,-0.50000,-0.14123,-0.50000,-0.48260,0.19153,-0.000221,-0.000082,0.000000,0.000023,-0.000053
3089,115,home,mask_home,environment,zone_out,delayed,-1.4647,-0.49978,-0.14068,-0.50000,-0.48210,0.19120,0.000216,0.000546,0.000000,0.000499,-0.000327
3090,115,home,mask_home,environment,zone_out,failed,-2.4117,-0.49889,-0.13960,-0.50000,-0.48089,0.19050,0.000897,0.001085,0.000000,0.001205,-0.000696
3091,115,home,mask_home,environment,rest_deeply,delayed,-0.5535,-0.49961,-0.13923,-0.50000,-0.48184,0.19084,-0.000721,0.000367,0.000000,-0.000942,0.000341
3092,115,home,mask_home,environment,rest_deeply,goal_achieved,1.7101,-0.49999,-0.13932,-0.50000,-0.48180,0.19080,-0.000384,-0.000091,0.000000,0.000036,-0.000046
3093,115,home,mask_home,environment,rest_deeply,goal_achieved,1.7097,-0.50000,-0.13941,-0.50000,-0.48176,0.19075,-0.000008,-0.000089,0.000000,0.000037,-0.000048
3094,115,home,mask_home,environment,rest_deeply,goal_achieved,1.7097,-0.50000,-0.13950,-0.50000,-0.48173,0.19070,0.000000,-0.000088,0.000000,0.000036,-0.000048
3095,115,home,mask_home,environment,network_actively,failed,-2.9104,-0.50000,-0.13961,-0.50000,-0.48240,0.19097,0.000000,-0.000115,0.000000,-0.000669,0.000270
3096,115,home,mask_home,environment,rest_deeply,delayed,-0.5553,-0.50000,-0.13925,-0.50000,-0.48334,0.19132,0.000000,0.000365,0.000000,-0.000948,0.000345
3097,115,conference,mask_conference,environment,rest_deeply,delayed,-2.4592,0.37015,-0.25948,0.50000,0.50000,-0.36489,0.000252,-0.000197,0.000000,0.000000,-0.000286
3098,115,conference,mask_conference,environment,network_actively,delayed,-0.5166,0.36993,-0.25938,0.49871,0.49895,-0.36421,-0.000226,0.000095,-0.001286,-0.001050,0.000679
3099,115,conference,mask_conference,environment,quick_scan,goal_achieved,0.9125,0.36969,-0.26017,0.50000,0.49918,-0.36362,-0.000236,-0.000787,0.001286,0.000231,0.000588
3100,115,conference,mask_conference,environment,quick_scan,goal_achieved,0.9095,0.36946,-0.26095,0.50000,0.49940,-0.36304,-0.000234,-0.000778,0.000000,0.000223,0.000585
3101,115,conference,mask_conference,environment,take_notes,goal_achieved,1.0063,0.36978,-0.26085,0.50000,0.50000,-0.36338,0.000328,0.000101,0.000000,0.000596,-0.000338
3102,115,conference,mask_conference,environment,network_actively,goal_achieved,0.6563,0.37008,-0.26113,0.50000,0.50000,-0.36386,0.000300,-0.000287,0.000000,0.000000,-0.000482
3103,115,conference,mask_conference,environment,quick_scan,goal_achieved,0.9071,0.36985,-0.26190,0.50000,0.50000,-0.36328,-0.000230,-0.000769,0.000000,0.000000,0.000583
3104,115,conference,mask_conference,environment,network_actively,delayed,-0.5223,0.36962,-0.26182,0.49871,0.49894,-0.36258,-0.000233,0.000086,-0.001291,-0.001063,0.000695
3105,115,conference,mask_conference,environment,network_actively,goal_achieved,0.6552,0.36992,-0.26210,0.50000,0.50000,-0.36306,0.000300,-0.000286,0.001291,0.001063,-0.000480
3106,116,work,mask_work,environment,take_notes,failed,-2.1838,0.50000,0.50000,-0.50000,-0.50000,-0.50000,0.000000,0.000000,0.000000,0.000000,0.000000
3107,116,work,mask_work,environment,rest_deeply,failed,-2.4311,0.50000,0.50000,-0.50000,-0.50000,-0.50000,0.000000,0.000000,0.000000,0.000000,0.000000
3108,116,work,mask_work,environment,tidy_up,delayed,-1.3151,0.50000,0.50000,-0.50000,-0.50000,-0.50000,0.000000,0.000000,0.000000,0.000000,0.000000
3109,116,work,mask_work,environment,deep_work,goal_achieved,1.9481,0.50000,0.50000,-0.50000,-0.50000,-0.50000,0.000000,0.000000,0.000000,0.000000,0.000000
3110,116,work,mask_work,environment,handle_backlog,delayed,-1.2203,0.50000,0.50000,-0.50000,-0.50000,-0.50000,0.000000,0.000000,0.000000,0.000000,0.000000
3111,116,work,mask_work,environment,handle_backlog,delayed,-1.2203,0.50000,0.50000,-0.50000,-0.50000,-0.50000,0.000000,0.000000,0.000000,0.000000,0.000000
3112,116,work,mask_work,environment,take_notes,goal_achieved,1.5376,0.50000,0.50000,-0.50000,-0.50000,-0.50000,0.000000,0.000000,0.000000,0.000000,0.000000
3113,116,work,mask_work,environment,rest_deeply,delayed,-1.2526,0.50000,0.50000,-0.50000,-0.50000,-0.50000,0.000000,0.000000,0.000000,0.000000,0.000000
3114,116,work,mask_work,environment,deep_work,goal_achieved,1.9499,0.50000,0.50000,-0.50000,-0.50000,-0.50000,0.000000,0.000000,0.000000,0.000000,0.000000
3115,116,home,mask_home,environment,rest_deeply,goal_achieved,1.7089,-0.50000,-0.13933,-0.50000,-0.48330,0.19127,0.000000,-0.000086,0.000000,0.000040,-0.000050
3116,116,home,mask_home,environment,network_actively,failed,-2.9106,-0.50000,-0.13945,-0.50000,-0.48397,0.19153,0.000000,-0.000113,0.000000,-0.000666,0.000269
3117,116,home,mask_home,environment,tidy_up,goal_achieved,1.7994,-0.50000,-0.13893,-0.50000,-0.48409,0.19135,0.000000,0.000514,0.000000,-0.000117,-0.000180
3118,116,home,mask_home,environment,rest_deeply,delayed,-0.5570,-0.50000,-0.13856,-0.50000,-0.48504,0.19170,0.000000,0.000367,0.000000,-0.000950,0.000347
3119,116,home,mask_home,environment,zone_out,goal_achieved,1.3809,-0.50000,-0.13966,-0.50000,-0.48666,0.19250,0.000000,-0.001097,0.000000,-0.001618,0.000799
3120,116,home,mask_home,environment,network_actively,delayed,-1.8646,-0.50000,-0.13963,-0.50000,-0.48680,0.19252,0.000000,0.000031,0.000000,-0.000140,0.000016
3121,116,home,mask_home,environment,rest_deeply,goal_achieved,1.7009,-0.50000,-0.13971,-0.50000,-0.48676,0.19246,0.000000,-0.000078,0.000000,0.000040,-0.000056
3122,116,home,mask_home,environment,rest_deeply,goal_achieved,1.7010,-0.50000,-0.13979,-0.50000,-0.48672,0.19240,0.000000,-0.000078,0.000000,0.000040,-0.000056
3123,116,home,mask_home,environment,deep_work,goal_achieved,1.6748,-0.50000,-0.13944,-0.50000,-0.48698,0.19225,0.000000,0.000350,0.000000,-0.000262,-0.000154
3124,116,conference,mask_conference,environment,network_actively,goal_achieved,0.6540,0.37022,-0.26239,0.50000,0.50000,-0.36354,0.000301,-0.000283,0.000000,0.000000,-0.000482
3125,116,conference,mask_conference,environment,network_actively,delayed,-0.5224,0.36999,-0.26230,0.49871,0.49894,-0.36285,-0.000234,0.000086,-0.001291,-0.001063,0.000695
3126,116,conference,mask_conference,environment,quick_scan,delayed,-2.1908,0.37060,-0.26200,0.50000,0.50000,-0.36391,0.000609,0.000301,0.001291,0.001063,-0.001064
3127,116,conference,mask_conference,environment,quick_scan,failed,-3.2254,0.37148,-0.26134,0.50000,0.50000,-0.36553,0.000887,0.000654,0.000000,0.000000,-0.001612
3128,116,conference,mask_conference,environment,network_actively,goal_achieved,0.6611,0.37178,-0.26164,0.50000,0.50000,-0.36601,0.000299,-0.000294,0.000000,0.000000,-0.000482
3129,116,conference,mask_conference,environment,network_actively,goal_achieved,0.6615,0.37208,-0.26193,0.50000,0.50000,-0.36649,0.000298,-0.000295,0.000000,0.000000,-0.000481
3130,116,conference,mask_conference,environment,network_actively,goal_achieved,0.6620,0.37238,-0.26223,0.50000,0.50000,-0.36697,0.000298,-0.000297,0.000000,0.000000,-0.000481
3131,116,conference,mask_conference,environment,rest_deeply,failed,-3.6479,0.37273,-0.26236,0.50000,0.50000,-0.36728,0.000355,-0.000126,0.000000,0.000000,-0.000314
3132,116,conference,mask_conference,environment,network_actively,goal_achieved,0.6647,0.37303,-0.26265,0.50000,0.50000,-0.36776,0.000300,-0.000298,0.000000,0.000000,-0.000480
3133,117,work,mask_work,environment,take_notes,goal_achieved,1.5367,0.50000,0.50000,-0.50000,-0.50000,-0.50000,0.000000,0.000000,0.000000,0.000000,0.000000
3134,117,work,mask_work,environment,take_notes,failed,-2.1792,0.50000,0.50000,-0.50000,-0.50000,-0.50000,0.000000,0.000000,0.000000,0.000000,0.000000
3135,117,work,mask_work,environment,take_notes,failed,-2.1792,0.50000,0.50000,-0.50000,-0.50000,-0.50000,0.000000,0.000000,0.000000,0.000000,0.000000
3136,117,work,mask_work,environment,take_notes,delayed,-1.2502,0.50000,0.50000,-0.50000,-0.50000,-0.50000,0.000000,0.000000,0.000000,0.000000,0.000000
3137,117,work,mask_work,environment,deep_work,goal_achieved,1.9515,0.50000,0.50000,-0.50000,-0.50000,-0.50000,0.000000,0.000000,0.000000,0.000000,0.000000
3138,117,work,mask_work,environment,take_notes,delayed,-1.2511,0.50000,0.50000,-0.50000,-0.50000,-0.50000,0.000000,0.000000,0.000000,0.000000,0.000000
3139,117,work,mask_work,environment,deep_work,goal_achieved,1.9523,0.50000,0.50000,-0.50000,-0.50000,-0.50000,0.000000,0.000000,0.000000,0.000000,0.000000
3140,117,work,mask_work,environment,take_notes,goal_achieved,1.5350,0.50000,0.50000,-0.50000,-0.50000,-0.50000,0.000000,0.000000,0.000000,0.000000,0.000000
3141,117,work,mask_work,environment,deep_work,goal_achieved,1.9492,0.50000,0.50000,-0.50000,-0.50000,-0.50000,0.000000,0.000000,0.000000,0.000000,0.000000
3142,117,home,mask_home,environment,zone_out,delayed,-1.4641,-0.49977,-0.13888,-0.50000,-0.48648,0.19192,0.000225,0.000557,0.000000,0.000502,-0.000329
3143,117,home,mask_home,environment,rest_deeply,goal_achieved,1.7024,-0.50000,-0.13896,-0.50000,-0.48644,0.19186,-0.000225,-0.000075,0.000000,0.000041,-0.000057
3144,117,home,mask_home,environment,network_actively,failed,-2.9193,-0.50000,-0.13906,-0.50000,-0.48710,0.19213,0.000000,-0.000101,0.000000,-0.000663,0.000262
3145,117,home,mask_home,environment,rest_deeply,goal_achieved,1.7021,-0.50000,-0.13913,-0.50000,-0.48706,0.19207,0.000000,-0.000071,0.000000,0.000042,-0.000059
3146,117,home,mask_home,environment,rest_deeply,goal_achieved,1.7022,-0.50000,-0.13920,-0.50000,-0.48701,0.19201,0.000000,-0.000071,0.000000,0.000041,-0.000059
3147,117,home,mask_home,environment,rest_deeply,goal_achieved,1.7023,-0.50000,-0.13927,-0.50000,-0.48697,0.19195,0.000000,-0.000071,0.000000,0.000041,-0.000059
3148,117,home,mask_home,environment,zone_out,failed,-2.4125,-0.49909,-0.13817,-0.50000,-0.48576,0.19125,0.000911,0.001100,0.000000,0.001209,-0.000701
3149,117,home,mask_home,environment,rest_deeply,goal_achieved,1.7091,-0.49946,-0.13825,-0.50000,-0.48572,0.19120,-0.000374,-0.000082,0.000000,0.000046,-0.000052
3150,117,home,mask_home,environment,tidy_up,goal_achieved,1.7964,-0.49994,-0.13773,-0.50000,-0.48583,0.19101,-0.000473,0.000518,0.000000,-0.000109,-0.000183
3151,117,conference,mask_conference,environment,network_actively,delayed,-0.5179,0.37281,-0.26255,0.49871,0.49895,-0.36708,-0.000220,0.000105,-0.001285,-0.001054,0.000678
3152,117,conference,mask_conference,environment,network_actively,goal_achieved,0.6662,0.37311,-0.26285,0.50000,0.50000,-0.36756,0.000300,-0.000300,0.001285,0.001054,-0.000478
3153,117,conference,mask_conference,environment,network_actively,delayed,-0.5179,0.37289,-0.26274,0.49872,0.49895,-0.36688,-0.000220,0.000104,-0.001285,-0.001054,0.000678
3154,117,conference,mask_conference,environment,quick_scan,goal_achieved,0.9211,0.37266,-0.26352,0.50000,0.49917,-0.36629,-0.000230,-0.000779,0.001285,0.000227,0.000590
3155,117,conference,mask_conference,environment,take_notes,goal_achieved,1.0174,0.37299,-0.26342,0.50000,0.49993,-0.36663,0.000330,0.000100,0.000000,0.000758,-0.000335
3156,117,conference,mask_conference,environment,network_actively,goal_achieved,0.6607,0.37330,-0.26371,0.50000,0.50000,-0.36711,0.000304,-0.000287,0.000000,0.000069,-0.000481
3157,117,conference,mask_conference,environment,network_actively,goal_achieved,0.6611,0.37360,-0.26400,0.50000,0.50000,-0.36759,0.000304,-0.000288,0.000000,0.000000,-0.000480
3158,117,conference,mask_conference,environment,network_actively,goal_achieved,0.6616,0.37390,-0.26429,0.50000,0.50000,-0.36807,0.000303,-0.000289,0.000000,0.000000,-0.000479
3159,117,conference,mask_conference,environment,network_actively,goal_achieved,0.6620,0.37421,-0.26458,0.50000,0.50000,-0.36855,0.000303,-0.000291,0.000000,0.000000,-0.000479
3160,118,work,mask_work,environment,deep_work,goal_achieved,1.9492,0.50000,0.50000,-0.50000,-0.50000,-0.50000,0.000000,0.000000,0.000000,0.000000,0.000000
3161,118,work,mask_work,environment,deep_work,goal_achieved,1.9492,0.50000,0.50000,-0.50000,-0.50000,-0.50000,0.000000,0.000000,0.000000,0.000000,0.000000
3162,118,work,mask_work,environment,network_actively,delayed,-1.3805,0.50000,0.50000,-0.50000,-0.50000,-0.50000,0.000000,0.000000,0.000000,0.000000,0.000000
3163,118,work,mask_work,environment,take_notes,failed,-2.1835,0.50000,0.50000,-0.50000,-0.50000,-0.50000,0.000000,0.000000,0.000000,0.000000,0.000000
3164,118,work,mask_work,environment,deep_work,delayed,-0.6242,0.49959,0.50000,-0.50000,-0.50000,-0.49958,-0.000411,0.000000,0.000001,0.000000,0.000421
3165,118,work,mask_work,environment,deep_work,goal_achieved,1.9513,0.50000,0.50000,-0.50000,-0.50000,-0.50000,0.000411,0.000000,-0.000001,0.000000,-0.000421
3166,118,work,mask_work,environment,take_notes,failed,-2.1811,0.50000,0.50000,-0.50000,-0.50000,-0.50000,0.000000,0.000000,0.000000,0.000000,0.000000
3167,118,work,mask_work,environment,deep_work,goal_achieved,1.9532,0.50000,0.50000,-0.50000,-0.50000,-0.50000,0.000000,0.000000,0.000000,0.000000,0.000000
3168,118,work,mask_work,environment,take_notes,delayed,-1.2529,0.50000,0.50000,-0.50000,-0.50000,-0.50000,0.000000,0.000000,0.000000,0.000000,0.000000
3169,118,home,mask_home,environment,rest_deeply,goal_achieved,1.7076,-0.50000,-0.13781,-0.50000,-0.48578,0.19096,-0.000065,-0.000077,0.000000,0.000048,-0.000054
3170,118,home,mask_home,environment,rest_deeply,goal_achieved,1.7076,-0.50000,-0.13789,-0.50000,-0.48573,0.19091,0.000000,-0.000076,0.000000,0.000048,-0.000054
3171,118,home,mask_home,environment,network_actively,delayed,-1.8670,-0.50000,-0.13785,-0.50000,-0.48585,0.19091,0.000000,0.000038,0.000000,-0.000122,0.000009
3172,118,home,mask_home,environment,network_actively,failed,-2.9197,-0.50000,-0.13795,-0.50000,-0.48650,0.19117,0.000000,-0.000098,0.000000,-0.000649,0.000258
3173,118,home,mask_home,environment,rest_deeply,goal_achieved,1.7075,-0.50000,-0.13802,-0.50000,-0.48645,0.19112,0.000000,-0.000074,0.000000,0.000049,-0.000055
3174,118,home,mask_home,environment,rest_deeply,goal_achieved,1.7076,-0.50000,-0.13809,-0.50000,-0.48641,0.19106,0.000000,-0.000074,0.000000,0.000048,-0.000055
3175,118,home,mask_home,environment,tidy_up,goal_achieved,1.7926,-0.50000,-0.13758,-0.50000,-0.48651,0.19088,0.000000,0.000518,0.000000,-0.000106,-0.000184
3176,118,home,mask_home,environment,tidy_up,goal_achieved,1.7924,-0.50000,-0.13706,-0.50000,-0.48662,0.19070,0.000000,0.000517,0.000000,-0.000105,-0.000183
3177,118,home,mask_home,environment,network_actively,goal_achieved,1.2884,-0.49909,-0.13661,-0.49982,-0.48515,0.18996,0.000908,0.000444,0.000178,0.001463,-0.000737
3178,118,conference,mask_conference,environment,quick_scan,goal_achieved,0.9162,0.37398,-0.26535,0.50000,0.50000,-0.36796,-0.000227,-0.000771,0.000000,0.000000,0.000587
3179,118,conference,mask_conference,environment,network_actively,delayed,-0.5224,0.37376,-0.26525,0.49871,0.49894,-0.36727,-0.000224,0.000102,-0.001293,-0.001063,0.000687
3180,118,conference,mask_conference,environment,network_actively,goal_achieved,0.6610,0.37406,-0.26554,0.50000,0.50000,-0.36775,0.000303,-0.000289,0.001293,0.001063,-0.000477
3181,118,conference,mask_conference,environment,network_actively,goal_achieved,0.6597,0.37436,-0.26582,0.50000,0.50000,-0.36823,0.000304,-0.000287,0.000000,0.000000,-0.000478
3182,118,conference,mask_conference,environment,network_actively,goal_achieved,0.6602,0.37467,-0.26611,0.50000,0.50000,-0.36871,0.000303,-0.000288,0.000000,0.000000,-0.000478
3183,118,conference,mask_conference,environment,quick_scan,goal_achieved,0.9165,0.37444,-0.26688,0.50000,0.50000,-0.36812,-0.000225,-0.000767,0.000000,0.000000,0.000586
3184,118,conference,mask_conference,environment,network_actively,goal_achieved,0.6581,0.37475,-0.26716,0.50000,0.50000,-0.36860,0.000304,-0.000286,0.000000,0.000000,-0.000476
3185,118,conference,mask_conference,environment,take_notes,goal_achieved,1.0132,0.37507,-0.26707,0.50000,0.50000,-0.36893,0.000328,0.000095,0.000000,0.000000,-0.000328
3186,118,conference,mask_conference,environment,network_actively,goal_achieved,0.6575,0.37538,-0.26735,0.50000,0.50000,-0.36940,0.000305,-0.000283,0.000000,0.000000,-0.000476
3187,119,work,mask_work,environment,network_actively,failed,-2.4747,0.50000,0.50000,-0.50000,-0.50000,-0.50000,0.000000,0.000000,0.000000,0.000000,0.000000
3188,119,work,mask_work,environment,deep_work,goal_achieved,1.9549,0.50000,0.50000,-0.50000,-0.50000,-0.50000,0.000000,0.000000,0.000000,0.000000,0.000000
3189,119,work,mask_work,environment,take_notes,failed,-2.1818,0.50000,0.50000,-0.50000,-0.50000,-0.50000,0.000000,0.000000,0.000000,0.000000,0.000000
3190,119,work,mask_work,environment,tidy_up,failed,-2.3915,0.50000,0.50000,-0.50000,-0.50000,-0.50000,0.000000,0.000000,0.000000,0.000000,0.000000
3191,119,work,mask_work,environment,take_notes,failed,-2.1802,0.50000,0.50000,-0.50000,-0.50000,-0.50000,0.000000,0.000000,0.000000,0.000000,0.000000
3192,119,work,mask_work,environment,handle_backlog,goal_achieved,2.0984,0.50000,0.50000,-0.50000,-0.50000,-0.50000,0.000000,0.000000,0.000000,0.000000,0.000000
3193,119,work,mask_work,environment,deep_work,delayed,-0.6168,0.49958,0.50000,-0.50000,-0.50000,-0.49958,-0.000417,0.000000,0.000002,0.000000,0.000421
3194,119,work,mask_work,environment,deep_work,goal_achieved,1.9586,0.50000,0.50000,-0.50000,-0.50000,-0.50000,0.000417,0.000000,-0.000002,0.000000,-0.000421
3195,119,work,mask_work,environment,rest_deeply,failed,-2.4231,0.50000,0.50000,-0.50000,-0.50000,-0.50000,0.000000,0.000000,0.000000,0.000000,0.000000
3196,119,home,mask_home,environment,rest_deeply,goal_achieved,1.7074,-0.49948,-0.13670,-0.50000,-0.48510,0.18991,-0.000386,-0.000085,-0.000178,0.000051,-0.000047
3197,119,home,mask_home,environment,rest_deeply,goal_achieved,1.7067,-0.49986,-0.13678,-0.50000,-0.48505,0.18986,-0.000384,-0.000084,0.000000,0.000052,-0.000048
3198,119,home,mask_home,environment,rest_deeply,goal_achieved,1.7064,-0.50000,-0.13687,-0.50000,-0.48500,0.18981,-0.000138,-0.000081,0.000000,0.000052,-0.000050
3199,119,home,mask_home,environment,rest_deeply,delayed,-0.5614,-0.50000,-0.13646,-0.50000,-0.48593,0.19014,0.000000,0.000404,0.000000,-0.000936,0.000324
3200,119,home,mask_home,environment,zone_out,delayed,-1.4744,-0.49980,-0.13591,-0.50000,-0.48542,0.18981,0.000205,0.000552,0.000000,0.000511,-0.000328
3201,119,home,mask_home,environment,rest_deeply,goal_achieved,1.7083,-0.50000,-0.13599,-0.50000,-0.48536,0.18976,-0.000205,-0.000084,0.000000,0.000059,-0.000048
3202,119,home,mask_home,environment,rest_deeply,delayed,-0.5601,-0.50000,-0.13558,-0.50000,-0.48629,0.19008,0.000000,0.000410,0.000000,-0.000929,0.000320
3203,119,home,mask_home,environment,quick_scan,delayed,-1.6999,-0.50000,-0.13553,-0.50000,-0.48644,0.19005,0.000000,0.000054,0.000000,-0.000144,-0.000028
3204,119,home,mask_home,environment,rest_deeply,goal_achieved,1.7077,-0.50000,-0.13561,-0.50000,-0.48637,0.19000,0.000000,-0.000083,0.000000,0.000063,-0.000050
3205,119,conference,mask_conference,environment,network_actively,goal_achieved,0.6580,0.37568,-0.26764,0.50000,0.50000,-0.36988,0.000305,-0.000284,0.000000,0.000000,-0.000475
3206,119,conference,mask_conference,environment,network_actively,goal_achieved,0.6584,0.37599,-0.26792,0.50000,0.50000,-0.37035,0.000304,-0.000286,0.000000,0.000000,-0.000474
3207,119,conference,mask_conference,environment,network_actively,goal_achieved,0.6588,0.37629,-0.26821,0.50000,0.50000,-0.37082,0.000304,-0.000287,0.000000,0.000000,-0.000473
3208,119,conference,mask_conference,environment,quick_scan,goal_achieved,0.9133,0.37607,-0.26897,0.50000,0.50000,-0.37024,-0.000222,-0.000763,0.000000,0.000000,0.000584
3209,119,conference,mask_conference,environment,network_actively,goal_achieved,0.6568,0.37637,-0.26926,0.50000,0.50000,-0.37071,0.000304,-0.000285,0.000000,0.000000,-0.000472
3210,119,conference,mask_conference,environment,network_actively,goal_achieved,0.6572,0.37668,-0.26954,0.50000,0.50000,-0.37118,0.000304,-0.000286,0.000000,0.000000,-0.000471
3211,119,conference,mask_conference,environment,network_actively,goal_achieved,0.6577,0.37698,-0.26983,0.50000,0.50000,-0.37165,0.000303,-0.000287,0.000000,0.000000,-0.000471
3212,119,conference,mask_conference,environment,network_actively,goal_achieved,0.6581,0.37728,-0.27012,0.50000,0.50000,-0.37212,0.000303,-0.000289,0.000000,0.000000,-0.000470
3213,119,conference,mask_conference,environment,network_actively,delayed,-0.5277,0.37706,-0.27002,0.49870,0.49893,-0.37143,-0.000225,0.000104,-0.001303,-0.001072,0.000693
3214,120,work,mask_work,environment,tidy_up,delayed,-1.3085,0.50000,0.50000,-0.50000,-0.50000,-0.50000,0.000000,0.000000,0.000000,0.000000,0.000000
3215,120,work,mask_work,environment,handle_backlog,delayed,-1.2139,0.50000,0.50000,-0.50000,-0.50000,-0.50000,0.000000,0.000000,0.000000,0.000000,0.000000
3216,120,work,mask_work,environment,tidy_up,goal_achieved,1.9333,0.49952,0.50000,-0.50000,-0.50000,-0.50000,-0.000476,0.000000,0.000000,0.000000,0.000000
3217,120,work,mask_work,environment,take_notes,delayed,-1.2496,0.50000,0.50000,-0.50000,-0.50000,-0.50000,0.000476,0.000000,0.000000,0.000000,0.000000
3218,120,work,mask_work,environment,deep_work,delayed,-0.6151,0.49958,0.50000,-0.50000,-0.50000,-0.49958,-0.000419,0.000000,0.000003,0.000000,0.000416
3219,120,work,mask_work,environment,deep_work,goal_achieved,1.9603,0.50000,0.50000,-0.50000,-0.50000,-0.50000,0.000419,0.000000,-0.000003,0.000000,-0.000416
3220,120,work,mask_work,environment,take_notes,delayed,-1.2473,0.50000,0.50000,-0.50000,-0.50000,-0.50000,0.000000,0.000000,0.000000,0.000000,0.000000
3221,120,work,mask_work,environment,tidy_up,goal_achieved,1.9369,0.49952,0.50000,-0.50000,-0.50000,-0.50000,-0.000481,0.000000,0.000000,0.000000,0.000000
3222,120,work,mask_work,environment,tidy_up,goal_achieved,1.9369,0.49904,0.50000,-0.50000,-0.50000,-0.50000,-0.000481,0.000000,0.000000,0.000000,0.000000
3223,120,home,mask_home,environment,rest_deeply,goal_achieved,1.7078,-0.50000,-0.13570,-0.50000,-0.48631,0.18996,0.000000,-0.000083,0.000000,0.000063,-0.000050
3224,120,home,mask_home,environment,rest_deeply,goal_achieved,1.7079,-0.50000,-0.13578,-0.50000,-0.48625,0.18991,0.000000,-0.000083,0.000000,0.000062,-0.000050
3225,120,home,mask_home,environment,network_actively,delayed,-1.8670,-0.50000,-0.13574,-0.50000,-0.48636,0.18992,0.000000,0.000036,0.000000,-0.000111,0.000011
3226,120,home,mask_home,environment,zone_out,goal_achieved,1.3709,-0.50000,-0.13685,-0.50000,-0.48795,0.19072,0.000000,-0.001108,0.000000,-0.001595,0.000804
3227,120,home,mask_home,environment,zone_out,goal_achieved,1.3659,-0.50000,-0.13795,-0.50000,-0.48955,0.19151,0.000000,-0.001097,0.000000,-0.001596,0.000795
3228,120,home,mask_home,environment,zone_out,goal_achieved,1.3609,-0.50000,-0.13903,-0.50000,-0.49115,0.19230,0.000000,-0.001086,0.000000,-0.001597,0.000786
3229,120,home,mask_home,environment,tidy_up,delayed,-1.6962,-0.50000,-0.13997,-0.50000,-0.49145,0.19275,0.000000,-0.000932,0.000000,-0.000304,0.000449
3230,120,home,mask_home,environment,rest_deeply,delayed,-0.5744,-0.50000,-0.13962,-0.50000,-0.49243,0.19312,0.000000,0.000348,0.000000,-0.000983,0.000368
3231,120,home,mask_home,environment,zone_out,delayed,-1.4720,-0.49975,-0.13905,-0.50000,-0.49191,0.19278,0.000246,0.000565,0.000000,0.000521,-0.000337
3232,120,conference,mask_conference,environment,quick_scan,goal_achieved,0.9151,0.37684,-0.27078,0.50000,0.49915,-0.37085,-0.000220,-0.000763,0.001303,0.000226,0.000584
3233,120,conference,mask_conference,environment,network_actively,delayed,-0.5288,0.37661,-0.27068,0.49870,0.49808,-0.37015,-0.000229,0.000097,-0.001301,-0.001075,0.000699
3234,120,conference,mask_conference,environment,network_actively,delayed,-0.5291,0.37638,-0.27058,0.49740,0.49700,-0.36945,-0.000228,0.000098,-0.001302,-0.001075,0.000698
3235,120,conference,mask_conference,environment,network_actively,delayed,-0.5294,0.37615,-0.27049,0.49609,0.49593,-0.36875,-0.000228,0.000099,-0.001303,-0.001075,0.000698
3236,120,conference,mask_conference,environment,network_actively,goal_achieved,0.6587,0.37646,-0.27077,0.49838,0.49727,-0.36922,0.000305,-0.000287,0.002284,0.001343,-0.000468
3237,120,conference,mask_conference,environment,network_actively,goal_achieved,0.6561,0.37676,-0.27105,0.50000,0.49861,-0.36969,0.000306,-0.000281,0.001622,0.001339,-0.000471
3238,120,conference,mask_conference,environment,network_actively,goal_achieved,0.6544,0.37707,-0.27133,0.50000,0.49995,-0.37016,0.000307,-0.000278,0.000000,0.001337,-0.000474
3239,120,conference,mask_conference,environment,network_actively,goal_achieved,0.6548,0.37738,-0.27161,0.50000,0.50000,-0.37064,0.000306,-0.000279,0.000000,0.000053,-0.000473
3240,120,conference,mask_conference,environment,take_notes,goal_achieved,1.0151,0.37770,-0.27152,0.50000,0.50000,-0.37096,0.000325,0.000093,0.000000,0.000000,-0.000321
