update,episode,circumstance,mask,partner,style,outcome,chosen_regret,o,c,e,a,n,step_o,step_c,step_e,step_a,step_n
1,1,work,mask_work,environment,network_actively,failed,-1.2101,-0.00046,0.00105,-0.00371,-0.00172,0.00026,-0.000465,0.001055,-0.003714,-0.001716,0.000263
2,1,work,mask_work,environment,network_actively,goal_achieved,1.2011,-0.00015,-0.00029,0.00006,0.00004,0.00017,0.000312,-0.001345,0.003776,0.001751,-0.000089
3,1,work,mask_work,environment,network_actively,goal_achieved,1.1938,0.00017,-0.00162,0.00382,0.00178,0.00007,0.000318,-0.001328,0.003762,0.001748,-0.000100
4,1,work,mask_work,environment,network_actively,failed,-1.2031,-0.00031,-0.00058,0.00012,0.00007,0.00035,-0.000471,0.001038,-0.003701,-0.001715,0.000275
5,1,work,mask_work,environment,network_actively,delayed,-0.6085,-0.00058,-0.00012,-0.00172,-0.00078,0.00052,-0.000270,0.000456,-0.001844,-0.000850,0.000174
6,1,work,mask_work,environment,network_actively,failed,-1.2120,-0.00104,0.00093,-0.00544,-0.00250,0.00078,-0.000465,0.001056,-0.003717,-0.001716,0.000262
7,1,work,mask_work,environment,tidy_up,failed,-2.0154,-0.00081,0.00045,-0.00579,-0.00279,0.00112,0.000229,-0.000485,-0.000351,-0.000297,0.000331
8,1,work,mask_work,environment,network_actively,goal_achieved,1.3842,-0.00010,-0.00154,-0.00145,-0.00092,0.00123,0.000710,-0.001990,0.004339,0.001870,0.000116
9,1,work,mask_work,environment,network_actively,failed,-1.0317,-0.00018,-0.00114,-0.00461,-0.00252,0.00170,-0.000075,0.000406,-0.003156,-0.001597,0.000471
10,1,home,mask_home,environment,tidy_up,delayed,-1.1800,0.00012,-0.00046,0.00031,0.00008,0.00018,0.000124,-0.000460,0.000305,0.000076,0.000185
11,1,home,mask_home,environment,deep_work,goal_achieved,2.2008,0.00063,-0.00005,-0.00037,-0.00042,-0.00009,0.000507,0.000410,-0.000679,-0.000492,-0.000271
12,1,home,mask_home,environment,network_actively,failed,-1.3353,0.00075,0.00156,-0.00480,-0.00264,-0.00018,0.000120,0.001609,-0.004424,-0.002227,-0.000094
13,1,home,mask_home,environment,network_actively,failed,-1.3471,0.00089,0.00320,-0.00925,-0.00488,-0.00030,0.000138,0.001641,-0.004454,-0.002239,-0.000115
14,1,home,mask_home,environment,take_notes,failed,-1.1520,0.00059,0.00397,-0.01270,-0.00671,-0.00027,-0.000301,0.000772,-0.003449,-0.001833,0.000022
15,1,home,mask_home,environment,network_actively,failed,-1.1098,0.00029,0.00476,-0.01617,-0.00855,-0.00026,-0.000294,0.000787,-0.003465,-0.001838,0.000009
16,1,home,mask_home,environment,network_actively,delayed,-0.4996,0.00019,0.00493,-0.01775,-0.00953,-0.00034,-0.000104,0.000172,-0.001583,-0.000973,-0.000072
17,1,home,mask_home,environment,tidy_up,goal_achieved,3.4304,-0.00067,0.00657,-0.02160,-0.01133,-0.00067,-0.000860,0.001634,-0.003855,-0.001804,-0.000337
18,1,home,mask_home,environment,network_actively,goal_achieved,1.2166,-0.00054,0.00533,-0.01791,-0.00979,-0.00110,0.000126,-0.001238,0.003691,0.001543,-0.000428
19,1,conference,mask_conference,environment,network_actively,goal_achieved,1.1944,0.00032,-0.00133,0.00376,0.00175,-0.00010,0.000317,-0.001331,0.003764,0.001749,-0.000099
20,1,conference,mask_conference,environment,network_actively,goal_achieved,1.1871,0.00064,-0.00264,0.00751,0.00349,-0.00021,0.000323,-0.001313,0.003749,0.001746,-0.000109
21,1,conference,mask_conference,environment,network_actively,goal_achieved,1.1798,0.00097,-0.00394,0.01125,0.00524,-0.00033,0.000329,-0.001296,0.003734,0.001743,-0.000120
22,1,conference,mask_conference,environment,network_actively,goal_achieved,1.1726,0.00130,-0.00522,0.01497,0.00698,-0.00046,0.000335,-0.001278,0.003719,0.001740,-0.000131
23,1,conference,mask_conference,environment,network_actively,goal_achieved,1.1654,0.00165,-0.00648,0.01867,0.00871,-0.00060,0.000341,-0.001261,0.003704,0.001737,-0.000142
24,1,conference,mask_conference,environment,network_actively,delayed,-0.5937,0.00137,-0.00605,0.01685,0.00786,-0.00040,-0.000281,0.000424,-0.001816,-0.000850,0.000197
25,1,conference,mask_conference,environment,quick_scan,failed,-3.1205,0.00193,-0.00639,0.01942,0.00963,-0.00126,0.000563,-0.000334,0.002568,0.001767,-0.000860
26,1,conference,mask_conference,environment,network_actively,goal_achieved,1.4309,0.00260,-0.00700,0.02290,0.01183,-0.00219,0.000671,-0.000607,0.003482,0.002200,-0.000924
27,1,conference,mask_conference,environment,network_actively,goal_achieved,1.4276,0.00328,-0.00759,0.02638,0.01403,-0.00312,0.000676,-0.000595,0.003474,0.002202,-0.000934
28,2,work,mask_work,environment,take_notes,goal_achieved,2.6174,0.00052,-0.00081,-0.00575,-0.00312,0.00186,0.000694,0.000332,-0.001141,-0.000602,0.000161
29,2,work,mask_work,environment,rest_deeply,failed,-1.8968,0.00174,0.00012,-0.00548,-0.00352,0.00176,0.001219,0.000928,0.000266,-0.000402,-0.000105
30,2,work,mask_work,environment,tidy_up,failed,-2.0430,0.00296,0.00105,-0.00522,-0.00393,0.00165,0.001221,0.000932,0.000256,-0.000405,-0.000106
31,2,work,mask_work,environment,rest_deeply,delayed,-0.8035,0.00392,0.00170,-0.00568,-0.00444,0.00168,0.000963,0.000641,-0.000453,-0.000507,0.000026
32,2,work,mask_work,environment,network_actively,delayed,-0.4585,0.00490,0.00287,-0.00696,-0.00544,0.00169,0.000978,0.001174,-0.001285,-0.001003,0.000010
33,2,work,mask_work,environment,network_actively,delayed,-0.4614,0.00589,0.00405,-0.00826,-0.00645,0.00170,0.000986,0.001185,-0.001297,-0.001007,0.000006
34,2,work,mask_work,environment,network_actively,goal_achieved,1.3647,0.00743,0.00339,-0.00391,-0.00485,0.00147,0.001541,-0.000666,0.004350,0.001601,-0.000225
35,2,work,mask_work,environment,take_notes,failed,-1.7187,0.00763,0.00232,-0.00177,-0.00438,0.00174,0.000204,-0.001071,0.002144,0.000465,0.000268
36,2,work,mask_work,environment,quick_scan,delayed,-0.4358,0.00844,0.00246,-0.00078,-0.00413,0.00148,0.000809,0.000145,0.000987,0.000256,-0.000257
37,2,home,mask_home,environment,network_actively,delayed,-0.6426,-0.00096,0.00600,-0.01993,-0.01085,-0.00134,-0.000413,0.000672,-0.002013,-0.001065,-0.000234
38,2,home,mask_home,environment,rest_deeply,goal_achieved,2.9261,-0.00190,0.00605,-0.02334,-0.01211,-0.00130,-0.000944,0.000054,-0.003412,-0.001260,0.000039
39,2,home,mask_home,environment,rest_deeply,goal_achieved,2.9206,-0.00285,0.00611,-0.02676,-0.01337,-0.00126,-0.000946,0.000054,-0.003424,-0.001262,0.000036
40,2,home,mask_home,environment,network_actively,failed,-1.5917,-0.00397,0.00680,-0.03211,-0.01551,-0.00117,-0.001127,0.000697,-0.005345,-0.002135,0.000091
41,2,home,mask_home,environment,network_actively,failed,-1.6044,-0.00510,0.00751,-0.03747,-0.01765,-0.00109,-0.001128,0.000705,-0.005367,-0.002139,0.000079
42,2,home,mask_home,environment,network_actively,failed,-1.6171,-0.00623,0.00822,-0.04286,-0.01979,-0.00102,-0.001129,0.000712,-0.005388,-0.002142,0.000068
43,2,home,mask_home,environment,rest_deeply,goal_achieved,3.0938,-0.00725,0.00850,-0.04698,-0.02135,-0.00099,-0.001016,0.000277,-0.004123,-0.001565,0.000028
44,2,home,mask_home,environment,tidy_up,goal_achieved,2.7921,-0.00860,0.00929,-0.05155,-0.02301,-0.00113,-0.001351,0.000789,-0.004561,-0.001653,-0.000137
45,2,home,mask_home,environment,network_actively,failed,-1.7012,-0.00984,0.01019,-0.05713,-0.02519,-0.00115,-0.001246,0.000900,-0.005583,-0.002179,-0.000014
46,2,conference,mask_conference,environment,network_actively,goal_achieved,1.4242,0.00396,-0.00817,0.02985,0.01624,-0.00407,0.000682,-0.000584,0.003467,0.002205,-0.000945
47,2,conference,mask_conference,environment,quick_scan,failed,-3.2405,0.00457,-0.00857,0.03270,0.01816,-0.00498,0.000616,-0.000392,0.002853,0.001921,-0.000913
48,2,conference,mask_conference,environment,quick_scan,delayed,-2.1323,0.00503,-0.00927,0.03564,0.01984,-0.00551,0.000454,-0.000706,0.002945,0.001681,-0.000527
49,2,conference,mask_conference,environment,network_actively,goal_achieved,1.3684,0.00567,-0.00993,0.03912,0.02197,-0.00635,0.000641,-0.000659,0.003478,0.002130,-0.000842
50,2,conference,mask_conference,environment,network_actively,goal_achieved,1.3647,0.00632,-0.01058,0.04259,0.02410,-0.00720,0.000647,-0.000647,0.003469,0.002132,-0.000853
51,2,conference,mask_conference,environment,network_actively,goal_achieved,1.3610,0.00697,-0.01121,0.04605,0.02624,-0.00807,0.000652,-0.000635,0.003460,0.002134,-0.000863
52,2,conference,mask_conference,environment,network_actively,goal_achieved,1.3574,0.00762,-0.01184,0.04950,0.02837,-0.00894,0.000657,-0.000623,0.003451,0.002136,-0.000873
53,2,conference,mask_conference,environment,network_actively,goal_achieved,1.3538,0.00829,-0.01245,0.05294,0.03051,-0.00982,0.000662,-0.000611,0.003442,0.002137,-0.000884
54,2,conference,mask_conference,environment,rest_deeply,failed,-3.0908,0.00937,-0.01245,0.05737,0.03268,-0.01090,0.001086,-0.000005,0.004425,0.002169,-0.001081
55,3,work,mask_work,environment,network_actively,delayed,-0.0804,0.00911,0.00305,-0.00116,-0.00450,0.00128,0.000674,0.000589,-0.000379,-0.000377,-0.000197
56,3,work,mask_work,environment,network_actively,failed,-0.6857,0.00961,0.00425,-0.00342,-0.00575,0.00117,0.000492,0.001205,-0.002260,-0.001250,-0.000116
57,3,work,mask_work,environment,take_notes,failed,-1.4705,0.00993,0.00361,-0.00175,-0.00524,0.00108,0.000321,-0.000644,0.001670,0.000508,-0.000083
58,3,work,mask_work,environment,network_actively,goal_achieved,1.8186,0.01100,0.00206,0.00385,-0.00287,0.00070,0.001072,-0.001555,0.005597,0.002373,-0.000385
59,3,work,mask_work,environment,network_actively,delayed,0.0032,0.01152,0.00234,0.00381,-0.00311,0.00056,0.000518,0.000287,-0.000034,-0.000236,-0.000142
60,3,work,mask_work,environment,network_actively,failed,-0.5980,0.01185,0.00324,0.00191,-0.00422,0.00050,0.000334,0.000896,-0.001907,-0.001108,-0.000058
61,3,work,mask_work,environment,tidy_up,delayed,-0.4621,0.01228,0.00350,0.00265,-0.00402,0.00021,0.000429,0.000260,0.000740,0.000192,-0.000291
62,3,work,mask_work,environment,network_actively,goal_achieved,1.7803,0.01328,0.00205,0.00814,-0.00167,-0.00021,0.001001,-0.001446,0.005490,0.002355,-0.000424
63,3,work,mask_work,environment,network_actively,failed,-0.6245,0.01354,0.00305,0.00614,-0.00279,-0.00030,0.000265,0.000993,-0.001993,-0.001126,-0.000086
64,3,home,mask_home,environment,network_actively,failed,-1.7152,-0.01109,0.01110,-0.06273,-0.02737,-0.00117,-0.001248,0.000908,-0.005602,-0.002181,-0.000026
65,3,home,mask_home,environment,rest_deeply,goal_achieved,3.0774,-0.01225,0.01164,-0.06729,-0.02908,-0.00122,-0.001161,0.000542,-0.004558,-0.001709,-0.000052
66,3,home,mask_home,environment,deep_work,failed,-1.6958,-0.01437,0.01013,-0.06960,-0.02943,-0.00019,-0.002115,-0.001512,-0.002312,-0.000352,0.001033
67,3,home,mask_home,environment,rest_deeply,goal_achieved,3.3311,-0.01601,0.00963,-0.07306,-0.03046,0.00030,-0.001645,-0.000492,-0.003458,-0.001034,0.000492
68,3,home,mask_home,environment,network_actively,delayed,-0.8250,-0.01759,0.00882,-0.07564,-0.03110,0.00079,-0.001578,-0.000811,-0.002583,-0.000639,0.000483
69,3,home,mask_home,environment,network_actively,delayed,-0.8291,-0.01917,0.00801,-0.07823,-0.03174,0.00127,-0.001583,-0.000817,-0.002594,-0.000639,0.000485
70,3,home,mask_home,environment,network_actively,goal_achieved,1.1519,-0.02026,0.00513,-0.07498,-0.02978,0.00169,-0.001086,-0.002873,0.003253,0.001958,0.000420
71,3,home,mask_home,environment,take_notes,goal_achieved,2.3919,-0.02086,0.00630,-0.07996,-0.03142,0.00188,-0.000602,0.001166,-0.004983,-0.001636,0.000187
72,3,home,mask_home,environment,network_actively,failed,-1.7831,-0.02212,0.00710,-0.08558,-0.03336,0.00224,-0.001255,0.000800,-0.005618,-0.001941,0.000362
73,3,conference,mask_conference,environment,quick_scan,failed,-3.0665,0.01052,-0.01235,0.06175,0.03494,-0.01213,0.001143,0.000105,0.004381,0.002257,-0.001222
74,3,conference,mask_conference,environment,network_actively,goal_achieved,1.6277,0.01166,-0.01243,0.06651,0.03731,-0.01329,0.001147,-0.000083,0.004764,0.002377,-0.001159
75,3,conference,mask_conference,environment,network_actively,goal_achieved,1.6202,0.01281,-0.01251,0.07126,0.03969,-0.01445,0.001147,-0.000079,0.004745,0.002378,-0.001166
76,3,conference,mask_conference,environment,network_actively,delayed,-0.0319,0.01327,-0.01111,0.07073,0.03952,-0.01514,0.000459,0.001403,-0.000532,-0.000169,-0.000691
77,3,conference,mask_conference,environment,deep_work,goal_achieved,1.5278,0.01463,-0.01031,0.07401,0.04114,-0.01662,0.001362,0.000797,0.003281,0.001617,-0.001476
78,3,conference,mask_conference,environment,rest_deeply,failed,-3.1765,0.01599,-0.00952,0.07728,0.04276,-0.01809,0.001357,0.000790,0.003268,0.001617,-0.001474
79,3,conference,mask_conference,environment,network_actively,delayed,-0.2025,0.01674,-0.00740,0.07589,0.04212,-0.01915,0.000756,0.002115,-0.001383,-0.000637,-0.001058
80,3,conference,mask_conference,environment,deep_work,failed,-3.0418,0.01745,-0.00799,0.08056,0.04454,-0.01985,0.000703,-0.000586,0.004667,0.002417,-0.000695
81,3,conference,mask_conference,environment,network_actively,goal_achieved,1.5997,0.01857,-0.00810,0.08524,0.04691,-0.02100,0.001124,-0.000112,0.004684,0.002376,-0.001156
82,4,work,mask_work,environment,quick_scan,goal_achieved,3.0524,0.01364,0.00212,0.00749,-0.00316,0.00058,0.000092,-0.000924,0.001350,-0.000367,0.000883
83,4,work,mask_work,environment,network_actively,failed,-0.8202,0.01366,0.00264,0.00567,-0.00461,0.00105,0.000028,0.000522,-0.001827,-0.001451,0.000472
84,4,work,mask_work,environment,network_actively,goal_achieved,1.5774,0.01443,0.00074,0.01131,-0.00258,0.00118,0.000762,-0.001903,0.005644,0.002035,0.000122
85,4,work,mask_work,environment,deep_work,goal_achieved,2.7177,0.01513,0.00114,0.01156,-0.00317,0.00105,0.000706,0.000399,0.000248,-0.000589,-0.000128
86,4,work,mask_work,environment,network_actively,delayed,-0.4394,0.01572,0.00193,0.01059,-0.00432,0.00098,0.000586,0.000790,-0.000966,-0.001158,-0.000069
87,4,work,mask_work,environment,network_actively,goal_achieved,1.3462,0.01686,0.00092,0.01520,-0.00287,0.00063,0.001141,-0.001006,0.004610,0.001452,-0.000348
88,4,work,mask_work,environment,network_actively,goal_achieved,1.3366,0.01799,-0.00008,0.01980,-0.00142,0.00028,0.001132,-0.001002,0.004597,0.001455,-0.000348
89,4,work,mask_work,environment,network_actively,delayed,-0.4381,0.01856,0.00069,0.01884,-0.00257,0.00024,0.000564,0.000764,-0.000957,-0.001152,-0.000048
90,4,work,mask_work,environment,quick_scan,goal_achieved,2.7011,0.01903,0.00051,0.01950,-0.00337,0.00067,0.000472,-0.000174,0.000658,-0.000803,0.000438
91,4,home,mask_home,environment,network_actively,goal_achieved,0.8692,-0.02270,0.00516,-0.08338,-0.03184,0.00252,-0.000588,-0.001938,0.002199,0.001520,0.000278
92,4,home,mask_home,environment,quick_scan,delayed,-0.9064,-0.02367,0.00555,-0.08720,-0.03275,0.00254,-0.000963,0.000395,-0.003818,-0.000914,0.000026
93,4,home,mask_home,environment,deep_work,goal_achieved,2.2860,-0.02416,0.00697,-0.09214,-0.03435,0.00203,-0.000488,0.001419,-0.004938,-0.001592,-0.000518
94,4,home,mask_home,environment,network_actively,failed,-1.7984,-0.02514,0.00839,-0.09830,-0.03635,0.00189,-0.000980,0.001417,-0.006158,-0.002005,-0.000135
95,4,home,mask_home,environment,take_notes,failed,-2.1120,-0.02649,0.00819,-0.10157,-0.03711,0.00190,-0.001352,-0.000197,-0.003272,-0.000757,0.000004
96,4,home,mask_home,environment,deep_work,delayed,-0.9498,-0.02791,0.00775,-0.10460,-0.03758,0.00227,-0.001426,-0.000444,-0.003029,-0.000468,0.000376
97,4,home,mask_home,environment,network_actively,delayed,-0.9956,-0.02902,0.00792,-0.10823,-0.03843,0.00230,-0.001110,0.000169,-0.003631,-0.000854,0.000026
98,4,home,mask_home,environment,network_actively,delayed,-1.0018,-0.03014,0.00808,-0.11186,-0.03928,0.00233,-0.001117,0.000162,-0.003636,-0.000853,0.000029
99,4,home,mask_home,environment,network_actively,failed,-1.6932,-0.03143,0.00894,-0.11747,-0.04100,0.00236,-0.001286,0.000855,-0.005610,-0.001712,0.000036
100,4,conference,mask_conference,environment,deep_work,failed,-3.0774,0.01929,-0.00867,0.08991,0.04934,-0.02173,0.000720,-0.000571,0.004662,0.002431,-0.000725
101,4,conference,mask_conference,environment,network_actively,goal_achieved,1.6385,0.02032,-0.00900,0.09482,0.05187,-0.02278,0.001029,-0.000329,0.004915,0.002529,-0.001055
102,4,conference,mask_conference,environment,tidy_up,failed,-2.9046,0.02159,-0.00970,0.09950,0.05415,-0.02358,0.001270,-0.000695,0.004675,0.002274,-0.000798
103,4,conference,mask_conference,environment,network_actively,delayed,0.1763,0.02227,-0.00915,0.09977,0.05426,-0.02395,0.000682,0.000547,0.000278,0.000116,-0.000372
104,4,conference,mask_conference,environment,network_actively,goal_achieved,1.7769,0.02364,-0.01006,0.10520,0.05692,-0.02484,0.001370,-0.000906,0.005425,0.002655,-0.000883
105,4,conference,mask_conference,environment,network_actively,goal_achieved,1.7652,0.02501,-0.01094,0.11059,0.05957,-0.02574,0.001370,-0.000885,0.005393,0.002654,-0.000901
106,4,conference,mask_conference,environment,take_notes,delayed,-1.5667,0.02608,-0.01195,0.11553,0.06197,-0.02648,0.001067,-0.001005,0.004942,0.002397,-0.000748
107,4,conference,mask_conference,environment,rest_deeply,goal_achieved,1.8754,0.02635,-0.01371,0.11797,0.06396,-0.02689,0.000269,-0.001762,0.002436,0.001992,-0.000408
108,4,conference,mask_conference,environment,network_actively,goal_achieved,1.6750,0.02728,-0.01516,0.12291,0.06666,-0.02765,0.000933,-0.001453,0.004943,0.002696,-0.000760
109,5,work,mask_work,environment,network_actively,failed,-1.0960,0.01933,0.00172,0.01674,-0.00551,0.00091,0.000300,0.001203,-0.002762,-0.002140,0.000237
110,5,work,mask_work,environment,network_actively,delayed,-0.5095,0.01982,0.00235,0.01581,-0.00679,0.00103,0.000496,0.000631,-0.000928,-0.001275,0.000124
111,5,work,mask_work,environment,network_actively,delayed,-0.5109,0.02033,0.00299,0.01487,-0.00807,0.00115,0.000501,0.000640,-0.000936,-0.001278,0.000117
112,5,work,mask_work,environment,network_actively,goal_achieved,1.2683,0.02137,0.00182,0.01950,-0.00673,0.00099,0.001041,-0.001164,0.004631,0.001339,-0.000161
113,5,work,mask_work,environment,network_actively,delayed,-0.5114,0.02186,0.00245,0.01857,-0.00800,0.00112,0.000490,0.000629,-0.000935,-0.001278,0.000128
114,5,work,mask_work,environment,quick_scan,delayed,-0.6108,0.02281,0.00330,0.01875,-0.00821,0.00041,0.000951,0.000843,0.000183,-0.000204,-0.000705
115,5,work,mask_work,environment,rest_deeply,failed,-1.9726,0.02364,0.00380,0.01942,-0.00870,0.00021,0.000831,0.000503,0.000666,-0.000494,-0.000201
116,5,work,mask_work,environment,network_actively,goal_achieved,1.3479,0.02479,0.00284,0.02408,-0.00724,-0.00016,0.001149,-0.000963,0.004661,0.001463,-0.000368
117,5,work,mask_work,environment,network_actively,failed,-1.0122,0.02522,0.00427,0.02134,-0.00927,-0.00014,0.000430,0.001433,-0.002742,-0.002030,0.000015
118,5,home,mask_home,environment,deep_work,delayed,-0.9490,-0.03290,0.00848,-0.12060,-0.04149,0.00276,-0.001472,-0.000461,-0.003122,-0.000493,0.000398
119,5,home,mask_home,environment,deep_work,failed,-2.0593,-0.03464,0.00747,-0.12315,-0.04162,0.00345,-0.001738,-0.001010,-0.002555,-0.000135,0.000691
120,5,home,mask_home,environment,network_actively,failed,-1.6352,-0.03610,0.00798,-0.12845,-0.04312,0.00366,-0.001459,0.000517,-0.005299,-0.001501,0.000211
121,5,home,mask_home,environment,take_notes,failed,-1.9683,-0.03779,0.00723,-0.13137,-0.04360,0.00398,-0.001691,-0.000748,-0.002919,-0.000471,0.000317
122,5,home,mask_home,environment,tidy_up,goal_achieved,2.7963,-0.03947,0.00734,-0.13509,-0.04434,0.00411,-0.001681,0.000102,-0.003726,-0.000744,0.000132
123,5,home,mask_home,environment,quick_scan,failed,-1.9051,-0.04086,0.00741,-0.13876,-0.04491,0.00405,-0.001388,0.000073,-0.003669,-0.000569,-0.000058
124,5,home,mask_home,environment,network_actively,failed,-1.6032,-0.04245,0.00795,-0.14405,-0.04627,0.00413,-0.001591,0.000541,-0.005293,-0.001365,0.000080
125,5,home,mask_home,environment,rest_deeply,goal_achieved,3.0718,-0.04392,0.00790,-0.14773,-0.04694,0.00423,-0.001472,-0.000053,-0.003677,-0.000666,0.000094
126,5,home,mask_home,environment,tidy_up,failed,-1.6932,-0.04455,0.00661,-0.15051,-0.04744,0.00470,-0.000631,-0.001291,-0.002777,-0.000500,0.000476
127,5,conference,mask_conference,environment,network_actively,goal_achieved,1.6638,0.02822,-0.01658,0.12782,0.06935,-0.02844,0.000941,-0.001417,0.004910,0.002693,-0.000783
128,5,conference,mask_conference,environment,quick_scan,delayed,-1.7499,0.02891,-0.01801,0.13193,0.07141,-0.02881,0.000690,-0.001427,0.004112,0.002062,-0.000377
129,5,conference,mask_conference,environment,network_actively,delayed,0.0942,0.02909,-0.01815,0.13187,0.07155,-0.02894,0.000184,-0.000148,-0.000067,0.000144,-0.000123
130,5,conference,mask_conference,environment,network_actively,goal_achieved,1.6184,0.03002,-0.01955,0.13672,0.07419,-0.02970,0.000928,-0.001396,0.004849,0.002639,-0.000761
131,5,conference,mask_conference,environment,network_actively,goal_achieved,1.6072,0.03096,-0.02091,0.14153,0.07683,-0.03048,0.000935,-0.001359,0.004814,0.002635,-0.000784
132,5,conference,mask_conference,environment,rest_deeply,failed,-2.7179,0.03202,-0.02179,0.14626,0.07915,-0.03127,0.001060,-0.000880,0.004729,0.002324,-0.000791
133,5,conference,mask_conference,environment,network_actively,goal_achieved,1.6238,0.03303,-0.02302,0.15121,0.08181,-0.03212,0.001012,-0.001236,0.004949,0.002660,-0.000851
134,5,conference,mask_conference,environment,rest_deeply,delayed,-1.6139,0.03391,-0.02403,0.15530,0.08404,-0.03287,0.000884,-0.001008,0.004091,0.002230,-0.000749
135,5,conference,mask_conference,environment,tidy_up,failed,-3.0155,0.03480,-0.02501,0.15937,0.08627,-0.03364,0.000889,-0.000984,0.004066,0.002227,-0.000764
136,6,work,mask_work,environment,rest_deeply,delayed,-0.8782,0.02580,0.00450,0.02136,-0.00984,-0.00022,0.000588,0.000226,0.000027,-0.000577,-0.000083
137,6,work,mask_work,environment,network_actively,goal_achieved,1.3199,0.02691,0.00349,0.02590,-0.00840,-0.00057,0.001101,-0.001010,0.004536,0.001445,-0.000348
138,6,work,mask_work,environment,take_notes,goal_achieved,2.3787,0.02820,0.00499,0.02498,-0.00943,-0.00093,0.001299,0.001509,-0.000925,-0.001027,-0.000356
139,6,work,mask_work,environment,take_notes,delayed,-0.9966,0.02885,0.00516,0.02562,-0.00983,-0.00105,0.000641,0.000166,0.000648,-0.000401,-0.000121
140,6,work,mask_work,environment,deep_work,goal_achieved,2.5312,0.02966,0.00569,0.02584,-0.01040,-0.00124,0.000818,0.000529,0.000219,-0.000572,-0.000186
141,6,work,mask_work,environment,network_actively,goal_achieved,1.2513,0.03085,0.00489,0.03010,-0.00906,-0.00162,0.001191,-0.000803,0.004261,0.001344,-0.000384
142,6,work,mask_work,environment,network_actively,failed,-1.0984,0.03135,0.00650,0.02697,-0.01121,-0.00163,0.000496,0.001617,-0.003129,-0.002159,-0.000009
143,6,work,mask_work,environment,network_actively,delayed,-0.5172,0.03203,0.00754,0.02567,-0.01251,-0.00175,0.000683,0.001036,-0.001305,-0.001292,-0.000119
144,6,work,mask_work,environment,network_actively,failed,-1.1103,0.03256,0.00921,0.02250,-0.01468,-0.00179,0.000525,0.001668,-0.003173,-0.002177,-0.000043
145,6,home,mask_home,environment,deep_work,goal_achieved,2.4864,-0.04524,0.00758,-0.15536,-0.04892,0.00419,-0.000686,0.000975,-0.004854,-0.001485,-0.000515
146,6,home,mask_home,environment,rest_deeply,goal_achieved,3.0794,-0.04647,0.00743,-0.15906,-0.04968,0.00427,-0.001236,-0.000147,-0.003696,-0.000753,0.000086
147,6,home,mask_home,environment,network_actively,failed,-1.6230,-0.04784,0.00786,-0.16438,-0.05112,0.00435,-0.001372,0.000428,-0.005319,-0.001444,0.000076
148,6,home,mask_home,environment,network_actively,delayed,-0.9142,-0.04907,0.00756,-0.16772,-0.05172,0.00445,-0.001225,-0.000305,-0.003340,-0.000597,0.000103
149,6,home,mask_home,environment,rest_deeply,goal_achieved,3.0721,-0.05033,0.00739,-0.17147,-0.05249,0.00456,-0.001264,-0.000165,-0.003756,-0.000773,0.000103
150,6,home,mask_home,environment,network_actively,goal_achieved,1.2510,-0.05111,0.00490,-0.16888,-0.05056,0.00475,-0.000775,-0.002488,0.002593,0.001928,0.000189
151,6,home,mask_home,environment,network_actively,delayed,-0.9227,-0.05234,0.00458,-0.17224,-0.05116,0.00486,-0.001236,-0.000320,-0.003362,-0.000599,0.000110
152,6,home,mask_home,environment,tidy_up,delayed,-0.7039,-0.05317,0.00369,-0.17532,-0.05175,0.00516,-0.000824,-0.000890,-0.003080,-0.000585,0.000301
153,6,home,mask_home,environment,network_actively,delayed,-0.9002,-0.05435,0.00325,-0.17862,-0.05233,0.00531,-0.001177,-0.000443,-0.003298,-0.000585,0.000151
154,6,conference,mask_conference,environment,quick_scan,goal_achieved,1.4856,0.03498,-0.02719,0.16344,0.08730,-0.03276,0.000180,-0.002175,0.004073,0.001032,0.000873
155,6,conference,mask_conference,environment,tidy_up,failed,-3.1395,0.03576,-0.02830,0.16744,0.08932,-0.03329,0.000781,-0.001115,0.003999,0.002015,-0.000529
156,6,conference,mask_conference,environment,tidy_up,failed,-3.1483,0.03655,-0.02939,0.17140,0.09132,-0.03384,0.000785,-0.001088,0.003968,0.002009,-0.000544
157,6,conference,mask_conference,environment,network_actively,goal_achieved,1.4542,0.03748,-0.03062,0.17613,0.09374,-0.03453,0.000931,-0.001226,0.004726,0.002420,-0.000699
158,6,conference,mask_conference,environment,rest_deeply,delayed,-1.7866,0.03828,-0.03165,0.18006,0.09575,-0.03511,0.000798,-0.001035,0.003928,0.002009,-0.000581
159,6,conference,mask_conference,environment,network_actively,goal_achieved,1.4319,0.03922,-0.03281,0.18470,0.09816,-0.03585,0.000942,-0.001157,0.004646,0.002404,-0.000737
160,6,conference,mask_conference,environment,rest_deeply,goal_achieved,1.6192,0.03952,-0.03422,0.18683,0.09986,-0.03627,0.000297,-0.001410,0.002128,0.001700,-0.000419
161,6,conference,mask_conference,environment,take_notes,delayed,-2.0480,0.04026,-0.03524,0.19045,0.10182,-0.03687,0.000743,-0.001021,0.003612,0.001959,-0.000600
162,6,conference,mask_conference,environment,tidy_up,delayed,-2.0776,0.04088,-0.03599,0.19379,0.10371,-0.03757,0.000623,-0.000753,0.003343,0.001895,-0.000695
163,7,work,mask_work,environment,take_notes,delayed,-0.9606,0.03320,0.00944,0.02299,-0.01516,-0.00193,0.000646,0.000233,0.000491,-0.000475,-0.000139
164,7,work,mask_work,environment,network_actively,failed,-1.1014,0.03372,0.01108,0.01985,-0.01732,-0.00199,0.000514,0.001643,-0.003133,-0.002161,-0.000055
165,7,work,mask_work,environment,network_actively,delayed,-0.5119,0.03441,0.01212,0.01856,-0.01861,-0.00214,0.000690,0.001036,-0.001290,-0.001289,-0.000150
166,7,work,mask_work,environment,deep_work,goal_achieved,2.6217,0.03521,0.01273,0.01854,-0.01930,-0.00234,0.000804,0.000608,-0.000022,-0.000691,-0.000206
167,7,work,mask_work,environment,take_notes,delayed,-0.9210,0.03586,0.01303,0.01888,-0.01985,-0.00250,0.000652,0.000302,0.000336,-0.000548,-0.000156
168,7,work,mask_work,environment,quick_scan,goal_achieved,2.7225,0.03641,0.01312,0.01906,-0.02084,-0.00215,0.000542,0.000093,0.000186,-0.000990,0.000352
169,7,work,mask_work,environment,take_notes,goal_achieved,2.3887,0.03770,0.01474,0.01778,-0.02211,-0.00243,0.001296,0.001612,-0.001288,-0.001271,-0.000288
170,7,work,mask_work,environment,deep_work,goal_achieved,2.5499,0.03852,0.01537,0.01764,-0.02292,-0.00256,0.000813,0.000631,-0.000134,-0.000812,-0.000126
171,7,work,mask_work,environment,network_actively,goal_achieved,1.2147,0.03967,0.01448,0.02185,-0.02168,-0.00283,0.001157,-0.000888,0.004210,0.001236,-0.000273
172,7,home,mask_home,environment,network_actively,delayed,-0.9055,-0.05553,0.00280,-0.18192,-0.05292,0.00546,-0.001183,-0.000454,-0.003302,-0.000585,0.000156
173,7,home,mask_home,environment,rest_deeply,goal_achieved,3.0084,-0.05673,0.00238,-0.18537,-0.05356,0.00562,-0.001201,-0.000414,-0.003447,-0.000645,0.000159
174,7,home,mask_home,environment,network_actively,delayed,-0.9161,-0.05793,0.00191,-0.18868,-0.05415,0.00579,-0.001196,-0.000476,-0.003309,-0.000584,0.000166
175,7,home,mask_home,environment,rest_deeply,goal_achieved,2.9962,-0.05914,0.00147,-0.19213,-0.05479,0.00596,-0.001214,-0.000438,-0.003449,-0.000641,0.000169
176,7,home,mask_home,environment,network_actively,failed,-1.6635,-0.06051,0.00169,-0.19742,-0.05620,0.00611,-0.001367,0.000215,-0.005293,-0.001417,0.000149
177,7,home,mask_home,environment,deep_work,failed,-1.9819,-0.06232,0.00009,-0.19978,-0.05611,0.00691,-0.001812,-0.001594,-0.002355,0.000092,0.000803
178,7,home,mask_home,environment,deep_work,delayed,-0.8967,-0.06385,-0.00094,-0.20273,-0.05640,0.00740,-0.001529,-0.001027,-0.002949,-0.000288,0.000495
179,7,home,mask_home,environment,take_notes,failed,-1.9782,-0.06548,-0.00209,-0.20557,-0.05672,0.00777,-0.001632,-0.001150,-0.002845,-0.000322,0.000364
180,7,home,mask_home,environment,quick_scan,delayed,-0.7385,-0.06693,-0.00296,-0.20875,-0.05727,0.00820,-0.001453,-0.000877,-0.003176,-0.000550,0.000432
181,7,conference,mask_conference,environment,network_actively,goal_achieved,1.3408,0.04175,-0.03705,0.19800,0.10603,-0.03836,0.000866,-0.001051,0.004215,0.002319,-0.000790
182,7,conference,mask_conference,environment,quick_scan,delayed,-1.9317,0.04248,-0.03795,0.20151,0.10797,-0.03902,0.000736,-0.000901,0.003502,0.001941,-0.000663
183,7,conference,mask_conference,environment,quick_scan,goal_achieved,1.2530,0.04259,-0.03983,0.20486,0.10878,-0.03824,0.000108,-0.001883,0.003358,0.000810,0.000778
184,7,conference,mask_conference,environment,network_actively,goal_achieved,1.2389,0.04340,-0.04089,0.20894,0.11093,-0.03891,0.000809,-0.001059,0.004073,0.002148,-0.000671
185,7,conference,mask_conference,environment,quick_scan,delayed,-1.9698,0.04416,-0.04169,0.21235,0.11286,-0.03963,0.000759,-0.000803,0.003414,0.001927,-0.000722
186,7,conference,mask_conference,environment,network_actively,delayed,-0.0939,0.04408,-0.04206,0.21219,0.11267,-0.03935,-0.000078,-0.000372,-0.000165,-0.000188,0.000288
187,7,conference,mask_conference,environment,quick_scan,goal_achieved,1.2617,0.04418,-0.04382,0.21530,0.11336,-0.03858,0.000098,-0.001760,0.003117,0.000696,0.000765
188,7,conference,mask_conference,environment,quick_scan,goal_achieved,1.2455,0.04428,-0.04554,0.21835,0.11403,-0.03783,0.000101,-0.001711,0.003052,0.000668,0.000750
189,7,conference,mask_conference,environment,network_actively,goal_achieved,1.1067,0.04502,-0.04656,0.22221,0.11595,-0.03837,0.000744,-0.001029,0.003851,0.001920,-0.000541
190,8,work,mask_work,environment,network_actively,delayed,-0.5883,0.04037,0.01555,0.02043,-0.02310,-0.00291,0.000701,0.001070,-0.001421,-0.001418,-0.000074
191,8,work,mask_work,environment,network_actively,delayed,-0.5910,0.04108,0.01663,0.01900,-0.02453,-0.00299,0.000709,0.001084,-0.001434,-0.001423,-0.000084
192,8,work,mask_work,environment,quick_scan,goal_achieved,2.6603,0.04171,0.01688,0.01902,-0.02557,-0.00269,0.000626,0.000247,0.000019,-0.001048,0.000304
193,8,work,mask_work,environment,network_actively,failed,-1.2217,0.04225,0.01858,0.01570,-0.02793,-0.00265,0.000543,0.001702,-0.003311,-0.002360,0.000038
194,8,work,mask_work,environment,network_actively,goal_achieved,1.1911,0.04337,0.01763,0.01992,-0.02675,-0.00285,0.001121,-0.000956,0.004212,0.001186,-0.000200
195,8,work,mask_work,environment,network_actively,delayed,-0.6227,0.04406,0.01867,0.01847,-0.02822,-0.00287,0.000687,0.001045,-0.001442,-0.001477,-0.000025
196,8,work,mask_work,environment,rest_deeply,failed,-2.1327,0.04497,0.01939,0.01865,-0.02904,-0.00301,0.000911,0.000720,0.000176,-0.000814,-0.000134
197,8,work,mask_work,environment,network_actively,delayed,-0.6138,0.04569,0.02048,0.01725,-0.03051,-0.00306,0.000722,0.001092,-0.001403,-0.001477,-0.000051
198,8,work,mask_work,environment,rest_deeply,delayed,-1.0074,0.04637,0.02096,0.01677,-0.03143,-0.00308,0.000681,0.000475,-0.000477,-0.000917,-0.000023
199,8,home,mask_home,environment,network_actively,failed,-1.6274,-0.06851,-0.00314,-0.21376,-0.05853,0.00853,-0.001573,-0.000177,-0.005008,-0.001258,0.000331
200,8,home,mask_home,environment,deep_work,failed,-1.9741,-0.07044,-0.00491,-0.21609,-0.05843,0.00941,-0.001931,-0.001771,-0.002336,0.000095,0.000883
201,8,home,mask_home,environment,network_actively,goal_achieved,1.3817,-0.07143,-0.00802,-0.21313,-0.05633,0.00992,-0.000992,-0.003111,0.002958,0.002103,0.000508
202,8,home,mask_home,environment,network_actively,goal_achieved,1.3720,-0.07240,-0.01110,-0.21020,-0.05423,0.01041,-0.000973,-0.003076,0.002934,0.002099,0.000486
203,8,home,mask_home,environment,network_actively,failed,-1.6073,-0.07404,-0.01139,-0.21518,-0.05544,0.01080,-0.001635,-0.000292,-0.004977,-0.001205,0.000393
204,8,home,mask_home,environment,take_notes,goal_achieved,2.3140,-0.07458,-0.01083,-0.21968,-0.05648,0.01099,-0.000549,0.000556,-0.004501,-0.001040,0.000187
205,8,home,mask_home,environment,rest_deeply,delayed,-0.1597,-0.07477,-0.00998,-0.22044,-0.05670,0.01066,-0.000185,0.000856,-0.000760,-0.000218,-0.000326
206,8,home,mask_home,environment,rest_deeply,goal_achieved,2.9055,-0.07610,-0.01075,-0.22363,-0.05716,0.01105,-0.001326,-0.000773,-0.003196,-0.000464,0.000390
207,8,home,mask_home,environment,tidy_up,goal_achieved,2.6011,-0.07779,-0.01074,-0.22707,-0.05768,0.01118,-0.001697,0.000015,-0.003434,-0.000518,0.000132
208,8,conference,mask_conference,environment,network_actively,delayed,-0.1920,0.04483,-0.04709,0.22200,0.11556,-0.03784,-0.000193,-0.000522,-0.000210,-0.000390,0.000532
209,8,conference,mask_conference,environment,quick_scan,failed,-2.9569,0.04580,-0.04738,0.22514,0.11776,-0.03910,0.000965,-0.000290,0.003149,0.002195,-0.001261
210,8,conference,mask_conference,environment,tidy_up,failed,-3.4037,0.04642,-0.04825,0.22820,0.11928,-0.03952,0.000623,-0.000873,0.003054,0.001526,-0.000418
211,8,conference,mask_conference,environment,quick_scan,goal_achieved,1.2464,0.04651,-0.04983,0.23100,0.11983,-0.03879,0.000096,-0.001583,0.002802,0.000551,0.000733
212,8,conference,mask_conference,environment,rest_deeply,failed,-3.1859,0.04731,-0.05050,0.23473,0.12140,-0.03923,0.000794,-0.000673,0.003729,0.001567,-0.000444
213,8,conference,mask_conference,environment,network_actively,goal_achieved,1.0697,0.04810,-0.05135,0.23847,0.12327,-0.03985,0.000795,-0.000849,0.003740,0.001867,-0.000619
214,8,conference,mask_conference,environment,network_actively,goal_achieved,1.0597,0.04890,-0.05217,0.24217,0.12512,-0.04048,0.000800,-0.000816,0.003696,0.001855,-0.000635
215,8,conference,mask_conference,environment,network_actively,goal_achieved,1.0498,0.04971,-0.05295,0.24582,0.12696,-0.04113,0.000804,-0.000783,0.003652,0.001843,-0.000651
216,8,conference,mask_conference,environment,network_actively,goal_achieved,1.0403,0.05052,-0.05371,0.24943,0.12880,-0.04180,0.000809,-0.000752,0.003609,0.001831,-0.000666
217,9,work,mask_work,environment,tidy_up,delayed,-1.1428,0.04705,0.02177,0.01642,-0.03235,-0.00323,0.000673,0.000808,-0.000354,-0.000914,-0.000147
218,9,work,mask_work,environment,network_actively,delayed,-0.6469,0.04773,0.02291,0.01488,-0.03385,-0.00330,0.000682,0.001142,-0.001536,-0.001505,-0.000074
219,9,work,mask_work,environment,network_actively,failed,-1.2583,0.04829,0.02475,0.01143,-0.03625,-0.00334,0.000561,0.001847,-0.003444,-0.002402,-0.000040
220,9,work,mask_work,environment,deep_work,delayed,-0.8342,0.04841,0.02395,0.01286,-0.03618,-0.00266,0.000118,-0.000806,0.001428,0.000078,0.000686
221,9,work,mask_work,environment,rest_deeply,failed,-2.0347,0.04917,0.02451,0.01316,-0.03688,-0.00268,0.000765,0.000557,0.000302,-0.000702,-0.000020
222,9,work,mask_work,environment,tidy_up,delayed,-1.0285,0.04974,0.02509,0.01308,-0.03764,-0.00269,0.000566,0.000587,-0.000087,-0.000763,-0.000014
223,9,work,mask_work,environment,tidy_up,delayed,-1.0293,0.05031,0.02568,0.01299,-0.03840,-0.00271,0.000568,0.000589,-0.000092,-0.000764,-0.000016
224,9,work,mask_work,environment,network_actively,failed,-1.1938,0.05074,0.02733,0.00986,-0.04062,-0.00263,0.000432,0.001646,-0.003126,-0.002214,0.000073
225,9,work,mask_work,environment,rest_deeply,failed,-2.0306,0.05148,0.02798,0.01003,-0.04137,-0.00268,0.000742,0.000652,0.000166,-0.000750,-0.000051
226,9,home,mask_home,environment,deep_work,failed,-2.1393,-0.07954,-0.01216,-0.22928,-0.05757,0.01196,-0.001747,-0.001423,-0.002218,0.000108,0.000775
227,9,home,mask_home,environment,network_actively,failed,-1.6819,-0.08107,-0.01210,-0.23430,-0.05881,0.01229,-0.001527,0.000061,-0.005019,-0.001243,0.000331
228,9,home,mask_home,environment,deep_work,failed,-2.1344,-0.08283,-0.01352,-0.23659,-0.05873,0.01308,-0.001768,-0.001427,-0.002286,0.000087,0.000786
229,9,home,mask_home,environment,network_actively,failed,-1.6786,-0.08441,-0.01355,-0.24155,-0.05992,0.01345,-0.001574,-0.000029,-0.004961,-0.001195,0.000375
230,9,home,mask_home,environment,network_actively,delayed,-0.9266,-0.08582,-0.01428,-0.24455,-0.06030,0.01386,-0.001415,-0.000731,-0.002994,-0.000378,0.000409
231,9,home,mask_home,environment,deep_work,goal_achieved,2.2227,-0.08643,-0.01342,-0.24913,-0.06173,0.01341,-0.000610,0.000863,-0.004582,-0.001429,-0.000446
232,9,home,mask_home,environment,rest_deeply,goal_achieved,2.8647,-0.08790,-0.01418,-0.25249,-0.06222,0.01383,-0.001469,-0.000761,-0.003363,-0.000493,0.000418
233,9,home,mask_home,environment,deep_work,failed,-2.1475,-0.08973,-0.01567,-0.25485,-0.06214,0.01466,-0.001823,-0.001487,-0.002361,0.000078,0.000824
234,9,home,mask_home,environment,tidy_up,goal_achieved,2.5947,-0.09155,-0.01579,-0.25834,-0.06264,0.01488,-0.001826,-0.000125,-0.003492,-0.000496,0.000222
235,9,conference,mask_conference,environment,network_actively,goal_achieved,1.0309,0.05133,-0.05443,0.25300,0.13061,-0.04248,0.000813,-0.000721,0.003567,0.001819,-0.000681
236,9,conference,mask_conference,environment,network_actively,goal_achieved,1.0218,0.05215,-0.05512,0.25652,0.13242,-0.04318,0.000817,-0.000691,0.003526,0.001807,-0.000696
237,9,conference,mask_conference,environment,network_actively,goal_achieved,1.0129,0.05297,-0.05578,0.26001,0.13422,-0.04389,0.000821,-0.000662,0.003485,0.001796,-0.000710
238,9,conference,mask_conference,environment,network_actively,goal_achieved,1.0043,0.05379,-0.05641,0.26345,0.13600,-0.04461,0.000825,-0.000633,0.003445,0.001785,-0.000724
239,9,conference,mask_conference,environment,quick_scan,delayed,-2.0558,0.05465,-0.05673,0.26640,0.13781,-0.04558,0.000861,-0.000314,0.002948,0.001805,-0.000973
240,9,conference,mask_conference,environment,network_actively,goal_achieved,1.0030,0.05550,-0.05730,0.26979,0.13960,-0.04636,0.000845,-0.000571,0.003388,0.001795,-0.000777
241,9,conference,mask_conference,environment,network_actively,delayed,-0.1802,0.05532,-0.05776,0.26964,0.13921,-0.04584,-0.000181,-0.000466,-0.000144,-0.000393,0.000523
242,9,conference,mask_conference,environment,rest_deeply,failed,-3.3210,0.05616,-0.05817,0.27303,0.14073,-0.04645,0.000840,-0.000412,0.003385,0.001525,-0.000618
243,9,conference,mask_conference,environment,network_actively,delayed,-0.1699,0.05599,-0.05862,0.27295,0.14035,-0.04594,-0.000165,-0.000451,-0.000077,-0.000383,0.000519
244,10,work,mask_work,environment,deep_work,goal_achieved,2.5387,0.05227,0.02885,0.00960,-0.04236,-0.00286,0.000790,0.000864,-0.000423,-0.000989,-0.000172
245,10,work,mask_work,environment,network_actively,delayed,-0.5940,0.05288,0.02989,0.00832,-0.04372,-0.00288,0.000609,0.001041,-0.001282,-0.001359,-0.000020
246,10,work,mask_work,environment,rest_deeply,failed,-2.0396,0.05365,0.03062,0.00838,-0.04452,-0.00297,0.000772,0.000730,0.000058,-0.000803,-0.000090
247,10,work,mask_work,environment,network_actively,delayed,-0.5919,0.05428,0.03169,0.00710,-0.04588,-0.00300,0.000627,0.001068,-0.001275,-0.001362,-0.000037
248,10,work,mask_work,environment,network_actively,goal_achieved,1.2644,0.05525,0.03058,0.01157,-0.04455,-0.00311,0.000969,-0.001103,0.004462,0.001330,-0.000111
249,10,work,mask_work,environment,rest_deeply,delayed,-0.9443,0.05578,0.03101,0.01110,-0.04540,-0.00308,0.000535,0.000426,-0.000464,-0.000850,0.000035
250,10,work,mask_work,environment,network_actively,failed,-1.2187,0.05628,0.03278,0.00787,-0.04767,-0.00308,0.000494,0.001771,-0.003233,-0.002269,-0.000000
251,10,work,mask_work,environment,network_actively,delayed,-0.6053,0.05689,0.03385,0.00653,-0.04905,-0.00312,0.000620,0.001068,-0.001337,-0.001375,-0.000041
252,10,work,mask_work,environment,network_actively,goal_achieved,1.2565,0.05784,0.03272,0.01094,-0.04772,-0.00322,0.000947,-0.001129,0.004411,0.001322,-0.000101
253,10,home,mask_home,environment,tidy_up,goal_achieved,2.5884,-0.09339,-0.01593,-0.26183,-0.06313,0.01511,-0.001835,-0.000134,-0.003491,-0.000494,0.000227
254,10,home,mask_home,environment,rest_deeply,delayed,-0.1988,-0.09380,-0.01488,-0.26275,-0.06337,0.01475,-0.000410,0.001051,-0.000913,-0.000233,-0.000351
255,10,home,mask_home,environment,deep_work,failed,-2.1560,-0.09566,-0.01615,-0.26503,-0.06328,0.01550,-0.001860,-0.001274,-0.002286,0.000086,0.000751
256,10,home,mask_home,environment,network_actively,failed,-1.7385,-0.09730,-0.01603,-0.26993,-0.06445,0.01583,-0.001643,0.000123,-0.004898,-0.001174,0.000321
257,10,home,mask_home,environment,network_actively,failed,-1.7483,-0.09895,-0.01592,-0.27482,-0.06562,0.01615,-0.001652,0.000108,-0.004890,-0.001168,0.000326
258,10,home,mask_home,environment,network_actively,failed,-1.7580,-0.10061,-0.01582,-0.27970,-0.06678,0.01648,-0.001660,0.000094,-0.004882,-0.001162,0.000332
259,10,home,mask_home,environment,network_actively,failed,-1.7677,-0.10228,-0.01575,-0.28458,-0.06794,0.01682,-0.001669,0.000078,-0.004874,-0.001155,0.000338
260,10,home,mask_home,environment,take_notes,failed,-2.0098,-0.10422,-0.01695,-0.28712,-0.06811,0.01729,-0.001942,-0.001202,-0.002546,-0.000171,0.000470
261,10,home,mask_home,environment,network_actively,failed,-1.7514,-0.10596,-0.01699,-0.29191,-0.06922,0.01765,-0.001741,-0.000041,-0.004783,-0.001107,0.000361
262,10,conference,mask_conference,environment,network_actively,goal_achieved,0.9939,0.05686,-0.05911,0.27631,0.14213,-0.04676,0.000873,-0.000481,0.003360,0.001780,-0.000820
263,10,conference,mask_conference,environment,network_actively,goal_achieved,0.9863,0.05774,-0.05956,0.27963,0.14390,-0.04759,0.000876,-0.000457,0.003324,0.001770,-0.000831
264,10,conference,mask_conference,environment,network_actively,delayed,-0.1720,0.05757,-0.06001,0.27955,0.14351,-0.04707,-0.000169,-0.000447,-0.000085,-0.000388,0.000521
265,10,conference,mask_conference,environment,network_actively,goal_achieved,0.9764,0.05845,-0.06043,0.28282,0.14527,-0.04791,0.000881,-0.000421,0.003276,0.001757,-0.000849
266,10,conference,mask_conference,environment,rest_deeply,delayed,-2.1284,0.05914,-0.06083,0.28547,0.14661,-0.04851,0.000691,-0.000399,0.002644,0.001339,-0.000593
267,10,conference,mask_conference,environment,network_actively,goal_achieved,0.9640,0.06003,-0.06121,0.28868,0.14835,-0.04938,0.000887,-0.000378,0.003216,0.001741,-0.000870
268,10,conference,mask_conference,environment,network_actively,goal_achieved,0.9576,0.06092,-0.06157,0.29187,0.15008,-0.05026,0.000888,-0.000360,0.003185,0.001733,-0.000879
269,10,conference,mask_conference,environment,network_actively,goal_achieved,0.9526,0.06180,-0.06192,0.29503,0.15181,-0.05114,0.000886,-0.000348,0.003161,0.001729,-0.000884
270,10,conference,mask_conference,environment,network_actively,delayed,-0.1749,0.06163,-0.06235,0.29494,0.15142,-0.05062,-0.000175,-0.000437,-0.000095,-0.000397,0.000524
271,11,work,mask_work,environment,take_notes,delayed,-0.9226,0.05831,0.03289,0.01132,-0.04833,-0.00320,0.000464,0.000168,0.000380,-0.000605,0.000021
272,11,work,mask_work,environment,network_actively,goal_achieved,1.2597,0.05922,0.03171,0.01578,-0.04698,-0.00329,0.000911,-0.001177,0.004454,0.001346,-0.000092
273,11,work,mask_work,environment,quick_scan,goal_achieved,2.7251,0.05971,0.03190,0.01590,-0.04792,-0.00297,0.000489,0.000195,0.000122,-0.000937,0.000323
274,11,work,mask_work,environment,take_notes,failed,-2.0737,0.05989,0.03149,0.01696,-0.04828,-0.00281,0.000187,-0.000414,0.001064,-0.000361,0.000162
275,11,work,mask_work,environment,network_actively,delayed,-0.5832,0.06040,0.03235,0.01580,-0.04962,-0.00275,0.000503,0.000860,-0.001161,-0.001340,0.000056
276,11,work,mask_work,environment,rest_deeply,failed,-2.0728,0.06107,0.03285,0.01612,-0.05034,-0.00277,0.000671,0.000497,0.000318,-0.000718,-0.000016
277,11,work,mask_work,environment,take_notes,goal_achieved,2.3458,0.06225,0.03444,0.01481,-0.05165,-0.00293,0.001179,0.001592,-0.001312,-0.001308,-0.000164
278,11,work,mask_work,environment,network_actively,failed,-1.2315,0.06272,0.03618,0.01160,-0.05395,-0.00290,0.000476,0.001738,-0.003207,-0.002299,0.000035
279,11,work,mask_work,environment,take_notes,goal_achieved,2.3568,0.06392,0.03783,0.01020,-0.05529,-0.00308,0.001201,0.001647,-0.001400,-0.001346,-0.000183
280,11,home,mask_home,environment,rest_deeply,goal_achieved,2.8704,-0.10775,-0.01790,-0.29538,-0.06967,0.01817,-0.001788,-0.000913,-0.003471,-0.000456,0.000520
281,11,home,mask_home,environment,network_actively,delayed,-0.9800,-0.10935,-0.01867,-0.29824,-0.06999,0.01859,-0.001603,-0.000766,-0.002865,-0.000314,0.000420
282,11,home,mask_home,environment,take_notes,failed,-2.0296,-0.11134,-0.01992,-0.30086,-0.07017,0.01909,-0.001985,-0.001250,-0.002619,-0.000182,0.000496
283,11,home,mask_home,environment,network_actively,failed,-1.7630,-0.11316,-0.02010,-0.30560,-0.07124,0.01949,-0.001824,-0.000178,-0.004742,-0.001066,0.000397
284,11,home,mask_home,environment,network_actively,failed,-1.7723,-0.11500,-0.02029,-0.31034,-0.07230,0.01989,-0.001833,-0.000194,-0.004735,-0.001060,0.000403
285,11,home,mask_home,environment,tidy_up,goal_achieved,2.6822,-0.11704,-0.02058,-0.31375,-0.07275,0.02019,-0.002040,-0.000294,-0.003409,-0.000455,0.000302
286,11,home,mask_home,environment,network_actively,delayed,-0.9989,-0.11875,-0.02143,-0.31657,-0.07303,0.02063,-0.001717,-0.000847,-0.002827,-0.000278,0.000442
287,11,home,mask_home,environment,take_notes,goal_achieved,2.2742,-0.11956,-0.02067,-0.32107,-0.07407,0.02087,-0.000810,0.000757,-0.004499,-0.001040,0.000237
288,11,home,mask_home,environment,rest_deeply,delayed,-0.1634,-0.12009,-0.01951,-0.32220,-0.07438,0.02053,-0.000529,0.001164,-0.001126,-0.000306,-0.000340
289,11,conference,mask_conference,environment,network_actively,goal_achieved,0.9462,0.06251,-0.06268,0.29806,0.15314,-0.05151,0.000885,-0.000328,0.003129,0.001723,-0.000892
290,11,conference,mask_conference,environment,rest_deeply,failed,-3.3247,0.06332,-0.06294,0.30107,0.15454,-0.05217,0.000810,-0.000259,0.003008,0.001404,-0.000657
291,11,conference,mask_conference,environment,quick_scan,delayed,-2.0024,0.06420,-0.06301,0.30371,0.15623,-0.05321,0.000874,-0.000073,0.002639,0.001685,-0.001048
292,11,conference,mask_conference,environment,quick_scan,goal_achieved,1.0890,0.06435,-0.06404,0.30581,0.15647,-0.05265,0.000151,-0.001022,0.002103,0.000240,0.000564
293,11,conference,mask_conference,environment,network_actively,goal_achieved,0.9143,0.06522,-0.06433,0.30888,0.15814,-0.05352,0.000869,-0.000294,0.003061,0.001670,-0.000871
294,11,conference,mask_conference,environment,network_actively,goal_achieved,0.9096,0.06608,-0.06461,0.31191,0.15980,-0.05440,0.000867,-0.000284,0.003037,0.001666,-0.000875
295,11,conference,mask_conference,environment,network_actively,goal_achieved,0.9049,0.06695,-0.06489,0.31493,0.16146,-0.05527,0.000865,-0.000274,0.003014,0.001661,-0.000879
296,11,conference,mask_conference,environment,network_actively,goal_achieved,0.9004,0.06781,-0.06515,0.31792,0.16312,-0.05616,0.000863,-0.000264,0.002991,0.001657,-0.000884
297,11,conference,mask_conference,environment,rest_deeply,delayed,-2.2344,0.06848,-0.06544,0.32032,0.16439,-0.05678,0.000667,-0.000289,0.002407,0.001268,-0.000620
298,12,work,mask_work,environment,tidy_up,failed,-2.2502,0.06477,0.03829,0.01015,-0.05614,-0.00305,0.000842,0.000467,-0.000050,-0.000845,0.000025
299,12,work,mask_work,environment,take_notes,goal_achieved,2.3592,0.06600,0.03993,0.00875,-0.05749,-0.00324,0.001232,0.001640,-0.001401,-0.001350,-0.000184
300,12,work,mask_work,environment,network_actively,failed,-1.2911,0.06662,0.04189,0.00530,-0.05988,-0.00328,0.000622,0.001956,-0.003446,-0.002391,-0.000037
301,12,work,mask_work,environment,quick_scan,delayed,-0.6911,0.06773,0.04331,0.00467,-0.06045,-0.00406,0.001113,0.001418,-0.000637,-0.000571,-0.000785
302,12,work,mask_work,environment,network_actively,failed,-1.2717,0.06842,0.04539,0.00115,-0.06280,-0.00422,0.000692,0.002085,-0.003516,-0.002354,-0.000161
303,12,work,mask_work,environment,network_actively,failed,-1.2793,0.06913,0.04751,-0.00239,-0.06516,-0.00440,0.000710,0.002116,-0.003538,-0.002361,-0.000183
304,12,work,mask_work,environment,take_notes,goal_achieved,2.4187,0.07047,0.04938,-0.00406,-0.06657,-0.00473,0.001336,0.001874,-0.001676,-0.001409,-0.000324
305,12,work,mask_work,environment,quick_scan,delayed,-0.6965,0.07164,0.05095,-0.00494,-0.06726,-0.00554,0.001174,0.001568,-0.000878,-0.000692,-0.000811
306,12,work,mask_work,environment,network_actively,goal_achieved,1.2654,0.07276,0.05006,-0.00084,-0.06600,-0.00576,0.001119,-0.000887,0.004103,0.001260,-0.000223
307,12,home,mask_home,environment,network_actively,failed,-1.8344,-0.12182,-0.01943,-0.32694,-0.07547,0.02087,-0.001723,0.000075,-0.004739,-0.001100,0.000340
308,12,home,mask_home,environment,tidy_up,goal_achieved,2.6473,-0.12372,-0.01949,-0.33035,-0.07598,0.02112,-0.001908,-0.000057,-0.003414,-0.000506,0.000256
309,12,home,mask_home,environment,take_notes,goal_achieved,2.2846,-0.12451,-0.01861,-0.33473,-0.07701,0.02133,-0.000784,0.000879,-0.004373,-0.001030,0.000203
310,12,home,mask_home,environment,rest_deeply,goal_achieved,2.7144,-0.12631,-0.01934,-0.33849,-0.07757,0.02187,-0.001804,-0.000727,-0.003768,-0.000555,0.000538
311,12,home,mask_home,environment,network_actively,delayed,-1.1124,-0.12786,-0.01984,-0.34146,-0.07794,0.02226,-0.001547,-0.000500,-0.002963,-0.000375,0.000393
312,12,home,mask_home,environment,deep_work,goal_achieved,2.0600,-0.12853,-0.01856,-0.34625,-0.07953,0.02173,-0.000671,0.001278,-0.004793,-0.001591,-0.000524
313,12,home,mask_home,environment,rest_deeply,goal_achieved,2.6630,-0.13030,-0.01923,-0.35008,-0.08014,0.02224,-0.001769,-0.000671,-0.003825,-0.000605,0.000503
314,12,home,mask_home,environment,deep_work,goal_achieved,2.0327,-0.13099,-0.01799,-0.35487,-0.08173,0.02173,-0.000688,0.001240,-0.004792,-0.001590,-0.000508
315,12,home,mask_home,environment,rest_deeply,goal_achieved,2.6215,-0.13272,-0.01861,-0.35875,-0.08238,0.02220,-0.001735,-0.000613,-0.003880,-0.000653,0.000469
316,12,conference,mask_conference,environment,network_actively,goal_achieved,0.8920,0.06934,-0.06569,0.32327,0.16604,-0.05767,0.000859,-0.000245,0.002948,0.001649,-0.000892
317,12,conference,mask_conference,environment,rest_deeply,delayed,-2.2493,0.07001,-0.06596,0.32565,0.16730,-0.05830,0.000667,-0.000273,0.002381,0.001267,-0.000631
318,12,conference,mask_conference,environment,network_actively,goal_achieved,0.8838,0.07086,-0.06619,0.32856,0.16894,-0.05920,0.000856,-0.000227,0.002906,0.001641,-0.000899
319,12,conference,mask_conference,environment,rest_deeply,failed,-3.4457,0.07164,-0.06638,0.33135,0.17029,-0.05987,0.000777,-0.000195,0.002790,0.001349,-0.000672
320,12,conference,mask_conference,environment,quick_scan,failed,-3.1111,0.07278,-0.06603,0.33409,0.17249,-0.06154,0.001138,0.000350,0.002740,0.002201,-0.001674
321,12,conference,mask_conference,environment,network_actively,delayed,-0.1670,0.07261,-0.06643,0.33404,0.17210,-0.06103,-0.000165,-0.000397,-0.000053,-0.000394,0.000511
322,12,conference,mask_conference,environment,quick_scan,goal_achieved,1.0255,0.07274,-0.06735,0.33592,0.17228,-0.06050,0.000130,-0.000919,0.001888,0.000181,0.000537
323,12,conference,mask_conference,environment,network_actively,goal_achieved,0.8676,0.07360,-0.06753,0.33876,0.17390,-0.06141,0.000853,-0.000181,0.002841,0.001623,-0.000913
324,12,conference,mask_conference,environment,network_actively,goal_achieved,0.8636,0.07445,-0.06770,0.34158,0.17552,-0.06233,0.000851,-0.000173,0.002820,0.001619,-0.000916
325,13,work,mask_work,environment,rest_deeply,failed,-2.0896,0.07377,0.05120,-0.00125,-0.06691,-0.00607,0.001010,0.001135,-0.000406,-0.000906,-0.000313
326,13,work,mask_work,environment,rest_deeply,failed,-2.0915,0.07479,0.05234,-0.00166,-0.06782,-0.00639,0.001014,0.001141,-0.000416,-0.000909,-0.000317
327,13,work,mask_work,environment,take_notes,failed,-1.9386,0.07513,0.05221,-0.00083,-0.06819,-0.00650,0.000344,-0.000125,0.000829,-0.000370,-0.000110
328,13,work,mask_work,environment,rest_deeply,failed,-2.0693,0.07611,0.05328,-0.00117,-0.06907,-0.00681,0.000975,0.001066,-0.000334,-0.000876,-0.000308
329,13,work,mask_work,environment,rest_deeply,failed,-2.0710,0.07708,0.05435,-0.00151,-0.06994,-0.00712,0.000978,0.001071,-0.000343,-0.000879,-0.000312
330,13,work,mask_work,environment,tidy_up,failed,-2.1971,0.07813,0.05519,-0.00186,-0.07082,-0.00735,0.001044,0.000837,-0.000347,-0.000872,-0.000233
331,13,work,mask_work,environment,deep_work,goal_achieved,2.5198,0.07919,0.05647,-0.00268,-0.07192,-0.00779,0.001067,0.001280,-0.000825,-0.001099,-0.000436
332,13,work,mask_work,environment,rest_deeply,failed,-2.0812,0.08022,0.05758,-0.00309,-0.07283,-0.00813,0.001022,0.001111,-0.000404,-0.000915,-0.000341
333,13,work,mask_work,environment,network_actively,failed,-1.2814,0.08109,0.05993,-0.00674,-0.07522,-0.00850,0.000869,0.002355,-0.003656,-0.002385,-0.000367
334,13,home,mask_home,environment,rest_deeply,goal_achieved,2.6146,-0.13446,-0.01923,-0.36262,-0.08303,0.02267,-0.001742,-0.000628,-0.003875,-0.000649,0.000476
335,13,home,mask_home,environment,network_actively,failed,-2.0640,-0.13614,-0.01900,-0.36765,-0.08426,0.02297,-0.001672,0.000231,-0.005027,-0.001229,0.000291
336,13,home,mask_home,environment,take_notes,failed,-2.1660,-0.13822,-0.02013,-0.37049,-0.08455,0.02341,-0.002086,-0.001126,-0.002837,-0.000296,0.000445
337,13,home,mask_home,environment,deep_work,delayed,-1.1890,-0.14004,-0.02090,-0.37363,-0.08491,0.02397,-0.001813,-0.000766,-0.003142,-0.000361,0.000559
338,13,home,mask_home,environment,network_actively,delayed,-1.2113,-0.14163,-0.02146,-0.37668,-0.08534,0.02436,-0.001594,-0.000568,-0.003057,-0.000430,0.000387
339,13,home,mask_home,environment,take_notes,goal_achieved,2.1183,-0.14241,-0.02063,-0.38118,-0.08645,0.02458,-0.000784,0.000837,-0.004496,-0.001101,0.000221
340,13,home,mask_home,environment,take_notes,failed,-2.1817,-0.14454,-0.02182,-0.38398,-0.08671,0.02505,-0.002124,-0.001195,-0.002800,-0.000268,0.000476
341,13,home,mask_home,environment,network_actively,delayed,-1.2415,-0.14612,-0.02238,-0.38706,-0.08715,0.02545,-0.001583,-0.000560,-0.003074,-0.000438,0.000398
342,13,home,mask_home,environment,network_actively,delayed,-1.2462,-0.14771,-0.02295,-0.39013,-0.08759,0.02585,-0.001588,-0.000570,-0.003071,-0.000435,0.000402
343,13,conference,mask_conference,environment,network_actively,goal_achieved,0.8597,0.07530,-0.06787,0.34438,0.17714,-0.06324,0.000849,-0.000166,0.002800,0.001615,-0.000919
344,13,conference,mask_conference,environment,network_actively,delayed,-0.1987,0.07509,-0.06829,0.34429,0.17667,-0.06266,-0.000202,-0.000428,-0.000096,-0.000465,0.000581
345,13,conference,mask_conference,environment,network_actively,goal_achieved,0.8541,0.07594,-0.06844,0.34706,0.17828,-0.06359,0.000847,-0.000149,0.002770,0.001609,-0.000926
346,13,conference,mask_conference,environment,quick_scan,failed,-3.0911,0.07706,-0.06804,0.34967,0.18045,-0.06528,0.001121,0.000402,0.002610,0.002166,-0.001686
347,13,conference,mask_conference,environment,quick_scan,delayed,-2.0686,0.07793,-0.06796,0.35206,0.18211,-0.06641,0.000868,0.000079,0.002393,0.001659,-0.001130
348,13,conference,mask_conference,environment,network_actively,goal_achieved,0.8789,0.07881,-0.06807,0.35483,0.18378,-0.06741,0.000877,-0.000106,0.002765,0.001674,-0.001003
349,13,conference,mask_conference,environment,network_actively,delayed,-0.1685,0.07864,-0.06845,0.35475,0.18338,-0.06690,-0.000169,-0.000382,-0.000073,-0.000398,0.000505
350,13,conference,mask_conference,environment,network_actively,goal_achieved,0.8740,0.07951,-0.06854,0.35749,0.18505,-0.06791,0.000875,-0.000092,0.002739,0.001669,-0.001009
351,13,conference,mask_conference,environment,quick_scan,delayed,-2.0602,0.08037,-0.06845,0.35983,0.18669,-0.06904,0.000858,0.000093,0.002335,0.001641,-0.001129
352,14,work,mask_work,environment,quick_scan,goal_achieved,2.7466,0.08188,0.06063,-0.00718,-0.07638,-0.00841,0.000792,0.000693,-0.000435,-0.001164,0.000089
353,14,work,mask_work,environment,take_notes,goal_achieved,2.3899,0.08335,0.06266,-0.00895,-0.07783,-0.00883,0.001469,0.002031,-0.001773,-0.001453,-0.000425
354,14,work,mask_work,environment,network_actively,delayed,-0.6809,0.08432,0.06426,-0.01074,-0.07937,-0.00917,0.000975,0.001599,-0.001795,-0.001537,-0.000332
355,14,work,mask_work,environment,network_actively,goal_achieved,1.2765,0.08546,0.06333,-0.00664,-0.07817,-0.00936,0.001142,-0.000929,0.004105,0.001203,-0.000195
356,14,work,mask_work,environment,network_actively,delayed,-0.6831,0.08644,0.06493,-0.00845,-0.07971,-0.00969,0.000972,0.001599,-0.001806,-0.001540,-0.000331
357,14,work,mask_work,environment,network_actively,failed,-1.3389,0.08737,0.06739,-0.01223,-0.08217,-0.01008,0.000931,0.002462,-0.003789,-0.002460,-0.000390
358,14,work,mask_work,environment,network_actively,delayed,-0.6909,0.08836,0.06903,-0.01407,-0.08372,-0.01044,0.000999,0.001636,-0.001836,-0.001551,-0.000358
359,14,work,mask_work,environment,rest_deeply,goal_achieved,2.4183,0.08854,0.06911,-0.01667,-0.08497,-0.01029,0.000180,0.000083,-0.002598,-0.001249,0.000152
360,14,work,mask_work,environment,take_notes,delayed,-0.8752,0.08919,0.06956,-0.01674,-0.08571,-0.01051,0.000643,0.000451,-0.000067,-0.000745,-0.000225
361,14,home,mask_home,environment,take_notes,goal_achieved,2.0905,-0.14851,-0.02216,-0.39457,-0.08867,0.02610,-0.000797,0.000787,-0.004441,-0.001079,0.000244
362,14,home,mask_home,environment,tidy_up,goal_achieved,2.3830,-0.15038,-0.02214,-0.39823,-0.08929,0.02637,-0.001872,0.000022,-0.003664,-0.000624,0.000273
363,14,home,mask_home,environment,rest_deeply,goal_achieved,2.5199,-0.15219,-0.02285,-0.40208,-0.08991,0.02691,-0.001814,-0.000712,-0.003851,-0.000619,0.000541
364,14,home,mask_home,environment,network_actively,delayed,-1.3179,-0.15378,-0.02337,-0.40522,-0.09037,0.02733,-0.001589,-0.000515,-0.003141,-0.000458,0.000414
365,14,home,mask_home,environment,network_actively,delayed,-1.3228,-0.15538,-0.02389,-0.40836,-0.09082,0.02774,-0.001594,-0.000526,-0.003137,-0.000455,0.000419
366,14,home,mask_home,environment,rest_deeply,goal_achieved,2.4985,-0.15721,-0.02465,-0.41218,-0.09143,0.02830,-0.001831,-0.000757,-0.003820,-0.000603,0.000560
367,14,home,mask_home,environment,rest_deeply,goal_achieved,2.4916,-0.15904,-0.02542,-0.41599,-0.09202,0.02887,-0.001838,-0.000773,-0.003813,-0.000598,0.000567
368,14,home,mask_home,environment,network_actively,failed,-2.2199,-0.16083,-0.02537,-0.42096,-0.09318,0.02925,-0.001782,0.000055,-0.004970,-0.001159,0.000384
369,14,home,mask_home,environment,deep_work,goal_achieved,1.8320,-0.16160,-0.02431,-0.42572,-0.09476,0.02885,-0.000777,0.001058,-0.004758,-0.001574,-0.000410
370,14,conference,mask_conference,environment,network_actively,delayed,-0.1613,0.08021,-0.06882,0.35976,0.18631,-0.06856,-0.000162,-0.000369,-0.000070,-0.000382,0.000486
371,14,conference,mask_conference,environment,network_actively,goal_achieved,0.8754,0.08109,-0.06889,0.36247,0.18799,-0.06959,0.000881,-0.000067,0.002711,0.001681,-0.001035
372,14,conference,mask_conference,environment,network_actively,goal_achieved,0.8723,0.08197,-0.06895,0.36516,0.18967,-0.07063,0.000879,-0.000063,0.002695,0.001678,-0.001037
373,14,conference,mask_conference,environment,rest_deeply,goal_achieved,1.3751,0.08235,-0.06923,0.36614,0.19071,-0.07128,0.000380,-0.000278,0.000971,0.001038,-0.000652
374,14,conference,mask_conference,environment,quick_scan,delayed,-2.0647,0.08318,-0.06913,0.36834,0.19232,-0.07240,0.000830,0.000095,0.002203,0.001609,-0.001123
375,14,conference,mask_conference,environment,quick_scan,goal_achieved,0.9980,0.08324,-0.06999,0.36985,0.19239,-0.07185,0.000062,-0.000857,0.001516,0.000069,0.000551
376,14,conference,mask_conference,environment,network_actively,goal_achieved,0.8342,0.08408,-0.07006,0.37240,0.19400,-0.07286,0.000839,-0.000068,0.002546,0.001618,-0.001005
377,14,conference,mask_conference,environment,network_actively,goal_achieved,0.8315,0.08492,-0.07012,0.37493,0.19562,-0.07386,0.000838,-0.000064,0.002531,0.001615,-0.001007
378,14,conference,mask_conference,environment,network_actively,goal_achieved,0.8289,0.08576,-0.07018,0.37745,0.19723,-0.07487,0.000836,-0.000061,0.002517,0.001613,-0.001009
379,15,work,mask_work,environment,take_notes,goal_achieved,2.3455,0.09066,0.07161,-0.01873,-0.08722,-0.01095,0.001476,0.002054,-0.001994,-0.001510,-0.000437
380,15,work,mask_work,environment,rest_deeply,delayed,-0.9861,0.09155,0.07260,-0.01989,-0.08833,-0.01121,0.000887,0.000991,-0.001161,-0.001104,-0.000256
381,15,work,mask_work,environment,network_actively,failed,-1.4030,0.09250,0.07511,-0.02390,-0.09083,-0.01164,0.000947,0.002506,-0.004005,-0.002504,-0.000432
382,15,work,mask_work,environment,take_notes,goal_achieved,2.3413,0.09400,0.07722,-0.02599,-0.09238,-0.01210,0.001506,0.002109,-0.002096,-0.001550,-0.000458
383,15,work,mask_work,environment,network_actively,goal_achieved,1.2542,0.09514,0.07626,-0.02213,-0.09125,-0.01226,0.001135,-0.000955,0.003864,0.001129,-0.000166
384,15,work,mask_work,environment,network_actively,failed,-1.4310,0.09613,0.07886,-0.02623,-0.09379,-0.01273,0.000996,0.002592,-0.004097,-0.002539,-0.000464
385,15,work,mask_work,environment,take_notes,delayed,-0.8766,0.09681,0.07936,-0.02638,-0.09457,-0.01300,0.000673,0.000502,-0.000154,-0.000776,-0.000272
386,15,work,mask_work,environment,network_actively,goal_achieved,1.2670,0.09792,0.07836,-0.02248,-0.09342,-0.01316,0.001113,-0.000998,0.003895,0.001142,-0.000159
387,15,work,mask_work,environment,network_actively,goal_achieved,1.2593,0.09902,0.07736,-0.01859,-0.09228,-0.01332,0.001103,-0.001001,0.003889,0.001145,-0.000158
388,15,home,mask_home,environment,tidy_up,delayed,-0.9763,-0.16250,-0.02570,-0.42884,-0.09534,0.02954,-0.000891,-0.001389,-0.003123,-0.000586,0.000695
389,15,home,mask_home,environment,rest_deeply,goal_achieved,2.4713,-0.16426,-0.02653,-0.43266,-0.09597,0.03011,-0.001763,-0.000828,-0.003814,-0.000632,0.000574
390,15,home,mask_home,environment,rest_deeply,delayed,-0.3714,-0.16457,-0.02488,-0.43404,-0.09651,0.02962,-0.000311,0.001654,-0.001386,-0.000531,-0.000498
391,15,home,mask_home,environment,rest_deeply,delayed,-0.3751,-0.16488,-0.02322,-0.43542,-0.09704,0.02912,-0.000313,0.001655,-0.001382,-0.000531,-0.000497
392,15,home,mask_home,environment,rest_deeply,delayed,-0.3788,-0.16520,-0.02156,-0.43680,-0.09757,0.02862,-0.000316,0.001656,-0.001378,-0.000531,-0.000496
393,15,home,mask_home,environment,network_actively,failed,-2.1800,-0.16676,-0.02135,-0.44145,-0.09872,0.02892,-0.001566,0.000213,-0.004645,-0.001151,0.000294
394,15,home,mask_home,environment,rest_deeply,goal_achieved,2.4559,-0.16854,-0.02223,-0.44520,-0.09933,0.02952,-0.001781,-0.000876,-0.003750,-0.000614,0.000600
395,15,home,mask_home,environment,tidy_up,goal_achieved,2.3366,-0.17036,-0.02213,-0.44861,-0.09994,0.02976,-0.001819,0.000103,-0.003413,-0.000606,0.000239
396,15,home,mask_home,environment,network_actively,failed,-2.2234,-0.17198,-0.02194,-0.45323,-0.10107,0.03007,-0.001615,0.000180,-0.004621,-0.001130,0.000310
397,15,conference,mask_conference,environment,network_actively,goal_achieved,0.8263,0.08659,-0.07024,0.37995,0.19884,-0.07588,0.000835,-0.000057,0.002503,0.001610,-0.001010
398,15,conference,mask_conference,environment,network_actively,goal_achieved,0.8237,0.08743,-0.07029,0.38244,0.20045,-0.07690,0.000833,-0.000054,0.002489,0.001608,-0.001012
399,15,conference,mask_conference,environment,network_actively,goal_achieved,0.8212,0.08826,-0.07034,0.38492,0.20205,-0.07791,0.000832,-0.000050,0.002476,0.001606,-0.001013
400,15,conference,mask_conference,environment,network_actively,goal_achieved,0.8187,0.08909,-0.07039,0.38738,0.20366,-0.07892,0.000831,-0.000047,0.002463,0.001603,-0.001015
401,15,conference,mask_conference,environment,network_actively,delayed,-0.1919,0.08888,-0.07078,0.38720,0.20322,-0.07839,-0.000204,-0.000392,-0.000177,-0.000442,0.000532
402,15,conference,mask_conference,environment,network_actively,goal_achieved,0.8149,0.08971,-0.07082,0.38964,0.20482,-0.07941,0.000829,-0.000035,0.002442,0.001599,-0.001020
403,15,conference,mask_conference,environment,network_actively,goal_achieved,0.8125,0.09054,-0.07085,0.39207,0.20641,-0.08043,0.000828,-0.000033,0.002429,0.001597,-0.001021
404,15,conference,mask_conference,environment,network_actively,goal_achieved,0.8102,0.09137,-0.07088,0.39449,0.20801,-0.08145,0.000827,-0.000030,0.002416,0.001595,-0.001022
405,15,conference,mask_conference,environment,quick_scan,delayed,-2.1291,0.09220,-0.07073,0.39660,0.20963,-0.08263,0.000836,0.000153,0.002110,0.001619,-0.001172
406,16,work,mask_work,environment,network_actively,failed,-1.4212,0.10000,0.07992,-0.02267,-0.09481,-0.01378,0.000976,0.002563,-0.004071,-0.002529,-0.000461
407,16,work,mask_work,environment,network_actively,failed,-1.4303,0.10100,0.08251,-0.02676,-0.09734,-0.01426,0.000997,0.002592,-0.004091,-0.002535,-0.000484
408,16,work,mask_work,environment,deep_work,goal_achieved,2.4132,0.10217,0.08399,-0.02806,-0.09864,-0.01478,0.001177,0.001476,-0.001305,-0.001293,-0.000518
409,16,work,mask_work,environment,rest_deeply,delayed,-1.0260,0.10314,0.08508,-0.02932,-0.09979,-0.01510,0.000962,0.001093,-0.001262,-0.001150,-0.000327
410,16,work,mask_work,environment,take_notes,failed,-1.9707,0.10355,0.08507,-0.02887,-0.10032,-0.01535,0.000412,-0.000009,0.000458,-0.000532,-0.000250
411,16,work,mask_work,environment,network_actively,goal_achieved,1.2785,0.10463,0.08403,-0.02498,-0.09919,-0.01552,0.001087,-0.001043,0.003882,0.001132,-0.000163
412,16,work,mask_work,environment,network_actively,delayed,-0.7602,0.10566,0.08572,-0.02710,-0.10081,-0.01595,0.001021,0.001691,-0.002115,-0.001625,-0.000432
413,16,work,mask_work,environment,deep_work,goal_achieved,2.4089,0.10681,0.08712,-0.02833,-0.10207,-0.01647,0.001150,0.001405,-0.001229,-0.001255,-0.000518
414,16,work,mask_work,environment,deep_work,delayed,-0.7647,0.10708,0.08658,-0.02726,-0.10195,-0.01593,0.000274,-0.000543,0.001066,0.000119,0.000535
415,16,home,mask_home,environment,deep_work,failed,-2.3390,-0.17413,-0.02334,-0.45562,-0.10097,0.03104,-0.002147,-0.001399,-0.002390,0.000100,0.000974
416,16,home,mask_home,environment,tidy_up,goal_achieved,2.3401,-0.17599,-0.02332,-0.45898,-0.10153,0.03132,-0.001868,0.000025,-0.003359,-0.000566,0.000282
417,16,home,mask_home,environment,take_notes,failed,-2.2387,-0.17817,-0.02455,-0.46154,-0.10175,0.03182,-0.002179,-0.001231,-0.002556,-0.000214,0.000497
418,16,home,mask_home,environment,deep_work,failed,-2.3426,-0.18039,-0.02600,-0.46389,-0.10162,0.03280,-0.002223,-0.001454,-0.002357,0.000127,0.000983
419,16,home,mask_home,environment,tidy_up,goal_achieved,2.3612,-0.18234,-0.02611,-0.46716,-0.10213,0.03313,-0.001949,-0.000103,-0.003266,-0.000504,0.000325
420,16,home,mask_home,environment,deep_work,failed,-2.3616,-0.18459,-0.02755,-0.46952,-0.10200,0.03411,-0.002251,-0.001446,-0.002365,0.000130,0.000982
421,16,home,mask_home,environment,rest_deeply,goal_achieved,2.4418,-0.18661,-0.02866,-0.47312,-0.10247,0.03482,-0.002020,-0.001104,-0.003593,-0.000474,0.000711
422,16,home,mask_home,environment,take_notes,failed,-2.2517,-0.18890,-0.03002,-0.47563,-0.10262,0.03539,-0.002285,-0.001360,-0.002515,-0.000148,0.000568
423,16,home,mask_home,environment,tidy_up,goal_achieved,2.3650,-0.19094,-0.03027,-0.47883,-0.10306,0.03577,-0.002039,-0.000250,-0.003195,-0.000445,0.000378
424,16,conference,mask_conference,environment,network_actively,goal_achieved,0.8144,0.09304,-0.07075,0.39901,0.21124,-0.08367,0.000833,-0.000020,0.002406,0.001609,-0.001041
425,16,conference,mask_conference,environment,quick_scan,delayed,-2.1376,0.09387,-0.07059,0.40111,0.21286,-0.08484,0.000836,0.000153,0.002103,0.001622,-0.001176
426,16,conference,mask_conference,environment,network_actively,goal_achieved,0.8181,0.09471,-0.07061,0.40350,0.21448,-0.08590,0.000838,-0.000011,0.002396,0.001622,-0.001058
427,16,conference,mask_conference,environment,network_actively,goal_achieved,0.8160,0.09555,-0.07061,0.40589,0.21610,-0.08696,0.000837,-0.000009,0.002385,0.001620,-0.001059
428,16,conference,mask_conference,environment,network_actively,goal_achieved,0.8139,0.09638,-0.07062,0.40826,0.21772,-0.08802,0.000836,-0.000008,0.002374,0.001618,-0.001060
429,16,conference,mask_conference,environment,quick_scan,delayed,-2.1605,0.09722,-0.07046,0.41035,0.21935,-0.08921,0.000840,0.000158,0.002090,0.001631,-0.001188
430,16,conference,mask_conference,environment,network_actively,goal_achieved,0.8173,0.09807,-0.07046,0.41272,0.22098,-0.09028,0.000841,-0.000000,0.002365,0.001630,-0.001075
431,16,conference,mask_conference,environment,network_actively,goal_achieved,0.8154,0.09891,-0.07046,0.41507,0.22261,-0.09136,0.000840,0.000001,0.002354,0.001629,-0.001076
432,16,conference,mask_conference,environment,network_actively,delayed,-0.1711,0.09872,-0.07082,0.41492,0.22221,-0.09088,-0.000181,-0.000361,-0.000157,-0.000398,0.000483
433,17,work,mask_work,environment,rest_deeply,delayed,-0.9819,0.10795,0.08746,-0.02825,-0.10295,-0.01618,0.000870,0.000878,-0.000992,-0.001004,-0.000247
434,17,work,mask_work,environment,network_actively,delayed,-0.7270,0.10892,0.08902,-0.03023,-0.10448,-0.01655,0.000967,0.001563,-0.001978,-0.001532,-0.000368
435,17,work,mask_work,environment,network_actively,delayed,-0.7297,0.10989,0.09060,-0.03222,-0.10602,-0.01692,0.000976,0.001575,-0.001988,-0.001535,-0.000377
436,17,work,mask_work,environment,tidy_up,delayed,-1.1203,0.11076,0.09179,-0.03318,-0.10704,-0.01729,0.000864,0.001193,-0.000964,-0.001026,-0.000368
437,17,work,mask_work,environment,deep_work,goal_achieved,2.3988,0.11192,0.09326,-0.03451,-0.10834,-0.01784,0.001160,0.001466,-0.001327,-0.001292,-0.000551
438,17,work,mask_work,environment,deep_work,goal_achieved,2.3965,0.11308,0.09473,-0.03585,-0.10963,-0.01840,0.001167,0.001475,-0.001337,-0.001296,-0.000557
439,17,work,mask_work,environment,network_actively,delayed,-0.7651,0.11410,0.09643,-0.03796,-0.11123,-0.01885,0.001020,0.001695,-0.002114,-0.001595,-0.000447
440,17,work,mask_work,environment,quick_scan,delayed,-0.8290,0.11535,0.09805,-0.03917,-0.11211,-0.01969,0.001244,0.001623,-0.001207,-0.000883,-0.000847
441,17,work,mask_work,environment,deep_work,goal_achieved,2.4062,0.11656,0.09960,-0.04057,-0.11341,-0.02032,0.001209,0.001550,-0.001402,-0.001299,-0.000621
442,17,home,mask_home,environment,take_notes,delayed,-1.2047,-0.19289,-0.03113,-0.48171,-0.10340,0.03628,-0.001954,-0.000859,-0.002880,-0.000337,0.000514
443,17,home,mask_home,environment,take_notes,goal_achieved,1.9870,-0.19378,-0.03050,-0.48566,-0.10431,0.03663,-0.000886,0.000622,-0.003951,-0.000914,0.000352
444,17,home,mask_home,environment,rest_deeply,delayed,-0.3780,-0.19432,-0.02891,-0.48687,-0.10473,0.03620,-0.000541,0.001593,-0.001208,-0.000414,-0.000436
445,17,home,mask_home,environment,rest_deeply,goal_achieved,2.3995,-0.19638,-0.03006,-0.49041,-0.10518,0.03693,-0.002060,-0.001153,-0.003541,-0.000448,0.000736
446,17,home,mask_home,environment,rest_deeply,goal_achieved,2.3926,-0.19845,-0.03123,-0.49394,-0.10562,0.03767,-0.002066,-0.001168,-0.003534,-0.000444,0.000742
447,17,home,mask_home,environment,deep_work,goal_achieved,1.7920,-0.19920,-0.03020,-0.49817,-0.10708,0.03725,-0.000750,0.001033,-0.004229,-0.001464,-0.000421
448,17,home,mask_home,environment,network_actively,delayed,-1.3847,-0.20086,-0.03086,-0.50000,-0.10740,0.03773,-0.001666,-0.000661,-0.001829,-0.000320,0.000474
449,17,home,mask_home,environment,take_notes,failed,-2.3122,-0.20315,-0.03219,-0.50000,-0.10756,0.03827,-0.002285,-0.001327,0.000000,-0.000157,0.000547
450,17,home,mask_home,environment,rest_deeply,goal_achieved,2.3654,-0.20522,-0.03337,-0.50000,-0.10802,0.03900,-0.002068,-0.001186,0.000000,-0.000455,0.000726
451,17,conference,mask_conference,environment,network_actively,goal_achieved,0.8122,0.09956,-0.07081,0.41725,0.22384,-0.09196,0.000838,0.000010,0.002336,0.001625,-0.001080
452,17,conference,mask_conference,environment,network_actively,goal_achieved,0.8103,0.10040,-0.07080,0.41958,0.22546,-0.09304,0.000837,0.000011,0.002326,0.001624,-0.001080
453,17,conference,mask_conference,environment,tidy_up,failed,-3.6985,0.10106,-0.07088,0.42147,0.22672,-0.09383,0.000661,-0.000074,0.001889,0.001262,-0.000792
454,17,conference,mask_conference,environment,network_actively,goal_achieved,0.8073,0.10190,-0.07087,0.42378,0.22834,-0.09491,0.000836,0.000012,0.002309,0.001621,-0.001081
455,17,conference,mask_conference,environment,network_actively,goal_achieved,0.8055,0.10273,-0.07085,0.42608,0.22996,-0.09599,0.000835,0.000012,0.002300,0.001619,-0.001082
456,17,conference,mask_conference,environment,network_actively,goal_achieved,0.8037,0.10357,-0.07084,0.42837,0.23158,-0.09707,0.000834,0.000013,0.002290,0.001618,-0.001082
457,17,conference,mask_conference,environment,network_actively,delayed,-0.1708,0.10339,-0.07120,0.42821,0.23118,-0.09659,-0.000180,-0.000361,-0.000156,-0.000400,0.000485
458,17,conference,mask_conference,environment,network_actively,delayed,-0.1713,0.10320,-0.07156,0.42805,0.23078,-0.09610,-0.000181,-0.000360,-0.000158,-0.000401,0.000485
459,17,conference,mask_conference,environment,network_actively,goal_achieved,0.7994,0.10404,-0.07153,0.43032,0.23239,-0.09719,0.000833,0.000030,0.002266,0.001613,-0.001089
460,18,work,mask_work,environment,network_actively,failed,-1.4659,0.11763,0.10235,-0.04477,-0.11593,-0.02096,0.001078,0.002748,-0.004205,-0.002526,-0.000646
461,18,work,mask_work,environment,network_actively,failed,-1.4752,0.11873,0.10512,-0.04899,-0.11846,-0.02163,0.001097,0.002773,-0.004219,-0.002530,-0.000666
462,18,work,mask_work,environment,take_notes,goal_achieved,2.2678,0.12038,0.10744,-0.05135,-0.12008,-0.02221,0.001649,0.002314,-0.002355,-0.001610,-0.000584
463,18,work,mask_work,environment,network_actively,failed,-1.5082,0.12153,0.11030,-0.05565,-0.12264,-0.02292,0.001154,0.002861,-0.004301,-0.002560,-0.000704
464,18,work,mask_work,environment,network_actively,delayed,-0.8047,0.12269,0.11220,-0.05795,-0.12428,-0.02350,0.001160,0.001907,-0.002296,-0.001647,-0.000586
465,18,work,mask_work,environment,quick_scan,failed,-2.0347,0.12413,0.11423,-0.05955,-0.12524,-0.02461,0.001438,0.002022,-0.001604,-0.000956,-0.001111
466,18,work,mask_work,environment,deep_work,goal_achieved,2.4147,0.12547,0.11602,-0.06124,-0.12664,-0.02537,0.001341,0.001797,-0.001693,-0.001403,-0.000753
467,18,work,mask_work,environment,deep_work,goal_achieved,2.4115,0.12682,0.11783,-0.06295,-0.12805,-0.02613,0.001349,0.001804,-0.001702,-0.001408,-0.000759
468,18,work,mask_work,environment,deep_work,delayed,-0.6756,0.12720,0.11756,-0.06221,-0.12795,-0.02575,0.000382,-0.000263,0.000733,0.000098,0.000379
469,18,home,mask_home,environment,network_actively,failed,-2.3042,-0.20707,-0.03350,-0.50000,-0.10897,0.03942,-0.001859,-0.000123,0.000000,-0.000955,0.000419
470,18,home,mask_home,environment,deep_work,delayed,-1.3616,-0.20904,-0.03443,-0.50000,-0.10921,0.04009,-0.001966,-0.000938,0.000000,-0.000234,0.000672
471,18,home,mask_home,environment,network_actively,delayed,-1.3807,-0.21076,-0.03517,-0.50000,-0.10951,0.04058,-0.001721,-0.000737,0.000000,-0.000301,0.000494
472,18,home,mask_home,environment,rest_deeply,delayed,-0.3859,-0.21131,-0.03355,-0.50000,-0.10993,0.04012,-0.000544,0.001619,0.000000,-0.000428,-0.000467
473,18,home,mask_home,environment,network_actively,failed,-2.2815,-0.21314,-0.03363,-0.50000,-0.11088,0.04052,-0.001837,-0.000074,0.000000,-0.000946,0.000400
474,18,home,mask_home,environment,take_notes,goal_achieved,1.9685,-0.21398,-0.03294,-0.50000,-0.11181,0.04083,-0.000836,0.000690,0.000000,-0.000927,0.000315
475,18,home,mask_home,environment,tidy_up,delayed,-0.9251,-0.21486,-0.03445,-0.50000,-0.11228,0.04159,-0.000885,-0.001513,0.000000,-0.000470,0.000756
476,18,home,mask_home,environment,network_actively,failed,-2.2853,-0.21662,-0.03452,-0.50000,-0.11325,0.04200,-0.001752,-0.000075,0.000000,-0.000970,0.000412
477,18,home,mask_home,environment,take_notes,failed,-2.2777,-0.21885,-0.03585,-0.50000,-0.11343,0.04255,-0.002231,-0.001326,0.000000,-0.000181,0.000551
478,18,conference,mask_conference,environment,network_actively,goal_achieved,0.7978,0.10487,-0.07150,0.43257,0.23400,-0.09828,0.000832,0.000030,0.002256,0.001612,-0.001089
479,18,conference,mask_conference,environment,network_actively,goal_achieved,0.7961,0.10570,-0.07147,0.43482,0.23561,-0.09937,0.000830,0.000030,0.002248,0.001610,-0.001090
480,18,conference,mask_conference,environment,quick_scan,goal_achieved,0.8857,0.10572,-0.07225,0.43600,0.23561,-0.09885,0.000025,-0.000779,0.001176,0.000001,0.000522
481,18,conference,mask_conference,environment,quick_scan,goal_achieved,0.8804,0.10575,-0.07301,0.43715,0.23561,-0.09833,0.000023,-0.000761,0.001148,-0.000008,0.000517
482,18,conference,mask_conference,environment,network_actively,goal_achieved,0.7470,0.10653,-0.07299,0.43929,0.23712,-0.09934,0.000783,0.000017,0.002143,0.001510,-0.001012
483,18,conference,mask_conference,environment,network_actively,delayed,-0.2126,0.10630,-0.07340,0.43907,0.23662,-0.09877,-0.000229,-0.000405,-0.000214,-0.000496,0.000580
484,18,conference,mask_conference,environment,network_actively,goal_achieved,0.7439,0.10708,-0.07337,0.44120,0.23813,-0.09978,0.000782,0.000027,0.002126,0.001507,-0.001015
485,18,conference,mask_conference,environment,network_actively,goal_achieved,0.7423,0.10786,-0.07334,0.44332,0.23963,-0.10080,0.000781,0.000027,0.002117,0.001505,-0.001016
486,18,conference,mask_conference,environment,network_actively,goal_achieved,0.7408,0.10864,-0.07332,0.44543,0.24114,-0.10181,0.000780,0.000028,0.002108,0.001504,-0.001016
487,19,work,mask_work,environment,take_notes,delayed,-0.8284,0.12798,0.11828,-0.06261,-0.12874,-0.02624,0.000778,0.000718,-0.000401,-0.000788,-0.000491
488,19,work,mask_work,environment,network_actively,failed,-1.4950,0.12917,0.12117,-0.06687,-0.13123,-0.02701,0.001188,0.002893,-0.004262,-0.002492,-0.000774
489,19,work,mask_work,environment,network_actively,failed,-1.5059,0.13037,0.12409,-0.07114,-0.13373,-0.02780,0.001201,0.002912,-0.004269,-0.002494,-0.000789
490,19,work,mask_work,environment,quick_scan,failed,-2.0163,0.13178,0.12604,-0.07273,-0.13470,-0.02886,0.001405,0.001954,-0.001586,-0.000974,-0.001055
491,19,work,mask_work,environment,rest_deeply,failed,-2.0745,0.13310,0.12772,-0.07385,-0.13583,-0.02955,0.001327,0.001675,-0.001116,-0.001130,-0.000694
492,19,work,mask_work,environment,deep_work,delayed,-0.6252,0.13350,0.12753,-0.07318,-0.13573,-0.02923,0.000401,-0.000185,0.000664,0.000098,0.000323
493,19,work,mask_work,environment,take_notes,delayed,-0.7687,0.13428,0.12827,-0.07359,-0.13648,-0.02974,0.000781,0.000741,-0.000406,-0.000750,-0.000515
494,19,work,mask_work,environment,deep_work,goal_achieved,2.4449,0.13567,0.13014,-0.07535,-0.13790,-0.03058,0.001383,0.001870,-0.001763,-0.001421,-0.000838
495,19,work,mask_work,environment,rest_deeply,failed,-2.0464,0.13695,0.13173,-0.07637,-0.13897,-0.03124,0.001285,0.001586,-0.001018,-0.001071,-0.000660
496,19,home,mask_home,environment,deep_work,failed,-2.3838,-0.22111,-0.03737,-0.50000,-0.11329,0.04356,-0.002264,-0.001520,0.000000,0.000135,0.001009
497,19,home,mask_home,environment,take_notes,delayed,-1.2021,-0.22301,-0.03824,-0.50000,-0.11364,0.04408,-0.001897,-0.000870,0.000000,-0.000351,0.000516
498,19,home,mask_home,environment,rest_deeply,goal_achieved,2.3888,-0.22507,-0.03951,-0.50000,-0.11411,0.04484,-0.002067,-0.001266,0.000000,-0.000466,0.000768
499,19,home,mask_home,environment,deep_work,delayed,-1.3379,-0.22697,-0.04043,-0.50000,-0.11438,0.04550,-0.001898,-0.000919,0.000000,-0.000269,0.000660
500,19,home,mask_home,environment,rest_deeply,goal_achieved,2.3875,-0.22905,-0.04170,-0.50000,-0.11484,0.04628,-0.002076,-0.001275,0.000000,-0.000465,0.000773
501,19,home,mask_home,environment,tidy_up,failed,-1.9864,-0.22969,-0.04385,-0.50000,-0.11527,0.04723,-0.000640,-0.002146,0.000000,-0.000426,0.000953
502,19,home,mask_home,environment,rest_deeply,delayed,-0.3054,-0.23015,-0.04238,-0.50000,-0.11568,0.04682,-0.000467,0.001469,0.000000,-0.000410,-0.000415
503,19,home,mask_home,environment,deep_work,failed,-2.3585,-0.23235,-0.04395,-0.50000,-0.11556,0.04783,-0.002199,-0.001576,0.000000,0.000119,0.001011
504,19,home,mask_home,environment,deep_work,failed,-2.3620,-0.23455,-0.04553,-0.50000,-0.11545,0.04883,-0.002198,-0.001572,0.000000,0.000113,0.001008
505,19,conference,mask_conference,environment,network_actively,goal_achieved,0.7392,0.10942,-0.07329,0.44753,0.24264,-0.10283,0.000779,0.000028,0.002100,0.001502,-0.001016
506,19,conference,mask_conference,environment,network_actively,goal_achieved,0.7378,0.11020,-0.07326,0.44962,0.24414,-0.10384,0.000778,0.000028,0.002092,0.001501,-0.001016
507,19,conference,mask_conference,environment,network_actively,goal_achieved,0.7363,0.11098,-0.07323,0.45170,0.24564,-0.10486,0.000777,0.000028,0.002083,0.001500,-0.001016
508,19,conference,mask_conference,environment,network_actively,goal_achieved,0.7348,0.11175,-0.07321,0.45378,0.24714,-0.10588,0.000775,0.000028,0.002075,0.001498,-0.001017
509,19,conference,mask_conference,environment,network_actively,goal_achieved,0.7334,0.11253,-0.07318,0.45584,0.24863,-0.10689,0.000774,0.000028,0.002067,0.001497,-0.001017
510,19,conference,mask_conference,environment,quick_scan,goal_achieved,0.8390,0.11254,-0.07391,0.45689,0.24861,-0.10639,0.000014,-0.000733,0.001049,-0.000023,0.000503
511,19,conference,mask_conference,environment,network_actively,delayed,-0.2314,0.11229,-0.07433,0.45665,0.24807,-0.10577,-0.000252,-0.000424,-0.000242,-0.000541,0.000624
512,19,conference,mask_conference,environment,network_actively,goal_achieved,0.7087,0.11304,-0.07430,0.45866,0.24952,-0.10675,0.000752,0.000033,0.002005,0.001448,-0.000985
513,19,conference,mask_conference,environment,network_actively,goal_achieved,0.7074,0.11379,-0.07427,0.46065,0.25096,-0.10774,0.000751,0.000032,0.001997,0.001447,-0.000985
514,20,work,mask_work,environment,take_notes,goal_achieved,2.3152,0.13870,0.13415,-0.07880,-0.14054,-0.03190,0.001752,0.002421,-0.002434,-0.001569,-0.000660
515,20,work,mask_work,environment,tidy_up,goal_achieved,2.3346,0.13889,0.13660,-0.08088,-0.14173,-0.03276,0.000182,0.002452,-0.002074,-0.001186,-0.000864
516,20,work,mask_work,environment,network_actively,failed,-1.5603,0.14004,0.13968,-0.08519,-0.14418,-0.03364,0.001156,0.003085,-0.004316,-0.002451,-0.000877
517,20,work,mask_work,environment,take_notes,goal_achieved,2.2681,0.14172,0.14223,-0.08775,-0.14578,-0.03434,0.001678,0.002545,-0.002555,-0.001597,-0.000698
518,20,work,mask_work,environment,deep_work,goal_achieved,2.3617,0.14309,0.14433,-0.08974,-0.14728,-0.03525,0.001373,0.002102,-0.001997,-0.001503,-0.000908
519,20,work,mask_work,environment,network_actively,goal_achieved,1.4318,0.14416,0.14335,-0.08612,-0.14616,-0.03546,0.001068,-0.000979,0.003621,0.001121,-0.000214
520,20,work,mask_work,environment,tidy_up,failed,-2.2411,0.14559,0.14473,-0.08734,-0.14729,-0.03605,0.001429,0.001378,-0.001222,-0.001133,-0.000585
521,20,work,mask_work,environment,tidy_up,failed,-2.2431,0.14702,0.14611,-0.08857,-0.14843,-0.03663,0.001433,0.001382,-0.001228,-0.001135,-0.000588
522,20,work,mask_work,environment,take_notes,failed,-1.8487,0.14749,0.14647,-0.08846,-0.14898,-0.03721,0.000466,0.000363,0.000109,-0.000550,-0.000578
523,20,home,mask_home,environment,rest_deeply,goal_achieved,2.4257,-0.23661,-0.04694,-0.50000,-0.11589,0.04966,-0.002062,-0.001414,0.000000,-0.000437,0.000829
524,20,home,mask_home,environment,tidy_up,goal_achieved,2.3424,-0.23867,-0.04717,-0.50000,-0.11632,0.05005,-0.002060,-0.000229,0.000000,-0.000437,0.000387
525,20,home,mask_home,environment,rest_deeply,delayed,-0.2912,-0.23920,-0.04573,-0.50000,-0.11669,0.04966,-0.000524,0.001436,0.000000,-0.000369,-0.000393
526,20,home,mask_home,environment,rest_deeply,goal_achieved,2.4113,-0.24128,-0.04712,-0.50000,-0.11713,0.05048,-0.002082,-0.001388,0.000000,-0.000441,0.000822
527,20,home,mask_home,environment,rest_deeply,goal_achieved,2.4084,-0.24336,-0.04851,-0.50000,-0.11758,0.05130,-0.002083,-0.001386,0.000000,-0.000446,0.000821
528,20,home,mask_home,environment,take_notes,failed,-2.2514,-0.24560,-0.04995,-0.50000,-0.11772,0.05192,-0.002241,-0.001446,0.000000,-0.000144,0.000616
529,20,home,mask_home,environment,network_actively,failed,-2.2108,-0.24746,-0.05026,-0.50000,-0.11862,0.05241,-0.001858,-0.000311,0.000000,-0.000899,0.000489
530,20,home,mask_home,environment,network_actively,goal_achieved,1.4453,-0.24861,-0.05281,-0.49752,-0.11695,0.05309,-0.001149,-0.002542,0.002476,0.001675,0.000685
531,20,home,mask_home,environment,quick_scan,delayed,-1.1195,-0.25034,-0.05357,-0.50000,-0.11736,0.05364,-0.001725,-0.000767,-0.002476,-0.000417,0.000553
532,20,conference,mask_conference,environment,quick_scan,delayed,-2.1954,0.11461,-0.07402,0.46250,0.25255,-0.10897,0.000820,0.000248,0.001845,0.001590,-0.001231
533,20,conference,mask_conference,environment,network_actively,goal_achieved,0.7111,0.11537,-0.07398,0.46448,0.25402,-0.10997,0.000755,0.000043,0.001986,0.001461,-0.001004
534,20,conference,mask_conference,environment,network_actively,goal_achieved,0.7086,0.11612,-0.07393,0.46646,0.25547,-0.11098,0.000752,0.000046,0.001971,0.001458,-0.001005
535,20,conference,mask_conference,environment,network_actively,goal_achieved,0.7061,0.11687,-0.07388,0.46841,0.25693,-0.11198,0.000749,0.000049,0.001958,0.001456,-0.001007
536,20,conference,mask_conference,environment,network_actively,goal_achieved,0.7037,0.11761,-0.07383,0.47036,0.25838,-0.11299,0.000747,0.000052,0.001944,0.001454,-0.001008
537,20,conference,mask_conference,environment,quick_scan,delayed,-2.2214,0.11843,-0.07357,0.47217,0.25998,-0.11424,0.000816,0.000260,0.001812,0.001596,-0.001246
538,20,conference,mask_conference,environment,network_actively,goal_achieved,0.7068,0.11918,-0.07351,0.47410,0.26145,-0.11527,0.000750,0.000062,0.001931,0.001466,-0.001026
539,20,conference,mask_conference,environment,quick_scan,goal_achieved,0.8040,0.11917,-0.07421,0.47501,0.26139,-0.11477,-0.000012,-0.000697,0.000911,-0.000053,0.000492
540,20,conference,mask_conference,environment,quick_scan,delayed,-2.2312,0.11998,-0.07393,0.47679,0.26299,-0.11603,0.000814,0.000276,0.001783,0.001595,-0.001256
541,21,work,mask_work,environment,network_actively,delayed,-0.8180,0.14869,0.14853,-0.09078,-0.15055,-0.03794,0.001198,0.002055,-0.002316,-0.001566,-0.000732
542,21,work,mask_work,environment,deep_work,goal_achieved,2.3741,0.15009,0.15053,-0.09266,-0.15201,-0.03885,0.001403,0.002000,-0.001885,-0.001468,-0.000902
543,21,work,mask_work,environment,deep_work,goal_achieved,2.3707,0.15150,0.15253,-0.09455,-0.15348,-0.03975,0.001409,0.002004,-0.001890,-0.001471,-0.000907
544,21,work,mask_work,environment,rest_deeply,failed,-2.1385,0.15283,0.15431,-0.09580,-0.15465,-0.04051,0.001326,0.001780,-0.001246,-0.001166,-0.000756
545,21,work,mask_work,environment,network_actively,goal_achieved,1.4706,0.15394,0.15328,-0.09219,-0.15356,-0.04073,0.001113,-0.001037,0.003614,0.001091,-0.000221
546,21,work,mask_work,environment,network_actively,delayed,-0.8438,0.15518,0.15540,-0.09456,-0.15516,-0.04150,0.001238,0.002119,-0.002378,-0.001604,-0.000773
547,21,work,mask_work,environment,take_notes,delayed,-0.8530,0.15600,0.15635,-0.09515,-0.15600,-0.04216,0.000825,0.000951,-0.000587,-0.000841,-0.000653
548,21,work,mask_work,environment,deep_work,delayed,-0.6400,0.15636,0.15624,-0.09450,-0.15587,-0.04187,0.000358,-0.000111,0.000652,0.000136,0.000289
549,21,work,mask_work,environment,deep_work,goal_achieved,2.3613,0.15777,0.15821,-0.09633,-0.15732,-0.04278,0.001407,0.001971,-0.001831,-0.001448,-0.000913
550,21,home,mask_home,environment,take_notes,failed,-2.2786,-0.25257,-0.05503,-0.50000,-0.11750,0.05426,-0.002229,-0.001462,0.000000,-0.000135,0.000621
551,21,home,mask_home,environment,rest_deeply,goal_achieved,2.3990,-0.25469,-0.05650,-0.50000,-0.11792,0.05509,-0.002121,-0.001463,0.000000,-0.000422,0.000828
552,21,home,mask_home,environment,network_actively,failed,-2.2164,-0.25658,-0.05686,-0.50000,-0.11883,0.05560,-0.001893,-0.000365,0.000000,-0.000905,0.000505
553,21,home,mask_home,environment,network_actively,delayed,-1.3057,-0.25828,-0.05777,-0.50000,-0.11909,0.05614,-0.001704,-0.000907,0.000000,-0.000262,0.000545
554,21,home,mask_home,environment,tidy_up,goal_achieved,2.3327,-0.26037,-0.05804,-0.50000,-0.11951,0.05652,-0.002083,-0.000274,0.000000,-0.000426,0.000380
555,21,home,mask_home,environment,network_actively,failed,-2.2308,-0.26228,-0.05839,-0.50000,-0.12042,0.05702,-0.001911,-0.000343,0.000000,-0.000911,0.000499
556,21,home,mask_home,environment,deep_work,failed,-2.4195,-0.26453,-0.05995,-0.50000,-0.12035,0.05800,-0.002257,-0.001563,0.000000,0.000075,0.000977
557,21,home,mask_home,environment,rest_deeply,goal_achieved,2.3901,-0.26667,-0.06138,-0.50000,-0.12078,0.05882,-0.002139,-0.001433,0.000000,-0.000431,0.000821
558,21,home,mask_home,environment,network_actively,failed,-2.2354,-0.26861,-0.06177,-0.50000,-0.12168,0.05934,-0.001936,-0.000389,0.000000,-0.000903,0.000520
559,21,conference,mask_conference,environment,network_actively,delayed,-0.2283,0.11973,-0.07434,0.47655,0.26245,-0.11542,-0.000251,-0.000409,-0.000248,-0.000537,0.000613
560,21,conference,mask_conference,environment,network_actively,goal_achieved,0.6893,0.12046,-0.07427,0.47842,0.26389,-0.11643,0.000734,0.000075,0.001871,0.001436,-0.001014
561,21,conference,mask_conference,environment,quick_scan,delayed,-2.2195,0.12127,-0.07399,0.48017,0.26547,-0.11768,0.000805,0.000280,0.001752,0.001581,-0.001251
562,21,conference,mask_conference,environment,network_actively,goal_achieved,0.6923,0.12201,-0.07390,0.48203,0.26692,-0.11871,0.000736,0.000082,0.001860,0.001448,-0.001030
563,21,conference,mask_conference,environment,network_actively,goal_achieved,0.6902,0.12274,-0.07382,0.48388,0.26836,-0.11974,0.000733,0.000084,0.001848,0.001446,-0.001031
564,21,conference,mask_conference,environment,network_actively,goal_achieved,0.6881,0.12347,-0.07373,0.48571,0.26981,-0.12077,0.000731,0.000086,0.001836,0.001444,-0.001032
565,21,conference,mask_conference,environment,quick_scan,goal_achieved,0.7906,0.12344,-0.07441,0.48652,0.26973,-0.12028,-0.000033,-0.000675,0.000812,-0.000080,0.000491
566,21,conference,mask_conference,environment,network_actively,goal_achieved,0.6679,0.12415,-0.07433,0.48831,0.27113,-0.12129,0.000711,0.000085,0.001784,0.001404,-0.001004
567,21,conference,mask_conference,environment,quick_scan,delayed,-2.2457,0.12495,-0.07402,0.49002,0.27272,-0.12256,0.000802,0.000300,0.001708,0.001585,-0.001270
568,22,work,mask_work,environment,deep_work,goal_achieved,2.3581,0.15918,0.16018,-0.09817,-0.15877,-0.04370,0.001413,0.001974,-0.001836,-0.001451,-0.000917
569,22,work,mask_work,environment,network_actively,goal_achieved,1.5001,0.16026,0.15907,-0.09451,-0.15765,-0.04389,0.001077,-0.001110,0.003654,0.001118,-0.000194
570,22,work,mask_work,environment,take_notes,failed,-1.8744,0.16074,0.15943,-0.09437,-0.15818,-0.04450,0.000482,0.000364,0.000146,-0.000536,-0.000609
571,22,work,mask_work,environment,network_actively,failed,-1.5907,0.16198,0.16253,-0.09864,-0.16064,-0.04545,0.001240,0.003094,-0.004270,-0.002451,-0.000949
572,22,work,mask_work,environment,tidy_up,goal_achieved,2.2794,0.16212,0.16491,-0.10060,-0.16177,-0.04635,0.000138,0.002384,-0.001965,-0.001134,-0.000904
573,22,work,mask_work,environment,deep_work,goal_achieved,2.3296,0.16344,0.16691,-0.10244,-0.16320,-0.04730,0.001322,0.001998,-0.001836,-0.001433,-0.000943
574,22,work,mask_work,environment,tidy_up,goal_achieved,2.2647,0.16358,0.16931,-0.10443,-0.16435,-0.04822,0.000143,0.002403,-0.001987,-0.001145,-0.000919
575,22,work,mask_work,environment,deep_work,delayed,-0.6808,0.16377,0.16930,-0.10383,-0.16419,-0.04796,0.000190,-0.000012,0.000593,0.000162,0.000251
576,22,work,mask_work,environment,network_actively,failed,-1.6576,0.16486,0.17250,-0.10814,-0.16660,-0.04894,0.001091,0.003199,-0.004310,-0.002416,-0.000981
577,22,home,mask_home,environment,network_actively,goal_achieved,1.4152,-0.26972,-0.06423,-0.49763,-0.12001,0.05997,-0.001115,-0.002456,0.002372,0.001675,0.000631
578,22,home,mask_home,environment,tidy_up,goal_achieved,2.3186,-0.27180,-0.06452,-0.50000,-0.12042,0.06035,-0.002075,-0.000294,-0.002372,-0.000415,0.000381
579,22,home,mask_home,environment,tidy_up,goal_achieved,2.3135,-0.27388,-0.06482,-0.50000,-0.12083,0.06074,-0.002077,-0.000299,0.000000,-0.000411,0.000383
580,22,home,mask_home,environment,network_actively,delayed,-1.3443,-0.27563,-0.06567,-0.50000,-0.12110,0.06126,-0.001749,-0.000850,0.000000,-0.000269,0.000527
581,22,home,mask_home,environment,deep_work,delayed,-1.3950,-0.27753,-0.06660,-0.50000,-0.12140,0.06188,-0.001901,-0.000928,0.000000,-0.000292,0.000621
582,22,home,mask_home,environment,tidy_up,goal_achieved,2.3083,-0.27960,-0.06689,-0.50000,-0.12181,0.06226,-0.002070,-0.000293,0.000000,-0.000412,0.000379
583,22,home,mask_home,environment,take_notes,failed,-2.3676,-0.28187,-0.06828,-0.50000,-0.12197,0.06288,-0.002271,-0.001388,0.000000,-0.000165,0.000613
584,22,home,mask_home,environment,tidy_up,delayed,-0.9185,-0.28300,-0.07017,-0.50000,-0.12234,0.06375,-0.001128,-0.001891,0.000000,-0.000364,0.000875
585,22,home,mask_home,environment,tidy_up,failed,-1.9993,-0.28381,-0.07259,-0.50000,-0.12269,0.06479,-0.000815,-0.002417,0.000000,-0.000353,0.001041
586,22,conference,mask_conference,environment,network_actively,delayed,-0.2317,0.12469,-0.07443,0.48976,0.27217,-0.12194,-0.000257,-0.000405,-0.000260,-0.000546,0.000618
587,22,conference,mask_conference,environment,network_actively,goal_achieved,0.6701,0.12541,-0.07433,0.49152,0.27359,-0.12296,0.000714,0.000099,0.001769,0.001415,-0.001022
588,22,conference,mask_conference,environment,quick_scan,delayed,-2.2343,0.12620,-0.07403,0.49320,0.27516,-0.12423,0.000794,0.000303,0.001681,0.001573,-0.001265
589,22,conference,mask_conference,environment,network_actively,delayed,-0.2261,0.12595,-0.07442,0.49295,0.27462,-0.12362,-0.000251,-0.000396,-0.000254,-0.000534,0.000604
590,22,conference,mask_conference,environment,quick_scan,goal_achieved,0.8069,0.12589,-0.07508,0.49367,0.27451,-0.12312,-0.000055,-0.000656,0.000719,-0.000119,0.000502
591,22,conference,mask_conference,environment,network_actively,goal_achieved,0.6554,0.12659,-0.07497,0.49539,0.27589,-0.12413,0.000700,0.000111,0.001716,0.001389,-0.001013
592,22,conference,mask_conference,environment,network_actively,goal_achieved,0.6536,0.12729,-0.07486,0.49709,0.27728,-0.12515,0.000698,0.000111,0.001706,0.001388,-0.001013
593,22,conference,mask_conference,environment,network_actively,goal_achieved,0.6519,0.12799,-0.07475,0.49879,0.27867,-0.12616,0.000695,0.000112,0.001695,0.001386,-0.001013
594,22,conference,mask_conference,environment,network_actively,goal_achieved,0.6501,0.12868,-0.07463,0.50000,0.28005,-0.12717,0.000693,0.000113,0.001213,0.001385,-0.001014
595,23,work,mask_work,environment,deep_work,goal_achieved,2.3001,0.16613,0.17458,-0.11007,-0.16806,-0.04992,0.001270,0.002082,-0.001923,-0.001456,-0.000974
596,23,work,mask_work,environment,network_actively,failed,-1.6807,0.16725,0.17781,-0.11439,-0.17048,-0.05092,0.001114,0.003229,-0.004325,-0.002426,-0.001005
597,23,work,mask_work,environment,rest_deeply,failed,-2.1769,0.16839,0.17962,-0.11565,-0.17160,-0.05171,0.001145,0.001812,-0.001256,-0.001114,-0.000786
598,23,work,mask_work,environment,network_actively,delayed,-0.8927,0.16947,0.18179,-0.11799,-0.17314,-0.05253,0.001075,0.002170,-0.002347,-0.001539,-0.000818
599,23,work,mask_work,environment,take_notes,failed,-1.8967,0.16982,0.18239,-0.11809,-0.17374,-0.05323,0.000353,0.000600,-0.000093,-0.000599,-0.000703
600,23,work,mask_work,environment,network_actively,delayed,-0.8805,0.17088,0.18453,-0.12039,-0.17526,-0.05405,0.001056,0.002138,-0.002304,-0.001522,-0.000822
601,23,work,mask_work,environment,network_actively,delayed,-0.8840,0.17194,0.18667,-0.12270,-0.17678,-0.05488,0.001061,0.002141,-0.002305,-0.001523,-0.000826
602,23,work,mask_work,environment,deep_work,goal_achieved,2.3114,0.17322,0.18877,-0.12464,-0.17826,-0.05589,0.001283,0.002100,-0.001946,-0.001476,-0.001007
603,23,work,mask_work,environment,take_notes,failed,-1.9005,0.17359,0.18942,-0.12480,-0.17889,-0.05662,0.000369,0.000648,-0.000153,-0.000630,-0.000734
604,23,home,mask_home,environment,network_actively,failed,-2.2287,-0.28574,-0.07305,-0.50000,-0.12361,0.06533,-0.001927,-0.000467,0.000000,-0.000918,0.000537
605,23,home,mask_home,environment,zone_out,goal_achieved,2.5498,-0.28765,-0.07406,-0.50000,-0.12415,0.06598,-0.001907,-0.001009,0.000000,-0.000540,0.000650
606,23,home,mask_home,environment,rest_deeply,goal_achieved,2.3276,-0.28990,-0.07570,-0.50000,-0.12472,0.06689,-0.002251,-0.001635,0.000000,-0.000572,0.000916
607,23,home,mask_home,environment,rest_deeply,goal_achieved,2.3207,-0.29215,-0.07734,-0.50000,-0.12531,0.06781,-0.002257,-0.001640,0.000000,-0.000586,0.000919
608,23,home,mask_home,environment,rest_deeply,goal_achieved,2.3137,-0.29442,-0.07898,-0.50000,-0.12591,0.06874,-0.002263,-0.001644,0.000000,-0.000600,0.000922
609,23,home,mask_home,environment,take_notes,delayed,-1.3269,-0.29649,-0.08022,-0.50000,-0.12645,0.06945,-0.002075,-0.001241,0.000000,-0.000539,0.000712
610,23,home,mask_home,environment,tidy_up,delayed,-1.0140,-0.29788,-0.08237,-0.50000,-0.12702,0.07048,-0.001387,-0.002145,0.000000,-0.000579,0.001031
611,23,home,mask_home,environment,rest_deeply,goal_achieved,2.3086,-0.30014,-0.08407,-0.50000,-0.12766,0.07142,-0.002263,-0.001701,0.000000,-0.000637,0.000944
612,23,home,mask_home,environment,rest_deeply,delayed,-0.3130,-0.30101,-0.08318,-0.50000,-0.12822,0.07129,-0.000867,0.000887,0.000000,-0.000563,-0.000137
613,23,conference,mask_conference,environment,network_actively,goal_achieved,0.6495,0.12937,-0.07452,0.50000,0.28144,-0.12819,0.000691,0.000110,0.000000,0.001384,-0.001013
614,23,conference,mask_conference,environment,network_actively,goal_achieved,0.6515,0.13006,-0.07443,0.50000,0.28282,-0.12919,0.000690,0.000099,0.000000,0.001387,-0.001009
615,23,conference,mask_conference,environment,network_actively,goal_achieved,0.6535,0.13075,-0.07434,0.50000,0.28421,-0.13020,0.000689,0.000088,0.000000,0.001390,-0.001005
616,23,conference,mask_conference,environment,network_actively,delayed,-0.2392,0.13048,-0.07475,0.49973,0.28365,-0.12956,-0.000268,-0.000414,-0.000271,-0.000565,0.000636
617,23,conference,mask_conference,environment,network_actively,goal_achieved,0.6543,0.13117,-0.07466,0.50000,0.28504,-0.13057,0.000689,0.000086,0.000271,0.001391,-0.001004
618,23,conference,mask_conference,environment,quick_scan,goal_achieved,0.7910,0.13111,-0.07533,0.50000,0.28493,-0.13007,-0.000063,-0.000670,0.000000,-0.000109,0.000499
619,23,conference,mask_conference,environment,network_actively,goal_achieved,0.6412,0.13178,-0.07526,0.50000,0.28629,-0.13104,0.000673,0.000072,0.000000,0.001362,-0.000975
620,23,conference,mask_conference,environment,network_actively,goal_achieved,0.6431,0.13245,-0.07520,0.50000,0.28766,-0.13201,0.000672,0.000062,0.000000,0.001364,-0.000971
621,23,conference,mask_conference,environment,network_actively,goal_achieved,0.6450,0.13312,-0.07515,0.50000,0.28903,-0.13298,0.000671,0.000052,0.000000,0.001367,-0.000967
622,24,work,mask_work,environment,network_actively,delayed,-0.8825,0.17464,0.19155,-0.12708,-0.18041,-0.05746,0.001056,0.002131,-0.002287,-0.001520,-0.000843
623,24,work,mask_work,environment,tidy_up,goal_achieved,2.2877,0.17472,0.19392,-0.12903,-0.18152,-0.05840,0.000072,0.002372,-0.001948,-0.001118,-0.000940
624,24,work,mask_work,environment,deep_work,delayed,-0.6385,0.17481,0.19401,-0.12853,-0.18137,-0.05820,0.000097,0.000085,0.000496,0.000155,0.000204
625,24,work,mask_work,environment,take_notes,goal_achieved,2.1108,0.17644,0.19664,-0.13116,-0.18294,-0.05894,0.001625,0.002635,-0.002623,-0.001572,-0.000739
626,24,work,mask_work,environment,take_notes,goal_achieved,2.1058,0.17807,0.19927,-0.13378,-0.18451,-0.05968,0.001630,0.002632,-0.002621,-0.001571,-0.000740
627,24,work,mask_work,environment,deep_work,goal_achieved,2.2572,0.17933,0.20146,-0.13581,-0.18601,-0.06072,0.001260,0.002187,-0.002036,-0.001500,-0.001038
628,24,work,mask_work,environment,take_notes,goal_achieved,2.0901,0.18098,0.20410,-0.13845,-0.18759,-0.06147,0.001648,0.002643,-0.002635,-0.001581,-0.000751
629,24,work,mask_work,environment,tidy_up,goal_achieved,2.2376,0.18108,0.20652,-0.14045,-0.18871,-0.06239,0.000101,0.002416,-0.002001,-0.001120,-0.000926
630,24,work,mask_work,environment,rest_deeply,failed,-2.2483,0.18214,0.20847,-0.14185,-0.18985,-0.06323,0.001066,0.001948,-0.001402,-0.001136,-0.000837
631,24,home,mask_home,environment,rest_deeply,goal_achieved,2.3006,-0.30328,-0.08489,-0.50000,-0.12887,0.07223,-0.002270,-0.001707,0.000000,-0.000650,0.000948
632,24,home,mask_home,environment,rest_deeply,goal_achieved,2.2932,-0.30556,-0.08660,-0.50000,-0.12954,0.07319,-0.002276,-0.001710,0.000000,-0.000665,0.000951
633,24,home,mask_home,environment,tidy_up,goal_achieved,2.2071,-0.30785,-0.08714,-0.50000,-0.13022,0.07371,-0.002296,-0.000544,0.000000,-0.000675,0.000520
634,24,home,mask_home,environment,rest_deeply,goal_achieved,2.2734,-0.31015,-0.08884,-0.50000,-0.13091,0.07465,-0.002298,-0.001695,0.000000,-0.000690,0.000949
635,24,home,mask_home,environment,tidy_up,goal_achieved,2.1907,-0.31246,-0.08940,-0.50000,-0.13161,0.07519,-0.002311,-0.000562,0.000000,-0.000700,0.000531
636,24,home,mask_home,environment,rest_deeply,goal_achieved,2.2539,-0.31478,-0.09108,-0.50000,-0.13232,0.07613,-0.002318,-0.001680,0.000000,-0.000716,0.000947
637,24,home,mask_home,environment,zone_out,delayed,-1.1740,-0.31635,-0.09176,-0.50000,-0.13264,0.07656,-0.001570,-0.000680,0.000000,-0.000321,0.000422
638,24,home,mask_home,environment,take_notes,delayed,-1.3330,-0.31826,-0.09282,-0.50000,-0.13311,0.07716,-0.001909,-0.001063,0.000000,-0.000472,0.000602
639,24,home,mask_home,environment,rest_deeply,goal_achieved,2.3053,-0.32034,-0.09427,-0.50000,-0.13366,0.07795,-0.002088,-0.001445,0.000000,-0.000541,0.000793
640,24,conference,mask_conference,environment,quick_scan,goal_achieved,0.7845,0.13306,-0.07583,0.50000,0.28893,-0.13249,-0.000061,-0.000684,0.000000,-0.000093,0.000496
641,24,conference,mask_conference,environment,network_actively,goal_achieved,0.6330,0.13372,-0.07579,0.50000,0.29027,-0.13342,0.000656,0.000038,0.000000,0.001339,-0.000939
642,24,conference,mask_conference,environment,network_actively,delayed,-0.2633,0.13342,-0.07624,0.49970,0.28965,-0.13273,-0.000296,-0.000448,-0.000300,-0.000620,0.000696
643,24,conference,mask_conference,environment,network_actively,delayed,-0.2639,0.13313,-0.07669,0.49940,0.28903,-0.13203,-0.000297,-0.000446,-0.000302,-0.000621,0.000696
644,24,conference,mask_conference,environment,network_actively,goal_achieved,0.6324,0.13378,-0.07664,0.50000,0.29037,-0.13297,0.000656,0.000047,0.000602,0.001338,-0.000942
645,24,conference,mask_conference,environment,rest_deeply,failed,-3.6811,0.13430,-0.07667,0.50000,0.29137,-0.13362,0.000516,-0.000030,0.000000,0.001004,-0.000645
646,24,conference,mask_conference,environment,network_actively,goal_achieved,0.6355,0.13495,-0.07663,0.50000,0.29272,-0.13456,0.000657,0.000037,0.000000,0.001343,-0.000939
647,24,conference,mask_conference,environment,network_actively,goal_achieved,0.6373,0.13561,-0.07661,0.50000,0.29406,-0.13549,0.000656,0.000028,0.000000,0.001346,-0.000935
648,24,conference,mask_conference,environment,network_actively,goal_achieved,0.6390,0.13626,-0.07659,0.50000,0.29541,-0.13643,0.000655,0.000019,0.000000,0.001348,-0.000932
649,25,work,mask_work,environment,rest_deeply,failed,-2.2506,0.18321,0.21042,-0.14326,-0.19099,-0.06407,0.001068,0.001948,-0.001405,-0.001137,-0.000838
650,25,work,mask_work,environment,deep_work,delayed,-0.6988,0.18332,0.21067,-0.14292,-0.19087,-0.06389,0.000110,0.000256,0.000336,0.000117,0.000177
651,25,work,mask_work,environment,take_notes,delayed,-0.9133,0.18388,0.21187,-0.14369,-0.19169,-0.06464,0.000560,0.001200,-0.000775,-0.000822,-0.000752
652,25,work,mask_work,environment,deep_work,goal_achieved,2.2156,0.18511,0.21412,-0.14577,-0.19320,-0.06571,0.001234,0.002251,-0.002076,-0.001509,-0.001068
653,25,work,mask_work,environment,handle_backlog,delayed,-1.1948,0.18613,0.21577,-0.14717,-0.19423,-0.06653,0.001014,0.001651,-0.001397,-0.001025,-0.000814
654,25,work,mask_work,environment,deep_work,delayed,-0.6362,0.18629,0.21592,-0.14675,-0.19402,-0.06641,0.000161,0.000149,0.000420,0.000202,0.000118
655,25,work,mask_work,environment,network_actively,delayed,-0.8982,0.18731,0.21803,-0.14897,-0.19540,-0.06730,0.001020,0.002102,-0.002219,-0.001378,-0.000889
656,25,work,mask_work,environment,tidy_up,goal_achieved,2.3168,0.18741,0.22025,-0.15077,-0.19636,-0.06824,0.000103,0.002227,-0.001800,-0.000962,-0.000948
657,25,work,mask_work,environment,handle_backlog,delayed,-1.1964,0.18836,0.22190,-0.15215,-0.19735,-0.06905,0.000945,0.001645,-0.001378,-0.000987,-0.000805
658,25,home,mask_home,environment,deep_work,failed,-2.5805,-0.32257,-0.09587,-0.50000,-0.13382,0.07890,-0.002227,-0.001606,0.000000,-0.000163,0.000952
659,25,home,mask_home,environment,network_actively,failed,-2.3215,-0.32462,-0.09651,-0.50000,-0.13486,0.07952,-0.002052,-0.000640,0.000000,-0.001040,0.000619
660,25,home,mask_home,environment,network_actively,failed,-2.3251,-0.32668,-0.09715,-0.50000,-0.13590,0.08014,-0.002053,-0.000641,0.000000,-0.001044,0.000620
661,25,home,mask_home,environment,rest_deeply,goal_achieved,2.3016,-0.32877,-0.09859,-0.50000,-0.13647,0.08093,-0.002093,-0.001436,0.000000,-0.000564,0.000793
662,25,home,mask_home,environment,tidy_up,failed,-2.1199,-0.32981,-0.10119,-0.50000,-0.13699,0.08208,-0.001045,-0.002600,0.000000,-0.000522,0.001146
663,25,home,mask_home,environment,tidy_up,goal_achieved,2.2200,-0.33190,-0.10153,-0.50000,-0.13756,0.08247,-0.002090,-0.000345,0.000000,-0.000573,0.000386
664,25,home,mask_home,environment,network_actively,delayed,-1.4206,-0.33364,-0.10258,-0.50000,-0.13797,0.08305,-0.001732,-0.001042,0.000000,-0.000412,0.000580
665,25,home,mask_home,environment,network_actively,failed,-2.3359,-0.33568,-0.10326,-0.50000,-0.13904,0.08368,-0.002043,-0.000688,0.000000,-0.001071,0.000636
666,25,home,mask_home,environment,rest_deeply,goal_achieved,2.2947,-0.33774,-0.10470,-0.50000,-0.13964,0.08447,-0.002060,-0.001439,0.000000,-0.000593,0.000789
667,25,conference,mask_conference,environment,network_actively,goal_achieved,0.6408,0.13692,-0.07658,0.50000,0.29676,-0.13735,0.000654,0.000010,0.000000,0.001351,-0.000929
668,25,conference,mask_conference,environment,quick_scan,delayed,-2.2254,0.13770,-0.07632,0.50000,0.29834,-0.13860,0.000777,0.000257,0.000000,0.001579,-0.001245
669,25,conference,mask_conference,environment,network_actively,goal_achieved,0.6513,0.13836,-0.07633,0.50000,0.29971,-0.13953,0.000660,-0.000005,0.000000,0.001371,-0.000935
670,25,conference,mask_conference,environment,network_actively,goal_achieved,0.6530,0.13901,-0.07634,0.50000,0.30109,-0.14047,0.000659,-0.000014,0.000000,0.001374,-0.000932
671,25,conference,mask_conference,environment,network_actively,goal_achieved,0.6547,0.13967,-0.07636,0.50000,0.30246,-0.14139,0.000658,-0.000022,0.000000,0.001376,-0.000929
672,25,conference,mask_conference,environment,network_actively,goal_achieved,0.6564,0.14033,-0.07639,0.50000,0.30384,-0.14232,0.000657,-0.000030,0.000000,0.001379,-0.000926
673,25,conference,mask_conference,environment,quick_scan,delayed,-2.2323,0.14111,-0.07617,0.50000,0.30544,-0.14356,0.000777,0.000220,0.000000,0.001596,-0.001236
674,25,conference,mask_conference,environment,network_actively,goal_achieved,0.6663,0.14177,-0.07622,0.50000,0.30684,-0.14449,0.000662,-0.000044,0.000000,0.001398,-0.000932
675,25,conference,mask_conference,environment,network_actively,goal_achieved,0.6680,0.14243,-0.07627,0.50000,0.30824,-0.14542,0.000662,-0.000052,0.000000,0.001401,-0.000929
676,26,work,mask_work,environment,rest_deeply,delayed,-1.0311,0.18918,0.22334,-0.15368,-0.19833,-0.06977,0.000827,0.001439,-0.001535,-0.000981,-0.000721
677,26,work,mask_work,environment,deep_work,goal_achieved,2.2369,0.19044,0.22551,-0.15572,-0.19976,-0.07092,0.001259,0.002178,-0.002041,-0.001432,-0.001147
678,26,work,mask_work,environment,tidy_up,goal_achieved,2.2992,0.19055,0.22774,-0.15754,-0.20073,-0.07188,0.000104,0.002226,-0.001814,-0.000963,-0.000963
679,26,work,mask_work,environment,deep_work,goal_achieved,2.2152,0.19177,0.22995,-0.15960,-0.20215,-0.07304,0.001219,0.002206,-0.002061,-0.001427,-0.001162
680,26,work,mask_work,environment,take_notes,failed,-1.8938,0.19196,0.23067,-0.15980,-0.20267,-0.07392,0.000194,0.000728,-0.000206,-0.000519,-0.000879
681,26,work,mask_work,environment,rest_deeply,failed,-2.2058,0.19296,0.23250,-0.16109,-0.20367,-0.07483,0.000998,0.001829,-0.001292,-0.000996,-0.000912
682,26,work,mask_work,environment,deep_work,goal_achieved,2.2271,0.19417,0.23468,-0.16312,-0.20508,-0.07601,0.001210,0.002180,-0.002021,-0.001412,-0.001172
683,26,work,mask_work,environment,deep_work,goal_achieved,2.2249,0.19538,0.23686,-0.16513,-0.20649,-0.07718,0.001213,0.002178,-0.002019,-0.001411,-0.001176
684,26,work,mask_work,environment,network_actively,delayed,-0.9680,0.19634,0.23905,-0.16742,-0.20788,-0.07816,0.000964,0.002192,-0.002286,-0.001388,-0.000977
685,26,home,mask_home,environment,rest_deeply,goal_achieved,2.2902,-0.33979,-0.10613,-0.50000,-0.14024,0.08526,-0.002055,-0.001431,0.000000,-0.000599,0.000784
686,26,home,mask_home,environment,deep_work,delayed,-1.4988,-0.34168,-0.10722,-0.50000,-0.14076,0.08592,-0.001885,-0.001086,0.000000,-0.000526,0.000662
687,26,home,mask_home,environment,deep_work,failed,-2.6311,-0.34386,-0.10879,-0.50000,-0.14104,0.08684,-0.002182,-0.001570,0.000000,-0.000282,0.000927
688,26,home,mask_home,environment,zone_out,delayed,-1.1774,-0.34533,-0.10942,-0.50000,-0.14134,0.08722,-0.001473,-0.000636,0.000000,-0.000295,0.000377
689,26,home,mask_home,environment,rest_deeply,goal_achieved,2.3124,-0.34727,-0.11074,-0.50000,-0.14185,0.08793,-0.001936,-0.001311,0.000000,-0.000509,0.000706
690,26,home,mask_home,environment,rest_deeply,goal_achieved,2.3088,-0.34920,-0.11204,-0.50000,-0.14236,0.08863,-0.001928,-0.001301,0.000000,-0.000513,0.000700
691,26,home,mask_home,environment,rest_deeply,goal_achieved,2.3053,-0.35112,-0.11333,-0.50000,-0.14288,0.08932,-0.001921,-0.001291,0.000000,-0.000516,0.000694
692,26,home,mask_home,environment,rest_deeply,delayed,-0.2399,-0.35185,-0.11232,-0.50000,-0.14333,0.08910,-0.000729,0.001004,0.000000,-0.000450,-0.000224
693,26,home,mask_home,environment,network_actively,failed,-2.3326,-0.35379,-0.11292,-0.50000,-0.14433,0.08966,-0.001939,-0.000595,0.000000,-0.001003,0.000569
694,26,conference,mask_conference,environment,network_actively,goal_achieved,0.6696,0.14309,-0.07633,0.50000,0.30964,-0.14634,0.000661,-0.000060,0.000000,0.001403,-0.000926
695,26,conference,mask_conference,environment,network_actively,goal_achieved,0.6712,0.14375,-0.07640,0.50000,0.31105,-0.14726,0.000660,-0.000068,0.000000,0.001405,-0.000923
696,26,conference,mask_conference,environment,network_actively,goal_achieved,0.6728,0.14441,-0.07647,0.50000,0.31245,-0.14818,0.000659,-0.000076,0.000000,0.001408,-0.000920
697,26,conference,mask_conference,environment,network_actively,delayed,-0.2426,0.14414,-0.07692,0.49976,0.31188,-0.14752,-0.000271,-0.000447,-0.000243,-0.000573,0.000663
698,26,conference,mask_conference,environment,network_actively,goal_achieved,0.6731,0.14480,-0.07699,0.50000,0.31329,-0.14844,0.000659,-0.000074,0.000243,0.001408,-0.000920
699,26,conference,mask_conference,environment,quick_scan,failed,-3.2421,0.14585,-0.07649,0.50000,0.31544,-0.15024,0.001051,0.000505,0.000000,0.002153,-0.001799
700,26,conference,mask_conference,environment,network_actively,goal_achieved,0.6890,0.14652,-0.07657,0.50000,0.31688,-0.15118,0.000670,-0.000086,0.000000,0.001441,-0.000937
701,26,conference,mask_conference,environment,network_actively,delayed,-0.2302,0.14626,-0.07701,0.49978,0.31634,-0.15054,-0.000256,-0.000436,-0.000223,-0.000544,0.000635
702,26,conference,mask_conference,environment,network_actively,goal_achieved,0.6894,0.14693,-0.07710,0.50000,0.31778,-0.15148,0.000669,-0.000085,0.000223,0.001441,-0.000938
703,27,work,mask_work,environment,deep_work,goal_achieved,2.2224,0.19756,0.24123,-0.16945,-0.20929,-0.07934,0.001221,0.002179,-0.002024,-0.001412,-0.001184
704,27,work,mask_work,environment,network_actively,failed,-1.8436,0.19861,0.24451,-0.17360,-0.21151,-0.08056,0.001046,0.003282,-0.004153,-0.002221,-0.001218
705,27,work,mask_work,environment,take_notes,delayed,-0.9160,0.19920,0.24578,-0.17448,-0.21231,-0.08149,0.000585,0.001264,-0.000884,-0.000796,-0.000926
706,27,work,mask_work,environment,take_notes,failed,-1.9012,0.19943,0.24660,-0.17480,-0.21288,-0.08244,0.000236,0.000823,-0.000317,-0.000574,-0.000954
707,27,work,mask_work,environment,deep_work,goal_achieved,2.2424,0.20064,0.24875,-0.17679,-0.21428,-0.08364,0.001206,0.002150,-0.001996,-0.001401,-0.001201
708,27,work,mask_work,environment,deep_work,delayed,-0.6117,0.20066,0.24897,-0.17643,-0.21404,-0.08359,0.000025,0.000215,0.000363,0.000243,0.000056
709,27,work,mask_work,environment,take_notes,failed,-1.8904,0.20088,0.24976,-0.17672,-0.21459,-0.08453,0.000220,0.000796,-0.000289,-0.000553,-0.000940
710,27,work,mask_work,environment,deep_work,goal_achieved,2.2527,0.20207,0.25188,-0.17868,-0.21598,-0.08573,0.001191,0.002121,-0.001964,-0.001387,-0.001204
711,27,work,mask_work,environment,network_actively,failed,-1.8252,0.20308,0.25506,-0.18270,-0.21814,-0.08695,0.001001,0.003183,-0.004011,-0.002155,-0.001221
712,27,home,mask_home,environment,zone_out,failed,-2.3552,-0.35497,-0.11325,-0.50000,-0.14441,0.08985,-0.001179,-0.000332,0.000000,-0.000075,0.000182
713,27,home,mask_home,environment,rest_deeply,goal_achieved,2.3359,-0.35675,-0.11440,-0.50000,-0.14482,0.09045,-0.001784,-0.001146,0.000000,-0.000417,0.000602
714,27,home,mask_home,environment,deep_work,delayed,-1.4541,-0.35836,-0.11518,-0.50000,-0.14518,0.09092,-0.001606,-0.000787,0.000000,-0.000356,0.000472
715,27,home,mask_home,environment,rest_deeply,goal_achieved,2.3319,-0.36013,-0.11631,-0.50000,-0.14560,0.09151,-0.001769,-0.001127,0.000000,-0.000417,0.000592
716,27,home,mask_home,environment,rest_deeply,goal_achieved,2.3294,-0.36188,-0.11743,-0.50000,-0.14601,0.09210,-0.001760,-0.001116,0.000000,-0.000418,0.000585
717,27,home,mask_home,environment,rest_deeply,delayed,-0.2016,-0.36250,-0.11631,-0.50000,-0.14637,0.09180,-0.000614,0.001119,0.000000,-0.000355,-0.000300
718,27,home,mask_home,environment,tidy_up,delayed,-1.0146,-0.36358,-0.11808,-0.50000,-0.14676,0.09259,-0.001085,-0.001774,0.000000,-0.000389,0.000791
719,27,home,mask_home,environment,quick_scan,failed,-2.3910,-0.36507,-0.11866,-0.50000,-0.14712,0.09287,-0.001482,-0.000578,0.000000,-0.000359,0.000287
720,27,home,mask_home,environment,zone_out,goal_achieved,2.3481,-0.36724,-0.11997,-0.50000,-0.14812,0.09370,-0.002175,-0.001313,0.000000,-0.001007,0.000821
721,27,conference,mask_conference,environment,network_actively,goal_achieved,0.6905,0.14760,-0.07719,0.50000,0.31922,-0.15242,0.000668,-0.000092,0.000000,0.001443,-0.000935
722,27,conference,mask_conference,environment,network_actively,delayed,-0.2300,0.14735,-0.07762,0.49978,0.31868,-0.15178,-0.000256,-0.000436,-0.000222,-0.000544,0.000635
723,27,conference,mask_conference,environment,network_actively,goal_achieved,0.6908,0.14801,-0.07771,0.50000,0.32012,-0.15272,0.000668,-0.000091,0.000222,0.001443,-0.000936
724,27,conference,mask_conference,environment,quick_scan,goal_achieved,0.8341,0.14795,-0.07854,0.50000,0.32010,-0.15219,-0.000066,-0.000824,0.000000,-0.000024,0.000531
725,27,conference,mask_conference,environment,network_actively,goal_achieved,0.6790,0.14860,-0.07864,0.50000,0.32151,-0.15310,0.000654,-0.000099,0.000000,0.001417,-0.000912
726,27,conference,mask_conference,environment,network_actively,goal_achieved,0.6805,0.14926,-0.07874,0.50000,0.32293,-0.15401,0.000653,-0.000106,0.000000,0.001419,-0.000909
727,27,conference,mask_conference,environment,rest_deeply,failed,-3.6583,0.14978,-0.07890,0.50000,0.32403,-0.15464,0.000526,-0.000153,0.000000,0.001096,-0.000637
728,27,conference,mask_conference,environment,network_actively,delayed,-0.2396,0.14951,-0.07934,0.49977,0.32346,-0.15398,-0.000267,-0.000449,-0.000226,-0.000566,0.000660
729,27,conference,mask_conference,environment,network_actively,goal_achieved,0.6830,0.15017,-0.07945,0.50000,0.32489,-0.15489,0.000655,-0.000107,0.000226,0.001423,-0.000909
730,28,work,mask_work,environment,deep_work,goal_achieved,2.2527,0.20427,0.25719,-0.18467,-0.21953,-0.08816,0.001198,0.002125,-0.001977,-0.001393,-0.001211
731,28,work,mask_work,environment,deep_work,goal_achieved,2.2504,0.20547,0.25931,-0.18665,-0.22092,-0.08937,0.001200,0.002120,-0.001974,-0.001391,-0.001213
732,28,work,mask_work,environment,take_notes,failed,-1.9038,0.20572,0.26015,-0.18701,-0.22152,-0.09035,0.000244,0.000844,-0.000363,-0.000598,-0.000975
733,28,work,mask_work,environment,network_actively,goal_achieved,1.7008,0.20645,0.25908,-0.18377,-0.22044,-0.09070,0.000734,-0.001078,0.003242,0.001073,-0.000350
734,28,work,mask_work,environment,network_actively,failed,-1.8384,0.20745,0.26223,-0.18774,-0.22259,-0.09194,0.001001,0.003158,-0.003975,-0.002147,-0.001236
735,28,work,mask_work,environment,deep_work,goal_achieved,2.2540,0.20864,0.26431,-0.18966,-0.22396,-0.09315,0.001186,0.002076,-0.001922,-0.001368,-0.001214
736,28,work,mask_work,environment,network_actively,delayed,-0.9660,0.20958,0.26641,-0.19183,-0.22530,-0.09417,0.000943,0.002095,-0.002164,-0.001341,-0.001022
737,28,work,mask_work,environment,deep_work,delayed,-0.5808,0.20957,0.26658,-0.19143,-0.22504,-0.09412,-0.000015,0.000172,0.000397,0.000263,0.000054
738,28,work,mask_work,environment,network_actively,goal_achieved,1.7222,0.21029,0.26548,-0.18820,-0.22396,-0.09446,0.000723,-0.001093,0.003228,0.001079,-0.000342
739,28,home,mask_home,environment,network_actively,failed,-2.3327,-0.36914,-0.12055,-0.50000,-0.14914,0.09423,-0.001899,-0.000580,0.000000,-0.001015,0.000539
740,28,home,mask_home,environment,zone_out,goal_achieved,2.3387,-0.37133,-0.12187,-0.50000,-0.15018,0.09506,-0.002186,-0.001312,0.000000,-0.001038,0.000825
741,28,home,mask_home,environment,zone_out,delayed,-1.1633,-0.37265,-0.12235,-0.50000,-0.15045,0.09533,-0.001326,-0.000483,0.000000,-0.000275,0.000269
742,28,home,mask_home,environment,network_actively,failed,-2.3533,-0.37458,-0.12296,-0.50000,-0.15151,0.09589,-0.001932,-0.000610,0.000000,-0.001060,0.000559
743,28,home,mask_home,environment,tidy_up,delayed,-1.0728,-0.37584,-0.12485,-0.50000,-0.15208,0.09675,-0.001253,-0.001887,0.000000,-0.000569,0.000864
744,28,home,mask_home,environment,rest_deeply,goal_achieved,2.2834,-0.37769,-0.12609,-0.50000,-0.15268,0.09740,-0.001850,-0.001243,0.000000,-0.000598,0.000650
745,28,home,mask_home,environment,rest_deeply,goal_achieved,2.2796,-0.37953,-0.12732,-0.50000,-0.15328,0.09805,-0.001842,-0.001232,0.000000,-0.000601,0.000644
746,28,home,mask_home,environment,deep_work,goal_achieved,1.9554,-0.38045,-0.12698,-0.50000,-0.15442,0.09790,-0.000920,0.000343,0.000000,-0.001139,-0.000149
747,28,home,mask_home,environment,rest_deeply,goal_achieved,2.2669,-0.38226,-0.12817,-0.50000,-0.15504,0.09852,-0.001814,-0.001188,0.000000,-0.000620,0.000619
748,28,conference,mask_conference,environment,network_actively,goal_achieved,0.6840,0.15082,-0.07957,0.50000,0.32631,-0.15580,0.000654,-0.000113,0.000000,0.001424,-0.000907
749,28,conference,mask_conference,environment,network_actively,goal_achieved,0.6855,0.15148,-0.07969,0.50000,0.32774,-0.15670,0.000653,-0.000120,0.000000,0.001426,-0.000904
750,28,conference,mask_conference,environment,quick_scan,goal_achieved,0.8393,0.15141,-0.08052,0.50000,0.32773,-0.15617,-0.000066,-0.000837,0.000000,-0.000011,0.000532
751,28,conference,mask_conference,environment,take_notes,goal_achieved,1.0480,0.15204,-0.08031,0.50000,0.32857,-0.15686,0.000634,0.000216,0.000000,0.000841,-0.000691
752,28,conference,mask_conference,environment,quick_scan,goal_achieved,0.8090,0.15203,-0.08100,0.50000,0.32849,-0.15636,-0.000013,-0.000696,0.000000,-0.000080,0.000499
753,28,conference,mask_conference,environment,network_actively,goal_achieved,0.6350,0.15271,-0.08101,0.50000,0.32980,-0.15725,0.000681,-0.000005,0.000000,0.001311,-0.000888
754,28,conference,mask_conference,environment,tidy_up,delayed,-2.6381,0.15319,-0.08099,0.50000,0.33073,-0.15788,0.000476,0.000015,0.000000,0.000932,-0.000634
755,28,conference,mask_conference,environment,quick_scan,goal_achieved,0.8045,0.15317,-0.08168,0.50000,0.33065,-0.15739,-0.000018,-0.000686,0.000000,-0.000079,0.000494
756,28,conference,mask_conference,environment,quick_scan,goal_achieved,0.8028,0.15315,-0.08236,0.50000,0.33057,-0.15690,-0.000019,-0.000678,0.000000,-0.000082,0.000492
757,29,work,mask_work,environment,deep_work,goal_achieved,2.2435,0.21147,0.26753,-0.19009,-0.22531,-0.09567,0.001184,0.002047,-0.001886,-0.001351,-0.001211
758,29,work,mask_work,environment,take_notes,goal_achieved,2.0069,0.21312,0.27002,-0.19258,-0.22671,-0.09651,0.001651,0.002489,-0.002492,-0.001405,-0.000842
759,29,work,mask_work,environment,network_actively,goal_achieved,1.7069,0.21387,0.26896,-0.18942,-0.22566,-0.09686,0.000747,-0.001061,0.003167,0.001054,-0.000349
760,29,work,mask_work,environment,deep_work,goal_achieved,2.2172,0.21507,0.27099,-0.19129,-0.22700,-0.09807,0.001202,0.002036,-0.001872,-0.001341,-0.001205
761,29,work,mask_work,environment,handle_backlog,goal_achieved,2.2793,0.21572,0.27294,-0.19285,-0.22825,-0.09872,0.000648,0.001945,-0.001559,-0.001249,-0.000651
762,29,work,mask_work,environment,network_actively,failed,-1.9565,0.21665,0.27619,-0.19686,-0.23047,-0.09986,0.000930,0.003249,-0.004013,-0.002223,-0.001145
763,29,work,mask_work,environment,take_notes,goal_achieved,1.9099,0.21822,0.27877,-0.19940,-0.23196,-0.10062,0.001571,0.002579,-0.002540,-0.001488,-0.000758
764,29,work,mask_work,environment,network_actively,delayed,-1.0828,0.21910,0.28098,-0.20165,-0.23339,-0.10155,0.000882,0.002211,-0.002252,-0.001434,-0.000924
765,29,work,mask_work,environment,network_actively,delayed,-1.0860,0.21999,0.28319,-0.20390,-0.23482,-0.10247,0.000882,0.002206,-0.002245,-0.001431,-0.000924
766,29,home,mask_home,environment,tidy_up,goal_achieved,2.1726,-0.38412,-0.12821,-0.50000,-0.15566,0.09872,-0.001857,-0.000047,0.000000,-0.000621,0.000200
767,29,home,mask_home,environment,rest_deeply,goal_achieved,2.2550,-0.38593,-0.12936,-0.50000,-0.15629,0.09932,-0.001809,-0.001151,0.000000,-0.000624,0.000603
768,29,home,mask_home,environment,network_actively,failed,-2.3951,-0.38783,-0.12996,-0.50000,-0.15739,0.09986,-0.001902,-0.000592,0.000000,-0.001100,0.000539
769,29,home,mask_home,environment,network_actively,failed,-2.3984,-0.38973,-0.13055,-0.50000,-0.15849,0.10040,-0.001899,-0.000589,0.000000,-0.001103,0.000538
770,29,home,mask_home,environment,rest_deeply,goal_achieved,2.2504,-0.39153,-0.13167,-0.50000,-0.15913,0.10099,-0.001797,-0.001119,0.000000,-0.000644,0.000590
771,29,home,mask_home,environment,network_actively,failed,-2.4083,-0.39342,-0.13225,-0.50000,-0.16024,0.10152,-0.001896,-0.000588,0.000000,-0.001109,0.000535
772,29,home,mask_home,environment,network_actively,failed,-2.4116,-0.39532,-0.13284,-0.50000,-0.16135,0.10205,-0.001894,-0.000585,0.000000,-0.001111,0.000533
773,29,home,mask_home,environment,tidy_up,failed,-2.2208,-0.39637,-0.13528,-0.50000,-0.16199,0.10311,-0.001050,-0.002438,0.000000,-0.000642,0.001054
774,29,home,mask_home,environment,quick_scan,failed,-2.4835,-0.39794,-0.13595,-0.50000,-0.16261,0.10345,-0.001569,-0.000670,0.000000,-0.000619,0.000342
775,29,conference,mask_conference,environment,network_actively,goal_achieved,0.6134,0.15380,-0.08237,0.50000,0.33183,-0.15775,0.000652,-0.000012,0.000000,0.001265,-0.000849
776,29,conference,mask_conference,environment,network_actively,goal_achieved,0.6145,0.15445,-0.08239,0.50000,0.33310,-0.15860,0.000652,-0.000018,0.000000,0.001266,-0.000847
777,29,conference,mask_conference,environment,network_actively,goal_achieved,0.6156,0.15511,-0.08241,0.50000,0.33437,-0.15944,0.000652,-0.000024,0.000000,0.001268,-0.000844
778,29,conference,mask_conference,environment,network_actively,goal_achieved,0.6168,0.15576,-0.08244,0.50000,0.33564,-0.16028,0.000651,-0.000030,0.000000,0.001269,-0.000842
779,29,conference,mask_conference,environment,quick_scan,failed,-3.2650,0.15685,-0.08182,0.50000,0.33772,-0.16209,0.001090,0.000616,0.000000,0.002087,-0.001813
780,29,conference,mask_conference,environment,network_actively,goal_achieved,0.6313,0.15751,-0.08186,0.50000,0.33902,-0.16295,0.000664,-0.000038,0.000000,0.001298,-0.000858
781,29,conference,mask_conference,environment,network_actively,delayed,-0.3005,0.15727,-0.08220,0.49954,0.33832,-0.16226,-0.000245,-0.000334,-0.000462,-0.000703,0.000691
782,29,conference,mask_conference,environment,take_notes,goal_achieved,1.0238,0.15788,-0.08199,0.50000,0.33911,-0.16291,0.000618,0.000203,0.000462,0.000795,-0.000648
783,29,conference,mask_conference,environment,network_actively,goal_achieved,0.6161,0.15858,-0.08196,0.50000,0.34038,-0.16378,0.000692,0.000032,0.000000,0.001262,-0.000873
784,30,work,mask_work,environment,tidy_up,goal_achieved,2.1650,0.21996,0.28541,-0.20566,-0.23581,-0.10342,-0.000030,0.002226,-0.001761,-0.000988,-0.000949
785,30,work,mask_work,environment,tidy_up,goal_achieved,2.1621,0.21992,0.28763,-0.20741,-0.23680,-0.10437,-0.000033,0.002222,-0.001755,-0.000984,-0.000949
786,30,work,mask_work,environment,take_notes,goal_achieved,1.8648,0.22141,0.29024,-0.20996,-0.23826,-0.10513,0.001491,0.002602,-0.002545,-0.001465,-0.000767
787,30,work,mask_work,environment,tidy_up,failed,-2.2464,0.22304,0.29157,-0.21117,-0.23942,-0.10585,0.001624,0.001330,-0.001208,-0.001159,-0.000720
788,30,work,mask_work,environment,deep_work,goal_achieved,2.0773,0.22415,0.29377,-0.21318,-0.24087,-0.10699,0.001109,0.002202,-0.002011,-0.001452,-0.001132
789,30,work,mask_work,environment,deep_work,goal_achieved,2.0745,0.22526,0.29596,-0.21518,-0.24232,-0.10812,0.001110,0.002197,-0.002006,-0.001450,-0.001133
790,30,work,mask_work,environment,tidy_up,delayed,-1.1636,0.22649,0.29753,-0.21655,-0.24345,-0.10891,0.001227,0.001565,-0.001365,-0.001130,-0.000789
791,30,work,mask_work,environment,network_actively,failed,-2.0629,0.22743,0.30076,-0.22049,-0.24564,-0.11005,0.000945,0.003231,-0.003945,-0.002192,-0.001145
792,30,work,mask_work,environment,network_actively,delayed,-1.1476,0.22831,0.30298,-0.22273,-0.24707,-0.11099,0.000882,0.002216,-0.002242,-0.001428,-0.000935
793,30,home,mask_home,environment,rest_deeply,goal_achieved,2.2581,-0.39969,-0.13705,-0.50000,-0.16328,0.10401,-0.001750,-0.001100,0.000000,-0.000662,0.000562
794,30,home,mask_home,environment,rest_deeply,delayed,-0.2170,-0.40050,-0.13620,-0.50000,-0.16391,0.10385,-0.000814,0.000848,0.000000,-0.000631,-0.000162
795,30,home,mask_home,environment,network_actively,failed,-2.3939,-0.40236,-0.13679,-0.50000,-0.16502,0.10437,-0.001856,-0.000588,0.000000,-0.001116,0.000517
796,30,home,mask_home,environment,rest_deeply,goal_achieved,2.2530,-0.40409,-0.13787,-0.50000,-0.16569,0.10492,-0.001740,-0.001081,0.000000,-0.000671,0.000554
797,30,home,mask_home,environment,zone_out,failed,-2.3025,-0.40488,-0.13785,-0.50000,-0.16564,0.10484,-0.000784,0.000021,0.000000,0.000058,-0.000082
798,30,home,mask_home,environment,rest_deeply,goal_achieved,2.2787,-0.40651,-0.13882,-0.50000,-0.16622,0.10532,-0.001634,-0.000977,0.000000,-0.000584,0.000484
799,30,home,mask_home,environment,network_actively,goal_achieved,1.2845,-0.40652,-0.13995,-0.49874,-0.16461,0.10516,-0.000011,-0.001126,0.001260,0.001607,-0.000164
800,30,home,mask_home,environment,network_actively,failed,-2.3773,-0.40828,-0.14043,-0.50000,-0.16565,0.10561,-0.001753,-0.000486,-0.001260,-0.001041,0.000447
801,30,home,mask_home,environment,take_notes,delayed,-1.3963,-0.40978,-0.14113,-0.50000,-0.16619,0.10596,-0.001501,-0.000692,0.000000,-0.000539,0.000356
802,30,conference,mask_conference,environment,network_actively,delayed,-0.3169,0.15836,-0.08222,0.49944,0.33964,-0.16311,-0.000214,-0.000258,-0.000564,-0.000740,0.000673
803,30,conference,mask_conference,environment,network_actively,goal_achieved,0.6171,0.15905,-0.08219,0.50000,0.34090,-0.16398,0.000693,0.000030,0.000564,0.001263,-0.000873
804,30,conference,mask_conference,environment,network_actively,goal_achieved,0.6170,0.15975,-0.08216,0.50000,0.34216,-0.16485,0.000692,0.000027,0.000000,0.001263,-0.000871
805,30,conference,mask_conference,environment,network_actively,goal_achieved,0.6180,0.16044,-0.08214,0.50000,0.34343,-0.16572,0.000692,0.000022,0.000000,0.001264,-0.000869
806,30,conference,mask_conference,environment,network_actively,goal_achieved,0.6190,0.16113,-0.08213,0.50000,0.34469,-0.16659,0.000692,0.000017,0.000000,0.001265,-0.000867
807,30,conference,mask_conference,environment,network_actively,goal_achieved,0.6200,0.16182,-0.08211,0.50000,0.34596,-0.16746,0.000693,0.000011,0.000000,0.001266,-0.000865
808,30,conference,mask_conference,environment,network_actively,goal_achieved,0.6209,0.16252,-0.08211,0.50000,0.34722,-0.16832,0.000693,0.000006,0.000000,0.001267,-0.000862
809,30,conference,mask_conference,environment,quick_scan,goal_achieved,0.7951,0.16254,-0.08277,0.50000,0.34714,-0.16784,0.000019,-0.000659,0.000000,-0.000084,0.000482
810,30,conference,mask_conference,environment,network_actively,delayed,-0.3268,0.16232,-0.08303,0.49942,0.34638,-0.16714,-0.000218,-0.000261,-0.000584,-0.000762,0.000690
811,31,work,mask_work,environment,handle_backlog,goal_achieved,2.1913,0.22896,0.30500,-0.22439,-0.24838,-0.11163,0.000644,0.002025,-0.001653,-0.001304,-0.000643
812,31,work,mask_work,environment,tidy_up,failed,-2.3051,0.23056,0.30641,-0.22568,-0.24962,-0.11232,0.001599,0.001414,-0.001289,-0.001242,-0.000687
813,31,work,mask_work,environment,deep_work,goal_achieved,2.0392,0.23167,0.30864,-0.22770,-0.25113,-0.11340,0.001116,0.002223,-0.002027,-0.001509,-0.001080
814,31,work,mask_work,environment,take_notes,goal_achieved,1.8152,0.23323,0.31123,-0.23024,-0.25265,-0.11411,0.001560,0.002591,-0.002537,-0.001524,-0.000715
815,31,work,mask_work,environment,tidy_up,goal_achieved,2.0493,0.23318,0.31353,-0.23206,-0.25370,-0.11502,-0.000056,0.002302,-0.001824,-0.001048,-0.000911
816,31,work,mask_work,environment,take_notes,failed,-2.0853,0.23324,0.31457,-0.23258,-0.25447,-0.11590,0.000065,0.001044,-0.000514,-0.000775,-0.000879
817,31,work,mask_work,environment,tidy_up,goal_achieved,2.0574,0.23316,0.31685,-0.23437,-0.25551,-0.11682,-0.000077,0.002277,-0.001792,-0.001034,-0.000912
818,31,work,mask_work,environment,network_actively,failed,-2.1705,0.23402,0.32010,-0.23825,-0.25771,-0.11791,0.000856,0.003246,-0.003882,-0.002197,-0.001091
819,31,work,mask_work,environment,deep_work,goal_achieved,1.9993,0.23507,0.32234,-0.24029,-0.25920,-0.11900,0.001045,0.002245,-0.002035,-0.001497,-0.001090
820,31,home,mask_home,environment,rest_deeply,goal_achieved,2.2610,-0.41138,-0.14208,-0.50000,-0.16676,0.10642,-0.001598,-0.000950,0.000000,-0.000569,0.000460
821,31,home,mask_home,environment,take_notes,goal_achieved,2.1374,-0.41228,-0.14191,-0.50000,-0.16752,0.10657,-0.000901,0.000167,0.000000,-0.000755,0.000144
822,31,home,mask_home,environment,network_actively,goal_achieved,1.2680,-0.41222,-0.14294,-0.49881,-0.16592,0.10635,0.000057,-0.001028,0.001190,0.001597,-0.000211
823,31,home,mask_home,environment,rest_deeply,goal_achieved,2.2394,-0.41377,-0.14384,-0.50000,-0.16648,0.10679,-0.001549,-0.000904,-0.001190,-0.000558,0.000434
824,31,home,mask_home,environment,quick_scan,delayed,-1.3261,-0.41516,-0.14447,-0.50000,-0.16707,0.10719,-0.001390,-0.000626,0.000000,-0.000587,0.000397
825,31,home,mask_home,environment,network_actively,failed,-2.4090,-0.41688,-0.14493,-0.50000,-0.16812,0.10763,-0.001722,-0.000461,0.000000,-0.001058,0.000442
826,31,home,mask_home,environment,tidy_up,goal_achieved,2.1357,-0.41848,-0.14469,-0.50000,-0.16869,0.10765,-0.001596,0.000234,0.000000,-0.000567,0.000026
827,31,home,mask_home,environment,rest_deeply,goal_achieved,2.2205,-0.42001,-0.14556,-0.50000,-0.16926,0.10808,-0.001535,-0.000863,0.000000,-0.000568,0.000423
828,31,home,mask_home,environment,rest_deeply,goal_achieved,2.2178,-0.42154,-0.14641,-0.50000,-0.16983,0.10849,-0.001527,-0.000852,0.000000,-0.000570,0.000417
829,31,conference,mask_conference,environment,network_actively,goal_achieved,0.6120,0.16300,-0.08303,0.50000,0.34763,-0.16799,0.000682,0.000001,0.000584,0.001247,-0.000844
830,31,conference,mask_conference,environment,network_actively,goal_achieved,0.6119,0.16368,-0.08303,0.50000,0.34887,-0.16883,0.000681,-0.000002,0.000000,0.001247,-0.000843
831,31,conference,mask_conference,environment,network_actively,delayed,-0.3272,0.16346,-0.08329,0.49941,0.34811,-0.16814,-0.000217,-0.000258,-0.000587,-0.000762,0.000689
832,31,conference,mask_conference,environment,network_actively,goal_achieved,0.6128,0.16415,-0.08329,0.50000,0.34936,-0.16898,0.000681,-0.000003,0.000587,0.001248,-0.000842
833,31,conference,mask_conference,environment,network_actively,goal_achieved,0.6127,0.16483,-0.08329,0.50000,0.35061,-0.16982,0.000681,-0.000005,0.000000,0.001248,-0.000841
834,31,conference,mask_conference,environment,quick_scan,delayed,-2.2434,0.16566,-0.08297,0.50000,0.35210,-0.17105,0.000837,0.000326,0.000000,0.001500,-0.001224
835,31,conference,mask_conference,environment,network_actively,delayed,-0.3224,0.16546,-0.08321,0.49941,0.35135,-0.17037,-0.000206,-0.000246,-0.000586,-0.000751,0.000674
836,31,conference,mask_conference,environment,network_actively,goal_achieved,0.6206,0.16614,-0.08322,0.50000,0.35262,-0.17122,0.000688,-0.000009,0.000586,0.001262,-0.000849
837,31,conference,mask_conference,environment,network_actively,delayed,-0.3226,0.16594,-0.08347,0.49941,0.35186,-0.17055,-0.000206,-0.000245,-0.000587,-0.000752,0.000674
838,32,work,mask_work,environment,deep_work,goal_achieved,1.9963,0.23611,0.32458,-0.24232,-0.26070,-0.12009,0.001045,0.002240,-0.002030,-0.001495,-0.001090
839,32,work,mask_work,environment,tidy_up,failed,-2.3288,0.23774,0.32601,-0.24364,-0.26197,-0.12079,0.001631,0.001431,-0.001324,-0.001274,-0.000702
840,32,work,mask_work,environment,deep_work,goal_achieved,2.0031,0.23882,0.32823,-0.24565,-0.26347,-0.12187,0.001078,0.002216,-0.002012,-0.001496,-0.001085
841,32,work,mask_work,environment,take_notes,failed,-2.1052,0.23889,0.32931,-0.24622,-0.26428,-0.12277,0.000072,0.001079,-0.000563,-0.000810,-0.000900
842,32,work,mask_work,environment,tidy_up,goal_achieved,2.0405,0.23880,0.33157,-0.24799,-0.26531,-0.12370,-0.000091,0.002259,-0.001772,-0.001031,-0.000927
843,32,work,mask_work,environment,rest_deeply,failed,-2.4640,0.23965,0.33355,-0.24944,-0.26647,-0.12458,0.000845,0.001985,-0.001456,-0.001164,-0.000877
844,32,work,mask_work,environment,deep_work,goal_achieved,1.9957,0.24068,0.33576,-0.25142,-0.26795,-0.12567,0.001032,0.002205,-0.001980,-0.001477,-0.001091
845,32,work,mask_work,environment,take_notes,failed,-2.1254,0.24072,0.33686,-0.25200,-0.26876,-0.12658,0.000043,0.001105,-0.000577,-0.000813,-0.000912
846,32,work,mask_work,environment,deep_work,delayed,-0.7638,0.24046,0.33727,-0.25179,-0.26865,-0.12636,-0.000260,0.000410,0.000209,0.000109,0.000225
847,32,home,mask_home,environment,network_actively,failed,-2.4300,-0.42326,-0.14684,-0.50000,-0.17089,0.10892,-0.001718,-0.000430,0.000000,-0.001062,0.000426
848,32,home,mask_home,environment,rest_deeply,goal_achieved,2.2151,-0.42477,-0.14767,-0.50000,-0.17147,0.10933,-0.001515,-0.000830,0.000000,-0.000577,0.000406
849,32,home,mask_home,environment,network_actively,delayed,-1.5210,-0.42602,-0.14820,-0.50000,-0.17187,0.10957,-0.001245,-0.000535,0.000000,-0.000402,0.000243
850,32,home,mask_home,environment,network_actively,goal_achieved,1.2286,-0.42585,-0.14905,-0.49895,-0.17029,0.10927,0.000168,-0.000848,0.001049,0.001583,-0.000298
851,32,home,mask_home,environment,network_actively,failed,-2.4369,-0.42756,-0.14947,-0.50000,-0.17136,0.10969,-0.001709,-0.000415,-0.001049,-0.001072,0.000416
852,32,home,mask_home,environment,tidy_up,goal_achieved,2.1054,-0.42910,-0.14919,-0.50000,-0.17192,0.10968,-0.001541,0.000283,0.000000,-0.000561,-0.000011
853,32,home,mask_home,environment,rest_deeply,goal_achieved,2.1910,-0.43058,-0.14996,-0.50000,-0.17248,0.11005,-0.001480,-0.000776,0.000000,-0.000561,0.000372
854,32,home,mask_home,environment,quick_scan,goal_achieved,2.1493,-0.43193,-0.15088,-0.50000,-0.17330,0.11093,-0.001356,-0.000919,0.000000,-0.000818,0.000885
855,32,home,mask_home,environment,rest_deeply,goal_achieved,2.1533,-0.43340,-0.15169,-0.50000,-0.17389,0.11137,-0.001464,-0.000809,0.000000,-0.000596,0.000436
856,32,conference,mask_conference,environment,quick_scan,failed,-3.2397,0.16704,-0.08282,0.50000,0.35388,-0.17233,0.001104,0.000649,0.000587,0.002014,-0.001781
857,32,conference,mask_conference,environment,network_actively,delayed,-0.3132,0.16685,-0.08305,0.49942,0.35315,-0.17168,-0.000192,-0.000229,-0.000578,-0.000730,0.000649
858,32,conference,mask_conference,environment,network_actively,goal_achieved,0.6316,0.16755,-0.08305,0.50000,0.35443,-0.17255,0.000699,-0.000004,0.000578,0.001286,-0.000869
859,32,conference,mask_conference,environment,network_actively,goal_achieved,0.6315,0.16825,-0.08306,0.50000,0.35572,-0.17342,0.000698,-0.000007,0.000000,0.001286,-0.000868
860,32,conference,mask_conference,environment,network_actively,delayed,-0.3136,0.16806,-0.08328,0.49942,0.35499,-0.17277,-0.000191,-0.000226,-0.000581,-0.000731,0.000648
861,32,conference,mask_conference,environment,network_actively,goal_achieved,0.6325,0.16875,-0.08329,0.50000,0.35628,-0.17364,0.000698,-0.000008,0.000581,0.001287,-0.000867
862,32,conference,mask_conference,environment,network_actively,goal_achieved,0.6324,0.16945,-0.08330,0.50000,0.35756,-0.17450,0.000698,-0.000011,0.000000,0.001286,-0.000866
863,32,conference,mask_conference,environment,network_actively,goal_achieved,0.6333,0.17015,-0.08332,0.50000,0.35885,-0.17537,0.000698,-0.000016,0.000000,0.001287,-0.000864
864,32,conference,mask_conference,environment,network_actively,goal_achieved,0.6342,0.17085,-0.08334,0.50000,0.36014,-0.17623,0.000698,-0.000020,0.000000,0.001288,-0.000862
865,33,work,mask_work,environment,network_actively,failed,-2.1926,0.24128,0.34041,-0.25551,-0.27079,-0.12744,0.000822,0.003143,-0.003716,-0.002133,-0.001083
866,33,work,mask_work,environment,network_actively,failed,-2.2000,0.24211,0.34354,-0.25920,-0.27291,-0.12852,0.000822,0.003129,-0.003693,-0.002124,-0.001080
867,33,work,mask_work,environment,deep_work,goal_achieved,2.0029,0.24313,0.34574,-0.26117,-0.27439,-0.12961,0.001020,0.002192,-0.001972,-0.001477,-0.001097
868,33,work,mask_work,environment,take_notes,delayed,-1.1504,0.24352,0.34721,-0.26224,-0.27537,-0.13047,0.000397,0.001471,-0.001064,-0.000983,-0.000857
869,33,work,mask_work,environment,handle_backlog,goal_achieved,2.1416,0.24408,0.34920,-0.26383,-0.27667,-0.13111,0.000553,0.001995,-0.001596,-0.001299,-0.000635
870,33,work,mask_work,environment,rest_deeply,failed,-2.4821,0.24485,0.35118,-0.26527,-0.27785,-0.13194,0.000775,0.001982,-0.001439,-0.001181,-0.000834
871,33,work,mask_work,environment,deep_work,goal_achieved,1.9696,0.24583,0.35339,-0.26724,-0.27935,-0.13300,0.000978,0.002211,-0.001963,-0.001500,-0.001061
872,33,work,mask_work,environment,take_notes,goal_achieved,1.6987,0.24731,0.35598,-0.26972,-0.28086,-0.13368,0.001481,0.002586,-0.002485,-0.001508,-0.000681
873,33,work,mask_work,environment,deep_work,goal_achieved,1.9512,0.24830,0.35820,-0.27169,-0.28236,-0.13474,0.000993,0.002216,-0.001970,-0.001502,-0.001058
874,33,home,mask_home,environment,rest_deeply,goal_achieved,2.1505,-0.43485,-0.15249,-0.50000,-0.17449,0.11180,-0.001456,-0.000797,0.000000,-0.000598,0.000430
875,33,home,mask_home,environment,rest_deeply,goal_achieved,2.1477,-0.43630,-0.15327,-0.50000,-0.17509,0.11222,-0.001447,-0.000786,0.000000,-0.000599,0.000423
876,33,home,mask_home,environment,zone_out,delayed,-1.2989,-0.43725,-0.15343,-0.50000,-0.17533,0.11231,-0.000950,-0.000162,0.000000,-0.000235,0.000090
877,33,home,mask_home,environment,quick_scan,delayed,-1.3837,-0.43852,-0.15389,-0.50000,-0.17589,0.11261,-0.001273,-0.000452,0.000000,-0.000559,0.000294
878,33,home,mask_home,environment,rest_deeply,goal_achieved,2.1548,-0.43991,-0.15461,-0.50000,-0.17645,0.11299,-0.001386,-0.000723,0.000000,-0.000561,0.000383
879,33,home,mask_home,environment,tidy_up,goal_achieved,2.0553,-0.44135,-0.15428,-0.50000,-0.17701,0.11299,-0.001443,0.000325,0.000000,-0.000561,0.000001
880,33,home,mask_home,environment,rest_deeply,goal_achieved,2.1459,-0.44273,-0.15497,-0.50000,-0.17757,0.11336,-0.001378,-0.000687,0.000000,-0.000561,0.000367
881,33,home,mask_home,environment,rest_deeply,delayed,-0.2686,-0.44343,-0.15405,-0.50000,-0.17813,0.11319,-0.000699,0.000921,0.000000,-0.000560,-0.000170
882,33,home,mask_home,environment,tidy_up,goal_achieved,2.0606,-0.44486,-0.15370,-0.50000,-0.17869,0.11318,-0.001427,0.000354,0.000000,-0.000560,-0.000011
883,33,conference,mask_conference,environment,network_actively,delayed,-0.3143,0.17066,-0.08356,0.49941,0.35941,-0.17558,-0.000186,-0.000220,-0.000587,-0.000732,0.000645
884,33,conference,mask_conference,environment,network_actively,delayed,-0.3144,0.17048,-0.08378,0.49883,0.35867,-0.17494,-0.000186,-0.000220,-0.000587,-0.000732,0.000645
885,33,conference,mask_conference,environment,network_actively,delayed,-0.3144,0.17029,-0.08400,0.49824,0.35794,-0.17429,-0.000187,-0.000220,-0.000587,-0.000732,0.000645
886,33,conference,mask_conference,environment,quick_scan,failed,-3.1987,0.17138,-0.08336,0.50000,0.35992,-0.17604,0.001092,0.000633,0.001760,0.001981,-0.001748
887,33,conference,mask_conference,environment,network_actively,goal_achieved,0.6439,0.17209,-0.08338,0.50000,0.36123,-0.17692,0.000708,-0.000011,0.000000,0.001310,-0.000882
888,33,conference,mask_conference,environment,network_actively,goal_achieved,0.6448,0.17280,-0.08339,0.50000,0.36254,-0.17780,0.000708,-0.000016,0.000000,0.001311,-0.000880
889,33,conference,mask_conference,environment,network_actively,delayed,-0.3058,0.17262,-0.08359,0.49942,0.36183,-0.17718,-0.000172,-0.000202,-0.000581,-0.000712,0.000621
890,33,conference,mask_conference,environment,network_actively,goal_achieved,0.6459,0.17333,-0.08361,0.50000,0.36314,-0.17806,0.000708,-0.000018,0.000581,0.001312,-0.000879
891,33,conference,mask_conference,environment,network_actively,goal_achieved,0.6458,0.17404,-0.08363,0.50000,0.36445,-0.17894,0.000708,-0.000020,0.000000,0.001311,-0.000878
892,34,work,mask_work,environment,take_notes,goal_achieved,1.6879,0.24979,0.36077,-0.27416,-0.28386,-0.13542,0.001486,0.002576,-0.002474,-0.001505,-0.000682
893,34,work,mask_work,environment,deep_work,delayed,-0.8150,0.24950,0.36126,-0.27404,-0.28381,-0.13515,-0.000290,0.000493,0.000127,0.000050,0.000275
894,34,work,mask_work,environment,rest_deeply,failed,-2.5135,0.25029,0.36324,-0.27548,-0.28499,-0.13596,0.000794,0.001978,-0.001444,-0.001176,-0.000816
895,34,work,mask_work,environment,handle_backlog,goal_achieved,2.1032,0.25086,0.36524,-0.27706,-0.28628,-0.13658,0.000570,0.001994,-0.001583,-0.001294,-0.000612
896,34,work,mask_work,environment,handle_backlog,goal_achieved,2.1005,0.25143,0.36723,-0.27864,-0.28758,-0.13719,0.000568,0.001991,-0.001578,-0.001292,-0.000610
897,34,work,mask_work,environment,network_actively,goal_achieved,1.5705,0.25196,0.36677,-0.27632,-0.28703,-0.13742,0.000532,-0.000461,0.002325,0.000550,-0.000237
898,34,work,mask_work,environment,network_actively,goal_achieved,1.5681,0.25249,0.36630,-0.27399,-0.28647,-0.13766,0.000530,-0.000469,0.002331,0.000554,-0.000235
899,34,work,mask_work,environment,network_actively,goal_achieved,1.5657,0.25302,0.36582,-0.27165,-0.28591,-0.13789,0.000527,-0.000478,0.002337,0.000558,-0.000233
900,34,work,mask_work,environment,deep_work,goal_achieved,1.8743,0.25397,0.36802,-0.27355,-0.28741,-0.13889,0.000956,0.002195,-0.001904,-0.001497,-0.000996
901,34,home,mask_home,environment,deep_work,delayed,-1.6619,-0.44616,-0.15414,-0.50000,-0.17922,0.11348,-0.001299,-0.000445,0.000000,-0.000529,0.000299
902,34,home,mask_home,environment,network_actively,failed,-2.5063,-0.44779,-0.15446,-0.50000,-0.18028,0.11389,-0.001633,-0.000319,0.000000,-0.001068,0.000411
903,34,home,mask_home,environment,tidy_up,goal_achieved,2.0576,-0.44920,-0.15408,-0.50000,-0.18085,0.11387,-0.001413,0.000378,0.000000,-0.000564,-0.000021
904,34,home,mask_home,environment,rest_deeply,goal_achieved,2.1289,-0.45056,-0.15470,-0.50000,-0.18141,0.11420,-0.001361,-0.000613,0.000000,-0.000562,0.000335
905,34,home,mask_home,environment,network_actively,goal_achieved,1.1607,-0.45017,-0.15520,-0.49908,-0.17983,0.11378,0.000392,-0.000502,0.000923,0.001579,-0.000423
906,34,home,mask_home,environment,rest_deeply,goal_achieved,2.1171,-0.45151,-0.15580,-0.50000,-0.18038,0.11410,-0.001336,-0.000599,-0.000923,-0.000546,0.000321
907,34,home,mask_home,environment,zone_out,delayed,-1.3306,-0.45238,-0.15582,-0.50000,-0.18058,0.11411,-0.000878,-0.000020,0.000000,-0.000198,0.000013
908,34,home,mask_home,environment,rest_deeply,goal_achieved,2.1241,-0.45367,-0.15637,-0.50000,-0.18108,0.11441,-0.001290,-0.000558,0.000000,-0.000508,0.000293
909,34,home,mask_home,environment,rest_deeply,goal_achieved,2.1219,-0.45496,-0.15692,-0.50000,-0.18159,0.11469,-0.001282,-0.000548,0.000000,-0.000509,0.000287
910,34,conference,mask_conference,environment,network_actively,goal_achieved,0.6467,0.17475,-0.08366,0.50000,0.36577,-0.17982,0.000708,-0.000025,0.000000,0.001312,-0.000876
911,34,conference,mask_conference,environment,quick_scan,goal_achieved,0.8799,0.17475,-0.08436,0.50000,0.36566,-0.17929,0.000002,-0.000706,0.000000,-0.000111,0.000528
912,34,conference,mask_conference,environment,network_actively,goal_achieved,0.6381,0.17545,-0.08439,0.50000,0.36695,-0.18015,0.000697,-0.000033,0.000000,0.001293,-0.000857
913,34,conference,mask_conference,environment,network_actively,goal_achieved,0.6390,0.17614,-0.08443,0.50000,0.36824,-0.18100,0.000697,-0.000038,0.000000,0.001294,-0.000855
914,34,conference,mask_conference,environment,quick_scan,failed,-3.2070,0.17724,-0.08381,0.50000,0.37022,-0.18274,0.001092,0.000617,0.000000,0.001981,-0.001739
915,34,conference,mask_conference,environment,network_actively,delayed,-0.3066,0.17707,-0.08401,0.49941,0.36951,-0.18213,-0.000163,-0.000191,-0.000591,-0.000713,0.000614
916,34,conference,mask_conference,environment,network_actively,goal_achieved,0.6513,0.17778,-0.08405,0.50000,0.37083,-0.18300,0.000709,-0.000042,0.000591,0.001318,-0.000869
917,34,conference,mask_conference,environment,quick_scan,goal_achieved,0.8870,0.17778,-0.08477,0.50000,0.37073,-0.18246,0.000001,-0.000722,0.000000,-0.000103,0.000533
918,34,conference,mask_conference,environment,network_actively,goal_achieved,0.6419,0.17848,-0.08482,0.50000,0.37202,-0.18331,0.000698,-0.000046,0.000000,0.001298,-0.000853
919,35,work,mask_work,environment,network_actively,delayed,-1.3646,0.25468,0.37025,-0.27569,-0.28888,-0.13968,0.000701,0.002240,-0.002136,-0.001473,-0.000794
920,35,work,mask_work,environment,deep_work,goal_achieved,1.8696,0.25563,0.37244,-0.27759,-0.29038,-0.14068,0.000956,0.002189,-0.001898,-0.001495,-0.000995
921,35,work,mask_work,environment,take_notes,goal_achieved,1.6221,0.25706,0.37495,-0.27994,-0.29185,-0.14128,0.001426,0.002511,-0.002358,-0.001473,-0.000606
922,35,work,mask_work,environment,deep_work,goal_achieved,1.8522,0.25803,0.37715,-0.28185,-0.29335,-0.14227,0.000969,0.002192,-0.001904,-0.001497,-0.000991
923,35,work,mask_work,environment,network_actively,failed,-2.3785,0.25880,0.38028,-0.28544,-0.29549,-0.14325,0.000777,0.003132,-0.003596,-0.002141,-0.000977
924,35,work,mask_work,environment,take_notes,failed,-2.2246,0.25873,0.38142,-0.28600,-0.29636,-0.14407,-0.000071,0.001143,-0.000557,-0.000869,-0.000819
925,35,work,mask_work,environment,deep_work,goal_achieved,1.8586,0.25969,0.38360,-0.28789,-0.29785,-0.14506,0.000955,0.002175,-0.001885,-0.001492,-0.000992
926,35,work,mask_work,environment,deep_work,goal_achieved,1.8558,0.26064,0.38577,-0.28977,-0.29934,-0.14605,0.000954,0.002170,-0.001880,-0.001490,-0.000991
927,35,work,mask_work,environment,take_notes,failed,-2.2358,0.26058,0.38692,-0.29033,-0.30022,-0.14688,-0.000066,0.001152,-0.000568,-0.000880,-0.000827
928,35,home,mask_home,environment,network_actively,failed,-2.5222,-0.45654,-0.15717,-0.50000,-0.18263,0.11506,-0.001580,-0.000247,0.000000,-0.001038,0.000366
929,35,home,mask_home,environment,zone_out,failed,-2.4347,-0.45694,-0.15676,-0.50000,-0.18237,0.11477,-0.000407,0.000407,0.000000,0.000260,-0.000286
930,35,home,mask_home,environment,network_actively,failed,-2.5013,-0.45845,-0.15694,-0.50000,-0.18334,0.11509,-0.001506,-0.000180,0.000000,-0.000966,0.000319
931,35,home,mask_home,environment,network_actively,delayed,-1.5827,-0.45943,-0.15715,-0.50000,-0.18364,0.11519,-0.000984,-0.000210,0.000000,-0.000303,0.000102
932,35,home,mask_home,environment,tidy_up,goal_achieved,2.0600,-0.46068,-0.15662,-0.50000,-0.18409,0.11507,-0.001247,0.000534,0.000000,-0.000446,-0.000128
933,35,home,mask_home,environment,network_actively,goal_achieved,1.1753,-0.46011,-0.15691,-0.49916,-0.18241,0.11452,0.000571,-0.000287,0.000844,0.001681,-0.000549
934,35,home,mask_home,environment,rest_deeply,goal_achieved,2.1279,-0.46129,-0.15734,-0.50000,-0.18283,0.11473,-0.001178,-0.000428,-0.000844,-0.000428,0.000211
935,35,home,mask_home,environment,rest_deeply,goal_achieved,2.1252,-0.46246,-0.15776,-0.50000,-0.18326,0.11494,-0.001172,-0.000423,0.000000,-0.000425,0.000208
936,35,home,mask_home,environment,network_actively,failed,-2.5170,-0.46396,-0.15790,-0.50000,-0.18422,0.11524,-0.001495,-0.000145,0.000000,-0.000966,0.000301
937,35,conference,mask_conference,environment,network_actively,goal_achieved,0.6437,0.17918,-0.08487,0.50000,0.37333,-0.18416,0.000696,-0.000056,0.000000,0.001302,-0.000848
938,35,conference,mask_conference,environment,quick_scan,goal_achieved,0.8836,0.17918,-0.08560,0.50000,0.37323,-0.18363,0.000000,-0.000727,0.000000,-0.000094,0.000532
939,35,conference,mask_conference,environment,quick_scan,failed,-3.2036,0.18027,-0.08499,0.50000,0.37521,-0.18536,0.001089,0.000611,0.000000,0.001979,-0.001732
940,35,conference,mask_conference,environment,network_actively,goal_achieved,0.6493,0.18096,-0.08507,0.50000,0.37652,-0.18620,0.000691,-0.000079,0.000000,0.001313,-0.000837
941,35,conference,mask_conference,environment,network_actively,delayed,-0.3149,0.18079,-0.08526,0.49939,0.37579,-0.18557,-0.000167,-0.000193,-0.000606,-0.000730,0.000628
942,35,conference,mask_conference,environment,network_actively,goal_achieved,0.6511,0.18148,-0.08534,0.50000,0.37711,-0.18640,0.000690,-0.000085,0.000606,0.001316,-0.000834
943,35,conference,mask_conference,environment,network_actively,goal_achieved,0.6515,0.18217,-0.08543,0.50000,0.37843,-0.18724,0.000687,-0.000089,0.000000,0.001318,-0.000832
944,35,conference,mask_conference,environment,quick_scan,delayed,-2.1743,0.18297,-0.08519,0.50000,0.37989,-0.18838,0.000808,0.000245,0.000000,0.001467,-0.001145
945,35,conference,mask_conference,environment,quick_scan,failed,-3.1955,0.18405,-0.08462,0.50000,0.38188,-0.19008,0.001077,0.000567,0.000000,0.001982,-0.001701
946,36,work,mask_work,environment,deep_work,goal_achieved,1.8627,0.26151,0.38907,-0.29219,-0.30170,-0.14787,0.000939,0.002150,-0.001855,-0.001481,-0.000992
947,36,work,mask_work,environment,take_notes,goal_achieved,1.5884,0.26296,0.39156,-0.29453,-0.30317,-0.14848,0.001444,0.002490,-0.002338,-0.001471,-0.000611
948,36,work,mask_work,environment,take_notes,goal_achieved,1.5848,0.26440,0.39404,-0.29686,-0.30464,-0.14909,0.001444,0.002482,-0.002329,-0.001466,-0.000609
949,36,work,mask_work,environment,take_notes,failed,-2.2453,0.26433,0.39519,-0.29743,-0.30553,-0.14992,-0.000068,0.001153,-0.000571,-0.000886,-0.000830
950,36,work,mask_work,environment,network_actively,delayed,-1.4204,0.26505,0.39739,-0.29950,-0.30699,-0.15072,0.000712,0.002199,-0.002077,-0.001461,-0.000797
951,36,work,mask_work,environment,take_notes,failed,-2.2470,0.26498,0.39855,-0.30008,-0.30788,-0.15155,-0.000070,0.001154,-0.000575,-0.000889,-0.000830
952,36,work,mask_work,environment,rest_deeply,delayed,-1.4428,0.26554,0.40014,-0.30160,-0.30902,-0.15218,0.000568,0.001589,-0.001520,-0.001143,-0.000638
953,36,work,mask_work,environment,tidy_up,goal_achieved,1.8710,0.26530,0.40230,-0.30318,-0.31001,-0.15300,-0.000243,0.002160,-0.001583,-0.000991,-0.000818
954,36,work,mask_work,environment,take_notes,goal_achieved,1.5584,0.26671,0.40475,-0.30549,-0.31145,-0.15360,0.001407,0.002458,-0.002303,-0.001443,-0.000601
955,36,home,mask_home,environment,take_notes,failed,-2.7779,-0.46519,-0.15830,-0.50000,-0.18460,0.11542,-0.001235,-0.000400,0.000000,-0.000378,0.000186
956,36,home,mask_home,environment,network_actively,goal_achieved,1.1673,-0.46458,-0.15854,-0.49920,-0.18292,0.11485,0.000607,-0.000239,0.000801,0.001683,-0.000577
957,36,home,mask_home,environment,quick_scan,failed,-2.5990,-0.46564,-0.15858,-0.50000,-0.18325,0.11477,-0.001061,-0.000036,-0.000801,-0.000334,-0.000071
958,36,home,mask_home,environment,network_actively,failed,-2.5108,-0.46714,-0.15871,-0.50000,-0.18421,0.11505,-0.001492,-0.000127,0.000000,-0.000957,0.000278
959,36,home,mask_home,environment,tidy_up,goal_achieved,2.0395,-0.46833,-0.15812,-0.50000,-0.18461,0.11487,-0.001195,0.000583,0.000000,-0.000404,-0.000180
960,36,home,mask_home,environment,network_actively,failed,-2.5184,-0.46982,-0.15822,-0.50000,-0.18557,0.11514,-0.001488,-0.000101,0.000000,-0.000954,0.000266
961,36,home,mask_home,environment,network_actively,delayed,-1.5983,-0.47077,-0.15834,-0.50000,-0.18586,0.11518,-0.000954,-0.000115,0.000000,-0.000292,0.000042
962,36,home,mask_home,environment,rest_deeply,goal_achieved,2.1156,-0.47190,-0.15868,-0.50000,-0.18626,0.11533,-0.001129,-0.000343,0.000000,-0.000404,0.000151
963,36,home,mask_home,environment,rest_deeply,goal_achieved,2.1139,-0.47302,-0.15902,-0.50000,-0.18667,0.11548,-0.001122,-0.000334,0.000000,-0.000404,0.000146
964,36,conference,mask_conference,environment,quick_scan,goal_achieved,0.9026,0.18404,-0.08542,0.50000,0.38182,-0.18952,-0.000010,-0.000794,0.000000,-0.000054,0.000559
965,36,conference,mask_conference,environment,network_actively,delayed,-0.3109,0.18389,-0.08560,0.49939,0.38110,-0.18891,-0.000156,-0.000180,-0.000607,-0.000719,0.000613
966,36,conference,mask_conference,environment,network_actively,delayed,-0.3110,0.18373,-0.08578,0.49879,0.38038,-0.18830,-0.000157,-0.000180,-0.000607,-0.000720,0.000613
967,36,conference,mask_conference,environment,quick_scan,delayed,-2.1512,0.18453,-0.08555,0.50000,0.38184,-0.18942,0.000799,0.000230,0.001213,0.001457,-0.001126
968,36,conference,mask_conference,environment,network_actively,goal_achieved,0.6675,0.18522,-0.08566,0.50000,0.38319,-0.19026,0.000688,-0.000114,0.000000,0.001353,-0.000833
969,36,conference,mask_conference,environment,network_actively,goal_achieved,0.6694,0.18590,-0.08578,0.50000,0.38455,-0.19109,0.000686,-0.000123,0.000000,0.001357,-0.000829
970,36,conference,mask_conference,environment,quick_scan,delayed,-2.1541,0.18670,-0.08557,0.50000,0.38601,-0.19220,0.000795,0.000212,0.000000,0.001465,-0.001118
971,36,conference,mask_conference,environment,network_actively,goal_achieved,0.6780,0.18738,-0.08571,0.50000,0.38739,-0.19303,0.000685,-0.000143,0.000000,0.001375,-0.000825
972,36,conference,mask_conference,environment,network_actively,goal_achieved,0.6798,0.18806,-0.08587,0.50000,0.38877,-0.19385,0.000683,-0.000151,0.000000,0.001378,-0.000821
973,37,work,mask_work,environment,network_actively,delayed,-1.4465,0.26738,0.40693,-0.30754,-0.31289,-0.15439,0.000672,0.002181,-0.002052,-0.001441,-0.000791
974,37,work,mask_work,environment,take_notes,delayed,-1.3118,0.26765,0.40842,-0.30855,-0.31392,-0.15517,0.000268,0.001481,-0.001010,-0.001023,-0.000771
975,37,work,mask_work,environment,deep_work,goal_achieved,1.8196,0.26856,0.41054,-0.31037,-0.31538,-0.15615,0.000907,0.002122,-0.001828,-0.001460,-0.000983
976,37,work,mask_work,environment,take_notes,failed,-2.2726,0.26845,0.41170,-0.31096,-0.31627,-0.15698,-0.000110,0.001162,-0.000587,-0.000889,-0.000833
977,37,work,mask_work,environment,deep_work,goal_achieved,1.8255,0.26934,0.41380,-0.31277,-0.31772,-0.15796,0.000894,0.002104,-0.001806,-0.001452,-0.000983
978,37,work,mask_work,environment,deep_work,goal_achieved,1.8230,0.27023,0.41590,-0.31457,-0.31917,-0.15895,0.000893,0.002099,-0.001800,-0.001450,-0.000982
979,37,work,mask_work,environment,deep_work,delayed,-0.8895,0.26979,0.41637,-0.31437,-0.31911,-0.15858,-0.000444,0.000467,0.000197,0.000062,0.000370
980,37,work,mask_work,environment,take_notes,delayed,-1.3171,0.27005,0.41784,-0.31536,-0.32012,-0.15934,0.000259,0.001464,-0.000992,-0.001014,-0.000763
981,37,work,mask_work,environment,network_actively,delayed,-1.4409,0.27069,0.41996,-0.31734,-0.32153,-0.16012,0.000637,0.002122,-0.001977,-0.001410,-0.000782
982,37,home,mask_home,environment,network_actively,failed,-2.5298,-0.47450,-0.15910,-0.50000,-0.18762,0.11573,-0.001472,-0.000085,0.000000,-0.000952,0.000256
983,37,home,mask_home,environment,tidy_up,goal_achieved,2.0297,-0.47566,-0.15848,-0.50000,-0.18803,0.11553,-0.001169,0.000626,0.000000,-0.000409,-0.000201
984,37,home,mask_home,environment,network_actively,delayed,-1.6137,-0.47660,-0.15855,-0.50000,-0.18832,0.11555,-0.000933,-0.000071,0.000000,-0.000289,0.000020
985,37,home,mask_home,environment,rest_deeply,delayed,-0.2747,-0.47721,-0.15743,-0.50000,-0.18875,0.11526,-0.000614,0.001117,0.000000,-0.000436,-0.000298
986,37,home,mask_home,environment,tidy_up,goal_achieved,2.0374,-0.47837,-0.15678,-0.50000,-0.18916,0.11505,-0.001161,0.000648,0.000000,-0.000404,-0.000208
987,37,home,mask_home,environment,network_actively,failed,-2.5321,-0.47984,-0.15681,-0.50000,-0.19010,0.11528,-0.001463,-0.000027,0.000000,-0.000945,0.000233
988,37,home,mask_home,environment,rest_deeply,delayed,-0.2791,-0.48046,-0.15567,-0.50000,-0.19054,0.11498,-0.000623,0.001142,0.000000,-0.000440,-0.000305
989,37,home,mask_home,environment,tidy_up,failed,-2.3328,-0.48108,-0.15776,-0.50000,-0.19097,0.11581,-0.000625,-0.002095,0.000000,-0.000422,0.000830
990,37,home,mask_home,environment,quick_scan,goal_achieved,2.0908,-0.48205,-0.15818,-0.50000,-0.19162,0.11643,-0.000963,-0.000423,0.000000,-0.000650,0.000621
991,37,conference,mask_conference,environment,network_actively,goal_achieved,0.6816,0.18875,-0.08602,0.50000,0.39015,-0.19467,0.000681,-0.000159,0.000000,0.001382,-0.000816
992,37,conference,mask_conference,environment,network_actively,delayed,-0.3045,0.18861,-0.08618,0.49939,0.38945,-0.19408,-0.000139,-0.000158,-0.000607,-0.000702,0.000588
993,37,conference,mask_conference,environment,network_actively,delayed,-0.3045,0.18847,-0.08634,0.49879,0.38874,-0.19349,-0.000139,-0.000158,-0.000607,-0.000702,0.000588
994,37,conference,mask_conference,environment,network_actively,goal_achieved,0.6832,0.18915,-0.08650,0.50000,0.39013,-0.19430,0.000681,-0.000161,0.001214,0.001384,-0.000815
995,37,conference,mask_conference,environment,network_actively,goal_achieved,0.6820,0.18983,-0.08666,0.50000,0.39151,-0.19512,0.000679,-0.000160,0.000000,0.001383,-0.000816
996,37,conference,mask_conference,environment,network_actively,goal_achieved,0.6837,0.19050,-0.08683,0.50000,0.39290,-0.19593,0.000677,-0.000168,0.000000,0.001387,-0.000812
997,37,conference,mask_conference,environment,network_actively,goal_achieved,0.6854,0.19118,-0.08700,0.50000,0.39429,-0.19674,0.000675,-0.000176,0.000000,0.001390,-0.000807
998,37,conference,mask_conference,environment,network_actively,goal_achieved,0.6871,0.19185,-0.08719,0.50000,0.39568,-0.19754,0.000673,-0.000184,0.000000,0.001393,-0.000803
999,37,conference,mask_conference,environment,network_actively,goal_achieved,0.6887,0.19252,-0.08738,0.50000,0.39708,-0.19834,0.000671,-0.000191,0.000000,0.001397,-0.000799
1000,38,work,mask_work,environment,tidy_up,failed,-2.4570,0.27226,0.42134,-0.31858,-0.32286,-0.16072,0.001574,0.001382,-0.001239,-0.001335,-0.000601
1001,38,work,mask_work,environment,deep_work,goal_achieved,1.8320,0.27318,0.42341,-0.32035,-0.32431,-0.16170,0.000918,0.002067,-0.001776,-0.001449,-0.000976
1002,38,work,mask_work,environment,deep_work,delayed,-0.8754,0.27275,0.42386,-0.32015,-0.32426,-0.16132,-0.000424,0.000449,0.000206,0.000056,0.000378
1003,38,work,mask_work,environment,network_actively,failed,-2.4408,0.27346,0.42675,-0.32341,-0.32626,-0.16225,0.000707,0.002899,-0.003265,-0.002003,-0.000929
1004,38,work,mask_work,environment,network_actively,failed,-2.4468,0.27417,0.42964,-0.32666,-0.32825,-0.16318,0.000706,0.002886,-0.003243,-0.001994,-0.000926
1005,38,work,mask_work,environment,tidy_up,goal_achieved,1.8621,0.27387,0.43172,-0.32815,-0.32920,-0.16397,-0.000299,0.002083,-0.001494,-0.000941,-0.000791
1006,38,work,mask_work,environment,take_notes,goal_achieved,1.5404,0.27526,0.43409,-0.33036,-0.33059,-0.16453,0.001394,0.002368,-0.002207,-0.001391,-0.000564
1007,38,work,mask_work,environment,handle_backlog,delayed,-1.3824,0.27620,0.43557,-0.33164,-0.33147,-0.16554,0.000937,0.001474,-0.001281,-0.000887,-0.001010
1008,38,work,mask_work,environment,deep_work,goal_achieved,1.8339,0.27714,0.43761,-0.33341,-0.33289,-0.16656,0.000940,0.002043,-0.001771,-0.001414,-0.001016
1009,38,home,mask_home,environment,tidy_up,failed,-2.3623,-0.48266,-0.16029,-0.50000,-0.19206,0.11730,-0.000613,-0.002102,0.000000,-0.000446,0.000869
1010,38,home,mask_home,environment,network_actively,delayed,-1.6053,-0.48353,-0.16039,-0.50000,-0.19237,0.11736,-0.000865,-0.000103,0.000000,-0.000309,0.000064
1011,38,home,mask_home,environment,rest_deeply,goal_achieved,2.0902,-0.48457,-0.16073,-0.50000,-0.19280,0.11753,-0.001043,-0.000340,0.000000,-0.000426,0.000175
1012,38,home,mask_home,environment,take_notes,goal_achieved,2.0810,-0.48530,-0.16050,-0.50000,-0.19330,0.11755,-0.000730,0.000232,0.000000,-0.000503,0.000014
1013,38,home,mask_home,environment,tidy_up,delayed,-1.2784,-0.48602,-0.16187,-0.50000,-0.19374,0.11814,-0.000717,-0.001376,0.000000,-0.000444,0.000590
1014,38,home,mask_home,environment,rest_deeply,delayed,-0.2768,-0.48660,-0.16089,-0.50000,-0.19422,0.11793,-0.000589,0.000987,0.000000,-0.000472,-0.000206
1015,38,home,mask_home,environment,network_actively,goal_achieved,1.1797,-0.48578,-0.16093,-0.49920,-0.19255,0.11728,0.000820,-0.000044,0.000801,0.001668,-0.000652
1016,38,home,mask_home,environment,network_actively,failed,-2.5198,-0.48717,-0.16103,-0.50000,-0.19352,0.11757,-0.001385,-0.000101,-0.000801,-0.000975,0.000293
1017,38,home,mask_home,environment,rest_deeply,goal_achieved,2.0818,-0.48817,-0.16136,-0.50000,-0.19394,0.11774,-0.000998,-0.000331,0.000000,-0.000413,0.000164
1018,38,conference,mask_conference,environment,network_actively,goal_achieved,0.6904,0.19319,-0.08758,0.50000,0.39848,-0.19914,0.000669,-0.000199,0.000000,0.001400,-0.000795
1019,38,conference,mask_conference,environment,network_actively,delayed,-0.3058,0.19306,-0.08773,0.49939,0.39778,-0.19855,-0.000133,-0.000149,-0.000615,-0.000703,0.000583
1020,38,conference,mask_conference,environment,quick_scan,delayed,-2.1401,0.19384,-0.08757,0.50000,0.39925,-0.19964,0.000779,0.000159,0.000615,0.001479,-0.001082
1021,38,conference,mask_conference,environment,network_actively,goal_achieved,0.6969,0.19451,-0.08778,0.50000,0.40067,-0.20043,0.000669,-0.000207,0.000000,0.001414,-0.000797
1022,38,conference,mask_conference,environment,network_actively,goal_achieved,0.6985,0.19517,-0.08799,0.50000,0.40208,-0.20123,0.000667,-0.000215,0.000000,0.001417,-0.000793
1023,38,conference,mask_conference,environment,network_actively,goal_achieved,0.7000,0.19584,-0.08821,0.50000,0.40350,-0.20202,0.000666,-0.000222,0.000000,0.001420,-0.000789
1024,38,conference,mask_conference,environment,network_actively,goal_achieved,0.7016,0.19650,-0.08844,0.50000,0.40493,-0.20280,0.000664,-0.000229,0.000000,0.001423,-0.000786
1025,38,conference,mask_conference,environment,network_actively,goal_achieved,0.7031,0.19716,-0.08868,0.50000,0.40635,-0.20358,0.000662,-0.000235,0.000000,0.001426,-0.000782
1026,38,conference,mask_conference,environment,tidy_up,delayed,-2.5180,0.19762,-0.08881,0.50000,0.40732,-0.20412,0.000456,-0.000130,0.000000,0.000971,-0.000533
1027,39,work,mask_work,environment,handle_backlog,goal_achieved,1.9890,0.27763,0.43946,-0.33482,-0.33412,-0.16712,0.000487,0.001849,-0.001409,-0.001230,-0.000562
1028,39,work,mask_work,environment,deep_work,goal_achieved,1.8141,0.27855,0.44151,-0.33659,-0.33554,-0.16812,0.000920,0.002050,-0.001767,-0.001424,-0.000995
1029,39,work,mask_work,environment,handle_backlog,delayed,-1.3922,0.27949,0.44298,-0.33787,-0.33643,-0.16913,0.000947,0.001470,-0.001281,-0.000889,-0.001019
1030,39,work,mask_work,environment,network_actively,delayed,-1.4360,0.28018,0.44500,-0.33975,-0.33777,-0.16995,0.000692,0.002020,-0.001882,-0.001335,-0.000811
1031,39,work,mask_work,environment,network_actively,failed,-2.4650,0.28092,0.44780,-0.34289,-0.33968,-0.17091,0.000740,0.002799,-0.003143,-0.001912,-0.000969
1032,39,work,mask_work,environment,take_notes,delayed,-1.2875,0.28122,0.44920,-0.34387,-0.34066,-0.17172,0.000298,0.001410,-0.000977,-0.000981,-0.000808
1033,39,work,mask_work,environment,deep_work,goal_achieved,1.8369,0.28217,0.45121,-0.34561,-0.34205,-0.17275,0.000945,0.002009,-0.001743,-0.001396,-0.001025
1034,39,work,mask_work,environment,deep_work,delayed,-0.8528,0.28175,0.45166,-0.34544,-0.34197,-0.17241,-0.000418,0.000442,0.000174,0.000083,0.000339
1035,39,work,mask_work,environment,handle_backlog,delayed,-1.3808,0.28268,0.45310,-0.34670,-0.34285,-0.17342,0.000934,0.001447,-0.001261,-0.000874,-0.001013
1036,39,home,mask_home,environment,rest_deeply,goal_achieved,2.0802,-0.48916,-0.16168,-0.50000,-0.19435,0.11790,-0.000991,-0.000322,0.000000,-0.000412,0.000159
1037,39,home,mask_home,environment,zone_out,failed,-2.4411,-0.48931,-0.16110,-0.50000,-0.19397,0.11751,-0.000156,0.000583,0.000000,0.000381,-0.000390
1038,39,home,mask_home,environment,rest_deeply,goal_achieved,2.1017,-0.49024,-0.16136,-0.50000,-0.19431,0.11762,-0.000926,-0.000264,0.000000,-0.000345,0.000117
1039,39,home,mask_home,environment,rest_deeply,goal_achieved,2.1004,-0.49116,-0.16162,-0.50000,-0.19466,0.11774,-0.000919,-0.000256,0.000000,-0.000344,0.000113
1040,39,home,mask_home,environment,rest_deeply,goal_achieved,2.0991,-0.49207,-0.16187,-0.50000,-0.19500,0.11785,-0.000913,-0.000249,0.000000,-0.000344,0.000109
1041,39,home,mask_home,environment,network_actively,delayed,-1.5932,-0.49282,-0.16188,-0.50000,-0.19524,0.11785,-0.000745,-0.000010,0.000000,-0.000242,0.000001
1042,39,home,mask_home,environment,rest_deeply,goal_achieved,2.0965,-0.49372,-0.16212,-0.50000,-0.19558,0.11795,-0.000903,-0.000237,0.000000,-0.000341,0.000102
1043,39,home,mask_home,environment,tidy_up,goal_achieved,2.0146,-0.49469,-0.16130,-0.50000,-0.19593,0.11767,-0.000969,0.000816,0.000000,-0.000343,-0.000277
1044,39,home,mask_home,environment,zone_out,delayed,-1.3842,-0.49532,-0.16111,-0.50000,-0.19605,0.11757,-0.000627,0.000191,0.000000,-0.000128,-0.000100
1045,39,conference,mask_conference,environment,network_actively,goal_achieved,0.7034,0.19827,-0.08904,0.50000,0.40875,-0.20490,0.000654,-0.000237,0.000000,0.001428,-0.000779
1046,39,conference,mask_conference,environment,network_actively,goal_achieved,0.7049,0.19893,-0.08929,0.50000,0.41018,-0.20567,0.000652,-0.000243,0.000000,0.001431,-0.000776
1047,39,conference,mask_conference,environment,network_actively,goal_achieved,0.7063,0.19958,-0.08954,0.50000,0.41162,-0.20644,0.000650,-0.000250,0.000000,0.001434,-0.000772
1048,39,conference,mask_conference,environment,network_actively,goal_achieved,0.7078,0.20023,-0.08979,0.50000,0.41305,-0.20721,0.000649,-0.000256,0.000000,0.001437,-0.000769
1049,39,conference,mask_conference,environment,network_actively,delayed,-0.3063,0.20010,-0.08991,0.49937,0.41236,-0.20665,-0.000124,-0.000119,-0.000634,-0.000698,0.000563
1050,39,conference,mask_conference,environment,network_actively,goal_achieved,0.7094,0.20075,-0.09017,0.50000,0.41380,-0.20742,0.000648,-0.000260,0.000634,0.001439,-0.000767
1051,39,conference,mask_conference,environment,network_actively,goal_achieved,0.7092,0.20140,-0.09043,0.50000,0.41524,-0.20818,0.000646,-0.000261,0.000000,0.001440,-0.000766
1052,39,conference,mask_conference,environment,network_actively,goal_achieved,0.7106,0.20204,-0.09070,0.50000,0.41668,-0.20895,0.000644,-0.000267,0.000000,0.001443,-0.000763
1053,39,conference,mask_conference,environment,network_actively,goal_achieved,0.7120,0.20268,-0.09097,0.50000,0.41812,-0.20971,0.000643,-0.000273,0.000000,0.001445,-0.000760
1054,40,work,mask_work,environment,network_actively,failed,-2.4449,0.28343,0.45583,-0.34976,-0.34470,-0.17440,0.000745,0.002729,-0.003067,-0.001859,-0.000978
1055,40,work,mask_work,environment,deep_work,delayed,-0.8312,0.28303,0.45626,-0.34960,-0.34461,-0.17409,-0.000395,0.000428,0.000168,0.000096,0.000314
1056,40,work,mask_work,environment,take_notes,failed,-2.1991,0.28294,0.45733,-0.35015,-0.34543,-0.17496,-0.000090,0.001069,-0.000551,-0.000821,-0.000874
1057,40,work,mask_work,environment,network_actively,delayed,-1.3973,0.28361,0.45925,-0.35192,-0.34669,-0.17577,0.000671,0.001922,-0.001776,-0.001263,-0.000807
1058,40,work,mask_work,environment,take_notes,goal_achieved,1.5918,0.28507,0.46147,-0.35402,-0.34797,-0.17638,0.001457,0.002219,-0.002093,-0.001279,-0.000608
1059,40,work,mask_work,environment,network_actively,goal_achieved,1.6981,0.28561,0.46111,-0.35212,-0.34755,-0.17672,0.000542,-0.000355,0.001897,0.000421,-0.000341
1060,40,work,mask_work,environment,network_actively,goal_achieved,1.6964,0.28615,0.46075,-0.35022,-0.34713,-0.17706,0.000540,-0.000362,0.001902,0.000424,-0.000339
1061,40,work,mask_work,environment,take_notes,failed,-2.2097,0.28606,0.46179,-0.35072,-0.34793,-0.17792,-0.000095,0.001036,-0.000506,-0.000801,-0.000867
1062,40,work,mask_work,environment,deep_work,goal_achieved,1.8492,0.28701,0.46372,-0.35239,-0.34928,-0.17897,0.000954,0.001932,-0.001671,-0.001348,-0.001043
1063,40,home,mask_home,environment,zone_out,delayed,-1.3847,-0.49594,-0.16092,-0.50000,-0.19618,0.11747,-0.000626,0.000193,0.000000,-0.000128,-0.000101
1064,40,home,mask_home,environment,network_actively,delayed,-1.5921,-0.49665,-0.16087,-0.50000,-0.19639,0.11744,-0.000708,0.000045,0.000000,-0.000207,-0.000030
1065,40,home,mask_home,environment,tidy_up,delayed,-1.2655,-0.49723,-0.16214,-0.50000,-0.19671,0.11795,-0.000577,-0.001268,0.000000,-0.000325,0.000508
1066,40,home,mask_home,environment,rest_deeply,delayed,-0.2542,-0.49771,-0.16107,-0.50000,-0.19707,0.11768,-0.000484,0.001070,0.000000,-0.000360,-0.000272
1067,40,home,mask_home,environment,rest_deeply,goal_achieved,2.1035,-0.49856,-0.16127,-0.50000,-0.19738,0.11775,-0.000850,-0.000198,0.000000,-0.000303,0.000074
1068,40,home,mask_home,environment,zone_out,delayed,-1.3734,-0.49916,-0.16107,-0.50000,-0.19750,0.11765,-0.000602,0.000193,0.000000,-0.000122,-0.000104
1069,40,home,mask_home,environment,zone_out,delayed,-1.3738,-0.49976,-0.16088,-0.50000,-0.19762,0.11754,-0.000600,0.000195,0.000000,-0.000121,-0.000105
1070,40,home,mask_home,environment,zone_out,delayed,-1.3742,-0.50000,-0.16068,-0.50000,-0.19774,0.11744,-0.000237,0.000197,0.000000,-0.000121,-0.000106
1071,40,home,mask_home,environment,tidy_up,failed,-2.3426,-0.50000,-0.16262,-0.50000,-0.19804,0.11819,0.000000,-0.001937,0.000000,-0.000296,0.000752
1072,40,conference,mask_conference,environment,network_actively,delayed,-0.3070,0.20256,-0.09109,0.49936,0.41742,-0.20914,-0.000121,-0.000114,-0.000638,-0.000698,0.000561
1073,40,conference,mask_conference,environment,network_actively,delayed,-0.3071,0.20244,-0.09120,0.49872,0.41673,-0.20858,-0.000122,-0.000114,-0.000638,-0.000698,0.000561
1074,40,conference,mask_conference,environment,take_notes,goal_achieved,1.1531,0.20306,-0.09110,0.49983,0.41756,-0.20915,0.000623,0.000104,0.001101,0.000831,-0.000562
1075,40,conference,mask_conference,environment,quick_scan,delayed,-2.1497,0.20385,-0.09092,0.50000,0.41902,-0.21021,0.000784,0.000177,0.000175,0.001464,-0.001064
1076,40,conference,mask_conference,environment,network_actively,delayed,-0.3196,0.20376,-0.09096,0.49927,0.41830,-0.20967,-0.000088,-0.000037,-0.000731,-0.000726,0.000536
1077,40,conference,mask_conference,environment,network_actively,goal_achieved,0.7033,0.20443,-0.09117,0.50000,0.41972,-0.21045,0.000670,-0.000212,0.000731,0.001425,-0.000776
1078,40,conference,mask_conference,environment,take_notes,goal_achieved,1.1630,0.20505,-0.09106,0.50000,0.42056,-0.21101,0.000622,0.000102,0.000000,0.000836,-0.000562
1079,40,conference,mask_conference,environment,network_actively,goal_achieved,0.6939,0.20573,-0.09124,0.50000,0.42196,-0.21179,0.000685,-0.000175,0.000000,0.001405,-0.000781
1080,40,conference,mask_conference,environment,quick_scan,delayed,-2.1532,0.20653,-0.09103,0.50000,0.42340,-0.21285,0.000796,0.000205,0.000000,0.001443,-0.001060
1081,41,work,mask_work,environment,handle_backlog,goal_achieved,1.9839,0.28745,0.46547,-0.35369,-0.35045,-0.17949,0.000435,0.001754,-0.001296,-0.001177,-0.000524
1082,41,work,mask_work,environment,take_notes,delayed,-1.2831,0.28772,0.46681,-0.35459,-0.35138,-0.18027,0.000275,0.001335,-0.000895,-0.000930,-0.000785
1083,41,work,mask_work,environment,take_notes,goal_achieved,1.5575,0.28916,0.46899,-0.35662,-0.35265,-0.18086,0.001437,0.002182,-0.002039,-0.001264,-0.000581
1084,41,work,mask_work,environment,handle_backlog,goal_achieved,1.9731,0.28960,0.47074,-0.35791,-0.35382,-0.18137,0.000439,0.001748,-0.001290,-0.001174,-0.000519
1085,41,work,mask_work,environment,take_notes,delayed,-1.2993,0.28986,0.47208,-0.35881,-0.35476,-0.18214,0.000258,0.001340,-0.000892,-0.000938,-0.000768
1086,41,work,mask_work,environment,take_notes,failed,-2.2468,0.28973,0.47314,-0.35932,-0.35559,-0.18298,-0.000131,0.001058,-0.000512,-0.000828,-0.000836
1087,41,work,mask_work,environment,deep_work,delayed,-0.8570,0.28926,0.47354,-0.35909,-0.35548,-0.18262,-0.000464,0.000399,0.000230,0.000103,0.000362
1088,41,work,mask_work,environment,take_notes,delayed,-1.2905,0.28950,0.47486,-0.35996,-0.35641,-0.18337,0.000243,0.001321,-0.000871,-0.000922,-0.000753
1089,41,work,mask_work,environment,handle_backlog,delayed,-1.3584,0.29039,0.47620,-0.36110,-0.35721,-0.18436,0.000885,0.001342,-0.001145,-0.000808,-0.000991
1090,41,home,mask_home,environment,network_actively,delayed,-1.5623,-0.50000,-0.16257,-0.50000,-0.19821,0.11814,0.000000,0.000047,0.000000,-0.000171,-0.000045
1091,41,home,mask_home,environment,zone_out,goal_achieved,1.8375,-0.50000,-0.16371,-0.50000,-0.19994,0.11899,0.000000,-0.001137,0.000000,-0.001734,0.000850
1092,41,home,mask_home,environment,network_actively,failed,-2.5189,-0.50000,-0.16376,-0.50000,-0.20085,0.11924,0.000000,-0.000050,0.000000,-0.000908,0.000244
1093,41,home,mask_home,environment,tidy_up,delayed,-1.2795,-0.50000,-0.16502,-0.50000,-0.20122,0.11975,0.000000,-0.001260,0.000000,-0.000373,0.000513
1094,41,home,mask_home,environment,tidy_up,goal_achieved,2.0120,-0.50000,-0.16415,-0.50000,-0.20158,0.11945,0.000000,0.000868,0.000000,-0.000353,-0.000303
1095,41,home,mask_home,environment,network_actively,failed,-2.5184,-0.50000,-0.16421,-0.50000,-0.20248,0.11969,0.000000,-0.000055,0.000000,-0.000906,0.000244
1096,41,home,mask_home,environment,network_actively,delayed,-1.5903,-0.50000,-0.16422,-0.50000,-0.20273,0.11969,0.000000,-0.000011,0.000000,-0.000247,-0.000006
1097,41,home,mask_home,environment,deep_work,failed,-2.9216,-0.50000,-0.16439,-0.50000,-0.20303,0.11981,0.000000,-0.000175,0.000000,-0.000303,0.000122
1098,41,home,mask_home,environment,zone_out,failed,-2.4261,-0.50000,-0.16378,-0.50000,-0.20260,0.11939,0.000000,0.000610,0.000000,0.000429,-0.000421
1099,41,conference,mask_conference,environment,network_actively,goal_achieved,0.7012,0.20722,-0.09122,0.50000,0.42482,-0.21363,0.000685,-0.000189,0.000000,0.001420,-0.000779
1100,41,conference,mask_conference,environment,network_actively,goal_achieved,0.7025,0.20790,-0.09142,0.50000,0.42625,-0.21441,0.000684,-0.000195,0.000000,0.001422,-0.000775
1101,41,conference,mask_conference,environment,take_notes,goal_achieved,1.1642,0.20852,-0.09134,0.50000,0.42710,-0.21497,0.000625,0.000084,0.000000,0.000857,-0.000559
1102,41,conference,mask_conference,environment,network_actively,goal_achieved,0.6975,0.20922,-0.09151,0.50000,0.42851,-0.21574,0.000694,-0.000175,0.000000,0.001410,-0.000775
1103,41,conference,mask_conference,environment,network_actively,goal_achieved,0.6988,0.20991,-0.09169,0.50000,0.42993,-0.21651,0.000693,-0.000181,0.000000,0.001413,-0.000772
1104,41,conference,mask_conference,environment,quick_scan,delayed,-2.1643,0.21072,-0.09148,0.50000,0.43137,-0.21756,0.000805,0.000207,0.000000,0.001440,-0.001051
1105,41,conference,mask_conference,environment,network_actively,goal_achieved,0.7057,0.21141,-0.09168,0.50000,0.43279,-0.21833,0.000693,-0.000194,0.000000,0.001427,-0.000770
1106,41,conference,mask_conference,environment,quick_scan,delayed,-2.1643,0.21221,-0.09148,0.50000,0.43424,-0.21938,0.000803,0.000194,0.000000,0.001445,-0.001043
1107,41,conference,mask_conference,environment,network_actively,goal_achieved,0.7125,0.21290,-0.09169,0.50000,0.43568,-0.22014,0.000693,-0.000208,0.000000,0.001441,-0.000767
1108,42,work,mask_work,environment,deep_work,delayed,-0.8368,0.28994,0.47658,-0.36086,-0.35709,-0.18402,-0.000450,0.000378,0.000240,0.000120,0.000341
1109,42,work,mask_work,environment,tidy_up,delayed,-1.3091,0.29105,0.47794,-0.36200,-0.35820,-0.18467,0.001108,0.001360,-0.001134,-0.001109,-0.000647
1110,42,work,mask_work,environment,take_notes,goal_achieved,1.5785,0.29248,0.48005,-0.36396,-0.35942,-0.18522,0.001431,0.002108,-0.001966,-0.001217,-0.000550
1111,42,work,mask_work,environment,rest_deeply,goal_achieved,2.1374,0.29254,0.48041,-0.36558,-0.36025,-0.18547,0.000059,0.000366,-0.001618,-0.000827,-0.000256
1112,42,work,mask_work,environment,take_notes,delayed,-1.2688,0.29279,0.48165,-0.36643,-0.36113,-0.18622,0.000248,0.001241,-0.000850,-0.000888,-0.000744
1113,42,work,mask_work,environment,deep_work,goal_achieved,1.8254,0.29372,0.48350,-0.36806,-0.36247,-0.18723,0.000931,0.001850,-0.001630,-0.001332,-0.001011
1114,42,work,mask_work,environment,rest_deeply,failed,-2.5835,0.29440,0.48516,-0.36919,-0.36348,-0.18797,0.000684,0.001655,-0.001124,-0.001009,-0.000747
1115,42,work,mask_work,environment,take_notes,delayed,-1.2741,0.29465,0.48640,-0.37003,-0.36437,-0.18872,0.000253,0.001244,-0.000848,-0.000891,-0.000749
1116,42,work,mask_work,environment,deep_work,goal_achieved,1.8259,0.29558,0.48824,-0.37165,-0.36569,-0.18973,0.000928,0.001841,-0.001613,-0.001327,-0.001012
1117,42,home,mask_home,environment,take_notes,failed,-2.7904,-0.50000,-0.16390,-0.50000,-0.20290,0.11944,0.000000,-0.000115,0.000000,-0.000293,0.000052
1118,42,home,mask_home,environment,rest_deeply,goal_achieved,2.1106,-0.50000,-0.16411,-0.50000,-0.20320,0.11951,0.000000,-0.000216,0.000000,-0.000305,0.000076
1119,42,home,mask_home,environment,zone_out,failed,-2.4276,-0.50000,-0.16351,-0.50000,-0.20277,0.11910,0.000000,0.000602,0.000000,0.000430,-0.000418
1120,42,home,mask_home,environment,quick_scan,goal_achieved,2.1237,-0.50000,-0.16380,-0.50000,-0.20327,0.11961,0.000000,-0.000291,0.000000,-0.000501,0.000518
1121,42,home,mask_home,environment,network_actively,failed,-2.5127,-0.50000,-0.16383,-0.50000,-0.20411,0.11986,0.000000,-0.000029,0.000000,-0.000840,0.000245
1122,42,home,mask_home,environment,tidy_up,delayed,-1.2709,-0.50000,-0.16506,-0.50000,-0.20443,0.12037,0.000000,-0.001229,0.000000,-0.000315,0.000514
1123,42,home,mask_home,environment,tidy_up,goal_achieved,2.0222,-0.50000,-0.16417,-0.50000,-0.20472,0.12007,0.000000,0.000895,0.000000,-0.000292,-0.000301
1124,42,home,mask_home,environment,tidy_up,goal_achieved,2.0221,-0.50000,-0.16328,-0.50000,-0.20501,0.11977,0.000000,0.000890,0.000000,-0.000291,-0.000299
1125,42,home,mask_home,environment,network_actively,failed,-2.5155,-0.50000,-0.16330,-0.50000,-0.20585,0.12002,0.000000,-0.000021,0.000000,-0.000836,0.000241
1126,42,conference,mask_conference,environment,network_actively,goal_achieved,0.7137,0.21360,-0.09191,0.50000,0.43712,-0.22091,0.000691,-0.000213,0.000000,0.001443,-0.000764
1127,42,conference,mask_conference,environment,network_actively,goal_achieved,0.7150,0.21429,-0.09212,0.50000,0.43857,-0.22167,0.000690,-0.000219,0.000000,0.001445,-0.000761
1128,42,conference,mask_conference,environment,network_actively,goal_achieved,0.7162,0.21497,-0.09235,0.50000,0.44002,-0.22243,0.000688,-0.000225,0.000000,0.001448,-0.000757
1129,42,conference,mask_conference,environment,network_actively,goal_achieved,0.7175,0.21566,-0.09258,0.50000,0.44147,-0.22318,0.000687,-0.000230,0.000000,0.001450,-0.000754
1130,42,conference,mask_conference,environment,network_actively,goal_achieved,0.7187,0.21635,-0.09281,0.50000,0.44292,-0.22393,0.000686,-0.000235,0.000000,0.001452,-0.000751
1131,42,conference,mask_conference,environment,rest_deeply,delayed,-2.3590,0.21689,-0.09299,0.50000,0.44393,-0.22443,0.000543,-0.000173,0.000000,0.001013,-0.000503
1132,42,conference,mask_conference,environment,network_actively,goal_achieved,0.7207,0.21757,-0.09323,0.50000,0.44539,-0.22518,0.000683,-0.000244,0.000000,0.001456,-0.000746
1133,42,conference,mask_conference,environment,network_actively,goal_achieved,0.7219,0.21825,-0.09348,0.50000,0.44685,-0.22592,0.000681,-0.000249,0.000000,0.001458,-0.000743
1134,42,conference,mask_conference,environment,network_actively,goal_achieved,0.7230,0.21893,-0.09373,0.50000,0.44831,-0.22666,0.000680,-0.000254,0.000000,0.001461,-0.000740
1135,43,work,mask_work,environment,network_actively,failed,-2.4680,0.29625,0.49076,-0.37448,-0.36744,-0.19063,0.000667,0.002519,-0.002833,-0.001746,-0.000898
1136,43,work,mask_work,environment,take_notes,goal_achieved,1.5541,0.29768,0.49282,-0.37643,-0.36864,-0.19117,0.001427,0.002055,-0.001950,-0.001202,-0.000539
1137,43,work,mask_work,environment,deep_work,goal_achieved,1.8137,0.29862,0.49466,-0.37805,-0.36997,-0.19218,0.000940,0.001843,-0.001617,-0.001328,-0.001010
1138,43,work,mask_work,environment,network_actively,delayed,-1.4363,0.29925,0.49645,-0.37971,-0.37118,-0.19293,0.000636,0.001791,-0.001666,-0.001211,-0.000750
1139,43,work,mask_work,environment,network_actively,failed,-2.4928,0.29993,0.49895,-0.38251,-0.37291,-0.19383,0.000680,0.002497,-0.002798,-0.001731,-0.000893
1140,43,work,mask_work,environment,network_actively,failed,-2.4969,0.30061,0.50000,-0.38529,-0.37464,-0.19472,0.000679,0.001052,-0.002780,-0.001724,-0.000891
1141,43,work,mask_work,environment,take_notes,delayed,-1.2834,0.30087,0.50000,-0.38616,-0.37554,-0.19548,0.000259,0.000000,-0.000873,-0.000909,-0.000759
1142,43,work,mask_work,environment,deep_work,goal_achieved,1.8146,0.30181,0.50000,-0.38778,-0.37687,-0.19649,0.000938,0.000000,-0.001612,-0.001328,-0.001013
1143,43,work,mask_work,environment,take_notes,delayed,-1.2872,0.30207,0.50000,-0.38865,-0.37779,-0.19725,0.000264,0.000000,-0.000874,-0.000912,-0.000764
1144,43,home,mask_home,environment,network_actively,failed,-2.5160,-0.50000,-0.16332,-0.50000,-0.20668,0.12026,0.000000,-0.000021,0.000000,-0.000835,0.000241
1145,43,home,mask_home,environment,tidy_up,delayed,-1.2673,-0.50000,-0.16455,-0.50000,-0.20700,0.12077,0.000000,-0.001229,0.000000,-0.000320,0.000517
1146,43,home,mask_home,environment,zone_out,goal_achieved,1.8160,-0.50000,-0.16573,-0.50000,-0.20880,0.12168,0.000000,-0.001185,0.000000,-0.001792,0.000910
1147,43,home,mask_home,environment,quick_scan,goal_achieved,2.1018,-0.50000,-0.16607,-0.50000,-0.20938,0.12224,0.000000,-0.000336,0.000000,-0.000581,0.000558
1148,43,home,mask_home,environment,network_actively,delayed,-1.6256,-0.50000,-0.16612,-0.50000,-0.20964,0.12230,0.000000,-0.000053,0.000000,-0.000262,0.000063
1149,43,home,mask_home,environment,network_actively,failed,-2.5558,-0.50000,-0.16623,-0.50000,-0.21056,0.12262,0.000000,-0.000107,0.000000,-0.000920,0.000317
1150,43,home,mask_home,environment,quick_scan,goal_achieved,2.1011,-0.50000,-0.16656,-0.50000,-0.21114,0.12318,0.000000,-0.000328,0.000000,-0.000583,0.000556
1151,43,home,mask_home,environment,rest_deeply,goal_achieved,2.0524,-0.50000,-0.16684,-0.50000,-0.21153,0.12337,0.000000,-0.000284,0.000000,-0.000392,0.000192
1152,43,home,mask_home,environment,rest_deeply,goal_achieved,2.0518,-0.50000,-0.16712,-0.50000,-0.21193,0.12356,0.000000,-0.000280,0.000000,-0.000392,0.000190
1153,43,conference,mask_conference,environment,network_actively,delayed,-0.3360,0.21892,-0.09363,0.49912,0.44755,-0.22619,-0.000016,0.000104,-0.000875,-0.000753,0.000475
1154,43,conference,mask_conference,environment,network_actively,goal_achieved,0.7253,0.21960,-0.09389,0.50000,0.44902,-0.22692,0.000679,-0.000261,0.000875,0.001464,-0.000736
1155,43,conference,mask_conference,environment,quick_scan,goal_achieved,0.9374,0.21959,-0.09480,0.50000,0.44908,-0.22630,-0.000007,-0.000906,0.000000,0.000065,0.000626
1156,43,conference,mask_conference,environment,network_actively,goal_achieved,0.7160,0.22026,-0.09506,0.50000,0.45053,-0.22703,0.000670,-0.000257,0.000000,0.001446,-0.000727
1157,43,conference,mask_conference,environment,tidy_up,failed,-3.7494,0.22081,-0.09529,0.50000,0.45155,-0.22749,0.000552,-0.000232,0.000000,0.001018,-0.000468
1158,43,conference,mask_conference,environment,network_actively,goal_achieved,0.7187,0.22148,-0.09556,0.50000,0.45300,-0.22821,0.000670,-0.000269,0.000000,0.001451,-0.000721
1159,43,conference,mask_conference,environment,network_actively,goal_achieved,0.7198,0.22215,-0.09583,0.50000,0.45445,-0.22893,0.000668,-0.000273,0.000000,0.001453,-0.000718
1160,43,conference,mask_conference,environment,network_actively,delayed,-0.3429,0.22213,-0.09573,0.49912,0.45368,-0.22844,-0.000020,0.000096,-0.000883,-0.000768,0.000490
1161,43,conference,mask_conference,environment,network_actively,delayed,-0.3431,0.22211,-0.09564,0.49823,0.45292,-0.22795,-0.000019,0.000097,-0.000884,-0.000768,0.000490
1162,44,work,mask_work,environment,deep_work,delayed,-0.8403,0.30161,0.50000,-0.38845,-0.37768,-0.19689,-0.000459,0.000000,0.000201,0.000107,0.000365
1163,44,work,mask_work,environment,deep_work,goal_achieved,1.8170,0.30255,0.50000,-0.39005,-0.37900,-0.19790,0.000934,0.000000,-0.001602,-0.001326,-0.001014
1164,44,work,mask_work,environment,deep_work,goal_achieved,1.8162,0.30348,0.50000,-0.39165,-0.38033,-0.19892,0.000935,0.000000,-0.001598,-0.001324,-0.001015
1165,44,work,mask_work,environment,tidy_up,failed,-2.4097,0.30508,0.50000,-0.39277,-0.38157,-0.19952,0.001605,0.000000,-0.001125,-0.001243,-0.000599
1166,44,work,mask_work,environment,handle_backlog,delayed,-1.3540,0.30602,0.50000,-0.39391,-0.38238,-0.20050,0.000934,0.000000,-0.001140,-0.000806,-0.000986
1167,44,work,mask_work,environment,deep_work,goal_achieved,1.8411,0.30701,0.50000,-0.39550,-0.38369,-0.20153,0.000987,0.000000,-0.001585,-0.001317,-0.001033
1168,44,work,mask_work,environment,handle_backlog,delayed,-1.3576,0.30794,0.50000,-0.39664,-0.38450,-0.20252,0.000939,0.000000,-0.001141,-0.000809,-0.000990
1169,44,work,mask_work,environment,take_notes,delayed,-1.2478,0.30828,0.50000,-0.39749,-0.38540,-0.20332,0.000333,0.000000,-0.000854,-0.000892,-0.000799
1170,44,work,mask_work,environment,rest_deeply,failed,-2.5555,0.30904,0.50000,-0.39860,-0.38639,-0.20412,0.000759,0.000000,-0.001103,-0.000999,-0.000795
1171,44,home,mask_home,environment,rest_deeply,goal_achieved,2.0513,-0.50000,-0.16740,-0.50000,-0.21232,0.12375,0.000000,-0.000277,0.000000,-0.000391,0.000189
1172,44,home,mask_home,environment,rest_deeply,delayed,-0.2871,-0.50000,-0.16653,-0.50000,-0.21279,0.12366,0.000000,0.000867,0.000000,-0.000475,-0.000088
1173,44,home,mask_home,environment,zone_out,goal_achieved,1.7756,-0.50000,-0.16774,-0.50000,-0.21464,0.12463,0.000000,-0.001207,0.000000,-0.001846,0.000972
1174,44,home,mask_home,environment,rest_deeply,goal_achieved,2.0265,-0.50000,-0.16806,-0.50000,-0.21509,0.12485,0.000000,-0.000318,0.000000,-0.000453,0.000219
1175,44,home,mask_home,environment,zone_out,goal_achieved,1.7657,-0.50000,-0.16925,-0.50000,-0.21695,0.12582,0.000000,-0.001197,0.000000,-0.001859,0.000968
1176,44,home,mask_home,environment,rest_deeply,goal_achieved,2.0024,-0.50000,-0.16960,-0.50000,-0.21746,0.12606,0.000000,-0.000347,0.000000,-0.000513,0.000244
1177,44,home,mask_home,environment,zone_out,goal_achieved,1.7557,-0.50000,-0.17079,-0.50000,-0.21934,0.12703,0.000000,-0.001186,0.000000,-0.001871,0.000963
1178,44,home,mask_home,environment,rest_deeply,goal_achieved,1.9795,-0.50000,-0.17116,-0.50000,-0.21990,0.12729,0.000000,-0.000371,0.000000,-0.000568,0.000265
1179,44,home,mask_home,environment,zone_out,goal_achieved,1.7455,-0.50000,-0.17233,-0.50000,-0.22179,0.12825,0.000000,-0.001175,0.000000,-0.001884,0.000958
1180,44,conference,mask_conference,environment,quick_scan,delayed,-2.1553,0.22290,-0.09550,0.49995,0.45438,-0.22896,0.000791,0.000142,0.001717,0.001463,-0.001007
1181,44,conference,mask_conference,environment,quick_scan,delayed,-2.1565,0.22369,-0.09535,0.50000,0.45584,-0.22997,0.000789,0.000141,0.000050,0.001463,-0.001007
1182,44,conference,mask_conference,environment,network_actively,goal_achieved,0.7296,0.22436,-0.09564,0.50000,0.45731,-0.23069,0.000670,-0.000284,0.000000,0.001473,-0.000722
1183,44,conference,mask_conference,environment,quick_scan,delayed,-2.1567,0.22515,-0.09551,0.50000,0.45878,-0.23169,0.000787,0.000130,0.000000,0.001467,-0.001001
1184,44,conference,mask_conference,environment,network_actively,goal_achieved,0.7356,0.22582,-0.09580,0.50000,0.46027,-0.23241,0.000671,-0.000295,0.000000,0.001485,-0.000720
1185,44,conference,mask_conference,environment,rest_deeply,goal_achieved,1.3296,0.22621,-0.09611,0.50000,0.46121,-0.23284,0.000393,-0.000307,0.000000,0.000941,-0.000434
1186,44,conference,mask_conference,environment,network_actively,goal_achieved,0.7329,0.22688,-0.09642,0.50000,0.46269,-0.23356,0.000661,-0.000305,0.000000,0.001483,-0.000715
1187,44,conference,mask_conference,environment,network_actively,delayed,-0.3408,0.22687,-0.09630,0.49908,0.46194,-0.23309,-0.000008,0.000119,-0.000917,-0.000756,0.000464
1188,44,conference,mask_conference,environment,network_actively,goal_achieved,0.7351,0.22753,-0.09661,0.50000,0.46342,-0.23381,0.000660,-0.000312,0.000917,0.001486,-0.000710
1189,45,work,mask_work,environment,handle_backlog,delayed,-1.3539,0.30997,0.50000,-0.39973,-0.38720,-0.20511,0.000939,0.000000,-0.001131,-0.000807,-0.000994
1190,45,work,mask_work,environment,deep_work,goal_achieved,1.8689,0.31099,0.50000,-0.40129,-0.38849,-0.20618,0.001020,0.000000,-0.001563,-0.001292,-0.001070
1191,45,work,mask_work,environment,deep_work,goal_achieved,1.8681,0.31202,0.50000,-0.40285,-0.38978,-0.20725,0.001021,0.000000,-0.001559,-0.001291,-0.001070
1192,45,work,mask_work,environment,deep_work,goal_achieved,1.8674,0.31304,0.50000,-0.40440,-0.39107,-0.20832,0.001022,0.000000,-0.001555,-0.001289,-0.001071
1193,45,work,mask_work,environment,deep_work,goal_achieved,1.8666,0.31406,0.50000,-0.40596,-0.39236,-0.20940,0.001022,0.000000,-0.001552,-0.001288,-0.001071
1194,45,work,mask_work,environment,deep_work,goal_achieved,1.8659,0.31508,0.50000,-0.40750,-0.39365,-0.21047,0.001023,0.000000,-0.001548,-0.001287,-0.001072
1195,45,work,mask_work,environment,deep_work,delayed,-0.7813,0.31470,0.50000,-0.40728,-0.39351,-0.21015,-0.000379,0.000000,0.000224,0.000136,0.000316
1196,45,work,mask_work,environment,deep_work,goal_achieved,1.8652,0.31573,0.50000,-0.40883,-0.39480,-0.21122,0.001024,0.000000,-0.001545,-0.001286,-0.001072
1197,45,work,mask_work,environment,deep_work,goal_achieved,1.8645,0.31675,0.50000,-0.41037,-0.39608,-0.21230,0.001025,0.000000,-0.001542,-0.001285,-0.001073
1198,45,home,mask_home,environment,network_actively,delayed,-1.7360,-0.50000,-0.17252,-0.50000,-0.22229,0.12844,0.000000,-0.000190,0.000000,-0.000505,0.000190
1199,45,home,mask_home,environment,rest_deeply,goal_achieved,1.9565,-0.50000,-0.17291,-0.50000,-0.22291,0.12872,0.000000,-0.000389,0.000000,-0.000618,0.000281
1200,45,home,mask_home,environment,rest_deeply,delayed,-0.3661,-0.50000,-0.17226,-0.50000,-0.22363,0.12878,0.000000,0.000651,0.000000,-0.000721,0.000062
1201,45,home,mask_home,environment,quick_scan,failed,-2.6442,-0.50000,-0.17227,-0.50000,-0.22412,0.12868,0.000000,-0.000006,0.000000,-0.000489,-0.000098
1202,45,home,mask_home,environment,rest_deeply,goal_achieved,1.9662,-0.50000,-0.17264,-0.50000,-0.22472,0.12894,0.000000,-0.000377,0.000000,-0.000605,0.000258
1203,45,home,mask_home,environment,rest_deeply,goal_achieved,1.9653,-0.50000,-0.17301,-0.50000,-0.22533,0.12920,0.000000,-0.000372,0.000000,-0.000605,0.000256
1204,45,home,mask_home,environment,rest_deeply,goal_achieved,1.9643,-0.50000,-0.17338,-0.50000,-0.22593,0.12945,0.000000,-0.000368,0.000000,-0.000605,0.000253
1205,45,home,mask_home,environment,rest_deeply,goal_achieved,1.9634,-0.50000,-0.17375,-0.50000,-0.22654,0.12970,0.000000,-0.000363,0.000000,-0.000604,0.000250
1206,45,home,mask_home,environment,zone_out,goal_achieved,1.7380,-0.50000,-0.17489,-0.50000,-0.22843,0.13063,0.000000,-0.001141,0.000000,-0.001896,0.000927
1207,45,conference,mask_conference,environment,take_notes,goal_achieved,1.1782,0.22814,-0.09660,0.50000,0.46434,-0.23433,0.000615,0.000004,0.000000,0.000917,-0.000521
1208,45,conference,mask_conference,environment,take_notes,goal_achieved,1.1788,0.22876,-0.09660,0.50000,0.46526,-0.23485,0.000614,0.000001,0.000000,0.000918,-0.000519
1209,45,conference,mask_conference,environment,quick_scan,goal_achieved,0.9454,0.22875,-0.09751,0.50000,0.46532,-0.23420,-0.000006,-0.000908,0.000000,0.000064,0.000642
1210,45,conference,mask_conference,environment,network_actively,goal_achieved,0.7164,0.22942,-0.09778,0.50000,0.46677,-0.23491,0.000669,-0.000267,0.000000,0.001448,-0.000708
1211,45,conference,mask_conference,environment,network_actively,delayed,-0.3598,0.22943,-0.09761,0.49900,0.46597,-0.23444,0.000006,0.000165,-0.000996,-0.000796,0.000467
1212,45,conference,mask_conference,environment,quick_scan,goal_achieved,0.9508,0.22942,-0.09852,0.50000,0.46603,-0.23380,-0.000007,-0.000902,0.000996,0.000059,0.000642
1213,45,conference,mask_conference,environment,network_actively,goal_achieved,0.7088,0.23008,-0.09878,0.50000,0.46746,-0.23450,0.000661,-0.000265,0.000000,0.001433,-0.000698
1214,45,conference,mask_conference,environment,network_actively,goal_achieved,0.7098,0.23074,-0.09905,0.50000,0.46890,-0.23520,0.000660,-0.000269,0.000000,0.001435,-0.000696
1215,45,conference,mask_conference,environment,network_actively,goal_achieved,0.7107,0.23140,-0.09932,0.50000,0.47034,-0.23589,0.000659,-0.000274,0.000000,0.001437,-0.000693
1216,46,work,mask_work,environment,deep_work,delayed,-0.7811,0.31637,0.50000,-0.41014,-0.39595,-0.21198,-0.000379,0.000000,0.000226,0.000137,0.000316
1217,46,work,mask_work,environment,tidy_up,failed,-2.3750,0.31804,0.50000,-0.41124,-0.39716,-0.21264,0.001664,0.000000,-0.001100,-0.001210,-0.000664
1218,46,work,mask_work,environment,take_notes,failed,-2.1691,0.31803,0.50000,-0.41174,-0.39796,-0.21354,-0.000008,0.000000,-0.000493,-0.000800,-0.000894
1219,46,work,mask_work,environment,network_actively,failed,-2.4458,0.31881,0.50000,-0.41435,-0.39961,-0.21448,0.000782,0.000000,-0.002611,-0.001648,-0.000941
1220,46,work,mask_work,environment,handle_backlog,goal_achieved,1.9909,0.31926,0.50000,-0.41549,-0.40075,-0.21496,0.000452,0.000000,-0.001147,-0.001141,-0.000479
1221,46,work,mask_work,environment,take_notes,goal_achieved,1.5793,0.32082,0.50000,-0.41734,-0.40191,-0.21554,0.001553,0.000000,-0.001845,-0.001162,-0.000579
1222,46,work,mask_work,environment,handle_backlog,goal_achieved,1.9812,0.32128,0.50000,-0.41849,-0.40305,-0.21602,0.000463,0.000000,-0.001149,-0.001141,-0.000477
1223,46,work,mask_work,environment,deep_work,delayed,-0.7924,0.32090,0.50000,-0.41827,-0.40294,-0.21567,-0.000377,0.000000,0.000217,0.000107,0.000348
1224,46,work,mask_work,environment,network_actively,failed,-2.4745,0.32166,0.50000,-0.42085,-0.40459,-0.21657,0.000754,0.000000,-0.002577,-0.001645,-0.000898
1225,46,home,mask_home,environment,rest_deeply,goal_achieved,1.9425,-0.50000,-0.17527,-0.50000,-0.22909,0.13090,0.000000,-0.000381,0.000000,-0.000653,0.000267
1226,46,home,mask_home,environment,network_actively,delayed,-1.7526,-0.50000,-0.17545,-0.50000,-0.22963,0.13107,0.000000,-0.000184,0.000000,-0.000541,0.000176
1227,46,home,mask_home,environment,network_actively,failed,-2.6862,-0.50000,-0.17573,-0.50000,-0.23083,0.13152,0.000000,-0.000282,0.000000,-0.001200,0.000451
1228,46,home,mask_home,environment,zone_out,goal_achieved,1.7254,-0.50000,-0.17686,-0.50000,-0.23274,0.13244,0.000000,-0.001125,0.000000,-0.001916,0.000921
1229,46,home,mask_home,environment,network_actively,goal_achieved,1.0280,-0.49906,-0.17674,-0.49943,-0.23135,0.13180,0.000941,0.000122,0.000573,0.001392,-0.000646
1230,46,home,mask_home,environment,network_actively,failed,-2.7025,-0.50000,-0.17705,-0.50000,-0.23260,0.13227,-0.000941,-0.000312,-0.000573,-0.001250,0.000474
1231,46,home,mask_home,environment,network_actively,failed,-2.7062,-0.50000,-0.17736,-0.50000,-0.23385,0.13274,0.000000,-0.000307,0.000000,-0.001247,0.000470
1232,46,home,mask_home,environment,network_actively,delayed,-1.7740,-0.50000,-0.17755,-0.50000,-0.23444,0.13293,0.000000,-0.000195,0.000000,-0.000587,0.000188
1233,46,home,mask_home,environment,rest_deeply,goal_achieved,1.9151,-0.50000,-0.17793,-0.50000,-0.23513,0.13320,0.000000,-0.000378,0.000000,-0.000690,0.000269
1234,46,conference,mask_conference,environment,network_actively,goal_achieved,0.7117,0.23206,-0.09960,0.50000,0.47177,-0.23658,0.000657,-0.000278,0.000000,0.001439,-0.000691
1235,46,conference,mask_conference,environment,network_actively,goal_achieved,0.7127,0.23271,-0.09988,0.50000,0.47322,-0.23727,0.000656,-0.000281,0.000000,0.001441,-0.000688
1236,46,conference,mask_conference,environment,network_actively,goal_achieved,0.7136,0.23337,-0.10017,0.50000,0.47466,-0.23795,0.000655,-0.000285,0.000000,0.001442,-0.000686
1237,46,conference,mask_conference,environment,quick_scan,delayed,-2.1718,0.23416,-0.10001,0.50000,0.47611,-0.23895,0.000789,0.000157,0.000000,0.001448,-0.000994
1238,46,conference,mask_conference,environment,network_actively,goal_achieved,0.7194,0.23481,-0.10031,0.50000,0.47756,-0.23963,0.000656,-0.000295,0.000000,0.001454,-0.000685
1239,46,conference,mask_conference,environment,network_actively,goal_achieved,0.7203,0.23547,-0.10060,0.50000,0.47901,-0.24032,0.000654,-0.000299,0.000000,0.001456,-0.000683
1240,46,conference,mask_conference,environment,quick_scan,delayed,-2.1733,0.23625,-0.10046,0.50000,0.48047,-0.24130,0.000787,0.000144,0.000000,0.001454,-0.000987
1241,46,conference,mask_conference,environment,network_actively,delayed,-0.3638,0.23627,-0.10028,0.49898,0.47967,-0.24084,0.000014,0.000183,-0.001016,-0.000801,0.000461
1242,46,conference,mask_conference,environment,tidy_up,failed,-3.7370,0.23681,-0.10053,0.50000,0.48069,-0.24128,0.000545,-0.000249,0.001016,0.001018,-0.000436
1243,47,work,mask_work,environment,take_notes,failed,-2.1816,0.32161,0.50000,-0.42134,-0.40540,-0.21743,-0.000045,0.000000,-0.000495,-0.000817,-0.000860
1244,47,work,mask_work,environment,handle_backlog,goal_achieved,1.9973,0.32205,0.50000,-0.42247,-0.40653,-0.21789,0.000444,0.000000,-0.001128,-0.001130,-0.000470
1245,47,work,mask_work,environment,deep_work,goal_achieved,1.8451,0.32307,0.50000,-0.42400,-0.40785,-0.21893,0.001013,0.000000,-0.001525,-0.001318,-0.001037
1246,47,work,mask_work,environment,deep_work,goal_achieved,1.8444,0.32408,0.50000,-0.42552,-0.40917,-0.21997,0.001013,0.000000,-0.001522,-0.001316,-0.001037
1247,47,work,mask_work,environment,handle_backlog,goal_achieved,1.9899,0.32453,0.50000,-0.42664,-0.41030,-0.22045,0.000452,0.000000,-0.001126,-0.001134,-0.000476
1248,47,work,mask_work,environment,deep_work,goal_achieved,1.8339,0.32553,0.50000,-0.42816,-0.41162,-0.22147,0.001003,0.000000,-0.001516,-0.001321,-0.001027
1249,47,work,mask_work,environment,handle_backlog,goal_achieved,1.9860,0.32599,0.50000,-0.42928,-0.41276,-0.22195,0.000455,0.000000,-0.001123,-0.001135,-0.000480
1250,47,work,mask_work,environment,take_notes,goal_achieved,1.5357,0.32750,0.50000,-0.43109,-0.41394,-0.22248,0.001512,0.000000,-0.001810,-0.001177,-0.000532
1251,47,work,mask_work,environment,deep_work,goal_achieved,1.8153,0.32851,0.50000,-0.43261,-0.41526,-0.22350,0.001005,0.000000,-0.001514,-0.001327,-0.001016
1252,47,home,mask_home,environment,rest_deeply,delayed,-0.3918,-0.50000,-0.17737,-0.50000,-0.23594,0.13331,0.000000,0.000558,0.000000,-0.000817,0.000108
1253,47,home,mask_home,environment,network_actively,delayed,-1.7677,-0.50000,-0.17756,-0.50000,-0.23653,0.13349,0.000000,-0.000187,0.000000,-0.000586,0.000185
1254,47,home,mask_home,environment,rest_deeply,goal_achieved,1.9128,-0.50000,-0.17793,-0.50000,-0.23722,0.13376,0.000000,-0.000374,0.000000,-0.000687,0.000265
1255,47,home,mask_home,environment,quick_scan,failed,-2.6954,-0.50000,-0.17796,-0.50000,-0.23779,0.13367,0.000000,-0.000030,0.000000,-0.000571,-0.000086
1256,47,home,mask_home,environment,network_actively,delayed,-1.7619,-0.50000,-0.17813,-0.50000,-0.23836,0.13383,0.000000,-0.000172,0.000000,-0.000576,0.000162
1257,47,home,mask_home,environment,zone_out,failed,-2.4441,-0.49985,-0.17743,-0.50000,-0.23784,0.13338,0.000152,0.000704,0.000000,0.000520,-0.000459
1258,47,home,mask_home,environment,rest_deeply,goal_achieved,1.9367,-0.50000,-0.17776,-0.50000,-0.23847,0.13360,-0.000152,-0.000334,0.000000,-0.000631,0.000222
1259,47,home,mask_home,environment,zone_out,delayed,-1.4056,-0.50000,-0.17751,-0.50000,-0.23856,0.13348,0.000000,0.000252,0.000000,-0.000089,-0.000121
1260,47,home,mask_home,environment,rest_deeply,goal_achieved,1.9426,-0.50000,-0.17783,-0.50000,-0.23917,0.13369,0.000000,-0.000317,0.000000,-0.000610,0.000209
1261,47,conference,mask_conference,environment,network_actively,goal_achieved,0.7267,0.23747,-0.10084,0.50000,0.48215,-0.24196,0.000655,-0.000312,0.000000,0.001468,-0.000680
1262,47,conference,mask_conference,environment,network_actively,goal_achieved,0.7276,0.23812,-0.10115,0.50000,0.48362,-0.24264,0.000654,-0.000315,0.000000,0.001470,-0.000678
1263,47,conference,mask_conference,environment,network_actively,goal_achieved,0.7285,0.23877,-0.10147,0.50000,0.48509,-0.24331,0.000653,-0.000318,0.000000,0.001471,-0.000676
1264,47,conference,mask_conference,environment,quick_scan,goal_achieved,0.9491,0.23876,-0.10241,0.50000,0.48520,-0.24266,-0.000014,-0.000942,0.000000,0.000100,0.000653
1265,47,conference,mask_conference,environment,network_actively,goal_achieved,0.7216,0.23941,-0.10273,0.50000,0.48665,-0.24333,0.000645,-0.000317,0.000000,0.001457,-0.000667
1266,47,conference,mask_conference,environment,network_actively,delayed,-0.3701,0.23942,-0.10256,0.49898,0.48584,-0.24285,0.000010,0.000176,-0.001024,-0.000814,0.000475
1267,47,conference,mask_conference,environment,network_actively,goal_achieved,0.7239,0.24006,-0.10288,0.50000,0.48730,-0.24351,0.000645,-0.000324,0.001024,0.001461,-0.000662
1268,47,conference,mask_conference,environment,network_actively,goal_achieved,0.7227,0.24070,-0.10320,0.50000,0.48876,-0.24418,0.000643,-0.000322,0.000000,0.001460,-0.000664
1269,47,conference,mask_conference,environment,network_actively,goal_achieved,0.7235,0.24134,-0.10353,0.50000,0.49022,-0.24484,0.000642,-0.000325,0.000000,0.001461,-0.000662
1270,48,work,mask_work,environment,handle_backlog,delayed,-1.3522,0.32950,0.50000,-0.43371,-0.41608,-0.22451,0.000993,0.000000,-0.001107,-0.000814,-0.001010
1271,48,work,mask_work,environment,deep_work,goal_achieved,1.8249,0.33052,0.50000,-0.43522,-0.41739,-0.22554,0.001020,0.000000,-0.001507,-0.001317,-0.001030
1272,48,work,mask_work,environment,deep_work,goal_achieved,1.8241,0.33154,0.50000,-0.43673,-0.41871,-0.22657,0.001021,0.000000,-0.001504,-0.001316,-0.001031
1273,48,work,mask_work,environment,take_notes,failed,-2.2167,0.33150,0.50000,-0.43723,-0.41956,-0.22744,-0.000042,0.000000,-0.000508,-0.000849,-0.000865
1274,48,work,mask_work,environment,handle_backlog,goal_achieved,1.9730,0.33197,0.50000,-0.43835,-0.42070,-0.22792,0.000468,0.000000,-0.001114,-0.001138,-0.000489
1275,48,work,mask_work,environment,network_actively,delayed,-1.4469,0.33267,0.50000,-0.43983,-0.42187,-0.22868,0.000702,0.000000,-0.001484,-0.001177,-0.000758
1276,48,work,mask_work,environment,deep_work,delayed,-0.8074,0.33225,0.50000,-0.43961,-0.42179,-0.22830,-0.000414,0.000000,0.000222,0.000087,0.000378
1277,48,work,mask_work,environment,rest_deeply,delayed,-1.4080,0.33285,0.50000,-0.44076,-0.42275,-0.22894,0.000591,0.000000,-0.001152,-0.000965,-0.000634
1278,48,work,mask_work,environment,take_notes,goal_achieved,1.5324,0.33436,0.50000,-0.44254,-0.42391,-0.22947,0.001518,0.000000,-0.001774,-0.001159,-0.000533
1279,48,home,mask_home,environment,rest_deeply,delayed,-0.3623,-0.50000,-0.17722,-0.50000,-0.23992,0.13374,0.000000,0.000610,0.000000,-0.000745,0.000055
1280,48,home,mask_home,environment,zone_out,goal_achieved,1.7228,-0.50000,-0.17831,-0.50000,-0.24183,0.13463,0.000000,-0.001092,0.000000,-0.001914,0.000889
1281,48,home,mask_home,environment,rest_deeply,goal_achieved,1.9240,-0.50000,-0.17864,-0.50000,-0.24248,0.13485,0.000000,-0.000334,0.000000,-0.000650,0.000224
1282,48,home,mask_home,environment,network_actively,failed,-2.6913,-0.50000,-0.17891,-0.50000,-0.24369,0.13528,0.000000,-0.000263,0.000000,-0.001211,0.000427
1283,48,home,mask_home,environment,network_actively,delayed,-1.7564,-0.50000,-0.17905,-0.50000,-0.24424,0.13542,0.000000,-0.000140,0.000000,-0.000551,0.000141
1284,48,home,mask_home,environment,zone_out,goal_achieved,1.7106,-0.50000,-0.18012,-0.50000,-0.24618,0.13631,0.000000,-0.001076,0.000000,-0.001933,0.000883
1285,48,home,mask_home,environment,rest_deeply,goal_achieved,1.9052,-0.50000,-0.18046,-0.50000,-0.24687,0.13654,0.000000,-0.000337,0.000000,-0.000692,0.000232
1286,48,home,mask_home,environment,rest_deeply,goal_achieved,1.9042,-0.50000,-0.18079,-0.50000,-0.24756,0.13677,0.000000,-0.000332,0.000000,-0.000691,0.000229
1287,48,home,mask_home,environment,tidy_up,goal_achieved,1.8487,-0.50000,-0.18013,-0.50000,-0.24826,0.13665,0.000000,0.000660,0.000000,-0.000701,-0.000121
1288,48,conference,mask_conference,environment,network_actively,delayed,-0.3712,0.24136,-0.10335,0.49897,0.48941,-0.24437,0.000011,0.000181,-0.001029,-0.000815,0.000473
1289,48,conference,mask_conference,environment,take_notes,goal_achieved,1.1740,0.24194,-0.10339,0.50000,0.49031,-0.24483,0.000588,-0.000042,0.001029,0.000909,-0.000468
1290,48,conference,mask_conference,environment,network_actively,goal_achieved,0.7203,0.24259,-0.10370,0.50000,0.49177,-0.24550,0.000647,-0.000312,0.000000,0.001455,-0.000662
1291,48,conference,mask_conference,environment,network_actively,goal_achieved,0.7211,0.24324,-0.10401,0.50000,0.49323,-0.24616,0.000646,-0.000315,0.000000,0.001456,-0.000660
1292,48,conference,mask_conference,environment,network_actively,goal_achieved,0.7220,0.24388,-0.10433,0.50000,0.49468,-0.24681,0.000644,-0.000318,0.000000,0.001458,-0.000658
1293,48,conference,mask_conference,environment,network_actively,goal_achieved,0.7228,0.24452,-0.10465,0.50000,0.49614,-0.24747,0.000643,-0.000321,0.000000,0.001459,-0.000656
1294,48,conference,mask_conference,environment,network_actively,goal_achieved,0.7236,0.24517,-0.10498,0.50000,0.49760,-0.24812,0.000642,-0.000324,0.000000,0.001461,-0.000654
1295,48,conference,mask_conference,environment,network_actively,goal_achieved,0.7244,0.24581,-0.10531,0.50000,0.49907,-0.24878,0.000641,-0.000327,0.000000,0.001462,-0.000652
1296,48,conference,mask_conference,environment,network_actively,goal_achieved,0.7252,0.24645,-0.10564,0.50000,0.50000,-0.24943,0.000640,-0.000330,0.000000,0.000934,-0.000650
1297,49,work,mask_work,environment,handle_backlog,goal_achieved,1.9704,0.33483,0.50000,-0.44364,-0.42504,-0.22995,0.000466,0.000000,-0.001101,-0.001126,-0.000475
1298,49,work,mask_work,environment,deep_work,goal_achieved,1.8035,0.33583,0.50000,-0.44513,-0.42636,-0.23096,0.001005,0.000000,-0.001488,-0.001321,-0.001013
1299,49,work,mask_work,environment,deep_work,goal_achieved,1.8027,0.33684,0.50000,-0.44661,-0.42768,-0.23197,0.001005,0.000000,-0.001485,-0.001320,-0.001013
1300,49,work,mask_work,environment,handle_backlog,delayed,-1.3588,0.33784,0.50000,-0.44771,-0.42849,-0.23299,0.001001,0.000000,-0.001095,-0.000811,-0.001016
1301,49,work,mask_work,environment,network_actively,goal_achieved,1.7971,0.33843,0.49985,-0.44618,-0.42828,-0.23337,0.000594,-0.000149,0.001524,0.000211,-0.000380
1302,49,work,mask_work,environment,deep_work,goal_achieved,1.8083,0.33945,0.50000,-0.44765,-0.42958,-0.23439,0.001017,0.000149,-0.001464,-0.001303,-0.001023
1303,49,work,mask_work,environment,deep_work,goal_achieved,1.8075,0.34047,0.50000,-0.44911,-0.43088,-0.23541,0.001018,0.000000,-0.001460,-0.001302,-0.001024
1304,49,work,mask_work,environment,network_actively,failed,-2.5451,0.34123,0.50000,-0.45156,-0.43251,-0.23630,0.000757,0.000000,-0.002459,-0.001624,-0.000884
1305,49,work,mask_work,environment,take_notes,delayed,-1.2919,0.34158,0.50000,-0.45237,-0.43343,-0.23708,0.000350,0.000000,-0.000806,-0.000926,-0.000783
1306,49,home,mask_home,environment,rest_deeply,goal_achieved,1.9007,-0.50000,-0.18045,-0.50000,-0.24895,0.13687,0.000000,-0.000319,0.000000,-0.000688,0.000224
1307,49,home,mask_home,environment,rest_deeply,goal_achieved,1.8997,-0.50000,-0.18077,-0.50000,-0.24964,0.13709,0.000000,-0.000315,0.000000,-0.000688,0.000221
1308,49,home,mask_home,environment,network_actively,failed,-2.7250,-0.50000,-0.18104,-0.50000,-0.25088,0.13752,0.000000,-0.000268,0.000000,-0.001247,0.000433
1309,49,home,mask_home,environment,zone_out,goal_achieved,1.6864,-0.50000,-0.18208,-0.50000,-0.25284,0.13840,0.000000,-0.001048,0.000000,-0.001953,0.000871
1310,49,home,mask_home,environment,network_actively,goal_achieved,1.0122,-0.49903,-0.18183,-0.49955,-0.25149,0.13768,0.000972,0.000252,0.000449,0.001349,-0.000717
1311,49,home,mask_home,environment,zone_out,delayed,-1.4186,-0.49936,-0.18153,-0.50000,-0.25154,0.13752,-0.000337,0.000307,-0.000449,-0.000055,-0.000160
1312,49,home,mask_home,environment,rest_deeply,goal_achieved,1.8861,-0.50000,-0.18184,-0.50000,-0.25223,0.13774,-0.000636,-0.000319,0.000000,-0.000691,0.000220
1313,49,home,mask_home,environment,zone_out,failed,-2.4534,-0.49977,-0.18108,-0.50000,-0.25165,0.13723,0.000228,0.000761,0.000000,0.000580,-0.000505
1314,49,home,mask_home,environment,rest_deeply,delayed,-0.3924,-0.50000,-0.18054,-0.50000,-0.25246,0.13733,-0.000228,0.000548,0.000000,-0.000812,0.000096
1315,49,conference,mask_conference,environment,quick_scan,delayed,-2.1744,0.24723,-0.10550,0.50000,0.50000,-0.25040,0.000783,0.000133,0.000000,0.000000,-0.000969
1316,49,conference,mask_conference,environment,network_actively,goal_achieved,0.7306,0.24787,-0.10584,0.50000,0.50000,-0.25105,0.000641,-0.000338,0.000000,0.000000,-0.000650
1317,49,conference,mask_conference,environment,network_actively,goal_achieved,0.7313,0.24851,-0.10618,0.50000,0.50000,-0.25169,0.000640,-0.000341,0.000000,0.000000,-0.000648
1318,49,conference,mask_conference,environment,network_actively,goal_achieved,0.7321,0.24915,-0.10653,0.50000,0.50000,-0.25234,0.000639,-0.000344,0.000000,0.000000,-0.000646
1319,49,conference,mask_conference,environment,network_actively,goal_achieved,0.7329,0.24979,-0.10687,0.50000,0.50000,-0.25298,0.000638,-0.000347,0.000000,0.000000,-0.000644
1320,49,conference,mask_conference,environment,quick_scan,failed,-3.2194,0.25083,-0.10640,0.50000,0.50000,-0.25448,0.001046,0.000477,0.000000,0.000000,-0.001501
1321,49,conference,mask_conference,environment,deep_work,failed,-3.8579,0.25127,-0.10688,0.50000,0.50000,-0.25480,0.000436,-0.000484,0.000000,0.000000,-0.000311
1322,49,conference,mask_conference,environment,network_actively,goal_achieved,0.7548,0.25189,-0.10730,0.50000,0.50000,-0.25541,0.000618,-0.000417,0.000000,0.000000,-0.000616
1323,49,conference,mask_conference,environment,network_actively,delayed,-0.3606,0.25191,-0.10712,0.49900,0.49923,-0.25494,0.000022,0.000180,-0.000997,-0.000774,0.000469
1324,50,work,mask_work,environment,deep_work,goal_achieved,1.8103,0.34259,0.50000,-0.45383,-0.43473,-0.23811,0.001016,0.000000,-0.001455,-0.001302,-0.001027
1325,50,work,mask_work,environment,deep_work,delayed,-0.8114,0.34218,0.50000,-0.45359,-0.43464,-0.23773,-0.000408,0.000000,0.000233,0.000095,0.000382
1326,50,work,mask_work,environment,deep_work,goal_achieved,1.8096,0.34320,0.50000,-0.45505,-0.43594,-0.23875,0.001017,0.000000,-0.001452,-0.001301,-0.001027
1327,50,work,mask_work,environment,take_notes,failed,-2.2257,0.34315,0.50000,-0.45553,-0.43679,-0.23961,-0.000050,0.000000,-0.000486,-0.000847,-0.000859
1328,50,work,mask_work,environment,tidy_up,failed,-2.4352,0.34477,0.50000,-0.45660,-0.43803,-0.24024,0.001616,0.000000,-0.001066,-0.001243,-0.000628
1329,50,work,mask_work,environment,network_actively,delayed,-1.4413,0.34550,0.50000,-0.45803,-0.43919,-0.24100,0.000730,0.000000,-0.001430,-0.001161,-0.000756
1330,50,work,mask_work,environment,take_notes,failed,-2.2161,0.34547,0.50000,-0.45851,-0.44005,-0.24185,-0.000022,0.000000,-0.000486,-0.000856,-0.000858
1331,50,work,mask_work,environment,tidy_up,failed,-2.4297,0.34708,0.50000,-0.45957,-0.44129,-0.24249,0.001608,0.000000,-0.001059,-0.001242,-0.000631
1332,50,work,mask_work,environment,take_notes,delayed,-1.2717,0.34748,0.50000,-0.46036,-0.44222,-0.24326,0.000401,0.000000,-0.000793,-0.000935,-0.000777
1333,50,home,mask_home,environment,tidy_up,delayed,-1.4978,-0.50000,-0.18183,-0.50000,-0.25317,0.13796,0.000000,-0.001295,0.000000,-0.000705,0.000634
1334,50,home,mask_home,environment,network_actively,goal_achieved,1.0446,-0.49898,-0.18156,-0.49951,-0.25176,0.13722,0.001024,0.000272,0.000486,0.001408,-0.000738
1335,50,home,mask_home,environment,rest_deeply,goal_achieved,1.8970,-0.49988,-0.18187,-0.50000,-0.25240,0.13743,-0.000899,-0.000309,-0.000486,-0.000639,0.000201
1336,50,home,mask_home,environment,rest_deeply,delayed,-0.3958,-0.50000,-0.18134,-0.50000,-0.25320,0.13752,-0.000125,0.000527,0.000000,-0.000799,0.000098
1337,50,home,mask_home,environment,rest_deeply,goal_achieved,1.8946,-0.50000,-0.18165,-0.50000,-0.25383,0.13772,0.000000,-0.000307,0.000000,-0.000634,0.000199
1338,50,home,mask_home,environment,zone_out,goal_achieved,1.6832,-0.50000,-0.18270,-0.50000,-0.25576,0.13859,0.000000,-0.001056,0.000000,-0.001926,0.000864
1339,50,home,mask_home,environment,zone_out,goal_achieved,1.6786,-0.50000,-0.18375,-0.50000,-0.25769,0.13945,0.000000,-0.001050,0.000000,-0.001932,0.000860
1340,50,home,mask_home,environment,rest_deeply,goal_achieved,1.8654,-0.50000,-0.18409,-0.50000,-0.25839,0.13967,0.000000,-0.000336,0.000000,-0.000700,0.000220
1341,50,home,mask_home,environment,zone_out,goal_achieved,1.6705,-0.50000,-0.18513,-0.50000,-0.26033,0.14052,0.000000,-0.001044,0.000000,-0.001939,0.000855
1342,50,conference,mask_conference,environment,network_actively,delayed,-0.3609,0.25193,-0.10694,0.49800,0.49845,-0.25447,0.000023,0.000181,-0.000999,-0.000774,0.000468
1343,50,conference,mask_conference,environment,network_actively,goal_achieved,0.7584,0.25255,-0.10736,0.50000,0.49999,-0.25509,0.000618,-0.000427,0.001996,0.001542,-0.000610
1344,50,conference,mask_conference,environment,network_actively,delayed,-0.3610,0.25257,-0.10718,0.49900,0.49922,-0.25462,0.000022,0.000181,-0.000999,-0.000774,0.000468
1345,50,conference,mask_conference,environment,network_actively,goal_achieved,0.7565,0.25319,-0.10760,0.50000,0.50000,-0.25523,0.000616,-0.000421,0.000999,0.000780,-0.000613
1346,50,conference,mask_conference,environment,quick_scan,goal_achieved,0.9763,0.25314,-0.10863,0.50000,0.50000,-0.25453,-0.000046,-0.001030,0.000000,0.000000,0.000702
1347,50,conference,mask_conference,environment,network_actively,goal_achieved,0.7472,0.25375,-0.10904,0.50000,0.50000,-0.25514,0.000608,-0.000411,0.000000,0.000000,-0.000610
1348,50,conference,mask_conference,environment,network_actively,goal_achieved,0.7479,0.25436,-0.10946,0.50000,0.50000,-0.25575,0.000607,-0.000413,0.000000,0.000000,-0.000608
1349,50,conference,mask_conference,environment,network_actively,goal_achieved,0.7486,0.25496,-0.10987,0.50000,0.50000,-0.25635,0.000606,-0.000415,0.000000,0.000000,-0.000607
1350,50,conference,mask_conference,environment,network_actively,delayed,-0.3673,0.25498,-0.10970,0.49899,0.49921,-0.25587,0.000013,0.000175,-0.001007,-0.000787,0.000482
1351,51,work,mask_work,environment,deep_work,goal_achieved,1.8418,0.34853,0.50000,-0.46179,-0.44353,-0.24429,0.001051,0.000000,-0.001423,-0.001308,-0.001029
1352,51,work,mask_work,environment,network_actively,delayed,-1.4276,0.34928,0.50000,-0.46320,-0.44470,-0.24505,0.000747,0.000000,-0.001410,-0.001164,-0.000759
1353,51,work,mask_work,environment,deep_work,goal_achieved,1.8408,0.35033,0.50000,-0.46462,-0.44600,-0.24608,0.001053,0.000000,-0.001419,-0.001308,-0.001030
1354,51,work,mask_work,environment,network_actively,failed,-2.5222,0.35112,0.50000,-0.46698,-0.44761,-0.24696,0.000789,0.000000,-0.002366,-0.001606,-0.000882
1355,51,work,mask_work,environment,network_actively,delayed,-1.4323,0.35187,0.50000,-0.46838,-0.44877,-0.24772,0.000752,0.000000,-0.001399,-0.001162,-0.000762
1356,51,work,mask_work,environment,take_notes,delayed,-1.2764,0.35228,0.50000,-0.46918,-0.44972,-0.24851,0.000409,0.000000,-0.000801,-0.000945,-0.000786
1357,51,work,mask_work,environment,deep_work,goal_achieved,1.8430,0.35334,0.50000,-0.47060,-0.45103,-0.24954,0.001052,0.000000,-0.001414,-0.001308,-0.001034
1358,51,work,mask_work,environment,network_actively,failed,-2.5267,0.35412,0.50000,-0.47293,-0.45262,-0.25043,0.000790,0.000000,-0.002338,-0.001597,-0.000885
1359,51,work,mask_work,environment,take_notes,delayed,-1.2784,0.35454,0.50000,-0.47374,-0.45357,-0.25122,0.000414,0.000000,-0.000807,-0.000950,-0.000791
1360,51,home,mask_home,environment,quick_scan,goal_achieved,1.8679,-0.50000,-0.18558,-0.50000,-0.26130,0.14122,0.000000,-0.000444,0.000000,-0.000968,0.000693
1361,51,home,mask_home,environment,tidy_up,goal_achieved,1.7964,-0.50000,-0.18498,-0.50000,-0.26205,0.14114,0.000000,0.000599,0.000000,-0.000755,-0.000079
1362,51,home,mask_home,environment,deep_work,goal_achieved,1.7898,-0.50000,-0.18512,-0.50000,-0.26285,0.14134,0.000000,-0.000143,0.000000,-0.000794,0.000205
1363,51,home,mask_home,environment,rest_deeply,goal_achieved,1.8324,-0.50000,-0.18546,-0.50000,-0.26359,0.14159,0.000000,-0.000341,0.000000,-0.000739,0.000247
1364,51,home,mask_home,environment,rest_deeply,delayed,-0.4501,-0.50000,-0.18504,-0.50000,-0.26451,0.14178,0.000000,0.000421,0.000000,-0.000929,0.000192
1365,51,home,mask_home,environment,rest_deeply,delayed,-0.4504,-0.50000,-0.18462,-0.50000,-0.26544,0.14197,0.000000,0.000421,0.000000,-0.000928,0.000192
1366,51,home,mask_home,environment,tidy_up,delayed,-1.5570,-0.50000,-0.18593,-0.50000,-0.26624,0.14264,0.000000,-0.001306,0.000000,-0.000801,0.000673
1367,51,home,mask_home,environment,rest_deeply,goal_achieved,1.8328,-0.50000,-0.18628,-0.50000,-0.26698,0.14289,0.000000,-0.000350,0.000000,-0.000735,0.000246
1368,51,home,mask_home,environment,zone_out,delayed,-1.4142,-0.50000,-0.18595,-0.50000,-0.26699,0.14272,0.000000,0.000324,0.000000,-0.000015,-0.000168
1369,51,conference,mask_conference,environment,quick_scan,delayed,-2.1468,0.25572,-0.10964,0.50000,0.50000,-0.25679,0.000748,0.000055,0.001007,0.000787,-0.000916
1370,51,conference,mask_conference,environment,network_actively,goal_achieved,0.7530,0.25633,-0.11006,0.50000,0.50000,-0.25739,0.000607,-0.000420,0.000000,0.000000,-0.000608
1371,51,conference,mask_conference,environment,network_actively,goal_achieved,0.7537,0.25694,-0.11048,0.50000,0.50000,-0.25800,0.000606,-0.000422,0.000000,0.000000,-0.000606
1372,51,conference,mask_conference,environment,network_actively,goal_achieved,0.7543,0.25754,-0.11091,0.50000,0.50000,-0.25861,0.000604,-0.000424,0.000000,0.000000,-0.000605
1373,51,conference,mask_conference,environment,network_actively,goal_achieved,0.7550,0.25814,-0.11133,0.50000,0.50000,-0.25921,0.000603,-0.000426,0.000000,0.000000,-0.000604
1374,51,conference,mask_conference,environment,deep_work,failed,-3.8467,0.25856,-0.11183,0.50000,0.50000,-0.25950,0.000417,-0.000495,0.000000,0.000000,-0.000291
1375,51,conference,mask_conference,environment,network_actively,goal_achieved,0.7636,0.25915,-0.11229,0.50000,0.50000,-0.26008,0.000588,-0.000464,0.000000,0.000000,-0.000584
1376,51,conference,mask_conference,environment,network_actively,goal_achieved,0.7642,0.25974,-0.11276,0.50000,0.50000,-0.26067,0.000587,-0.000466,0.000000,0.000000,-0.000583
1377,51,conference,mask_conference,environment,quick_scan,failed,-3.1885,0.26073,-0.11239,0.50000,0.50000,-0.26210,0.000995,0.000368,0.000000,0.000000,-0.001432
1378,52,work,mask_work,environment,deep_work,goal_achieved,1.8452,0.35559,0.50000,-0.47515,-0.45488,-0.25226,0.001051,0.000000,-0.001409,-0.001308,-0.001037
1379,52,work,mask_work,environment,deep_work,goal_achieved,1.8445,0.35664,0.50000,-0.47655,-0.45619,-0.25329,0.001051,0.000000,-0.001406,-0.001307,-0.001037
1380,52,work,mask_work,environment,take_notes,delayed,-1.2840,0.35706,0.50000,-0.47736,-0.45714,-0.25409,0.000420,0.000000,-0.000808,-0.000954,-0.000797
1381,52,work,mask_work,environment,network_actively,goal_achieved,1.8519,0.35770,0.49992,-0.47593,-0.45701,-0.25451,0.000640,-0.000080,0.001431,0.000131,-0.000423
1382,52,work,mask_work,environment,take_notes,failed,-2.2210,0.35772,0.50000,-0.47643,-0.45789,-0.25539,0.000022,0.000080,-0.000495,-0.000879,-0.000876
1383,52,work,mask_work,environment,network_actively,delayed,-1.4296,0.35847,0.50000,-0.47779,-0.45905,-0.25616,0.000744,0.000000,-0.001369,-0.001158,-0.000775
1384,52,work,mask_work,environment,deep_work,goal_achieved,1.8489,0.35951,0.50000,-0.47917,-0.46034,-0.25720,0.001040,0.000000,-0.001376,-0.001297,-0.001038
1385,52,work,mask_work,environment,deep_work,goal_achieved,1.8482,0.36055,0.50000,-0.48054,-0.46164,-0.25824,0.001041,0.000000,-0.001373,-0.001296,-0.001038
1386,52,work,mask_work,environment,deep_work,delayed,-0.7581,0.36015,0.50000,-0.48028,-0.46155,-0.25786,-0.000396,0.000000,0.000266,0.000086,0.000382
1387,52,home,mask_home,environment,rest_deeply,goal_achieved,1.8393,-0.50000,-0.18629,-0.50000,-0.26771,0.14296,0.000000,-0.000335,0.000000,-0.000713,0.000234
1388,52,home,mask_home,environment,zone_out,delayed,-1.4162,-0.50000,-0.18597,-0.50000,-0.26772,0.14279,0.000000,0.000323,0.000000,-0.000013,-0.000168
1389,52,home,mask_home,environment,network_actively,failed,-2.7462,-0.50000,-0.18628,-0.50000,-0.26901,0.14326,0.000000,-0.000310,0.000000,-0.001288,0.000469
1390,52,home,mask_home,environment,zone_out,delayed,-1.4144,-0.50000,-0.18595,-0.50000,-0.26902,0.14309,0.000000,0.000323,0.000000,-0.000015,-0.000168
1391,52,home,mask_home,environment,tidy_up,goal_achieved,1.8268,-0.50000,-0.18531,-0.50000,-0.26972,0.14298,0.000000,0.000640,0.000000,-0.000693,-0.000112
1392,52,home,mask_home,environment,rest_deeply,delayed,-0.4288,-0.50000,-0.18487,-0.50000,-0.27060,0.14315,0.000000,0.000443,0.000000,-0.000880,0.000170
1393,52,home,mask_home,environment,network_actively,failed,-2.7363,-0.50000,-0.18515,-0.50000,-0.27186,0.14360,0.000000,-0.000283,0.000000,-0.001265,0.000454
1394,52,home,mask_home,environment,rest_deeply,goal_achieved,1.8507,-0.50000,-0.18545,-0.50000,-0.27254,0.14381,0.000000,-0.000299,0.000000,-0.000675,0.000211
1395,52,home,mask_home,environment,rest_deeply,goal_achieved,1.8500,-0.50000,-0.18575,-0.50000,-0.27321,0.14402,0.000000,-0.000296,0.000000,-0.000674,0.000209
1396,52,conference,mask_conference,environment,network_actively,goal_achieved,0.7731,0.26132,-0.11286,0.50000,0.50000,-0.26268,0.000590,-0.000475,0.000000,0.000000,-0.000585
1397,52,conference,mask_conference,environment,network_actively,delayed,-0.3540,0.26134,-0.11270,0.49904,0.49925,-0.26221,0.000014,0.000161,-0.000961,-0.000746,0.000478
1398,52,conference,mask_conference,environment,take_notes,goal_achieved,1.2109,0.26188,-0.11288,0.50000,0.50000,-0.26261,0.000546,-0.000173,0.000961,0.000746,-0.000407
1399,52,conference,mask_conference,environment,network_actively,goal_achieved,0.7699,0.26247,-0.11334,0.50000,0.50000,-0.26320,0.000594,-0.000461,0.000000,0.000000,-0.000587
1400,52,conference,mask_conference,environment,network_actively,goal_achieved,0.7705,0.26307,-0.11380,0.50000,0.50000,-0.26378,0.000593,-0.000463,0.000000,0.000000,-0.000586
1401,52,conference,mask_conference,environment,network_actively,delayed,-0.3584,0.26309,-0.11362,0.49901,0.49925,-0.26331,0.000021,0.000179,-0.000986,-0.000754,0.000474
1402,52,conference,mask_conference,environment,quick_scan,failed,-3.1815,0.26408,-0.11325,0.50000,0.50000,-0.26473,0.000995,0.000368,0.000986,0.000754,-0.001417
1403,52,conference,mask_conference,environment,take_notes,delayed,-2.3182,0.26427,-0.11433,0.50000,0.50000,-0.26495,0.000184,-0.001072,0.000000,0.000000,-0.000221
1404,52,conference,mask_conference,environment,network_actively,goal_achieved,0.7920,0.26484,-0.11485,0.50000,0.50000,-0.26553,0.000571,-0.000523,0.000000,0.000000,-0.000580
1405,53,work,mask_work,environment,take_notes,goal_achieved,1.5159,0.36176,0.50000,-0.48194,-0.46269,-0.25840,0.001608,0.000000,-0.001666,-0.001138,-0.000547
1406,53,work,mask_work,environment,deep_work,goal_achieved,1.8392,0.36281,0.50000,-0.48332,-0.46399,-0.25944,0.001051,0.000000,-0.001374,-0.001295,-0.001037
1407,53,work,mask_work,environment,deep_work,goal_achieved,1.8385,0.36386,0.50000,-0.48469,-0.46528,-0.26048,0.001051,0.000000,-0.001371,-0.001294,-0.001037
1408,53,work,mask_work,environment,tidy_up,failed,-2.4420,0.36548,0.50000,-0.48573,-0.46653,-0.26113,0.001615,0.000000,-0.001043,-0.001251,-0.000656
1409,53,work,mask_work,environment,network_actively,failed,-2.5334,0.36629,0.50000,-0.48800,-0.46811,-0.26202,0.000818,0.000000,-0.002271,-0.001581,-0.000887
1410,53,work,mask_work,environment,rest_deeply,delayed,-1.3958,0.36697,0.50000,-0.48908,-0.46909,-0.26268,0.000680,0.000000,-0.001076,-0.000975,-0.000663
1411,53,work,mask_work,environment,deep_work,goal_achieved,1.8448,0.36805,0.50000,-0.49045,-0.47039,-0.26372,0.001076,0.000000,-0.001369,-0.001301,-0.001036
1412,53,work,mask_work,environment,deep_work,goal_achieved,1.8441,0.36913,0.50000,-0.49182,-0.47169,-0.26476,0.001076,0.000000,-0.001366,-0.001300,-0.001036
1413,53,work,mask_work,environment,deep_work,goal_achieved,1.8434,0.37020,0.50000,-0.49318,-0.47299,-0.26579,0.001076,0.000000,-0.001363,-0.001299,-0.001037
1414,53,home,mask_home,environment,rest_deeply,delayed,-0.4275,-0.50000,-0.18531,-0.50000,-0.27410,0.14420,0.000000,0.000434,0.000000,-0.000887,0.000176
1415,53,home,mask_home,environment,zone_out,goal_achieved,1.6571,-0.50000,-0.18635,-0.50000,-0.27607,0.14507,0.000000,-0.001033,0.000000,-0.001976,0.000874
1416,53,home,mask_home,environment,tidy_up,goal_achieved,1.8283,-0.50000,-0.18573,-0.50000,-0.27679,0.14497,0.000000,0.000620,0.000000,-0.000720,-0.000099
1417,53,home,mask_home,environment,rest_deeply,delayed,-0.4416,-0.50000,-0.18531,-0.50000,-0.27771,0.14516,0.000000,0.000418,0.000000,-0.000919,0.000190
1418,53,home,mask_home,environment,quick_scan,delayed,-1.5659,-0.50000,-0.18539,-0.50000,-0.27839,0.14523,0.000000,-0.000086,0.000000,-0.000683,0.000072
1419,53,home,mask_home,environment,rest_deeply,delayed,-0.4383,-0.50000,-0.18497,-0.50000,-0.27931,0.14542,0.000000,0.000420,0.000000,-0.000916,0.000183
1420,53,home,mask_home,environment,zone_out,delayed,-1.3866,-0.50000,-0.18460,-0.50000,-0.27930,0.14522,0.000000,0.000371,0.000000,0.000005,-0.000194
1421,53,home,mask_home,environment,zone_out,goal_achieved,1.6678,-0.50000,-0.18562,-0.50000,-0.28128,0.14609,0.000000,-0.001014,0.000000,-0.001974,0.000863
1422,53,home,mask_home,environment,tidy_up,goal_achieved,1.8421,-0.50000,-0.18500,-0.50000,-0.28200,0.14599,0.000000,0.000619,0.000000,-0.000722,-0.000101
1423,53,conference,mask_conference,environment,network_actively,goal_achieved,0.7925,0.26541,-0.11537,0.50000,0.50000,-0.26611,0.000570,-0.000524,0.000000,0.000000,-0.000579
1424,53,conference,mask_conference,environment,network_actively,goal_achieved,0.7930,0.26598,-0.11590,0.50000,0.50000,-0.26669,0.000569,-0.000525,0.000000,0.000000,-0.000579
1425,53,conference,mask_conference,environment,quick_scan,goal_achieved,1.0025,0.26588,-0.11704,0.50000,0.50000,-0.26594,-0.000095,-0.001144,0.000000,0.000000,0.000745
1426,53,conference,mask_conference,environment,quick_scan,failed,-3.1722,0.26685,-0.11673,0.50000,0.50000,-0.26735,0.000968,0.000316,0.000000,0.000000,-0.001411
1427,53,conference,mask_conference,environment,rest_deeply,failed,-3.5157,0.26737,-0.11708,0.50000,0.50000,-0.26774,0.000517,-0.000350,0.000000,0.000000,-0.000388
1428,53,conference,mask_conference,environment,network_actively,delayed,-0.3392,0.26738,-0.11694,0.49911,0.49929,-0.26727,0.000007,0.000134,-0.000895,-0.000713,0.000473
1429,53,conference,mask_conference,environment,network_actively,delayed,-0.3393,0.26738,-0.11681,0.49821,0.49857,-0.26679,0.000007,0.000134,-0.000896,-0.000713,0.000473
1430,53,conference,mask_conference,environment,network_actively,goal_achieved,0.7981,0.26795,-0.11734,0.50000,0.50000,-0.26737,0.000569,-0.000530,0.001790,0.001426,-0.000574
1431,53,conference,mask_conference,environment,network_actively,goal_achieved,0.7948,0.26852,-0.11786,0.50000,0.50000,-0.26795,0.000567,-0.000520,0.000000,0.000000,-0.000579
1432,54,work,mask_work,environment,handle_backlog,delayed,-1.3354,0.37129,0.50000,-0.49422,-0.47382,-0.26685,0.001090,0.000000,-0.001046,-0.000834,-0.001056
1433,54,work,mask_work,environment,take_notes,delayed,-1.2806,0.37176,0.50000,-0.49501,-0.47477,-0.26767,0.000465,0.000000,-0.000790,-0.000953,-0.000817
1434,54,work,mask_work,environment,take_notes,failed,-2.2130,0.37182,0.50000,-0.49552,-0.47567,-0.26857,0.000067,0.000000,-0.000503,-0.000892,-0.000900
1435,54,work,mask_work,environment,rest_deeply,failed,-2.5586,0.37269,0.50000,-0.49647,-0.47670,-0.26939,0.000867,0.000000,-0.000954,-0.001033,-0.000823
1436,54,work,mask_work,environment,take_notes,failed,-2.2125,0.37276,0.50000,-0.49697,-0.47759,-0.27029,0.000070,0.000000,-0.000501,-0.000893,-0.000902
1437,54,work,mask_work,environment,take_notes,failed,-2.2127,0.37283,0.50000,-0.49747,-0.47848,-0.27119,0.000070,0.000000,-0.000500,-0.000893,-0.000903
1438,54,work,mask_work,environment,deep_work,goal_achieved,1.8709,0.37390,0.50000,-0.49880,-0.47977,-0.27225,0.001067,0.000000,-0.001331,-0.001285,-0.001057
1439,54,work,mask_work,environment,deep_work,goal_achieved,1.8702,0.37497,0.50000,-0.50000,-0.48105,-0.27331,0.001068,0.000000,-0.001196,-0.001284,-0.001057
1440,54,work,mask_work,environment,take_notes,goal_achieved,1.5092,0.37664,0.50000,-0.50000,-0.48219,-0.27388,0.001669,0.000000,0.000000,-0.001134,-0.000574
1441,54,home,mask_home,environment,network_actively,delayed,-1.7943,-0.50000,-0.18511,-0.50000,-0.28264,0.14614,0.000000,-0.000116,0.000000,-0.000637,0.000152
1442,54,home,mask_home,environment,rest_deeply,goal_achieved,1.8267,-0.50000,-0.18540,-0.50000,-0.28333,0.14634,0.000000,-0.000288,0.000000,-0.000692,0.000202
1443,54,home,mask_home,environment,tidy_up,delayed,-1.5417,-0.50000,-0.18664,-0.50000,-0.28411,0.14697,0.000000,-0.001240,0.000000,-0.000776,0.000634
1444,54,home,mask_home,environment,tidy_up,delayed,-1.5448,-0.50000,-0.18787,-0.50000,-0.28488,0.14760,0.000000,-0.001227,0.000000,-0.000777,0.000627
1445,54,home,mask_home,environment,network_actively,failed,-2.7421,-0.50000,-0.18817,-0.50000,-0.28617,0.14806,0.000000,-0.000300,0.000000,-0.001290,0.000456
1446,54,home,mask_home,environment,network_actively,failed,-2.7432,-0.50000,-0.18847,-0.50000,-0.28746,0.14851,0.000000,-0.000300,0.000000,-0.001288,0.000455
1447,54,home,mask_home,environment,network_actively,failed,-2.7442,-0.50000,-0.18877,-0.50000,-0.28875,0.14896,0.000000,-0.000301,0.000000,-0.001285,0.000454
1448,54,home,mask_home,environment,zone_out,failed,-2.3903,-0.49961,-0.18794,-0.50000,-0.28805,0.14841,0.000389,0.000826,0.000000,0.000694,-0.000554
1449,54,home,mask_home,environment,zone_out,goal_achieved,1.6572,-0.50000,-0.18897,-0.50000,-0.29006,0.14927,-0.000389,-0.001024,0.000000,-0.002004,0.000864
1450,54,conference,mask_conference,environment,network_actively,goal_achieved,0.7953,0.26908,-0.11838,0.50000,0.50000,-0.26852,0.000566,-0.000521,0.000000,0.000000,-0.000578
1451,54,conference,mask_conference,environment,rest_deeply,failed,-3.5076,0.26960,-0.11873,0.50000,0.50000,-0.26891,0.000513,-0.000346,0.000000,0.000000,-0.000385
1452,54,conference,mask_conference,environment,network_actively,goal_achieved,0.7978,0.27017,-0.11925,0.50000,0.50000,-0.26949,0.000567,-0.000521,0.000000,0.000000,-0.000578
1453,54,conference,mask_conference,environment,quick_scan,delayed,-2.1170,0.27087,-0.11930,0.50000,0.50000,-0.27035,0.000701,-0.000051,0.000000,0.000000,-0.000864
1454,54,conference,mask_conference,environment,tidy_up,failed,-3.6742,0.27134,-0.11972,0.50000,0.50000,-0.27071,0.000472,-0.000421,0.000000,0.000000,-0.000357
1455,54,conference,mask_conference,environment,network_actively,goal_achieved,0.8031,0.27191,-0.12025,0.50000,0.50000,-0.27129,0.000568,-0.000528,0.000000,0.000000,-0.000577
1456,54,conference,mask_conference,environment,network_actively,goal_achieved,0.8036,0.27247,-0.12077,0.50000,0.50000,-0.27186,0.000567,-0.000529,0.000000,0.000000,-0.000577
1457,54,conference,mask_conference,environment,network_actively,goal_achieved,0.8041,0.27304,-0.12130,0.50000,0.50000,-0.27244,0.000566,-0.000529,0.000000,0.000000,-0.000576
1458,54,conference,mask_conference,environment,network_actively,goal_achieved,0.8045,0.27361,-0.12183,0.50000,0.50000,-0.27301,0.000566,-0.000530,0.000000,0.000000,-0.000575
1459,55,work,mask_work,environment,take_notes,failed,-2.2177,0.37671,0.50000,-0.50000,-0.48308,-0.27479,0.000075,0.000000,0.000000,-0.000898,-0.000909
1460,55,work,mask_work,environment,rest_deeply,delayed,-1.3839,0.37739,0.50000,-0.50000,-0.48405,-0.27548,0.000683,0.000000,0.000000,-0.000968,-0.000693
1461,55,work,mask_work,environment,tidy_up,delayed,-1.3581,0.37853,0.50000,-0.50000,-0.48516,-0.27621,0.001132,0.000000,0.000000,-0.001107,-0.000729
1462,55,work,mask_work,environment,take_notes,goal_achieved,1.5093,0.38020,0.50000,-0.50000,-0.48629,-0.27678,0.001675,0.000000,0.000000,-0.001134,-0.000570
1463,55,work,mask_work,environment,take_notes,delayed,-1.2851,0.38068,0.50000,-0.50000,-0.48725,-0.27760,0.000480,0.000000,0.000000,-0.000958,-0.000822
1464,55,work,mask_work,environment,handle_backlog,delayed,-1.3262,0.38177,0.50000,-0.50000,-0.48809,-0.27867,0.001089,0.000000,0.000000,-0.000836,-0.001067
1465,55,work,mask_work,environment,take_notes,failed,-2.2081,0.38186,0.50000,-0.50000,-0.48898,-0.27959,0.000093,0.000000,0.000000,-0.000894,-0.000918
1466,55,work,mask_work,environment,take_notes,delayed,-1.2773,0.38235,0.50000,-0.50000,-0.48993,-0.28042,0.000491,0.000000,0.000000,-0.000952,-0.000833
1467,55,work,mask_work,environment,tidy_up,delayed,-1.3490,0.38349,0.50000,-0.50000,-0.49103,-0.28116,0.001137,0.000000,0.000000,-0.001100,-0.000741
1468,55,home,mask_home,environment,zone_out,failed,-2.3895,-0.49961,-0.18814,-0.50000,-0.28936,0.14872,0.000393,0.000827,0.000000,0.000699,-0.000556
1469,55,home,mask_home,environment,zone_out,goal_achieved,1.6553,-0.50000,-0.18917,-0.50000,-0.29136,0.14958,-0.000393,-0.001025,0.000000,-0.002004,0.000864
1470,55,home,mask_home,environment,zone_out,goal_achieved,1.6516,-0.50000,-0.19019,-0.50000,-0.29337,0.15045,0.000000,-0.001027,0.000000,-0.002005,0.000864
1471,55,home,mask_home,environment,tidy_up,delayed,-1.5595,-0.50000,-0.19139,-0.50000,-0.29416,0.15107,0.000000,-0.001202,0.000000,-0.000797,0.000619
1472,55,home,mask_home,environment,rest_deeply,goal_achieved,1.8268,-0.50000,-0.19172,-0.50000,-0.29486,0.15127,0.000000,-0.000323,0.000000,-0.000701,0.000208
1473,55,home,mask_home,environment,network_actively,failed,-2.7551,-0.50000,-0.19205,-0.50000,-0.29615,0.15174,0.000000,-0.000337,0.000000,-0.001289,0.000466
1474,55,home,mask_home,environment,quick_scan,goal_achieved,1.8831,-0.50000,-0.19246,-0.50000,-0.29710,0.15242,0.000000,-0.000409,0.000000,-0.000947,0.000676
1475,55,home,mask_home,environment,tidy_up,goal_achieved,1.8289,-0.50000,-0.19191,-0.50000,-0.29784,0.15235,0.000000,0.000551,0.000000,-0.000737,-0.000063
1476,55,home,mask_home,environment,quick_scan,delayed,-1.5700,-0.50000,-0.19204,-0.50000,-0.29854,0.15243,0.000000,-0.000124,0.000000,-0.000701,0.000080
1477,55,conference,mask_conference,environment,quick_scan,delayed,-2.1199,0.27430,-0.12190,0.50000,0.50000,-0.27387,0.000699,-0.000063,0.000000,0.000000,-0.000859
1478,55,conference,mask_conference,environment,network_actively,delayed,-0.3346,0.27432,-0.12175,0.49911,0.49930,-0.27341,0.000018,0.000149,-0.000887,-0.000701,0.000460
1479,55,conference,mask_conference,environment,network_actively,goal_achieved,0.8101,0.27489,-0.12229,0.50000,0.50000,-0.27399,0.000566,-0.000537,0.000887,0.000701,-0.000574
1480,55,conference,mask_conference,environment,network_actively,goal_achieved,0.8087,0.27545,-0.12282,0.50000,0.50000,-0.27456,0.000565,-0.000533,0.000000,0.000000,-0.000576
1481,55,conference,mask_conference,environment,quick_scan,failed,-3.1599,0.27641,-0.12252,0.50000,0.50000,-0.27595,0.000961,0.000296,0.000000,0.000000,-0.001390
1482,55,conference,mask_conference,environment,quick_scan,goal_achieved,1.0202,0.27631,-0.12369,0.50000,0.50000,-0.27519,-0.000103,-0.001169,0.000000,0.000000,0.000759
1483,55,conference,mask_conference,environment,network_actively,delayed,-0.3357,0.27633,-0.12354,0.49911,0.49930,-0.27473,0.000017,0.000151,-0.000889,-0.000703,0.000460
1484,55,conference,mask_conference,environment,network_actively,goal_achieved,0.8102,0.27689,-0.12408,0.50000,0.50000,-0.27531,0.000562,-0.000536,0.000889,0.000703,-0.000573
1485,55,conference,mask_conference,environment,network_actively,goal_achieved,0.8088,0.27745,-0.12461,0.50000,0.50000,-0.27588,0.000561,-0.000531,0.000000,0.000000,-0.000575
1486,56,work,mask_work,environment,deep_work,goal_achieved,1.8805,0.38458,0.50000,-0.50000,-0.49231,-0.28223,0.001091,0.000000,0.000000,-0.001280,-0.001065
1487,56,work,mask_work,environment,network_actively,failed,-2.5187,0.38543,0.50000,-0.50000,-0.49387,-0.28315,0.000845,0.000000,0.000000,-0.001552,-0.000922
1488,56,work,mask_work,environment,take_notes,delayed,-1.2762,0.38593,0.50000,-0.50000,-0.49483,-0.28398,0.000502,0.000000,0.000000,-0.000961,-0.000836
1489,56,work,mask_work,environment,handle_backlog,goal_achieved,1.9936,0.38646,0.50000,-0.50000,-0.49597,-0.28450,0.000535,0.000000,0.000000,-0.001141,-0.000514
1490,56,work,mask_work,environment,tidy_up,failed,-2.4320,0.38807,0.50000,-0.50000,-0.49722,-0.28519,0.001608,0.000000,0.000000,-0.001253,-0.000695
1491,56,work,mask_work,environment,rest_deeply,failed,-2.5407,0.38896,0.50000,-0.50000,-0.49827,-0.28603,0.000893,0.000000,0.000000,-0.001046,-0.000832
1492,56,work,mask_work,environment,tidy_up,failed,-2.4324,0.39057,0.50000,-0.50000,-0.49952,-0.28672,0.001609,0.000000,0.000000,-0.001253,-0.000696
1493,56,work,mask_work,environment,take_notes,delayed,-1.2694,0.39111,0.50000,-0.50000,-0.50000,-0.28755,0.000535,0.000000,0.000000,-0.000479,-0.000825
1494,56,work,mask_work,environment,deep_work,goal_achieved,1.8905,0.39223,0.50000,-0.50000,-0.50000,-0.28860,0.001118,0.000000,0.000000,0.000000,-0.001056
1495,56,home,mask_home,environment,rest_deeply,goal_achieved,1.8153,-0.50000,-0.19235,-0.50000,-0.29924,0.15265,0.000000,-0.000317,0.000000,-0.000701,0.000216
1496,56,home,mask_home,environment,rest_deeply,goal_achieved,1.8149,-0.50000,-0.19267,-0.50000,-0.29994,0.15286,0.000000,-0.000316,0.000000,-0.000699,0.000215
1497,56,home,mask_home,environment,quick_scan,goal_achieved,1.8740,-0.50000,-0.19307,-0.50000,-0.30088,0.15353,0.000000,-0.000398,0.000000,-0.000938,0.000669
1498,56,home,mask_home,environment,rest_deeply,goal_achieved,1.8033,-0.50000,-0.19339,-0.50000,-0.30158,0.15377,0.000000,-0.000324,0.000000,-0.000703,0.000234
1499,56,home,mask_home,environment,network_actively,delayed,-1.8321,-0.50000,-0.19356,-0.50000,-0.30222,0.15395,0.000000,-0.000172,0.000000,-0.000642,0.000188
1500,56,home,mask_home,environment,network_actively,failed,-2.7887,-0.50000,-0.19391,-0.50000,-0.30351,0.15445,0.000000,-0.000350,0.000000,-0.001288,0.000494
1501,56,home,mask_home,environment,rest_deeply,goal_achieved,1.8031,-0.50000,-0.19424,-0.50000,-0.30421,0.15468,0.000000,-0.000323,0.000000,-0.000699,0.000231
1502,56,home,mask_home,environment,rest_deeply,goal_achieved,1.8027,-0.50000,-0.19456,-0.50000,-0.30491,0.15491,0.000000,-0.000322,0.000000,-0.000697,0.000230
1503,56,home,mask_home,environment,rest_deeply,goal_achieved,1.8023,-0.50000,-0.19488,-0.50000,-0.30560,0.15514,0.000000,-0.000321,0.000000,-0.000695,0.000229
1504,56,conference,mask_conference,environment,network_actively,goal_achieved,0.8093,0.27801,-0.12514,0.50000,0.50000,-0.27646,0.000560,-0.000532,0.000000,0.000000,-0.000575
1505,56,conference,mask_conference,environment,quick_scan,goal_achieved,1.0187,0.27791,-0.12629,0.50000,0.50000,-0.27570,-0.000106,-0.001153,0.000000,0.000000,0.000754
1506,56,conference,mask_conference,environment,network_actively,goal_achieved,0.8021,0.27846,-0.12682,0.50000,0.50000,-0.27627,0.000554,-0.000524,0.000000,0.000000,-0.000571
1507,56,conference,mask_conference,environment,network_actively,goal_achieved,0.8026,0.27901,-0.12734,0.50000,0.50000,-0.27684,0.000553,-0.000524,0.000000,0.000000,-0.000570
1508,56,conference,mask_conference,environment,deep_work,failed,-3.8061,0.27939,-0.12790,0.50000,0.50000,-0.27712,0.000381,-0.000563,0.000000,0.000000,-0.000273
1509,56,conference,mask_conference,environment,network_actively,goal_achieved,0.8089,0.27994,-0.12845,0.50000,0.50000,-0.27767,0.000542,-0.000551,0.000000,0.000000,-0.000556
1510,56,conference,mask_conference,environment,network_actively,delayed,-0.3357,0.27993,-0.12834,0.49914,0.49930,-0.27719,-0.000003,0.000117,-0.000859,-0.000695,0.000487
1511,56,conference,mask_conference,environment,take_notes,delayed,-2.2985,0.28009,-0.12944,0.50000,0.50000,-0.27738,0.000154,-0.001107,0.000859,0.000695,-0.000197
1512,56,conference,mask_conference,environment,network_actively,goal_achieved,0.8199,0.28061,-0.13004,0.50000,0.50000,-0.27793,0.000520,-0.000593,0.000000,0.000000,-0.000550
1513,57,work,mask_work,environment,tidy_up,goal_achieved,1.8684,0.39191,0.50000,-0.50000,-0.50000,-0.28946,-0.000320,0.000000,0.000000,0.000000,-0.000861
1514,57,work,mask_work,environment,deep_work,goal_achieved,1.8804,0.39300,0.50000,-0.50000,-0.50000,-0.29052,0.001090,0.000000,0.000000,0.000000,-0.001059
1515,57,work,mask_work,environment,deep_work,goal_achieved,1.8803,0.39409,0.50000,-0.50000,-0.50000,-0.29158,0.001090,0.000000,0.000000,0.000000,-0.001059
1516,57,work,mask_work,environment,take_notes,delayed,-1.2853,0.39460,0.50000,-0.50000,-0.50000,-0.29242,0.000514,0.000000,0.000000,0.000000,-0.000834
1517,57,work,mask_work,environment,tidy_up,goal_achieved,1.8670,0.39428,0.50000,-0.50000,-0.50000,-0.29328,-0.000318,0.000000,0.000000,0.000000,-0.000866
1518,57,work,mask_work,environment,rest_deeply,goal_achieved,2.1368,0.39444,0.50000,-0.50000,-0.50000,-0.29358,0.000163,0.000000,0.000000,0.000000,-0.000299
1519,57,work,mask_work,environment,deep_work,goal_achieved,1.8663,0.39549,0.50000,-0.50000,-0.50000,-0.29463,0.001046,0.000000,0.000000,0.000000,-0.001050
1520,57,work,mask_work,environment,deep_work,goal_achieved,1.8662,0.39653,0.50000,-0.50000,-0.50000,-0.29568,0.001045,0.000000,0.000000,0.000000,-0.001050
1521,57,work,mask_work,environment,tidy_up,failed,-2.4450,0.39813,0.50000,-0.50000,-0.50000,-0.29638,0.001598,0.000000,0.000000,0.000000,-0.000697
1522,57,home,mask_home,environment,network_actively,failed,-2.7972,-0.50000,-0.19523,-0.50000,-0.30688,0.15563,0.000000,-0.000355,0.000000,-0.001280,0.000492
1523,57,home,mask_home,environment,network_actively,failed,-2.7983,-0.50000,-0.19559,-0.50000,-0.30816,0.15612,0.000000,-0.000356,0.000000,-0.001277,0.000491
1524,57,home,mask_home,environment,rest_deeply,goal_achieved,1.8037,-0.50000,-0.19591,-0.50000,-0.30885,0.15635,0.000000,-0.000321,0.000000,-0.000694,0.000228
1525,57,home,mask_home,environment,network_actively,delayed,-1.8428,-0.50000,-0.19609,-0.50000,-0.30948,0.15653,0.000000,-0.000174,0.000000,-0.000627,0.000182
1526,57,home,mask_home,environment,rest_deeply,delayed,-0.4557,-0.50000,-0.19586,-0.50000,-0.31050,0.15685,0.000000,0.000227,0.000000,-0.001018,0.000315
1527,57,home,mask_home,environment,rest_deeply,goal_achieved,1.8018,-0.50000,-0.19618,-0.50000,-0.31118,0.15707,0.000000,-0.000318,0.000000,-0.000688,0.000225
1528,57,home,mask_home,environment,network_actively,failed,-2.7982,-0.50000,-0.19653,-0.50000,-0.31245,0.15756,0.000000,-0.000357,0.000000,-0.001269,0.000489
1529,57,home,mask_home,environment,zone_out,failed,-2.3908,-0.49952,-0.19572,-0.50000,-0.31169,0.15702,0.000481,0.000809,0.000000,0.000767,-0.000544
1530,57,home,mask_home,environment,rest_deeply,goal_achieved,1.8138,-0.50000,-0.19602,-0.50000,-0.31234,0.15723,-0.000481,-0.000298,0.000000,-0.000659,0.000210
1531,57,conference,mask_conference,environment,network_actively,goal_achieved,0.8203,0.28113,-0.13063,0.50000,0.50000,-0.27848,0.000519,-0.000593,0.000000,0.000000,-0.000550
1532,57,conference,mask_conference,environment,network_actively,goal_achieved,0.8207,0.28164,-0.13122,0.50000,0.50000,-0.27903,0.000519,-0.000593,0.000000,0.000000,-0.000550
1533,57,conference,mask_conference,environment,network_actively,goal_achieved,0.8210,0.28216,-0.13181,0.50000,0.50000,-0.27958,0.000518,-0.000592,0.000000,0.000000,-0.000550
1534,57,conference,mask_conference,environment,rest_deeply,goal_achieved,1.3753,0.28239,-0.13240,0.50000,0.50000,-0.27986,0.000231,-0.000585,0.000000,0.000000,-0.000281
1535,57,conference,mask_conference,environment,network_actively,goal_achieved,0.8166,0.28290,-0.13299,0.50000,0.50000,-0.28041,0.000509,-0.000595,0.000000,0.000000,-0.000548
1536,57,conference,mask_conference,environment,network_actively,goal_achieved,0.8170,0.28341,-0.13359,0.50000,0.50000,-0.28096,0.000508,-0.000595,0.000000,0.000000,-0.000548
1537,57,conference,mask_conference,environment,quick_scan,goal_achieved,1.0218,0.28326,-0.13480,0.50000,0.50000,-0.28019,-0.000153,-0.001213,0.000000,0.000000,0.000771
1538,57,conference,mask_conference,environment,deep_work,failed,-3.8101,0.28360,-0.13540,0.50000,0.50000,-0.28045,0.000343,-0.000600,0.000000,0.000000,-0.000262
1539,57,conference,mask_conference,environment,network_actively,goal_achieved,0.8134,0.28410,-0.13600,0.50000,0.50000,-0.28099,0.000495,-0.000601,0.000000,0.000000,-0.000536
1540,58,work,mask_work,environment,rest_deeply,delayed,-1.3792,0.39884,0.50000,-0.50000,-0.50000,-0.29709,0.000708,0.000000,0.000000,0.000000,-0.000709
1541,58,work,mask_work,environment,tidy_up,delayed,-1.3706,0.39995,0.50000,-0.50000,-0.50000,-0.29782,0.001114,0.000000,0.000000,0.000000,-0.000736
1542,58,work,mask_work,environment,tidy_up,failed,-2.4464,0.40155,0.50000,-0.50000,-0.50000,-0.29852,0.001595,0.000000,0.000000,0.000000,-0.000696
1543,58,work,mask_work,environment,deep_work,goal_achieved,1.8812,0.40264,0.50000,-0.50000,-0.50000,-0.29956,0.001087,0.000000,0.000000,0.000000,-0.001045
1544,58,work,mask_work,environment,tidy_up,goal_achieved,1.8549,0.40231,0.50000,-0.50000,-0.50000,-0.30042,-0.000328,0.000000,0.000000,0.000000,-0.000859
1545,58,work,mask_work,environment,deep_work,goal_achieved,1.8723,0.40337,0.50000,-0.50000,-0.50000,-0.30147,0.001063,0.000000,0.000000,0.000000,-0.001047
1546,58,work,mask_work,environment,tidy_up,delayed,-1.3744,0.40449,0.50000,-0.50000,-0.50000,-0.30221,0.001117,0.000000,0.000000,0.000000,-0.000741
1547,58,work,mask_work,environment,deep_work,goal_achieved,1.8747,0.40556,0.50000,-0.50000,-0.50000,-0.30326,0.001070,0.000000,0.000000,0.000000,-0.001046
1548,58,work,mask_work,environment,tidy_up,failed,-2.4523,0.40716,0.50000,-0.50000,-0.50000,-0.30396,0.001600,0.000000,0.000000,0.000000,-0.000702
1549,58,home,mask_home,environment,rest_deeply,goal_achieved,1.8133,-0.50000,-0.19632,-0.50000,-0.31300,0.15744,0.000000,-0.000297,0.000000,-0.000656,0.000208
1550,58,home,mask_home,environment,tidy_up,goal_achieved,1.8282,-0.50000,-0.19580,-0.50000,-0.31369,0.15738,0.000000,0.000517,0.000000,-0.000690,-0.000058
1551,58,home,mask_home,environment,zone_out,goal_achieved,1.5895,-0.50000,-0.19687,-0.50000,-0.31573,0.15828,0.000000,-0.001064,0.000000,-0.002039,0.000905
1552,58,home,mask_home,environment,zone_out,delayed,-1.3996,-0.50000,-0.19652,-0.50000,-0.31565,0.15809,0.000000,0.000349,0.000000,0.000076,-0.000189
1553,58,home,mask_home,environment,network_actively,delayed,-1.8387,-0.50000,-0.19667,-0.50000,-0.31625,0.15826,0.000000,-0.000148,0.000000,-0.000594,0.000163
1554,58,home,mask_home,environment,rest_deeply,goal_achieved,1.8048,-0.50000,-0.19696,-0.50000,-0.31690,0.15846,0.000000,-0.000290,0.000000,-0.000655,0.000204
1555,58,home,mask_home,environment,tidy_up,delayed,-1.6108,-0.50000,-0.19809,-0.50000,-0.31767,0.15906,0.000000,-0.001132,0.000000,-0.000766,0.000604
1556,58,home,mask_home,environment,tidy_up,failed,-2.7582,-0.50000,-0.19975,-0.50000,-0.31846,0.15988,0.000000,-0.001664,0.000000,-0.000789,0.000817
1557,58,home,mask_home,environment,zone_out,goal_achieved,1.5856,-0.50000,-0.20085,-0.50000,-0.32050,0.16080,0.000000,-0.001101,0.000000,-0.002038,0.000914
1558,58,conference,mask_conference,environment,network_actively,goal_achieved,0.8137,0.28459,-0.13660,0.50000,0.50000,-0.28152,0.000494,-0.000601,0.000000,0.000000,-0.000536
1559,58,conference,mask_conference,environment,network_actively,goal_achieved,0.8140,0.28508,-0.13720,0.50000,0.50000,-0.28206,0.000494,-0.000601,0.000000,0.000000,-0.000536
1560,58,conference,mask_conference,environment,network_actively,goal_achieved,0.8143,0.28558,-0.13780,0.50000,0.50000,-0.28260,0.000493,-0.000600,0.000000,0.000000,-0.000536
1561,58,conference,mask_conference,environment,take_notes,goal_achieved,1.2131,0.28607,-0.13800,0.50000,0.50000,-0.28298,0.000498,-0.000194,0.000000,0.000000,-0.000387
1562,58,conference,mask_conference,environment,network_actively,goal_achieved,0.8105,0.28657,-0.13858,0.50000,0.50000,-0.28352,0.000499,-0.000583,0.000000,0.000000,-0.000538
1563,58,conference,mask_conference,environment,network_actively,goal_achieved,0.8109,0.28707,-0.13916,0.50000,0.50000,-0.28406,0.000498,-0.000582,0.000000,0.000000,-0.000538
1564,58,conference,mask_conference,environment,network_actively,goal_achieved,0.8112,0.28757,-0.13975,0.50000,0.50000,-0.28460,0.000498,-0.000582,0.000000,0.000000,-0.000538
1565,58,conference,mask_conference,environment,quick_scan,delayed,-2.1182,0.28822,-0.13986,0.50000,0.50000,-0.28544,0.000647,-0.000112,0.000000,0.000000,-0.000846
1566,58,conference,mask_conference,environment,quick_scan,failed,-3.1599,0.28913,-0.13961,0.50000,0.50000,-0.28682,0.000913,0.000245,0.000000,0.000000,-0.001380
1567,59,work,mask_work,environment,handle_backlog,delayed,-1.3243,0.40827,0.50000,-0.50000,-0.50000,-0.30504,0.001114,0.000000,0.000000,0.000000,-0.001076
1568,59,work,mask_work,environment,tidy_up,goal_achieved,1.8599,0.40796,0.50000,-0.50000,-0.50000,-0.30591,-0.000313,0.000000,0.000000,0.000000,-0.000873
1569,59,work,mask_work,environment,network_actively,failed,-2.5322,0.40881,0.50000,-0.50000,-0.50000,-0.30684,0.000846,0.000000,0.000000,0.000000,-0.000931
1570,59,work,mask_work,environment,network_actively,delayed,-1.4267,0.40961,0.50000,-0.50000,-0.50000,-0.30766,0.000808,0.000000,0.000000,0.000000,-0.000820
1571,59,work,mask_work,environment,network_actively,delayed,-1.4267,0.41042,0.50000,-0.50000,-0.50000,-0.30848,0.000808,0.000000,0.000000,0.000000,-0.000820
1572,59,work,mask_work,environment,rest_deeply,goal_achieved,2.1473,0.41063,0.50000,-0.50000,-0.50000,-0.30880,0.000208,0.000000,0.000000,0.000000,-0.000323
1573,59,work,mask_work,environment,take_notes,failed,-2.2298,0.41073,0.50000,-0.50000,-0.50000,-0.30972,0.000102,0.000000,0.000000,0.000000,-0.000920
1574,59,work,mask_work,environment,deep_work,goal_achieved,1.8812,0.41179,0.50000,-0.50000,-0.50000,-0.31077,0.001053,0.000000,0.000000,0.000000,-0.001049
1575,59,work,mask_work,environment,deep_work,delayed,-0.7022,0.41140,0.50000,-0.49975,-0.49991,-0.31038,-0.000389,0.000000,0.000247,0.000093,0.000386
1576,59,home,mask_home,environment,rest_deeply,goal_achieved,1.8019,-0.50000,-0.20119,-0.50000,-0.32116,0.16101,0.000000,-0.000335,0.000000,-0.000662,0.000217
1577,59,home,mask_home,environment,rest_deeply,delayed,-0.4545,-0.50000,-0.20104,-0.50000,-0.32220,0.16137,0.000000,0.000145,0.000000,-0.001042,0.000357
1578,59,home,mask_home,environment,quick_scan,goal_achieved,1.8596,-0.50000,-0.20146,-0.50000,-0.32310,0.16204,0.000000,-0.000421,0.000000,-0.000900,0.000669
1579,59,home,mask_home,environment,rest_deeply,goal_achieved,1.7908,-0.50000,-0.20180,-0.50000,-0.32376,0.16227,0.000000,-0.000341,0.000000,-0.000659,0.000230
1580,59,home,mask_home,environment,tidy_up,goal_achieved,1.8130,-0.50000,-0.20136,-0.50000,-0.32446,0.16225,0.000000,0.000440,0.000000,-0.000700,-0.000019
1581,59,home,mask_home,environment,network_actively,failed,-2.8196,-0.50000,-0.20176,-0.50000,-0.32570,0.16275,0.000000,-0.000391,0.000000,-0.001245,0.000504
1582,59,home,mask_home,environment,rest_deeply,goal_achieved,1.7894,-0.50000,-0.20209,-0.50000,-0.32635,0.16298,0.000000,-0.000329,0.000000,-0.000652,0.000222
1583,59,home,mask_home,environment,network_actively,delayed,-1.8550,-0.50000,-0.20228,-0.50000,-0.32695,0.16316,0.000000,-0.000197,0.000000,-0.000596,0.000188
1584,59,home,mask_home,environment,rest_deeply,goal_achieved,1.7887,-0.50000,-0.20261,-0.50000,-0.32760,0.16338,0.000000,-0.000328,0.000000,-0.000646,0.000219
1585,59,conference,mask_conference,environment,deep_work,goal_achieved,1.0011,0.28980,-0.13931,0.50000,0.50000,-0.28755,0.000671,0.000299,0.000000,0.000000,-0.000725
1586,59,conference,mask_conference,environment,network_actively,goal_achieved,0.8046,0.29034,-0.13982,0.50000,0.50000,-0.28813,0.000534,-0.000509,0.000000,0.000000,-0.000585
1587,59,conference,mask_conference,environment,network_actively,goal_achieved,0.8051,0.29087,-0.14033,0.50000,0.50000,-0.28872,0.000533,-0.000510,0.000000,0.000000,-0.000584
1588,59,conference,mask_conference,environment,quick_scan,goal_achieved,0.9955,0.29074,-0.14146,0.50000,0.50000,-0.28799,-0.000125,-0.001132,0.000000,0.000000,0.000731
1589,59,conference,mask_conference,environment,network_actively,goal_achieved,0.7982,0.29127,-0.14197,0.50000,0.50000,-0.28857,0.000527,-0.000502,0.000000,0.000000,-0.000580
1590,59,conference,mask_conference,environment,network_actively,goal_achieved,0.7987,0.29180,-0.14247,0.50000,0.50000,-0.28914,0.000526,-0.000503,0.000000,0.000000,-0.000579
1591,59,conference,mask_conference,environment,network_actively,goal_achieved,0.7992,0.29232,-0.14297,0.50000,0.50000,-0.28972,0.000526,-0.000504,0.000000,0.000000,-0.000579
1592,59,conference,mask_conference,environment,network_actively,goal_achieved,0.7997,0.29285,-0.14348,0.50000,0.50000,-0.29030,0.000525,-0.000504,0.000000,0.000000,-0.000578
1593,59,conference,mask_conference,environment,network_actively,goal_achieved,0.8001,0.29337,-0.14398,0.50000,0.50000,-0.29088,0.000524,-0.000505,0.000000,0.000000,-0.000577
1594,60,work,mask_work,environment,take_notes,goal_achieved,1.4955,0.41308,0.50000,-0.50000,-0.50000,-0.31095,0.001678,0.000000,-0.000247,-0.000093,-0.000568
1595,60,work,mask_work,environment,tidy_up,failed,-2.4456,0.41467,0.50000,-0.50000,-0.50000,-0.31165,0.001590,0.000000,0.000000,0.000000,-0.000697
1596,60,work,mask_work,environment,tidy_up,delayed,-1.3696,0.41578,0.50000,-0.50000,-0.50000,-0.31239,0.001110,0.000000,0.000000,0.000000,-0.000737
1597,60,work,mask_work,environment,take_notes,failed,-2.2165,0.41589,0.50000,-0.50000,-0.50000,-0.31330,0.000118,0.000000,0.000000,0.000000,-0.000912
1598,60,work,mask_work,environment,deep_work,goal_achieved,1.8871,0.41697,0.50000,-0.50000,-0.50000,-0.31434,0.001077,0.000000,0.000000,0.000000,-0.001047
1599,60,work,mask_work,environment,tidy_up,delayed,-1.3663,0.41808,0.50000,-0.50000,-0.50000,-0.31509,0.001105,0.000000,0.000000,0.000000,-0.000740
1600,60,work,mask_work,environment,take_notes,goal_achieved,1.5032,0.41978,0.50000,-0.50000,-0.50000,-0.31565,0.001707,0.000000,0.000000,0.000000,-0.000567
1601,60,work,mask_work,environment,tidy_up,failed,-2.4500,0.42137,0.50000,-0.50000,-0.50000,-0.31635,0.001592,0.000000,0.000000,0.000000,-0.000699
1602,60,work,mask_work,environment,deep_work,goal_achieved,1.8874,0.42248,0.50000,-0.50000,-0.50000,-0.31739,0.001104,0.000000,0.000000,0.000000,-0.001044
1603,60,home,mask_home,environment,rest_deeply,goal_achieved,1.7885,-0.50000,-0.20294,-0.50000,-0.32824,0.16360,0.000000,-0.000327,0.000000,-0.000644,0.000217
1604,60,home,mask_home,environment,tidy_up,goal_achieved,1.8101,-0.50000,-0.20251,-0.50000,-0.32893,0.16358,0.000000,0.000425,0.000000,-0.000687,-0.000021
1605,60,home,mask_home,environment,network_actively,goal_achieved,1.0461,-0.49896,-0.20211,-0.49955,-0.32759,0.16282,0.001036,0.000403,0.000446,0.001335,-0.000762
1606,60,home,mask_home,environment,network_actively,goal_achieved,1.0428,-0.49793,-0.20171,-0.49911,-0.32626,0.16206,0.001037,0.000401,0.000449,0.001331,-0.000758
1607,60,home,mask_home,environment,zone_out,goal_achieved,1.5531,-0.49990,-0.20279,-0.50000,-0.32827,0.16296,-0.001976,-0.001083,-0.000895,-0.002009,0.000903
1608,60,home,mask_home,environment,zone_out,goal_achieved,1.5469,-0.50000,-0.20387,-0.50000,-0.33027,0.16386,-0.000097,-0.001083,0.000000,-0.002000,0.000896
1609,60,home,mask_home,environment,network_actively,failed,-2.8487,-0.50000,-0.20429,-0.50000,-0.33154,0.16437,0.000000,-0.000418,0.000000,-0.001273,0.000517
1610,60,home,mask_home,environment,rest_deeply,delayed,-0.5004,-0.50000,-0.20420,-0.50000,-0.33263,0.16478,0.000000,0.000091,0.000000,-0.001089,0.000408
1611,60,home,mask_home,environment,rest_deeply,delayed,-0.5010,-0.50000,-0.20411,-0.50000,-0.33372,0.16519,0.000000,0.000089,0.000000,-0.001090,0.000409
1612,60,conference,mask_conference,environment,network_actively,goal_achieved,0.8006,0.29389,-0.14449,0.50000,0.50000,-0.29145,0.000523,-0.000506,0.000000,0.000000,-0.000576
1613,60,conference,mask_conference,environment,network_actively,goal_achieved,0.8011,0.29442,-0.14499,0.50000,0.50000,-0.29203,0.000522,-0.000507,0.000000,0.000000,-0.000576
1614,60,conference,mask_conference,environment,network_actively,goal_achieved,0.8015,0.29494,-0.14550,0.50000,0.50000,-0.29261,0.000522,-0.000507,0.000000,0.000000,-0.000575
1615,60,conference,mask_conference,environment,take_notes,delayed,-2.3463,0.29509,-0.14655,0.50000,0.50000,-0.29284,0.000153,-0.001046,0.000000,0.000000,-0.000236
1616,60,conference,mask_conference,environment,quick_scan,goal_achieved,0.9942,0.29495,-0.14771,0.50000,0.50000,-0.29211,-0.000147,-0.001163,0.000000,0.000000,0.000731
1617,60,conference,mask_conference,environment,deep_work,failed,-3.8230,0.29526,-0.14835,0.50000,0.50000,-0.29236,0.000317,-0.000638,0.000000,0.000000,-0.000252
1618,60,conference,mask_conference,environment,network_actively,goal_achieved,0.8090,0.29575,-0.14891,0.50000,0.50000,-0.29292,0.000490,-0.000557,0.000000,0.000000,-0.000555
1619,60,conference,mask_conference,environment,quick_scan,failed,-3.1764,0.29667,-0.14863,0.50000,0.50000,-0.29433,0.000916,0.000278,0.000000,0.000000,-0.001414
1620,60,conference,mask_conference,environment,network_actively,goal_achieved,0.8168,0.29716,-0.14919,0.50000,0.50000,-0.29489,0.000492,-0.000566,0.000000,0.000000,-0.000557
1621,61,work,mask_work,environment,tidy_up,goal_achieved,1.8553,0.42216,0.50000,-0.50000,-0.50000,-0.31825,-0.000323,0.000000,0.000000,0.000000,-0.000860
1622,61,work,mask_work,environment,deep_work,goal_achieved,1.8797,0.42324,0.50000,-0.50000,-0.50000,-0.31930,0.001083,0.000000,0.000000,0.000000,-0.001045
1623,61,work,mask_work,environment,network_actively,delayed,-1.4283,0.42406,0.50000,-0.50000,-0.50000,-0.32011,0.000818,0.000000,0.000000,0.000000,-0.000806
1624,61,work,mask_work,environment,take_notes,goal_achieved,1.4972,0.42576,0.50000,-0.50000,-0.50000,-0.32068,0.001703,0.000000,0.000000,0.000000,-0.000572
1625,61,work,mask_work,environment,deep_work,goal_achieved,1.8732,0.42685,0.50000,-0.50000,-0.50000,-0.32172,0.001091,0.000000,0.000000,0.000000,-0.001044
1626,61,work,mask_work,environment,deep_work,goal_achieved,1.8731,0.42794,0.50000,-0.50000,-0.50000,-0.32277,0.001091,0.000000,0.000000,0.000000,-0.001044
1627,61,work,mask_work,environment,deep_work,goal_achieved,1.8730,0.42903,0.50000,-0.50000,-0.50000,-0.32381,0.001090,0.000000,0.000000,0.000000,-0.001044
1628,61,work,mask_work,environment,take_notes,failed,-2.2264,0.42916,0.50000,-0.50000,-0.50000,-0.32473,0.000129,0.000000,0.000000,0.000000,-0.000924
1629,61,work,mask_work,environment,deep_work,goal_achieved,1.8780,0.43024,0.50000,-0.50000,-0.50000,-0.32578,0.001084,0.000000,0.000000,0.000000,-0.001045
1630,61,home,mask_home,environment,network_actively,failed,-2.8377,-0.50000,-0.20453,-0.50000,-0.33499,0.16571,0.000000,-0.000414,0.000000,-0.001267,0.000514
1631,61,home,mask_home,environment,zone_out,delayed,-1.3977,-0.50000,-0.20419,-0.50000,-0.33484,0.16551,0.000000,0.000336,0.000000,0.000152,-0.000197
1632,61,home,mask_home,environment,rest_deeply,goal_achieved,1.7635,-0.50000,-0.20452,-0.50000,-0.33547,0.16571,0.000000,-0.000325,0.000000,-0.000628,0.000202
1633,61,home,mask_home,environment,rest_deeply,goal_achieved,1.7633,-0.50000,-0.20484,-0.50000,-0.33609,0.16591,0.000000,-0.000324,0.000000,-0.000625,0.000201
1634,61,home,mask_home,environment,rest_deeply,delayed,-0.4952,-0.50000,-0.20475,-0.50000,-0.33717,0.16632,0.000000,0.000087,0.000000,-0.001082,0.000410
1635,61,home,mask_home,environment,rest_deeply,delayed,-0.4958,-0.50000,-0.20467,-0.50000,-0.33826,0.16673,0.000000,0.000084,0.000000,-0.001083,0.000412
1636,61,home,mask_home,environment,rest_deeply,goal_achieved,1.7621,-0.50000,-0.20499,-0.50000,-0.33887,0.16693,0.000000,-0.000322,0.000000,-0.000615,0.000194
1637,61,home,mask_home,environment,zone_out,failed,-2.3716,-0.49939,-0.20418,-0.50000,-0.33799,0.16637,0.000607,0.000812,0.000000,0.000879,-0.000561
1638,61,home,mask_home,environment,tidy_up,goal_achieved,1.8237,-0.50000,-0.20377,-0.50000,-0.33864,0.16634,-0.000607,0.000412,0.000000,-0.000650,-0.000031
1639,61,conference,mask_conference,environment,network_actively,goal_achieved,0.8172,0.29765,-0.14976,0.50000,0.50000,-0.29545,0.000491,-0.000566,0.000000,0.000000,-0.000557
1640,61,conference,mask_conference,environment,network_actively,goal_achieved,0.8176,0.29814,-0.15033,0.50000,0.50000,-0.29600,0.000491,-0.000566,0.000000,0.000000,-0.000557
1641,61,conference,mask_conference,environment,network_actively,goal_achieved,0.8179,0.29863,-0.15089,0.50000,0.50000,-0.29656,0.000490,-0.000566,0.000000,0.000000,-0.000556
1642,61,conference,mask_conference,environment,network_actively,goal_achieved,0.8183,0.29912,-0.15146,0.50000,0.50000,-0.29711,0.000489,-0.000566,0.000000,0.000000,-0.000556
1643,61,conference,mask_conference,environment,tidy_up,failed,-3.7034,0.29952,-0.15192,0.50000,0.50000,-0.29747,0.000402,-0.000464,0.000000,0.000000,-0.000353
1644,61,conference,mask_conference,environment,network_actively,goal_achieved,0.8192,0.30001,-0.15249,0.50000,0.50000,-0.29802,0.000489,-0.000567,0.000000,0.000000,-0.000555
1645,61,conference,mask_conference,environment,network_actively,goal_achieved,0.8195,0.30050,-0.15305,0.50000,0.50000,-0.29858,0.000488,-0.000567,0.000000,0.000000,-0.000555
1646,61,conference,mask_conference,environment,network_actively,goal_achieved,0.8199,0.30099,-0.15362,0.50000,0.50000,-0.29913,0.000488,-0.000567,0.000000,0.000000,-0.000555
1647,61,conference,mask_conference,environment,deep_work,delayed,-2.6225,0.30139,-0.15404,0.50000,0.50000,-0.29951,0.000399,-0.000418,0.000000,0.000000,-0.000374
1648,62,work,mask_work,environment,tidy_up,goal_achieved,1.8465,0.42993,0.50000,-0.50000,-0.50000,-0.32665,-0.000311,0.000000,0.000000,0.000000,-0.000869
1649,62,work,mask_work,environment,tidy_up,goal_achieved,1.8464,0.42962,0.50000,-0.50000,-0.50000,-0.32752,-0.000311,0.000000,0.000000,0.000000,-0.000869
1650,62,work,mask_work,environment,handle_backlog,goal_achieved,1.9562,0.43014,0.50000,-0.50000,-0.50000,-0.32804,0.000515,0.000000,0.000000,0.000000,-0.000519
1651,62,work,mask_work,environment,network_actively,failed,-2.5616,0.43095,0.50000,-0.50000,-0.50000,-0.32896,0.000818,0.000000,0.000000,0.000000,-0.000921
1652,62,work,mask_work,environment,tidy_up,goal_achieved,1.8411,0.43064,0.50000,-0.50000,-0.50000,-0.32982,-0.000320,0.000000,0.000000,0.000000,-0.000862
1653,62,work,mask_work,environment,take_notes,goal_achieved,1.4642,0.43228,0.50000,-0.50000,-0.50000,-0.33040,0.001642,0.000000,0.000000,0.000000,-0.000577
1654,62,work,mask_work,environment,take_notes,failed,-2.2549,0.43234,0.50000,-0.50000,-0.50000,-0.33132,0.000064,0.000000,0.000000,0.000000,-0.000924
1655,62,work,mask_work,environment,tidy_up,goal_achieved,1.8396,0.43202,0.50000,-0.50000,-0.50000,-0.33218,-0.000318,0.000000,0.000000,0.000000,-0.000861
1656,62,work,mask_work,environment,rest_deeply,delayed,-1.4123,0.43270,0.50000,-0.50000,-0.50000,-0.33291,0.000675,0.000000,0.000000,0.000000,-0.000731
1657,62,home,mask_home,environment,tidy_up,goal_achieved,1.8227,-0.50000,-0.20335,-0.50000,-0.33929,0.16630,0.000000,0.000414,0.000000,-0.000648,-0.000033
1658,62,home,mask_home,environment,rest_deeply,goal_achieved,1.7683,-0.50000,-0.20364,-0.50000,-0.33987,0.16648,0.000000,-0.000286,0.000000,-0.000585,0.000173
1659,62,home,mask_home,environment,network_actively,failed,-2.8234,-0.50000,-0.20400,-0.50000,-0.34108,0.16696,0.000000,-0.000365,0.000000,-0.001207,0.000478
1660,62,home,mask_home,environment,zone_out,delayed,-1.3934,-0.50000,-0.20365,-0.50000,-0.34091,0.16675,0.000000,0.000357,0.000000,0.000165,-0.000208
1661,62,home,mask_home,environment,network_actively,failed,-2.8188,-0.50000,-0.20400,-0.50000,-0.34210,0.16722,0.000000,-0.000355,0.000000,-0.001189,0.000469
1662,62,home,mask_home,environment,tidy_up,goal_achieved,1.8295,-0.50000,-0.20359,-0.50000,-0.34273,0.16718,0.000000,0.000415,0.000000,-0.000629,-0.000039
1663,62,home,mask_home,environment,zone_out,delayed,-1.3938,-0.50000,-0.20322,-0.50000,-0.34257,0.16697,0.000000,0.000365,0.000000,0.000166,-0.000212
1664,62,home,mask_home,environment,quick_scan,failed,-2.7188,-0.50000,-0.20324,-0.50000,-0.34308,0.16678,0.000000,-0.000015,0.000000,-0.000512,-0.000182
1665,62,home,mask_home,environment,quick_scan,failed,-2.7191,-0.50000,-0.20325,-0.50000,-0.34359,0.16660,0.000000,-0.000015,0.000000,-0.000512,-0.000182
1666,62,conference,mask_conference,environment,network_actively,goal_achieved,0.8199,0.30187,-0.15460,0.50000,0.50000,-0.30006,0.000487,-0.000564,0.000000,0.000000,-0.000556
1667,62,conference,mask_conference,environment,quick_scan,goal_achieved,0.9896,0.30171,-0.15579,0.50000,0.50000,-0.29932,-0.000161,-0.001186,0.000000,0.000000,0.000739
1668,62,conference,mask_conference,environment,network_actively,goal_achieved,0.8128,0.30219,-0.15634,0.50000,0.50000,-0.29988,0.000482,-0.000554,0.000000,0.000000,-0.000553
1669,62,conference,mask_conference,environment,network_actively,delayed,-0.3471,0.30215,-0.15625,0.49912,0.49929,-0.29938,-0.000045,0.000091,-0.000876,-0.000715,0.000496
1670,62,conference,mask_conference,environment,network_actively,goal_achieved,0.8143,0.30263,-0.15681,0.50000,0.50000,-0.29993,0.000482,-0.000556,0.000876,0.000715,-0.000551
1671,62,conference,mask_conference,environment,network_actively,delayed,-0.3473,0.30259,-0.15671,0.49912,0.49929,-0.29944,-0.000045,0.000092,-0.000877,-0.000715,0.000496
1672,62,conference,mask_conference,environment,quick_scan,delayed,-2.1336,0.30323,-0.15680,0.50000,0.50000,-0.30031,0.000642,-0.000080,0.000877,0.000715,-0.000876
1673,62,conference,mask_conference,environment,network_actively,goal_achieved,0.8157,0.30371,-0.15735,0.50000,0.50000,-0.30087,0.000482,-0.000552,0.000000,0.000000,-0.000557
1674,62,conference,mask_conference,environment,network_actively,goal_achieved,0.8161,0.30419,-0.15790,0.50000,0.50000,-0.30143,0.000481,-0.000552,0.000000,0.000000,-0.000556
1675,63,work,mask_work,environment,tidy_up,goal_achieved,1.8389,0.43238,0.50000,-0.50000,-0.50000,-0.33377,-0.000319,0.000000,0.000000,0.000000,-0.000860
1676,63,work,mask_work,environment,tidy_up,goal_achieved,1.8388,0.43206,0.50000,-0.50000,-0.50000,-0.33463,-0.000319,0.000000,0.000000,0.000000,-0.000860
1677,63,work,mask_work,environment,network_actively,goal_achieved,1.8267,0.43265,0.49992,-0.49870,-0.49991,-0.33511,0.000590,-0.000085,0.001300,0.000092,-0.000475
1678,63,work,mask_work,environment,tidy_up,goal_achieved,1.8364,0.43233,0.50000,-0.49973,-0.50000,-0.33597,-0.000321,0.000085,-0.001033,-0.000092,-0.000858
1679,63,work,mask_work,environment,handle_backlog,delayed,-1.3912,0.43331,0.50000,-0.50000,-0.50000,-0.33705,0.000982,0.000000,-0.000267,0.000000,-0.001081
1680,63,work,mask_work,environment,network_actively,failed,-2.5878,0.43405,0.50000,-0.50000,-0.50000,-0.33798,0.000739,0.000000,0.000000,0.000000,-0.000937
1681,63,work,mask_work,environment,deep_work,delayed,-0.7512,0.43357,0.50000,-0.49976,-0.49988,-0.33760,-0.000483,0.000000,0.000237,0.000124,0.000380
1682,63,work,mask_work,environment,handle_backlog,goal_achieved,1.9288,0.43399,0.50000,-0.50000,-0.50000,-0.33812,0.000419,0.000000,-0.000237,-0.000124,-0.000518
1683,63,work,mask_work,environment,deep_work,goal_achieved,1.8241,0.43494,0.50000,-0.50000,-0.50000,-0.33917,0.000949,0.000000,0.000000,0.000000,-0.001048
1684,63,home,mask_home,environment,rest_deeply,goal_achieved,1.7958,-0.50000,-0.20349,-0.50000,-0.34413,0.16672,0.000000,-0.000244,0.000000,-0.000537,0.000119
1685,63,home,mask_home,environment,network_actively,failed,-2.8022,-0.50000,-0.20382,-0.50000,-0.34528,0.16714,0.000000,-0.000324,0.000000,-0.001154,0.000423
1686,63,home,mask_home,environment,rest_deeply,goal_achieved,1.7969,-0.50000,-0.20406,-0.50000,-0.34581,0.16726,0.000000,-0.000243,0.000000,-0.000533,0.000117
1687,63,home,mask_home,environment,network_actively,failed,-2.8051,-0.50000,-0.20439,-0.50000,-0.34696,0.16768,0.000000,-0.000325,0.000000,-0.001148,0.000421
1688,63,home,mask_home,environment,network_actively,delayed,-1.8278,-0.50000,-0.20451,-0.50000,-0.34747,0.16778,0.000000,-0.000124,0.000000,-0.000509,0.000103
1689,63,home,mask_home,environment,tidy_up,goal_achieved,1.8510,-0.50000,-0.20408,-0.50000,-0.34807,0.16770,0.000000,0.000426,0.000000,-0.000594,-0.000079
1690,63,home,mask_home,environment,network_actively,delayed,-1.8299,-0.50000,-0.20420,-0.50000,-0.34857,0.16780,0.000000,-0.000115,0.000000,-0.000506,0.000098
1691,63,home,mask_home,environment,rest_deeply,delayed,-0.4639,-0.50000,-0.20405,-0.50000,-0.34960,0.16816,0.000000,0.000145,0.000000,-0.001032,0.000357
1692,63,home,mask_home,environment,rest_deeply,goal_achieved,1.7944,-0.50000,-0.20429,-0.50000,-0.35012,0.16826,0.000000,-0.000233,0.000000,-0.000519,0.000105
1693,63,conference,mask_conference,environment,quick_scan,delayed,-2.1357,0.30483,-0.15798,0.50000,0.50000,-0.30230,0.000640,-0.000083,0.000000,0.000000,-0.000875
1694,63,conference,mask_conference,environment,network_actively,goal_achieved,0.8201,0.30531,-0.15854,0.50000,0.50000,-0.30286,0.000482,-0.000556,0.000000,0.000000,-0.000557
1695,63,conference,mask_conference,environment,network_actively,goal_achieved,0.8205,0.30579,-0.15910,0.50000,0.50000,-0.30342,0.000481,-0.000556,0.000000,0.000000,-0.000557
1696,63,conference,mask_conference,environment,network_actively,delayed,-0.3440,0.30576,-0.15899,0.49912,0.49929,-0.30293,-0.000039,0.000102,-0.000877,-0.000706,0.000484
1697,63,conference,mask_conference,environment,network_actively,goal_achieved,0.8219,0.30624,-0.15955,0.50000,0.50000,-0.30349,0.000481,-0.000559,0.000877,0.000706,-0.000555
1698,63,conference,mask_conference,environment,network_actively,delayed,-0.3442,0.30620,-0.15945,0.49912,0.49929,-0.30300,-0.000039,0.000103,-0.000878,-0.000706,0.000484
1699,63,conference,mask_conference,environment,network_actively,goal_achieved,0.8216,0.30668,-0.16001,0.50000,0.50000,-0.30356,0.000480,-0.000556,0.000878,0.000706,-0.000556
1700,63,conference,mask_conference,environment,network_actively,goal_achieved,0.8201,0.30716,-0.16056,0.50000,0.50000,-0.30412,0.000479,-0.000551,0.000000,0.000000,-0.000559
1701,63,conference,mask_conference,environment,network_actively,goal_achieved,0.8205,0.30764,-0.16111,0.50000,0.50000,-0.30468,0.000478,-0.000551,0.000000,0.000000,-0.000559
1702,64,work,mask_work,environment,tidy_up,failed,-2.4638,0.43653,0.50000,-0.50000,-0.50000,-0.33987,0.001592,0.000000,0.000000,0.000000,-0.000696
1703,64,work,mask_work,environment,take_notes,delayed,-1.3407,0.43692,0.50000,-0.50000,-0.50000,-0.34070,0.000397,0.000000,0.000000,0.000000,-0.000835
1704,64,work,mask_work,environment,handle_backlog,delayed,-1.3778,0.43791,0.50000,-0.50000,-0.50000,-0.34178,0.000988,0.000000,0.000000,0.000000,-0.001075
1705,64,work,mask_work,environment,take_notes,failed,-2.2637,0.43792,0.50000,-0.50000,-0.50000,-0.34271,0.000012,0.000000,0.000000,0.000000,-0.000931
1706,64,work,mask_work,environment,deep_work,goal_achieved,1.8431,0.43889,0.50000,-0.50000,-0.50000,-0.34376,0.000964,0.000000,0.000000,0.000000,-0.001057
1707,64,work,mask_work,environment,deep_work,goal_achieved,1.8431,0.43985,0.50000,-0.50000,-0.50000,-0.34482,0.000964,0.000000,0.000000,0.000000,-0.001057
1708,64,work,mask_work,environment,take_notes,failed,-2.2668,0.43987,0.50000,-0.50000,-0.50000,-0.34576,0.000016,0.000000,0.000000,0.000000,-0.000935
1709,64,work,mask_work,environment,deep_work,goal_achieved,1.8477,0.44083,0.50000,-0.50000,-0.50000,-0.34681,0.000958,0.000000,0.000000,0.000000,-0.001059
1710,64,work,mask_work,environment,tidy_up,delayed,-1.3732,0.44194,0.50000,-0.50000,-0.50000,-0.34757,0.001112,0.000000,0.000000,0.000000,-0.000754
1711,64,home,mask_home,environment,rest_deeply,goal_achieved,1.7943,-0.50000,-0.20452,-0.50000,-0.35064,0.16837,0.000000,-0.000232,0.000000,-0.000517,0.000104
1712,64,home,mask_home,environment,network_actively,failed,-2.8073,-0.50000,-0.20484,-0.50000,-0.35177,0.16878,0.000000,-0.000317,0.000000,-0.001134,0.000412
1713,64,home,mask_home,environment,rest_deeply,goal_achieved,1.7953,-0.50000,-0.20507,-0.50000,-0.35229,0.16888,0.000000,-0.000232,0.000000,-0.000514,0.000102
1714,64,home,mask_home,environment,rest_deeply,goal_achieved,1.7953,-0.50000,-0.20530,-0.50000,-0.35280,0.16898,0.000000,-0.000231,0.000000,-0.000511,0.000100
1715,64,home,mask_home,environment,network_actively,failed,-2.8122,-0.50000,-0.20562,-0.50000,-0.35392,0.16939,0.000000,-0.000319,0.000000,-0.001126,0.000409
1716,64,home,mask_home,environment,zone_out,failed,-2.3516,-0.49937,-0.20476,-0.50000,-0.35300,0.16878,0.000625,0.000859,0.000000,0.000924,-0.000614
1717,64,home,mask_home,environment,network_actively,failed,-2.8023,-0.50000,-0.20506,-0.50000,-0.35410,0.16917,-0.000625,-0.000302,0.000000,-0.001102,0.000396
1718,64,home,mask_home,environment,rest_deeply,delayed,-0.4524,-0.50000,-0.20492,-0.50000,-0.35512,0.16953,0.000000,0.000142,0.000000,-0.001021,0.000359
1719,64,home,mask_home,environment,quick_scan,failed,-2.7051,-0.50000,-0.20492,-0.50000,-0.35560,0.16933,0.000000,0.000002,0.000000,-0.000475,-0.000202
1720,64,conference,mask_conference,environment,network_actively,goal_achieved,0.8209,0.30811,-0.16166,0.50000,0.50000,-0.30523,0.000478,-0.000551,0.000000,0.000000,-0.000558
1721,64,conference,mask_conference,environment,network_actively,goal_achieved,0.8212,0.30859,-0.16221,0.50000,0.50000,-0.30579,0.000477,-0.000552,0.000000,0.000000,-0.000558
1722,64,conference,mask_conference,environment,network_actively,goal_achieved,0.8216,0.30907,-0.16276,0.50000,0.50000,-0.30635,0.000476,-0.000552,0.000000,0.000000,-0.000558
1723,64,conference,mask_conference,environment,network_actively,goal_achieved,0.8220,0.30954,-0.16331,0.50000,0.50000,-0.30691,0.000476,-0.000552,0.000000,0.000000,-0.000557
1724,64,conference,mask_conference,environment,quick_scan,delayed,-2.1347,0.31018,-0.16340,0.50000,0.50000,-0.30778,0.000634,-0.000084,0.000000,0.000000,-0.000873
1725,64,conference,mask_conference,environment,take_notes,goal_achieved,1.1861,0.31068,-0.16352,0.50000,0.50000,-0.30821,0.000506,-0.000117,0.000000,0.000000,-0.000431
1726,64,conference,mask_conference,environment,network_actively,goal_achieved,0.8220,0.31117,-0.16406,0.50000,0.50000,-0.30877,0.000483,-0.000540,0.000000,0.000000,-0.000560
1727,64,conference,mask_conference,environment,network_actively,goal_achieved,0.8224,0.31165,-0.16460,0.50000,0.50000,-0.30933,0.000482,-0.000540,0.000000,0.000000,-0.000560
1728,64,conference,mask_conference,environment,network_actively,goal_achieved,0.8228,0.31213,-0.16514,0.50000,0.50000,-0.30989,0.000482,-0.000540,0.000000,0.000000,-0.000560
1729,65,work,mask_work,environment,take_notes,failed,-2.2660,0.44196,0.50000,-0.50000,-0.50000,-0.34850,0.000024,0.000000,0.000000,0.000000,-0.000936
1730,65,work,mask_work,environment,network_actively,failed,-2.5622,0.44270,0.50000,-0.50000,-0.50000,-0.34944,0.000741,0.000000,0.000000,0.000000,-0.000940
1731,65,work,mask_work,environment,deep_work,delayed,-0.7249,0.44222,0.50000,-0.49976,-0.49988,-0.34907,-0.000480,0.000000,0.000242,0.000118,0.000376
1732,65,work,mask_work,environment,take_notes,goal_achieved,1.4619,0.44382,0.50000,-0.50000,-0.50000,-0.34965,0.001592,0.000000,-0.000242,-0.000118,-0.000582
1733,65,work,mask_work,environment,deep_work,goal_achieved,1.8496,0.44478,0.50000,-0.50000,-0.50000,-0.35071,0.000967,0.000000,0.000000,0.000000,-0.001059
1734,65,work,mask_work,environment,take_notes,failed,-2.2599,0.44480,0.50000,-0.50000,-0.50000,-0.35164,0.000019,0.000000,0.000000,0.000000,-0.000931
1735,65,work,mask_work,environment,deep_work,goal_achieved,1.8541,0.44576,0.50000,-0.50000,-0.50000,-0.35270,0.000961,0.000000,0.000000,0.000000,-0.001060
1736,65,work,mask_work,environment,take_notes,goal_achieved,1.4586,0.44736,0.50000,-0.50000,-0.50000,-0.35328,0.001595,0.000000,0.000000,0.000000,-0.000585
1737,65,work,mask_work,environment,take_notes,failed,-2.2615,0.44738,0.50000,-0.50000,-0.50000,-0.35422,0.000020,0.000000,0.000000,0.000000,-0.000933
1738,65,home,mask_home,environment,rest_deeply,goal_achieved,1.8139,-0.50000,-0.20513,-0.50000,-0.35607,0.16940,0.000000,-0.000208,0.000000,-0.000476,0.000070
1739,65,home,mask_home,environment,tidy_up,goal_achieved,1.8767,-0.50000,-0.20469,-0.50000,-0.35662,0.16929,0.000000,0.000432,0.000000,-0.000549,-0.000107
1740,65,home,mask_home,environment,rest_deeply,goal_achieved,1.8119,-0.50000,-0.20489,-0.50000,-0.35710,0.16936,0.000000,-0.000200,0.000000,-0.000473,0.000066
1741,65,home,mask_home,environment,network_actively,goal_achieved,1.1355,-0.49894,-0.20436,-0.49960,-0.35565,0.16847,0.001060,0.000530,0.000400,0.001442,-0.000895
1742,65,home,mask_home,environment,tidy_up,delayed,-1.6149,-0.49962,-0.20532,-0.50000,-0.35629,0.16893,-0.000684,-0.000957,-0.000400,-0.000638,0.000468
1743,65,home,mask_home,environment,zone_out,goal_achieved,1.5596,-0.50000,-0.20636,-0.50000,-0.35824,0.16974,-0.000376,-0.001036,0.000000,-0.001948,0.000807
1744,65,home,mask_home,environment,rest_deeply,goal_achieved,1.8004,-0.50000,-0.20657,-0.50000,-0.35871,0.16981,0.000000,-0.000219,0.000000,-0.000476,0.000070
1745,65,home,mask_home,environment,quick_scan,failed,-2.7233,-0.50000,-0.20659,-0.50000,-0.35919,0.16961,0.000000,-0.000016,0.000000,-0.000476,-0.000201
1746,65,home,mask_home,environment,network_actively,failed,-2.7989,-0.50000,-0.20690,-0.50000,-0.36029,0.16998,0.000000,-0.000310,0.000000,-0.001097,0.000375
1747,65,conference,mask_conference,environment,network_actively,delayed,-0.3485,0.31210,-0.16500,0.49909,0.49929,-0.30942,-0.000029,0.000132,-0.000908,-0.000712,0.000473
1748,65,conference,mask_conference,environment,take_notes,goal_achieved,1.1896,0.31261,-0.16512,0.50000,0.50000,-0.30984,0.000505,-0.000120,0.000908,0.000712,-0.000427
1749,65,conference,mask_conference,environment,network_actively,goal_achieved,0.8191,0.31309,-0.16565,0.50000,0.50000,-0.31041,0.000487,-0.000524,0.000000,0.000000,-0.000562
1750,65,conference,mask_conference,environment,network_actively,delayed,-0.3529,0.31307,-0.16550,0.49907,0.49928,-0.30994,-0.000022,0.000150,-0.000932,-0.000721,0.000469
1751,65,conference,mask_conference,environment,network_actively,goal_achieved,0.8208,0.31356,-0.16602,0.50000,0.50000,-0.31050,0.000487,-0.000527,0.000932,0.000721,-0.000560
1752,65,conference,mask_conference,environment,network_actively,goal_achieved,0.8193,0.31404,-0.16655,0.50000,0.50000,-0.31106,0.000486,-0.000522,0.000000,0.000000,-0.000562
1753,65,conference,mask_conference,environment,quick_scan,goal_achieved,0.9934,0.31388,-0.16769,0.50000,0.50000,-0.31032,-0.000164,-0.001145,0.000000,0.000000,0.000737
1754,65,conference,mask_conference,environment,network_actively,goal_achieved,0.8127,0.31436,-0.16820,0.50000,0.50000,-0.31088,0.000480,-0.000514,0.000000,0.000000,-0.000560
1755,65,conference,mask_conference,environment,network_actively,delayed,-0.3578,0.31433,-0.16806,0.49906,0.49927,-0.31040,-0.000030,0.000144,-0.000937,-0.000731,0.000480
1756,66,work,mask_work,environment,handle_backlog,delayed,-1.3652,0.44836,0.50000,-0.50000,-0.50000,-0.35530,0.000982,0.000000,0.000000,0.000000,-0.001080
1757,66,work,mask_work,environment,handle_backlog,goal_achieved,1.9479,0.44879,0.50000,-0.50000,-0.50000,-0.35582,0.000427,0.000000,0.000000,0.000000,-0.000524
1758,66,work,mask_work,environment,deep_work,goal_achieved,1.8530,0.44975,0.50000,-0.50000,-0.50000,-0.35688,0.000964,0.000000,0.000000,0.000000,-0.001060
1759,66,work,mask_work,environment,network_actively,goal_achieved,1.8494,0.45034,0.49989,-0.49868,-0.49989,-0.35737,0.000584,-0.000115,0.001321,0.000107,-0.000484
1760,66,work,mask_work,environment,take_notes,goal_achieved,1.4553,0.45193,0.50000,-0.50000,-0.50000,-0.35795,0.001595,0.000115,-0.001321,-0.000107,-0.000585
1761,66,work,mask_work,environment,handle_backlog,goal_achieved,1.9379,0.45237,0.50000,-0.50000,-0.50000,-0.35847,0.000435,0.000000,0.000000,0.000000,-0.000522
1762,66,work,mask_work,environment,rest_deeply,delayed,-1.4133,0.45300,0.50000,-0.50000,-0.50000,-0.35921,0.000636,0.000000,0.000000,0.000000,-0.000735
1763,66,work,mask_work,environment,rest_deeply,failed,-2.5886,0.45381,0.50000,-0.50000,-0.50000,-0.36008,0.000806,0.000000,0.000000,0.000000,-0.000868
1764,66,work,mask_work,environment,deep_work,goal_achieved,1.8392,0.45477,0.50000,-0.50000,-0.50000,-0.36113,0.000964,0.000000,0.000000,0.000000,-0.001051
1765,66,home,mask_home,environment,zone_out,goal_achieved,1.5610,-0.50000,-0.20793,-0.50000,-0.36222,0.17077,0.000000,-0.001033,0.000000,-0.001937,0.000787
1766,66,home,mask_home,environment,network_actively,delayed,-1.8233,-0.50000,-0.20805,-0.50000,-0.36270,0.17084,0.000000,-0.000119,0.000000,-0.000478,0.000063
1767,66,home,mask_home,environment,tidy_up,goal_achieved,1.8626,-0.50000,-0.20767,-0.50000,-0.36326,0.17073,0.000000,0.000386,0.000000,-0.000559,-0.000104
1768,66,home,mask_home,environment,network_actively,delayed,-1.8252,-0.50000,-0.20778,-0.50000,-0.36374,0.17079,0.000000,-0.000112,0.000000,-0.000476,0.000059
1769,66,home,mask_home,environment,rest_deeply,delayed,-0.4641,-0.50000,-0.20768,-0.50000,-0.36479,0.17116,0.000000,0.000097,0.000000,-0.001057,0.000369
1770,66,home,mask_home,environment,zone_out,goal_achieved,1.5599,-0.50000,-0.20871,-0.50000,-0.36672,0.17194,0.000000,-0.001024,0.000000,-0.001928,0.000777
1771,66,home,mask_home,environment,network_actively,delayed,-1.8277,-0.50000,-0.20883,-0.50000,-0.36721,0.17200,0.000000,-0.000125,0.000000,-0.000490,0.000066
1772,66,home,mask_home,environment,quick_scan,delayed,-1.5934,-0.50000,-0.20895,-0.50000,-0.36778,0.17200,0.000000,-0.000116,0.000000,-0.000567,0.000001
1773,66,home,mask_home,environment,zone_out,delayed,-1.3510,-0.49999,-0.20854,-0.50000,-0.36752,0.17170,0.000006,0.000404,0.000000,0.000261,-0.000305
1774,66,conference,mask_conference,environment,tidy_up,delayed,-2.4727,0.31468,-0.16839,0.50000,0.50000,-0.31078,0.000352,-0.000333,0.000937,0.000731,-0.000380
1775,66,conference,mask_conference,environment,network_actively,goal_achieved,0.8118,0.31516,-0.16890,0.50000,0.50000,-0.31134,0.000477,-0.000508,0.000000,0.000000,-0.000561
1776,66,conference,mask_conference,environment,quick_scan,failed,-3.1806,0.31607,-0.16858,0.50000,0.50000,-0.31276,0.000908,0.000327,0.000000,0.000000,-0.001417
1777,66,conference,mask_conference,environment,network_actively,delayed,-0.3552,0.31604,-0.16842,0.49906,0.49928,-0.31229,-0.000025,0.000157,-0.000940,-0.000723,0.000468
1778,66,conference,mask_conference,environment,network_actively,goal_achieved,0.8206,0.31652,-0.16894,0.50000,0.50000,-0.31285,0.000480,-0.000521,0.000940,0.000723,-0.000561
1779,66,conference,mask_conference,environment,quick_scan,failed,-3.1754,0.31743,-0.16862,0.50000,0.50000,-0.31426,0.000905,0.000318,0.000000,0.000000,-0.001408
1780,66,conference,mask_conference,environment,network_actively,goal_achieved,0.8261,0.31791,-0.16914,0.50000,0.50000,-0.31483,0.000481,-0.000524,0.000000,0.000000,-0.000565
1781,66,conference,mask_conference,environment,network_actively,goal_achieved,0.8265,0.31839,-0.16967,0.50000,0.50000,-0.31539,0.000481,-0.000525,0.000000,0.000000,-0.000564
1782,66,conference,mask_conference,environment,network_actively,goal_achieved,0.8269,0.31887,-0.17019,0.50000,0.50000,-0.31595,0.000480,-0.000525,0.000000,0.000000,-0.000564
1783,67,work,mask_work,environment,handle_backlog,goal_achieved,1.9370,0.45521,0.50000,-0.50000,-0.50000,-0.36165,0.000438,0.000000,0.000000,0.000000,-0.000525
1784,67,work,mask_work,environment,tidy_up,delayed,-1.3892,0.45631,0.50000,-0.50000,-0.50000,-0.36239,0.001103,0.000000,0.000000,0.000000,-0.000739
1785,67,work,mask_work,environment,deep_work,goal_achieved,1.8362,0.45728,0.50000,-0.50000,-0.50000,-0.36344,0.000963,0.000000,0.000000,0.000000,-0.001044
1786,67,work,mask_work,environment,handle_backlog,goal_achieved,1.9379,0.45772,0.50000,-0.50000,-0.50000,-0.36396,0.000446,0.000000,0.000000,0.000000,-0.000526
1787,67,work,mask_work,environment,deep_work,delayed,-0.7484,0.45724,0.50000,-0.49975,-0.49989,-0.36356,-0.000480,0.000000,0.000250,0.000111,0.000400
1788,67,work,mask_work,environment,handle_backlog,delayed,-1.3696,0.45824,0.50000,-0.50000,-0.50000,-0.36464,0.000993,0.000000,-0.000250,-0.000111,-0.001074
1789,67,work,mask_work,environment,deep_work,goal_achieved,1.8372,0.45920,0.50000,-0.50000,-0.50000,-0.36568,0.000964,0.000000,0.000000,0.000000,-0.001045
1790,67,work,mask_work,environment,deep_work,goal_achieved,1.8372,0.46016,0.50000,-0.50000,-0.50000,-0.36673,0.000964,0.000000,0.000000,0.000000,-0.001045
1791,67,work,mask_work,environment,take_notes,failed,-2.2713,0.46018,0.50000,-0.50000,-0.50000,-0.36765,0.000017,0.000000,0.000000,0.000000,-0.000922
1792,67,home,mask_home,environment,quick_scan,delayed,-1.5885,-0.50000,-0.20865,-0.50000,-0.36807,0.17169,-0.000006,-0.000106,0.000000,-0.000553,-0.000005
1793,67,home,mask_home,environment,network_actively,failed,-2.8068,-0.50000,-0.20897,-0.50000,-0.36917,0.17206,0.000000,-0.000321,0.000000,-0.001099,0.000368
1794,67,home,mask_home,environment,step_away,goal_achieved,1.9894,-0.50000,-0.20911,-0.50000,-0.36991,0.17230,0.000000,-0.000139,0.000000,-0.000738,0.000242
1795,67,home,mask_home,environment,zone_out,goal_achieved,1.5115,-0.50000,-0.21012,-0.50000,-0.37197,0.17320,0.000000,-0.001007,0.000000,-0.002065,0.000894
1796,67,home,mask_home,environment,zone_out,goal_achieved,1.5065,-0.50000,-0.21112,-0.50000,-0.37404,0.17409,0.000000,-0.001006,0.000000,-0.002067,0.000896
1797,67,home,mask_home,environment,rest_deeply,delayed,-0.5342,-0.50000,-0.21108,-0.50000,-0.37532,0.17465,0.000000,0.000042,0.000000,-0.001282,0.000558
1798,67,home,mask_home,environment,rest_deeply,goal_achieved,1.7268,-0.50000,-0.21130,-0.50000,-0.37596,0.17484,0.000000,-0.000219,0.000000,-0.000642,0.000191
1799,67,home,mask_home,environment,network_actively,delayed,-1.8855,-0.50000,-0.21142,-0.50000,-0.37662,0.17505,0.000000,-0.000121,0.000000,-0.000659,0.000209
1800,67,home,mask_home,environment,zone_out,failed,-2.3611,-0.49929,-0.21052,-0.50000,-0.37577,0.17453,0.000707,0.000898,0.000000,0.000846,-0.000519
1801,67,conference,mask_conference,environment,deep_work,delayed,-2.6095,0.31926,-0.17056,0.50000,0.50000,-0.31634,0.000394,-0.000369,0.000000,0.000000,-0.000383
1802,67,conference,mask_conference,environment,take_notes,delayed,-2.3243,0.31938,-0.17163,0.50000,0.50000,-0.31657,0.000114,-0.001070,0.000000,0.000000,-0.000228
1803,67,conference,mask_conference,environment,network_actively,goal_achieved,0.8350,0.31984,-0.17219,0.50000,0.50000,-0.31713,0.000465,-0.000553,0.000000,0.000000,-0.000560
1804,67,conference,mask_conference,environment,network_actively,delayed,-0.3439,0.31981,-0.17206,0.49911,0.49930,-0.31666,-0.000034,0.000132,-0.000894,-0.000698,0.000464
1805,67,conference,mask_conference,environment,deep_work,delayed,-2.5963,0.32018,-0.17246,0.50000,0.50000,-0.31704,0.000378,-0.000402,0.000894,0.000698,-0.000375
1806,67,conference,mask_conference,environment,network_actively,goal_achieved,0.8345,0.32065,-0.17301,0.50000,0.50000,-0.31760,0.000465,-0.000549,0.000000,0.000000,-0.000562
1807,67,conference,mask_conference,environment,network_actively,goal_achieved,0.8349,0.32111,-0.17356,0.50000,0.50000,-0.31816,0.000464,-0.000549,0.000000,0.000000,-0.000562
1808,67,conference,mask_conference,environment,network_actively,delayed,-0.3447,0.32108,-0.17342,0.49910,0.49930,-0.31770,-0.000034,0.000135,-0.000898,-0.000699,0.000463
1809,67,conference,mask_conference,environment,quick_scan,failed,-3.1614,0.32197,-0.17314,0.50000,0.50000,-0.31909,0.000885,0.000279,0.000898,0.000699,-0.001394
1810,68,work,mask_work,environment,deep_work,goal_achieved,1.8416,0.46114,0.50000,-0.50000,-0.50000,-0.36869,0.000959,0.000000,0.000000,0.000000,-0.001046
1811,68,work,mask_work,environment,tidy_up,goal_achieved,1.8499,0.46081,0.50000,-0.50000,-0.50000,-0.36955,-0.000334,0.000000,0.000000,0.000000,-0.000859
1812,68,work,mask_work,environment,rest_deeply,failed,-2.5930,0.46159,0.50000,-0.50000,-0.50000,-0.37042,0.000786,0.000000,0.000000,0.000000,-0.000865
1813,68,work,mask_work,environment,network_actively,failed,-2.5759,0.46232,0.50000,-0.50000,-0.50000,-0.37135,0.000729,0.000000,0.000000,0.000000,-0.000931
1814,68,work,mask_work,environment,deep_work,goal_achieved,1.8382,0.46327,0.50000,-0.50000,-0.50000,-0.37240,0.000946,0.000000,0.000000,0.000000,-0.001050
1815,68,work,mask_work,environment,deep_work,goal_achieved,1.8381,0.46421,0.50000,-0.50000,-0.50000,-0.37345,0.000946,0.000000,0.000000,0.000000,-0.001050
1816,68,work,mask_work,environment,deep_work,goal_achieved,1.8381,0.46516,0.50000,-0.50000,-0.50000,-0.37450,0.000946,0.000000,0.000000,0.000000,-0.001050
1817,68,work,mask_work,environment,deep_work,goal_achieved,1.8381,0.46610,0.50000,-0.50000,-0.50000,-0.37555,0.000946,0.000000,0.000000,0.000000,-0.001050
1818,68,work,mask_work,environment,tidy_up,delayed,-1.3869,0.46721,0.50000,-0.50000,-0.50000,-0.37630,0.001107,0.000000,0.000000,0.000000,-0.000751
1819,68,home,mask_home,environment,rest_deeply,goal_achieved,1.7359,-0.50000,-0.21073,-0.50000,-0.37639,0.17471,-0.000707,-0.000203,0.000000,-0.000617,0.000179
1820,68,home,mask_home,environment,rest_deeply,goal_achieved,1.7348,-0.50000,-0.21093,-0.50000,-0.37701,0.17489,0.000000,-0.000201,0.000000,-0.000616,0.000179
1821,68,home,mask_home,environment,network_actively,failed,-2.8743,-0.50000,-0.21125,-0.50000,-0.37826,0.17541,0.000000,-0.000317,0.000000,-0.001257,0.000518
1822,68,home,mask_home,environment,zone_out,goal_achieved,1.4945,-0.50000,-0.21225,-0.50000,-0.38034,0.17631,0.000000,-0.001004,0.000000,-0.002073,0.000901
1823,68,home,mask_home,environment,network_actively,goal_achieved,1.0951,-0.49903,-0.21172,-0.49982,-0.37912,0.17555,0.000974,0.000526,0.000182,0.001217,-0.000756
1824,68,home,mask_home,environment,rest_deeply,goal_achieved,1.7212,-0.49975,-0.21193,-0.50000,-0.37975,0.17574,-0.000725,-0.000208,-0.000182,-0.000625,0.000185
1825,68,home,mask_home,environment,quick_scan,goal_achieved,1.7566,-0.50000,-0.21226,-0.50000,-0.38065,0.17646,-0.000249,-0.000328,0.000000,-0.000908,0.000720
1826,68,home,mask_home,environment,quick_scan,failed,-2.8089,-0.50000,-0.21230,-0.50000,-0.38132,0.17642,0.000000,-0.000040,0.000000,-0.000669,-0.000035
1827,68,home,mask_home,environment,rest_deeply,delayed,-0.5494,-0.50000,-0.21227,-0.50000,-0.38262,0.17701,0.000000,0.000025,0.000000,-0.001298,0.000589
1828,68,conference,mask_conference,environment,network_actively,goal_achieved,0.8415,0.32243,-0.17370,0.50000,0.50000,-0.31966,0.000466,-0.000555,0.000000,0.000000,-0.000564
1829,68,conference,mask_conference,environment,network_actively,goal_achieved,0.8418,0.32290,-0.17425,0.50000,0.50000,-0.32022,0.000466,-0.000556,0.000000,0.000000,-0.000564
1830,68,conference,mask_conference,environment,network_actively,goal_achieved,0.8422,0.32336,-0.17481,0.50000,0.50000,-0.32078,0.000465,-0.000556,0.000000,0.000000,-0.000564
1831,68,conference,mask_conference,environment,network_actively,goal_achieved,0.8426,0.32383,-0.17536,0.50000,0.50000,-0.32135,0.000464,-0.000556,0.000000,0.000000,-0.000564
1832,68,conference,mask_conference,environment,network_actively,delayed,-0.3415,0.32380,-0.17522,0.49910,0.49931,-0.32090,-0.000028,0.000145,-0.000898,-0.000691,0.000452
1833,68,conference,mask_conference,environment,network_actively,goal_achieved,0.8441,0.32426,-0.17578,0.50000,0.50000,-0.32146,0.000464,-0.000559,0.000898,0.000691,-0.000561
1834,68,conference,mask_conference,environment,network_actively,goal_achieved,0.8427,0.32473,-0.17633,0.50000,0.50000,-0.32202,0.000463,-0.000554,0.000000,0.000000,-0.000564
1835,68,conference,mask_conference,environment,take_notes,goal_achieved,1.2086,0.32522,-0.17643,0.50000,0.50000,-0.32246,0.000498,-0.000098,0.000000,0.000000,-0.000438
1836,68,conference,mask_conference,environment,network_actively,goal_achieved,0.8398,0.32569,-0.17697,0.50000,0.50000,-0.32302,0.000468,-0.000540,0.000000,0.000000,-0.000565
1837,69,work,mask_work,environment,deep_work,goal_achieved,1.8403,0.46816,0.50000,-0.50000,-0.50000,-0.37735,0.000952,0.000000,0.000000,0.000000,-0.001050
1838,69,work,mask_work,environment,deep_work,goal_achieved,1.8402,0.46911,0.50000,-0.50000,-0.50000,-0.37840,0.000952,0.000000,0.000000,0.000000,-0.001050
1839,69,work,mask_work,environment,network_actively,delayed,-1.4795,0.46982,0.50000,-0.50000,-0.50000,-0.37923,0.000704,0.000000,0.000000,0.000000,-0.000827
1840,69,work,mask_work,environment,network_actively,delayed,-1.4795,0.47052,0.50000,-0.50000,-0.50000,-0.38005,0.000704,0.000000,0.000000,0.000000,-0.000827
1841,69,work,mask_work,environment,handle_backlog,delayed,-1.3787,0.47152,0.50000,-0.50000,-0.50000,-0.38115,0.000996,0.000000,0.000000,0.000000,-0.001094
1842,69,work,mask_work,environment,take_notes,failed,-2.2757,0.47155,0.50000,-0.50000,-0.50000,-0.38209,0.000030,0.000000,0.000000,0.000000,-0.000945
1843,69,work,mask_work,environment,take_notes,delayed,-1.3458,0.47197,0.50000,-0.50000,-0.50000,-0.38295,0.000423,0.000000,0.000000,0.000000,-0.000858
1844,69,work,mask_work,environment,deep_work,delayed,-0.7258,0.47149,0.50000,-0.49975,-0.49988,-0.38257,-0.000484,0.000000,0.000248,0.000118,0.000378
1845,69,work,mask_work,environment,rest_deeply,goal_achieved,2.1243,0.47161,0.50000,-0.50000,-0.50000,-0.38293,0.000121,0.000000,-0.000248,-0.000118,-0.000353
1846,69,home,mask_home,environment,rest_deeply,goal_achieved,1.7125,-0.50000,-0.21248,-0.50000,-0.38324,0.17720,0.000000,-0.000204,0.000000,-0.000621,0.000189
1847,69,home,mask_home,environment,rest_deeply,goal_achieved,1.7117,-0.50000,-0.21268,-0.50000,-0.38386,0.17739,0.000000,-0.000203,0.000000,-0.000620,0.000189
1848,69,home,mask_home,environment,tidy_up,goal_achieved,1.7962,-0.50000,-0.21236,-0.50000,-0.38459,0.17747,0.000000,0.000322,0.000000,-0.000726,0.000074
1849,69,home,mask_home,environment,zone_out,goal_achieved,1.4729,-0.50000,-0.21335,-0.50000,-0.38665,0.17837,0.000000,-0.000992,0.000000,-0.002065,0.000901
1850,69,home,mask_home,environment,rest_deeply,delayed,-0.5659,-0.50000,-0.21335,-0.50000,-0.38799,0.17899,0.000000,0.000002,0.000000,-0.001338,0.000621
1851,69,home,mask_home,environment,step_away,goal_achieved,1.9429,-0.50000,-0.21351,-0.50000,-0.38878,0.17928,0.000000,-0.000159,0.000000,-0.000788,0.000290
1852,69,home,mask_home,environment,network_actively,failed,-2.9079,-0.50000,-0.21384,-0.50000,-0.39007,0.17983,0.000000,-0.000335,0.000000,-0.001295,0.000555
1853,69,home,mask_home,environment,zone_out,delayed,-1.4086,-0.49991,-0.21341,-0.50000,-0.38995,0.17969,0.000085,0.000434,0.000000,0.000125,-0.000144
1854,69,home,mask_home,environment,network_actively,failed,-2.9047,-0.50000,-0.21374,-0.50000,-0.39123,0.18024,-0.000085,-0.000326,0.000000,-0.001281,0.000550
1855,69,conference,mask_conference,environment,rest_deeply,failed,-3.4899,0.32616,-0.17731,0.50000,0.50000,-0.32343,0.000464,-0.000343,0.000000,0.000000,-0.000402
1856,69,conference,mask_conference,environment,quick_scan,goal_achieved,1.0144,0.32597,-0.17848,0.50000,0.50000,-0.32268,-0.000186,-0.001169,0.000000,0.000000,0.000749
1857,69,conference,mask_conference,environment,network_actively,goal_achieved,0.8358,0.32644,-0.17901,0.50000,0.50000,-0.32324,0.000467,-0.000529,0.000000,0.000000,-0.000564
1858,69,conference,mask_conference,environment,deep_work,delayed,-2.5988,0.32682,-0.17939,0.50000,0.50000,-0.32362,0.000380,-0.000377,0.000000,0.000000,-0.000380
1859,69,conference,mask_conference,environment,take_notes,goal_achieved,1.2035,0.32731,-0.17948,0.50000,0.50000,-0.32406,0.000495,-0.000092,0.000000,0.000000,-0.000434
1860,69,conference,mask_conference,environment,network_actively,goal_achieved,0.8332,0.32778,-0.18000,0.50000,0.50000,-0.32462,0.000471,-0.000517,0.000000,0.000000,-0.000565
1861,69,conference,mask_conference,environment,network_actively,delayed,-0.3527,0.32777,-0.17982,0.49906,0.49929,-0.32417,-0.000018,0.000178,-0.000936,-0.000715,0.000453
1862,69,conference,mask_conference,environment,network_actively,goal_achieved,0.8350,0.32824,-0.18034,0.50000,0.50000,-0.32473,0.000471,-0.000520,0.000936,0.000715,-0.000562
1863,69,conference,mask_conference,environment,network_actively,goal_achieved,0.8335,0.32871,-0.18086,0.50000,0.50000,-0.32530,0.000470,-0.000516,0.000000,0.000000,-0.000565
1864,70,work,mask_work,environment,tidy_up,goal_achieved,1.8576,0.47127,0.50000,-0.50000,-0.50000,-0.38379,-0.000340,0.000000,0.000000,0.000000,-0.000865
1865,70,work,mask_work,environment,tidy_up,delayed,-1.3764,0.47236,0.50000,-0.50000,-0.50000,-0.38454,0.001091,0.000000,0.000000,0.000000,-0.000748
1866,70,work,mask_work,environment,network_actively,goal_achieved,1.8350,0.47291,0.49986,-0.49867,-0.49989,-0.38502,0.000554,-0.000138,0.001326,0.000114,-0.000476
1867,70,work,mask_work,environment,deep_work,goal_achieved,1.8421,0.47384,0.50000,-0.50000,-0.50000,-0.38606,0.000930,0.000138,-0.001326,-0.000114,-0.001049
1868,70,work,mask_work,environment,handle_backlog,goal_achieved,1.9356,0.47425,0.50000,-0.50000,-0.50000,-0.38659,0.000407,0.000000,0.000000,0.000000,-0.000525
1869,70,work,mask_work,environment,tidy_up,delayed,-1.3852,0.47533,0.50000,-0.50000,-0.50000,-0.38733,0.001085,0.000000,0.000000,0.000000,-0.000741
1870,70,work,mask_work,environment,handle_backlog,goal_achieved,1.9378,0.47575,0.50000,-0.50000,-0.50000,-0.38786,0.000413,0.000000,0.000000,0.000000,-0.000525
1871,70,work,mask_work,environment,deep_work,goal_achieved,1.8346,0.47667,0.50000,-0.50000,-0.50000,-0.38889,0.000924,0.000000,0.000000,0.000000,-0.001037
1872,70,work,mask_work,environment,tidy_up,goal_achieved,1.8433,0.47632,0.50000,-0.50000,-0.50000,-0.38975,-0.000349,0.000000,0.000000,0.000000,-0.000854
1873,70,home,mask_home,environment,network_actively,delayed,-1.9054,-0.50000,-0.21384,-0.50000,-0.39189,0.18047,0.000000,-0.000109,0.000000,-0.000662,0.000229
1874,70,home,mask_home,environment,network_actively,failed,-2.9084,-0.50000,-0.21417,-0.50000,-0.39317,0.18102,0.000000,-0.000326,0.000000,-0.001280,0.000552
1875,70,home,mask_home,environment,rest_deeply,goal_achieved,1.6980,-0.50000,-0.21436,-0.50000,-0.39379,0.18121,0.000000,-0.000189,0.000000,-0.000621,0.000194
1876,70,home,mask_home,environment,rest_deeply,delayed,-0.5680,-0.50000,-0.21437,-0.50000,-0.39515,0.18187,0.000000,-0.000014,0.000000,-0.001362,0.000653
1877,70,home,mask_home,environment,zone_out,goal_achieved,1.4619,-0.50000,-0.21536,-0.50000,-0.39723,0.18278,0.000000,-0.000987,0.000000,-0.002081,0.000913
1878,70,home,mask_home,environment,rest_deeply,goal_achieved,1.6850,-0.50000,-0.21555,-0.50000,-0.39787,0.18298,0.000000,-0.000194,0.000000,-0.000634,0.000203
1879,70,home,mask_home,environment,step_away,goal_achieved,1.9327,-0.50000,-0.21571,-0.50000,-0.39867,0.18329,0.000000,-0.000160,0.000000,-0.000801,0.000308
1880,70,home,mask_home,environment,rest_deeply,goal_achieved,1.6831,-0.50000,-0.21591,-0.50000,-0.39930,0.18349,0.000000,-0.000192,0.000000,-0.000632,0.000202
1881,70,home,mask_home,environment,network_actively,failed,-2.9288,-0.50000,-0.21624,-0.50000,-0.40060,0.18406,0.000000,-0.000336,0.000000,-0.001295,0.000570
1882,70,conference,mask_conference,environment,network_actively,goal_achieved,0.8339,0.32918,-0.18137,0.50000,0.50000,-0.32586,0.000469,-0.000516,0.000000,0.000000,-0.000564
1883,70,conference,mask_conference,environment,network_actively,goal_achieved,0.8343,0.32965,-0.18189,0.50000,0.50000,-0.32642,0.000469,-0.000517,0.000000,0.000000,-0.000564
1884,70,conference,mask_conference,environment,quick_scan,goal_achieved,1.0078,0.32946,-0.18303,0.50000,0.50000,-0.32568,-0.000184,-0.001142,0.000000,0.000000,0.000741
1885,70,conference,mask_conference,environment,network_actively,goal_achieved,0.8279,0.32993,-0.18354,0.50000,0.50000,-0.32624,0.000464,-0.000508,0.000000,0.000000,-0.000561
1886,70,conference,mask_conference,environment,network_actively,goal_achieved,0.8284,0.33039,-0.18405,0.50000,0.50000,-0.32680,0.000463,-0.000509,0.000000,0.000000,-0.000561
1887,70,conference,mask_conference,environment,network_actively,goal_achieved,0.8288,0.33085,-0.18456,0.50000,0.50000,-0.32736,0.000463,-0.000509,0.000000,0.000000,-0.000560
1888,70,conference,mask_conference,environment,network_actively,goal_achieved,0.8292,0.33131,-0.18507,0.50000,0.50000,-0.32792,0.000462,-0.000509,0.000000,0.000000,-0.000560
1889,70,conference,mask_conference,environment,network_actively,goal_achieved,0.8296,0.33178,-0.18558,0.50000,0.50000,-0.32848,0.000462,-0.000510,0.000000,0.000000,-0.000559
1890,70,conference,mask_conference,environment,network_actively,goal_achieved,0.8300,0.33224,-0.18609,0.50000,0.50000,-0.32904,0.000461,-0.000510,0.000000,0.000000,-0.000559
1891,71,work,mask_work,environment,network_actively,failed,-2.5864,0.47702,0.50000,-0.50000,-0.50000,-0.39067,0.000700,0.000000,0.000000,0.000000,-0.000927
1892,71,work,mask_work,environment,take_notes,failed,-2.2947,0.47701,0.50000,-0.50000,-0.50000,-0.39159,-0.000014,0.000000,0.000000,0.000000,-0.000921
1893,71,work,mask_work,environment,network_actively,failed,-2.5821,0.47770,0.50000,-0.50000,-0.50000,-0.39252,0.000695,0.000000,0.000000,0.000000,-0.000928
1894,71,work,mask_work,environment,take_notes,goal_achieved,1.4266,0.47926,0.50000,-0.50000,-0.50000,-0.39309,0.001554,0.000000,0.000000,0.000000,-0.000572
1895,71,work,mask_work,environment,deep_work,goal_achieved,1.8302,0.48017,0.50000,-0.50000,-0.50000,-0.39413,0.000912,0.000000,0.000000,0.000000,-0.001039
1896,71,work,mask_work,environment,deep_work,goal_achieved,1.8302,0.48108,0.50000,-0.50000,-0.50000,-0.39517,0.000912,0.000000,0.000000,0.000000,-0.001039
1897,71,work,mask_work,environment,deep_work,goal_achieved,1.8301,0.48199,0.50000,-0.50000,-0.50000,-0.39621,0.000912,0.000000,0.000000,0.000000,-0.001039
1898,71,work,mask_work,environment,handle_backlog,goal_achieved,1.9285,0.48240,0.50000,-0.50000,-0.50000,-0.39675,0.000407,0.000000,0.000000,0.000000,-0.000534
1899,71,work,mask_work,environment,take_notes,failed,-2.3017,0.48238,0.50000,-0.50000,-0.50000,-0.39767,-0.000015,0.000000,0.000000,0.000000,-0.000921
1900,71,home,mask_home,environment,rest_deeply,goal_achieved,1.6815,-0.50000,-0.21643,-0.50000,-0.40123,0.18427,0.000000,-0.000189,0.000000,-0.000632,0.000204
1901,71,home,mask_home,environment,network_actively,delayed,-1.9263,-0.50000,-0.21655,-0.50000,-0.40191,0.18452,0.000000,-0.000115,0.000000,-0.000680,0.000248
1902,71,home,mask_home,environment,step_away,goal_achieved,1.9246,-0.50000,-0.21670,-0.50000,-0.40271,0.18483,0.000000,-0.000158,0.000000,-0.000801,0.000313
1903,71,home,mask_home,environment,zone_out,failed,-2.3678,-0.49919,-0.21580,-0.50000,-0.40185,0.18436,0.000810,0.000909,0.000000,0.000858,-0.000467
1904,71,home,mask_home,environment,zone_out,failed,-2.3684,-0.49839,-0.21489,-0.50000,-0.40099,0.18389,0.000803,0.000908,0.000000,0.000856,-0.000469
1905,71,home,mask_home,environment,zone_out,delayed,-1.4150,-0.49828,-0.21445,-0.50000,-0.40087,0.18377,0.000110,0.000435,0.000000,0.000120,-0.000124
1906,71,home,mask_home,environment,network_actively,delayed,-1.9017,-0.49887,-0.21453,-0.50000,-0.40150,0.18399,-0.000593,-0.000079,0.000000,-0.000623,0.000220
1907,71,home,mask_home,environment,rest_deeply,goal_achieved,1.7035,-0.49950,-0.21468,-0.50000,-0.40207,0.18416,-0.000635,-0.000152,0.000000,-0.000573,0.000176
1908,71,home,mask_home,environment,network_actively,delayed,-1.9054,-0.50000,-0.21476,-0.50000,-0.40269,0.18438,-0.000495,-0.000077,0.000000,-0.000620,0.000219
1909,71,conference,mask_conference,environment,quick_scan,goal_achieved,1.0003,0.33205,-0.18722,0.50000,0.50000,-0.32831,-0.000186,-0.001132,0.000000,0.000000,0.000735
1910,71,conference,mask_conference,environment,network_actively,delayed,-0.3622,0.33202,-0.18705,0.49906,0.49927,-0.32783,-0.000034,0.000167,-0.000945,-0.000733,0.000473
1911,71,conference,mask_conference,environment,network_actively,goal_achieved,0.8250,0.33247,-0.18756,0.50000,0.50000,-0.32839,0.000457,-0.000505,0.000945,0.000733,-0.000555
1912,71,conference,mask_conference,environment,network_actively,delayed,-0.3624,0.33244,-0.18739,0.49905,0.49927,-0.32792,-0.000034,0.000167,-0.000945,-0.000733,0.000473
1913,71,conference,mask_conference,environment,network_actively,goal_achieved,0.8248,0.33290,-0.18789,0.50000,0.50000,-0.32847,0.000456,-0.000503,0.000945,0.000733,-0.000555
1914,71,conference,mask_conference,environment,take_notes,goal_achieved,1.1941,0.33337,-0.18797,0.50000,0.50000,-0.32889,0.000477,-0.000083,0.000000,0.000000,-0.000423
1915,71,conference,mask_conference,environment,network_actively,goal_achieved,0.8208,0.33383,-0.18846,0.50000,0.50000,-0.32945,0.000460,-0.000488,0.000000,0.000000,-0.000559
1916,71,conference,mask_conference,environment,network_actively,delayed,-0.3660,0.33380,-0.18828,0.49904,0.49926,-0.32898,-0.000028,0.000183,-0.000965,-0.000740,0.000470
1917,71,conference,mask_conference,environment,network_actively,delayed,-0.3662,0.33378,-0.18810,0.49807,0.49852,-0.32851,-0.000028,0.000184,-0.000965,-0.000740,0.000470
1918,72,work,mask_work,environment,network_actively,goal_achieved,1.8128,0.48292,0.49987,-0.49867,-0.49990,-0.39813,0.000532,-0.000126,0.001325,0.000103,-0.000467
1919,72,work,mask_work,environment,take_notes,failed,-2.3041,0.48290,0.50000,-0.49928,-0.50000,-0.39905,-0.000016,0.000126,-0.000604,-0.000103,-0.000919
1920,72,work,mask_work,environment,network_actively,failed,-2.5872,0.48359,0.50000,-0.50000,-0.50000,-0.39998,0.000691,0.000000,-0.000721,0.000000,-0.000929
1921,72,work,mask_work,environment,tidy_up,delayed,-1.3916,0.48466,0.50000,-0.50000,-0.50000,-0.40072,0.001072,0.000000,0.000000,0.000000,-0.000739
1922,72,work,mask_work,environment,deep_work,goal_achieved,1.8349,0.48556,0.50000,-0.50000,-0.50000,-0.40176,0.000902,0.000000,0.000000,0.000000,-0.001035
1923,72,work,mask_work,environment,deep_work,goal_achieved,1.8349,0.48647,0.50000,-0.50000,-0.50000,-0.40279,0.000902,0.000000,0.000000,0.000000,-0.001035
1924,72,work,mask_work,environment,network_actively,delayed,-1.4868,0.48712,0.50000,-0.50000,-0.50000,-0.40361,0.000658,0.000000,0.000000,0.000000,-0.000816
1925,72,work,mask_work,environment,deep_work,goal_achieved,1.8350,0.48803,0.50000,-0.50000,-0.50000,-0.40464,0.000901,0.000000,0.000000,0.000000,-0.001035
1926,72,work,mask_work,environment,take_notes,goal_achieved,1.4151,0.48959,0.50000,-0.50000,-0.50000,-0.40522,0.001561,0.000000,0.000000,0.000000,-0.000574
1927,72,home,mask_home,environment,network_actively,delayed,-1.9064,-0.50000,-0.21484,-0.50000,-0.40331,0.18460,0.000000,-0.000076,0.000000,-0.000620,0.000220
1928,72,home,mask_home,environment,rest_deeply,goal_achieved,1.7001,-0.50000,-0.21499,-0.50000,-0.40388,0.18478,0.000000,-0.000148,0.000000,-0.000567,0.000175
1929,72,home,mask_home,environment,rest_deeply,goal_achieved,1.6993,-0.50000,-0.21513,-0.50000,-0.40445,0.18495,0.000000,-0.000147,0.000000,-0.000567,0.000175
1930,72,home,mask_home,environment,rest_deeply,goal_achieved,1.6986,-0.50000,-0.21528,-0.50000,-0.40501,0.18513,0.000000,-0.000146,0.000000,-0.000566,0.000175
1931,72,home,mask_home,environment,rest_deeply,goal_achieved,1.6979,-0.50000,-0.21542,-0.50000,-0.40558,0.18530,0.000000,-0.000145,0.000000,-0.000565,0.000175
1932,72,home,mask_home,environment,network_actively,delayed,-1.9162,-0.50000,-0.21550,-0.50000,-0.40619,0.18552,0.000000,-0.000075,0.000000,-0.000616,0.000220
1933,72,home,mask_home,environment,zone_out,delayed,-1.4282,-0.49987,-0.21506,-0.50000,-0.40606,0.18540,0.000134,0.000440,0.000000,0.000133,-0.000123
1934,72,home,mask_home,environment,rest_deeply,goal_achieved,1.7010,-0.50000,-0.21519,-0.50000,-0.40661,0.18557,-0.000134,-0.000136,0.000000,-0.000551,0.000169
1935,72,home,mask_home,environment,network_actively,failed,-2.9247,-0.50000,-0.21548,-0.50000,-0.40782,0.18611,0.000000,-0.000287,0.000000,-0.001212,0.000537
1936,72,conference,mask_conference,environment,network_actively,goal_achieved,0.8240,0.33424,-0.18859,0.50000,0.50000,-0.32907,0.000460,-0.000496,0.001930,0.001480,-0.000554
1937,72,conference,mask_conference,environment,quick_scan,failed,-3.1662,0.33513,-0.18824,0.50000,0.50000,-0.33048,0.000895,0.000357,0.000000,0.000000,-0.001415
1938,72,conference,mask_conference,environment,tidy_up,goal_achieved,1.2539,0.33537,-0.18837,0.50000,0.50000,-0.33092,0.000242,-0.000131,0.000000,0.000000,-0.000441
1939,72,conference,mask_conference,environment,network_actively,goal_achieved,0.8244,0.33583,-0.18885,0.50000,0.50000,-0.33149,0.000452,-0.000482,0.000000,0.000000,-0.000565
1940,72,conference,mask_conference,environment,network_actively,goal_achieved,0.8248,0.33628,-0.18933,0.50000,0.50000,-0.33205,0.000452,-0.000483,0.000000,0.000000,-0.000564
1941,72,conference,mask_conference,environment,network_actively,goal_achieved,0.8253,0.33673,-0.18981,0.50000,0.50000,-0.33261,0.000451,-0.000483,0.000000,0.000000,-0.000563
1942,72,conference,mask_conference,environment,network_actively,goal_achieved,0.8257,0.33718,-0.19030,0.50000,0.50000,-0.33318,0.000450,-0.000484,0.000000,0.000000,-0.000563
1943,72,conference,mask_conference,environment,network_actively,goal_achieved,0.8262,0.33763,-0.19078,0.50000,0.50000,-0.33374,0.000450,-0.000485,0.000000,0.000000,-0.000562
1944,72,conference,mask_conference,environment,network_actively,delayed,-0.3668,0.33760,-0.19057,0.49902,0.49926,-0.33329,-0.000029,0.000209,-0.000982,-0.000736,0.000454
1945,73,work,mask_work,environment,tidy_up,goal_achieved,1.8348,0.48924,0.50000,-0.50000,-0.50000,-0.40607,-0.000346,0.000000,0.000000,0.000000,-0.000858
1946,73,work,mask_work,environment,deep_work,goal_achieved,1.8241,0.49014,0.50000,-0.50000,-0.50000,-0.40711,0.000894,0.000000,0.000000,0.000000,-0.001035
1947,73,work,mask_work,environment,tidy_up,goal_achieved,1.8337,0.48979,0.50000,-0.50000,-0.50000,-0.40797,-0.000344,0.000000,0.000000,0.000000,-0.000860
1948,73,work,mask_work,environment,deep_work,goal_achieved,1.8192,0.49067,0.50000,-0.50000,-0.50000,-0.40900,0.000880,0.000000,0.000000,0.000000,-0.001036
1949,73,work,mask_work,environment,deep_work,delayed,-0.7576,0.49012,0.50000,-0.49975,-0.49987,-0.40860,-0.000553,0.000000,0.000249,0.000127,0.000403
1950,73,work,mask_work,environment,tidy_up,goal_achieved,1.8380,0.48977,0.50000,-0.50000,-0.50000,-0.40946,-0.000349,0.000000,-0.000249,-0.000127,-0.000855
1951,73,work,mask_work,environment,network_actively,delayed,-1.5054,0.49039,0.50000,-0.50000,-0.50000,-0.41027,0.000622,0.000000,0.000000,0.000000,-0.000815
1952,73,work,mask_work,environment,take_notes,failed,-2.3151,0.49034,0.50000,-0.50000,-0.50000,-0.41120,-0.000049,0.000000,0.000000,0.000000,-0.000924
1953,73,work,mask_work,environment,take_notes,goal_achieved,1.4034,0.49186,0.50000,-0.50000,-0.50000,-0.41177,0.001516,0.000000,0.000000,0.000000,-0.000573
1954,73,home,mask_home,environment,network_actively,delayed,-1.9158,-0.50000,-0.21555,-0.50000,-0.40842,0.18632,0.000000,-0.000066,0.000000,-0.000603,0.000216
1955,73,home,mask_home,environment,zone_out,delayed,-1.4308,-0.49986,-0.21511,-0.50000,-0.40829,0.18620,0.000140,0.000441,0.000000,0.000133,-0.000120
1956,73,home,mask_home,environment,zone_out,goal_achieved,1.4194,-0.50000,-0.21608,-0.50000,-0.41037,0.18711,-0.000140,-0.000979,0.000000,-0.002073,0.000913
1957,73,home,mask_home,environment,quick_scan,delayed,-1.6903,-0.50000,-0.21616,-0.50000,-0.41106,0.18728,0.000000,-0.000072,0.000000,-0.000697,0.000169
1958,73,home,mask_home,environment,zone_out,failed,-2.3789,-0.49916,-0.21524,-0.50000,-0.41019,0.18682,0.000839,0.000916,0.000000,0.000871,-0.000463
1959,73,home,mask_home,environment,rest_deeply,goal_achieved,1.7046,-0.49975,-0.21536,-0.50000,-0.41072,0.18698,-0.000585,-0.000121,0.000000,-0.000533,0.000159
1960,73,home,mask_home,environment,tidy_up,goal_achieved,1.7984,-0.50000,-0.21506,-0.50000,-0.41139,0.18708,-0.000254,0.000302,0.000000,-0.000664,0.000097
1961,73,home,mask_home,environment,zone_out,goal_achieved,1.4124,-0.50000,-0.21603,-0.50000,-0.41346,0.18798,0.000000,-0.000970,0.000000,-0.002070,0.000907
1962,73,home,mask_home,environment,rest_deeply,goal_achieved,1.6918,-0.50000,-0.21615,-0.50000,-0.41400,0.18815,0.000000,-0.000121,0.000000,-0.000544,0.000164
1963,73,conference,mask_conference,environment,network_actively,goal_achieved,0.8280,0.33805,-0.19106,0.50000,0.50000,-0.33385,0.000450,-0.000489,0.000982,0.000736,-0.000559
1964,73,conference,mask_conference,environment,network_actively,delayed,-0.3669,0.33802,-0.19085,0.49902,0.49926,-0.33339,-0.000030,0.000209,-0.000983,-0.000736,0.000454
1965,73,conference,mask_conference,environment,network_actively,goal_achieved,0.8280,0.33847,-0.19134,0.50000,0.50000,-0.33395,0.000449,-0.000488,0.000983,0.000736,-0.000559
1966,73,conference,mask_conference,environment,network_actively,goal_achieved,0.8265,0.33892,-0.19183,0.50000,0.50000,-0.33451,0.000448,-0.000484,0.000000,0.000000,-0.000562
1967,73,conference,mask_conference,environment,quick_scan,delayed,-2.1219,0.33953,-0.19183,0.50000,0.50000,-0.33538,0.000611,-0.000006,0.000000,0.000000,-0.000872
1968,73,conference,mask_conference,environment,network_actively,delayed,-0.3655,0.33950,-0.19162,0.49902,0.49927,-0.33494,-0.000026,0.000214,-0.000983,-0.000732,0.000449
1969,73,conference,mask_conference,environment,network_actively,goal_achieved,0.8317,0.33995,-0.19211,0.50000,0.50000,-0.33550,0.000449,-0.000493,0.000983,0.000732,-0.000560
1970,73,conference,mask_conference,environment,take_notes,delayed,-2.3061,0.34003,-0.19316,0.50000,0.50000,-0.33571,0.000076,-0.001053,0.000000,0.000000,-0.000217
1971,73,conference,mask_conference,environment,quick_scan,failed,-3.1548,0.34089,-0.19284,0.50000,0.50000,-0.33711,0.000867,0.000328,0.000000,0.000000,-0.001399
1972,74,work,mask_work,environment,take_notes,failed,-2.3150,0.49181,0.50000,-0.50000,-0.50000,-0.41269,-0.000049,0.000000,0.000000,0.000000,-0.000925
1973,74,work,mask_work,environment,take_notes,failed,-2.3150,0.49176,0.50000,-0.50000,-0.50000,-0.41362,-0.000049,0.000000,0.000000,0.000000,-0.000925
1974,74,work,mask_work,environment,take_notes,delayed,-1.3855,0.49210,0.50000,-0.50000,-0.50000,-0.41445,0.000342,0.000000,0.000000,0.000000,-0.000837
1975,74,work,mask_work,environment,take_notes,goal_achieved,1.4030,0.49362,0.50000,-0.50000,-0.50000,-0.41503,0.001516,0.000000,0.000000,0.000000,-0.000573
1976,74,work,mask_work,environment,handle_backlog,goal_achieved,1.9196,0.49398,0.50000,-0.50000,-0.50000,-0.41557,0.000364,0.000000,0.000000,0.000000,-0.000539
1977,74,work,mask_work,environment,deep_work,goal_achieved,1.8128,0.49484,0.50000,-0.50000,-0.50000,-0.41660,0.000858,0.000000,0.000000,0.000000,-0.001032
1978,74,work,mask_work,environment,take_notes,goal_achieved,1.3971,0.49635,0.50000,-0.50000,-0.50000,-0.41717,0.001511,0.000000,0.000000,0.000000,-0.000569
1979,74,work,mask_work,environment,rest_deeply,goal_achieved,2.0791,0.49641,0.50000,-0.50000,-0.50000,-0.41752,0.000061,0.000000,0.000000,0.000000,-0.000348
1980,74,work,mask_work,environment,take_notes,failed,-2.3250,0.49635,0.50000,-0.50000,-0.50000,-0.41843,-0.000065,0.000000,0.000000,0.000000,-0.000912
1981,74,home,mask_home,environment,zone_out,failed,-2.3840,-0.49915,-0.21523,-0.50000,-0.41313,0.18769,0.000850,0.000923,0.000000,0.000875,-0.000463
1982,74,home,mask_home,environment,network_actively,failed,-2.9305,-0.50000,-0.21549,-0.50000,-0.41431,0.18821,-0.000850,-0.000266,0.000000,-0.001187,0.000528
1983,74,home,mask_home,environment,rest_deeply,goal_achieved,1.6998,-0.50000,-0.21560,-0.50000,-0.41484,0.18837,0.000000,-0.000108,0.000000,-0.000525,0.000156
1984,74,home,mask_home,environment,rest_deeply,delayed,-0.5678,-0.50000,-0.21562,-0.50000,-0.41621,0.18907,0.000000,-0.000017,0.000000,-0.001371,0.000706
1985,74,home,mask_home,environment,rest_deeply,delayed,-0.5699,-0.50000,-0.21564,-0.50000,-0.41758,0.18979,0.000000,-0.000021,0.000000,-0.001376,0.000712
1986,74,home,mask_home,environment,rest_deeply,goal_achieved,1.6951,-0.50000,-0.21574,-0.50000,-0.41810,0.18994,0.000000,-0.000102,0.000000,-0.000519,0.000156
1987,74,home,mask_home,environment,zone_out,goal_achieved,1.4043,-0.50000,-0.21670,-0.50000,-0.42018,0.19085,0.000000,-0.000964,0.000000,-0.002075,0.000911
1988,74,home,mask_home,environment,rest_deeply,delayed,-0.5830,-0.50000,-0.21675,-0.50000,-0.42159,0.19159,0.000000,-0.000046,0.000000,-0.001410,0.000741
1989,74,home,mask_home,environment,rest_deeply,delayed,-0.5852,-0.50000,-0.21680,-0.50000,-0.42300,0.19234,0.000000,-0.000050,0.000000,-0.001415,0.000748
1990,74,conference,mask_conference,environment,network_actively,goal_achieved,0.8434,0.34133,-0.19336,0.50000,0.50000,-0.33767,0.000439,-0.000521,0.000000,0.000000,-0.000561
1991,74,conference,mask_conference,environment,deep_work,failed,-3.7771,0.34159,-0.19399,0.50000,0.50000,-0.33791,0.000258,-0.000633,0.000000,0.000000,-0.000239
1992,74,conference,mask_conference,environment,network_actively,delayed,-0.3510,0.34155,-0.19382,0.49908,0.49930,-0.33746,-0.000040,0.000172,-0.000918,-0.000697,0.000455
1993,74,conference,mask_conference,environment,network_actively,goal_achieved,0.8486,0.34198,-0.19436,0.50000,0.50000,-0.33801,0.000432,-0.000539,0.000918,0.000697,-0.000551
1994,74,conference,mask_conference,environment,network_actively,delayed,-0.3511,0.34194,-0.19419,0.49908,0.49930,-0.33755,-0.000041,0.000173,-0.000918,-0.000698,0.000455
1995,74,conference,mask_conference,environment,network_actively,goal_achieved,0.8484,0.34237,-0.19472,0.50000,0.50000,-0.33810,0.000431,-0.000537,0.000918,0.000698,-0.000551
1996,74,conference,mask_conference,environment,quick_scan,goal_achieved,1.0340,0.34215,-0.19588,0.50000,0.50000,-0.33735,-0.000224,-0.001154,0.000000,0.000000,0.000758
1997,74,conference,mask_conference,environment,rest_deeply,failed,-3.4752,0.34257,-0.19620,0.50000,0.50000,-0.33773,0.000427,-0.000323,0.000000,0.000000,-0.000383
1998,74,conference,mask_conference,environment,network_actively,goal_achieved,0.8429,0.34300,-0.19672,0.50000,0.50000,-0.33828,0.000430,-0.000522,0.000000,0.000000,-0.000553
1999,75,work,mask_work,environment,deep_work,goal_achieved,1.8062,0.49720,0.50000,-0.50000,-0.50000,-0.41945,0.000848,0.000000,0.000000,0.000000,-0.001023
2000,75,work,mask_work,environment,deep_work,goal_achieved,1.8061,0.49804,0.50000,-0.50000,-0.50000,-0.42048,0.000848,0.000000,0.000000,0.000000,-0.001023
2001,75,work,mask_work,environment,deep_work,goal_achieved,1.8061,0.49889,0.50000,-0.50000,-0.50000,-0.42150,0.000848,0.000000,0.000000,0.000000,-0.001023
2002,75,work,mask_work,environment,network_actively,failed,-2.6190,0.49954,0.50000,-0.50000,-0.50000,-0.42242,0.000651,0.000000,0.000000,0.000000,-0.000924
2003,75,work,mask_work,environment,handle_backlog,failed,-2.5117,0.50000,0.50000,-0.50000,-0.50000,-0.42370,0.000458,0.000000,0.000000,0.000000,-0.001274
2004,75,work,mask_work,environment,rest_deeply,failed,-2.6186,0.50000,0.50000,-0.50000,-0.50000,-0.42458,0.000000,0.000000,0.000000,0.000000,-0.000884
2005,75,work,mask_work,environment,take_notes,failed,-2.3174,0.49995,0.50000,-0.50000,-0.50000,-0.42551,-0.000047,0.000000,0.000000,0.000000,-0.000931
2006,75,work,mask_work,environment,deep_work,goal_achieved,1.8207,0.50000,0.50000,-0.50000,-0.50000,-0.42655,0.000047,0.000000,0.000000,0.000000,-0.001038
2007,75,work,mask_work,environment,deep_work,delayed,-0.7547,0.49943,0.50000,-0.49976,-0.49987,-0.42615,-0.000574,0.000000,0.000239,0.000134,0.000401
2008,75,home,mask_home,environment,step_away,delayed,-1.6649,-0.50000,-0.21696,-0.50000,-0.42329,0.19224,0.000000,-0.000164,0.000000,-0.000282,-0.000105
2009,75,home,mask_home,environment,rest_deeply,goal_achieved,1.7110,-0.50000,-0.21708,-0.50000,-0.42372,0.19232,0.000000,-0.000117,0.000000,-0.000438,0.000083
2010,75,home,mask_home,environment,zone_out,delayed,-1.3959,-0.49982,-0.21664,-0.50000,-0.42350,0.19214,0.000177,0.000441,0.000000,0.000221,-0.000179
2011,75,home,mask_home,environment,tidy_up,goal_achieved,1.8336,-0.50000,-0.21638,-0.50000,-0.42409,0.19219,-0.000177,0.000258,0.000000,-0.000586,0.000052
2012,75,home,mask_home,environment,rest_deeply,delayed,-0.5543,-0.50000,-0.21644,-0.50000,-0.42541,0.19286,0.000000,-0.000056,0.000000,-0.001322,0.000668
2013,75,home,mask_home,environment,quick_scan,failed,-2.7916,-0.50000,-0.21644,-0.50000,-0.42596,0.19278,0.000000,0.000002,0.000000,-0.000554,-0.000080
2014,75,home,mask_home,environment,quick_scan,delayed,-1.6545,-0.50000,-0.21649,-0.50000,-0.42656,0.19288,0.000000,-0.000057,0.000000,-0.000598,0.000099
2015,75,home,mask_home,environment,zone_out,delayed,-1.3859,-0.49982,-0.21604,-0.50000,-0.42634,0.19269,0.000177,0.000452,0.000000,0.000225,-0.000191
2016,75,home,mask_home,environment,quick_scan,delayed,-1.6507,-0.50000,-0.21609,-0.50000,-0.42692,0.19278,-0.000177,-0.000050,0.000000,-0.000587,0.000094
2017,75,conference,mask_conference,environment,quick_scan,delayed,-2.0997,0.34359,-0.19677,0.50000,0.50000,-0.33914,0.000591,-0.000045,0.000000,0.000000,-0.000856
2018,75,conference,mask_conference,environment,network_actively,goal_achieved,0.8465,0.34403,-0.19729,0.50000,0.50000,-0.33969,0.000431,-0.000526,0.000000,0.000000,-0.000553
2019,75,conference,mask_conference,environment,network_actively,goal_achieved,0.8469,0.34446,-0.19782,0.50000,0.50000,-0.34024,0.000430,-0.000526,0.000000,0.000000,-0.000553
2020,75,conference,mask_conference,environment,network_actively,goal_achieved,0.8473,0.34489,-0.19834,0.50000,0.50000,-0.34080,0.000430,-0.000526,0.000000,0.000000,-0.000552
2021,75,conference,mask_conference,environment,network_actively,delayed,-0.3518,0.34484,-0.19817,0.49909,0.49930,-0.34034,-0.000041,0.000173,-0.000908,-0.000700,0.000459
2022,75,conference,mask_conference,environment,quick_scan,goal_achieved,1.0377,0.34462,-0.19932,0.50000,0.49970,-0.33958,-0.000223,-0.001147,0.000908,0.000397,0.000756
2023,75,conference,mask_conference,environment,network_actively,delayed,-0.3557,0.34457,-0.19915,0.49909,0.49899,-0.33911,-0.000048,0.000166,-0.000910,-0.000709,0.000469
2024,75,conference,mask_conference,environment,network_actively,goal_achieved,0.8419,0.34500,-0.19967,0.50000,0.50000,-0.33966,0.000426,-0.000518,0.000910,0.001012,-0.000550
2025,75,conference,mask_conference,environment,network_actively,goal_achieved,0.8405,0.34543,-0.20019,0.50000,0.50000,-0.34022,0.000426,-0.000514,0.000000,0.000000,-0.000552
2026,76,work,mask_work,environment,tidy_up,goal_achieved,1.8457,0.49907,0.50000,-0.50000,-0.50000,-0.42701,-0.000355,0.000000,-0.000239,-0.000134,-0.000856
2027,76,work,mask_work,environment,handle_backlog,delayed,-1.4018,0.49997,0.50000,-0.50000,-0.50000,-0.42809,0.000897,0.000000,0.000000,0.000000,-0.001089
2028,76,work,mask_work,environment,handle_backlog,goal_achieved,1.9140,0.50000,0.50000,-0.50000,-0.50000,-0.42863,0.000032,0.000000,0.000000,0.000000,-0.000535
2029,76,work,mask_work,environment,deep_work,delayed,-0.7582,0.49941,0.50000,-0.49976,-0.49986,-0.42823,-0.000585,0.000000,0.000239,0.000138,0.000398
2030,76,work,mask_work,environment,network_actively,failed,-2.5994,0.50000,0.50000,-0.50000,-0.50000,-0.42916,0.000585,0.000000,-0.000239,-0.000138,-0.000929
2031,76,work,mask_work,environment,take_notes,failed,-2.3104,0.49993,0.50000,-0.50000,-0.50000,-0.43008,-0.000069,0.000000,0.000000,0.000000,-0.000923
2032,76,work,mask_work,environment,deep_work,goal_achieved,1.8221,0.50000,0.50000,-0.50000,-0.50000,-0.43113,0.000069,0.000000,0.000000,0.000000,-0.001043
2033,76,work,mask_work,environment,deep_work,delayed,-0.7533,0.49941,0.50000,-0.49976,-0.49986,-0.43073,-0.000590,0.000000,0.000236,0.000136,0.000396
2034,76,work,mask_work,environment,handle_backlog,failed,-2.4929,0.50000,0.50000,-0.50000,-0.50000,-0.43199,0.000590,0.000000,-0.000236,-0.000136,-0.001264
2035,76,home,mask_home,environment,quick_scan,goal_achieved,1.7621,-0.50000,-0.21632,-0.50000,-0.42764,0.19341,0.000000,-0.000227,0.000000,-0.000717,0.000630
2036,76,home,mask_home,environment,rest_deeply,delayed,-0.5526,-0.50000,-0.21637,-0.50000,-0.42896,0.19409,0.000000,-0.000057,0.000000,-0.001320,0.000673
2037,76,home,mask_home,environment,rest_deeply,goal_achieved,1.7139,-0.50000,-0.21646,-0.50000,-0.42936,0.19415,0.000000,-0.000091,0.000000,-0.000403,0.000064
2038,76,home,mask_home,environment,zone_out,delayed,-1.3900,-0.49981,-0.21601,-0.50000,-0.42914,0.19397,0.000190,0.000450,0.000000,0.000225,-0.000178
2039,76,home,mask_home,environment,rest_deeply,goal_achieved,1.7179,-0.50000,-0.21610,-0.50000,-0.42953,0.19403,-0.000190,-0.000084,0.000000,-0.000393,0.000059
2040,76,home,mask_home,environment,rest_deeply,goal_achieved,1.7175,-0.50000,-0.21618,-0.50000,-0.42992,0.19409,0.000000,-0.000084,0.000000,-0.000391,0.000059
2041,76,home,mask_home,environment,zone_out,delayed,-1.3935,-0.49981,-0.21573,-0.50000,-0.42969,0.19391,0.000192,0.000451,0.000000,0.000227,-0.000179
2042,76,home,mask_home,environment,tidy_up,goal_achieved,1.8486,-0.50000,-0.21546,-0.50000,-0.43024,0.19395,-0.000192,0.000273,0.000000,-0.000550,0.000042
2043,76,home,mask_home,environment,rest_deeply,goal_achieved,1.7199,-0.50000,-0.21553,-0.50000,-0.43062,0.19401,0.000000,-0.000072,0.000000,-0.000380,0.000052
2044,76,conference,mask_conference,environment,network_actively,goal_achieved,0.8409,0.34585,-0.20070,0.50000,0.50000,-0.34077,0.000425,-0.000514,0.000000,0.000000,-0.000552
2045,76,conference,mask_conference,environment,quick_scan,delayed,-2.0972,0.34644,-0.20074,0.50000,0.50000,-0.34163,0.000588,-0.000036,0.000000,0.000000,-0.000859
2046,76,conference,mask_conference,environment,network_actively,goal_achieved,0.8446,0.34686,-0.20125,0.50000,0.50000,-0.34218,0.000426,-0.000519,0.000000,0.000000,-0.000552
2047,76,conference,mask_conference,environment,network_actively,delayed,-0.3544,0.34682,-0.20108,0.49909,0.49930,-0.34171,-0.000046,0.000170,-0.000910,-0.000705,0.000464
2048,76,conference,mask_conference,environment,network_actively,goal_achieved,0.8462,0.34724,-0.20161,0.50000,0.50000,-0.34226,0.000425,-0.000522,0.000910,0.000705,-0.000550
2049,76,conference,mask_conference,environment,quick_scan,delayed,-2.0940,0.34783,-0.20165,0.50000,0.50000,-0.34312,0.000586,-0.000039,0.000000,0.000000,-0.000855
2050,76,conference,mask_conference,environment,network_actively,goal_achieved,0.8480,0.34826,-0.20217,0.50000,0.50000,-0.34367,0.000426,-0.000522,0.000000,0.000000,-0.000553
2051,76,conference,mask_conference,environment,quick_scan,delayed,-2.0937,0.34884,-0.20221,0.50000,0.50000,-0.34452,0.000585,-0.000045,0.000000,0.000000,-0.000851
2052,76,conference,mask_conference,environment,network_actively,delayed,-0.3514,0.34880,-0.20203,0.49909,0.49930,-0.34407,-0.000040,0.000178,-0.000910,-0.000698,0.000455
2053,77,work,mask_work,environment,deep_work,goal_achieved,1.8300,0.50000,0.50000,-0.50000,-0.50000,-0.43305,0.000000,0.000000,0.000000,0.000000,-0.001053
2054,77,work,mask_work,environment,network_actively,goal_achieved,1.8167,0.50000,0.49984,-0.49866,-0.49986,-0.43352,0.000000,-0.000163,0.001340,0.000142,-0.000473
2055,77,work,mask_work,environment,deep_work,delayed,-0.7477,0.49942,0.50000,-0.49841,-0.49971,-0.43313,-0.000580,0.000163,0.000249,0.000147,0.000388
2056,77,work,mask_work,environment,take_notes,failed,-2.2969,0.49935,0.50000,-0.49902,-0.50000,-0.43405,-0.000070,0.000000,-0.000606,-0.000290,-0.000921
2057,77,work,mask_work,environment,deep_work,goal_achieved,1.8315,0.50000,0.50000,-0.50000,-0.50000,-0.43510,0.000650,0.000000,-0.000984,0.000000,-0.001052
2058,77,work,mask_work,environment,take_notes,failed,-2.2982,0.49993,0.50000,-0.50000,-0.50000,-0.43603,-0.000068,0.000000,0.000000,0.000000,-0.000923
2059,77,work,mask_work,environment,tidy_up,failed,-2.4425,0.50000,0.50000,-0.50000,-0.50000,-0.43673,0.000068,0.000000,0.000000,0.000000,-0.000702
2060,77,work,mask_work,environment,deep_work,goal_achieved,1.8396,0.50000,0.50000,-0.50000,-0.50000,-0.43778,0.000000,0.000000,0.000000,0.000000,-0.001052
2061,77,work,mask_work,environment,deep_work,goal_achieved,1.8396,0.50000,0.50000,-0.50000,-0.50000,-0.43883,0.000000,0.000000,0.000000,0.000000,-0.001052
2062,77,home,mask_home,environment,network_actively,failed,-2.8996,-0.50000,-0.21577,-0.50000,-0.43168,0.19445,0.000000,-0.000242,0.000000,-0.001060,0.000446
2063,77,home,mask_home,environment,rest_deeply,goal_achieved,1.7194,-0.50000,-0.21584,-0.50000,-0.43206,0.19450,0.000000,-0.000071,0.000000,-0.000379,0.000052
2064,77,home,mask_home,environment,zone_out,goal_achieved,1.4191,-0.50000,-0.21680,-0.50000,-0.43404,0.19533,0.000000,-0.000958,0.000000,-0.001982,0.000827
2065,77,home,mask_home,environment,rest_deeply,goal_achieved,1.7104,-0.50000,-0.21688,-0.50000,-0.43443,0.19539,0.000000,-0.000078,0.000000,-0.000389,0.000057
2066,77,home,mask_home,environment,network_actively,failed,-2.9150,-0.50000,-0.21713,-0.50000,-0.43550,0.19584,0.000000,-0.000252,0.000000,-0.001068,0.000453
2067,77,home,mask_home,environment,zone_out,failed,-2.3363,-0.49909,-0.21621,-0.50000,-0.43453,0.19533,0.000913,0.000925,0.000000,0.000971,-0.000511
2068,77,home,mask_home,environment,quick_scan,failed,-2.7899,-0.49980,-0.21618,-0.50000,-0.43505,0.19524,-0.000711,0.000026,0.000000,-0.000519,-0.000091
2069,77,home,mask_home,environment,rest_deeply,goal_achieved,1.7229,-0.50000,-0.21624,-0.50000,-0.43542,0.19528,-0.000202,-0.000064,0.000000,-0.000370,0.000042
2070,77,home,mask_home,environment,network_actively,delayed,-1.8785,-0.50000,-0.21626,-0.50000,-0.43587,0.19540,0.000000,-0.000015,0.000000,-0.000455,0.000116
2071,77,conference,mask_conference,environment,network_actively,goal_achieved,0.8528,0.34923,-0.20256,0.50000,0.50000,-0.34462,0.000426,-0.000529,0.000910,0.000698,-0.000551
2072,77,conference,mask_conference,environment,network_actively,delayed,-0.3515,0.34919,-0.20239,0.49909,0.49930,-0.34416,-0.000040,0.000179,-0.000910,-0.000698,0.000455
2073,77,conference,mask_conference,environment,network_actively,goal_achieved,0.8526,0.34961,-0.20291,0.50000,0.50000,-0.34472,0.000426,-0.000528,0.000910,0.000698,-0.000552
2074,77,conference,mask_conference,environment,network_actively,goal_achieved,0.8512,0.35004,-0.20344,0.50000,0.50000,-0.34527,0.000425,-0.000523,0.000000,0.000000,-0.000554
2075,77,conference,mask_conference,environment,network_actively,goal_achieved,0.8516,0.35046,-0.20396,0.50000,0.50000,-0.34582,0.000424,-0.000523,0.000000,0.000000,-0.000554
2076,77,conference,mask_conference,environment,network_actively,goal_achieved,0.8520,0.35089,-0.20448,0.50000,0.50000,-0.34638,0.000424,-0.000524,0.000000,0.000000,-0.000553
2077,77,conference,mask_conference,environment,take_notes,goal_achieved,1.2349,0.35134,-0.20455,0.50000,0.50000,-0.34680,0.000457,-0.000069,0.000000,0.000000,-0.000420
2078,77,conference,mask_conference,environment,take_notes,goal_achieved,1.2353,0.35180,-0.20462,0.50000,0.50000,-0.34721,0.000457,-0.000071,0.000000,0.000000,-0.000418
2079,77,conference,mask_conference,environment,network_actively,delayed,-0.3583,0.35177,-0.20442,0.49905,0.49929,-0.34677,-0.000029,0.000207,-0.000946,-0.000710,0.000449
2080,78,work,mask_work,environment,deep_work,delayed,-0.7358,0.49942,0.50000,-0.49974,-0.49985,-0.43844,-0.000577,0.000000,0.000256,0.000145,0.000387
2081,78,work,mask_work,environment,take_notes,goal_achieved,1.4251,0.50000,0.50000,-0.50000,-0.50000,-0.43901,0.000577,0.000000,-0.000256,-0.000145,-0.000566
2082,78,work,mask_work,environment,network_actively,goal_achieved,1.8298,0.50000,0.49982,-0.49865,-0.49985,-0.43947,0.000000,-0.000176,0.001351,0.000147,-0.000464
2083,78,work,mask_work,environment,deep_work,goal_achieved,1.8321,0.50000,0.50000,-0.50000,-0.50000,-0.44052,0.000000,0.000176,-0.001351,-0.000147,-0.001049
2084,78,work,mask_work,environment,take_notes,failed,-2.2945,0.49994,0.50000,-0.50000,-0.50000,-0.44144,-0.000058,0.000000,0.000000,0.000000,-0.000918
2085,78,work,mask_work,environment,take_notes,delayed,-1.3655,0.50000,0.50000,-0.50000,-0.50000,-0.44227,0.000058,0.000000,0.000000,0.000000,-0.000830
2086,78,work,mask_work,environment,take_notes,failed,-2.2945,0.49994,0.50000,-0.50000,-0.50000,-0.44319,-0.000058,0.000000,0.000000,0.000000,-0.000918
2087,78,work,mask_work,environment,deep_work,goal_achieved,1.8406,0.50000,0.50000,-0.50000,-0.50000,-0.44424,0.000058,0.000000,0.000000,0.000000,-0.001051
2088,78,work,mask_work,environment,tidy_up,failed,-2.4412,0.50000,0.50000,-0.50000,-0.50000,-0.44494,0.000000,0.000000,0.000000,0.000000,-0.000701
2089,78,home,mask_home,environment,network_actively,delayed,-1.8789,-0.50000,-0.21627,-0.50000,-0.43633,0.19551,0.000000,-0.000014,0.000000,-0.000454,0.000116
2090,78,home,mask_home,environment,rest_deeply,goal_achieved,1.7211,-0.50000,-0.21634,-0.50000,-0.43669,0.19555,0.000000,-0.000062,0.000000,-0.000365,0.000040
2091,78,home,mask_home,environment,zone_out,goal_achieved,1.4113,-0.50000,-0.21729,-0.50000,-0.43867,0.19637,0.000000,-0.000952,0.000000,-0.001973,0.000814
2092,78,home,mask_home,environment,network_actively,goal_achieved,1.1962,-0.49899,-0.21664,-0.49996,-0.43737,0.19553,0.001014,0.000644,0.000043,0.001297,-0.000835
2093,78,home,mask_home,environment,rest_deeply,delayed,-0.5581,-0.49985,-0.21671,-0.50000,-0.43870,0.19622,-0.000864,-0.000066,-0.000043,-0.001328,0.000687
2094,78,home,mask_home,environment,zone_out,delayed,-1.3985,-0.49963,-0.21625,-0.50000,-0.43845,0.19603,0.000220,0.000464,0.000000,0.000249,-0.000190
2095,78,home,mask_home,environment,network_actively,failed,-2.9087,-0.50000,-0.21649,-0.50000,-0.43950,0.19647,-0.000371,-0.000239,0.000000,-0.001049,0.000439
2096,78,home,mask_home,environment,rest_deeply,goal_achieved,1.7122,-0.50000,-0.21654,-0.50000,-0.43985,0.19650,0.000000,-0.000058,0.000000,-0.000356,0.000036
2097,78,home,mask_home,environment,network_actively,delayed,-1.8833,-0.50000,-0.21656,-0.50000,-0.44031,0.19662,0.000000,-0.000016,0.000000,-0.000458,0.000120
2098,78,conference,mask_conference,environment,network_actively,delayed,-0.3585,0.35174,-0.20421,0.49811,0.49858,-0.34632,-0.000028,0.000208,-0.000947,-0.000710,0.000448
2099,78,conference,mask_conference,environment,network_actively,goal_achieved,0.8503,0.35217,-0.20472,0.50000,0.50000,-0.34687,0.000433,-0.000511,0.001893,0.001420,-0.000550
2100,78,conference,mask_conference,environment,network_actively,goal_achieved,0.8471,0.35261,-0.20522,0.50000,0.50000,-0.34742,0.000432,-0.000502,0.000000,0.000000,-0.000556
2101,78,conference,mask_conference,environment,network_actively,goal_achieved,0.8475,0.35304,-0.20573,0.50000,0.50000,-0.34798,0.000431,-0.000503,0.000000,0.000000,-0.000555
2102,78,conference,mask_conference,environment,rest_deeply,goal_achieved,1.3528,0.35313,-0.20626,0.50000,0.50000,-0.34825,0.000089,-0.000536,0.000000,0.000000,-0.000271
2103,78,conference,mask_conference,environment,quick_scan,delayed,-2.0946,0.35371,-0.20629,0.50000,0.50000,-0.34910,0.000578,-0.000029,0.000000,0.000000,-0.000845
2104,78,conference,mask_conference,environment,network_actively,delayed,-0.3626,0.35367,-0.20608,0.49902,0.49929,-0.34865,-0.000037,0.000204,-0.000979,-0.000712,0.000447
2105,78,conference,mask_conference,environment,deep_work,failed,-3.7570,0.35391,-0.20670,0.50000,0.50000,-0.34888,0.000244,-0.000611,0.000979,0.000712,-0.000227
2106,78,conference,mask_conference,environment,quick_scan,goal_achieved,1.0474,0.35367,-0.20784,0.50000,0.50000,-0.34810,-0.000242,-0.001141,0.000000,0.000000,0.000771
2107,79,work,mask_work,environment,deep_work,goal_achieved,1.8450,0.50000,0.50000,-0.50000,-0.50000,-0.44599,0.000000,0.000000,0.000000,0.000000,-0.001050
2108,79,work,mask_work,environment,deep_work,delayed,-0.7304,0.49943,0.50000,-0.49973,-0.49985,-0.44560,-0.000569,0.000000,0.000272,0.000149,0.000389
2109,79,work,mask_work,environment,take_notes,goal_achieved,1.4286,0.50000,0.50000,-0.50000,-0.50000,-0.44616,0.000569,0.000000,-0.000272,-0.000149,-0.000561
2110,79,work,mask_work,environment,rest_deeply,goal_achieved,2.1326,0.50000,0.50000,-0.50000,-0.50000,-0.44652,0.000000,0.000000,0.000000,0.000000,-0.000353
2111,79,work,mask_work,environment,handle_backlog,delayed,-1.3758,0.50000,0.50000,-0.50000,-0.50000,-0.44757,0.000000,0.000000,0.000000,0.000000,-0.001059
2112,79,work,mask_work,environment,take_notes,failed,-2.2875,0.49995,0.50000,-0.50000,-0.50000,-0.44849,-0.000053,0.000000,0.000000,0.000000,-0.000912
2113,79,work,mask_work,environment,network_actively,delayed,-1.4587,0.50000,0.50000,-0.50000,-0.50000,-0.44930,0.000053,0.000000,0.000000,0.000000,-0.000809
2114,79,work,mask_work,environment,deep_work,goal_achieved,1.8437,0.50000,0.50000,-0.50000,-0.50000,-0.45034,0.000000,0.000000,0.000000,0.000000,-0.001048
2115,79,work,mask_work,environment,network_actively,delayed,-1.4599,0.50000,0.50000,-0.50000,-0.50000,-0.45115,0.000000,0.000000,0.000000,0.000000,-0.000810
2116,79,home,mask_home,environment,rest_deeply,delayed,-0.5577,-0.50000,-0.21663,-0.50000,-0.44164,0.19732,0.000000,-0.000067,0.000000,-0.001328,0.000693
2117,79,home,mask_home,environment,tidy_up,goal_achieved,1.8443,-0.50000,-0.21638,-0.50000,-0.44217,0.19736,0.000000,0.000251,0.000000,-0.000535,0.000046
2118,79,home,mask_home,environment,rest_deeply,goal_achieved,1.7083,-0.50000,-0.21643,-0.50000,-0.44252,0.19739,0.000000,-0.000050,0.000000,-0.000348,0.000031
2119,79,home,mask_home,environment,zone_out,delayed,-1.3988,-0.49977,-0.21596,-0.50000,-0.44227,0.19721,0.000230,0.000470,0.000000,0.000252,-0.000188
2120,79,home,mask_home,environment,rest_deeply,goal_achieved,1.7121,-0.50000,-0.21600,-0.50000,-0.44261,0.19723,-0.000230,-0.000045,0.000000,-0.000339,0.000028
2121,79,home,mask_home,environment,network_actively,failed,-2.9115,-0.50000,-0.21623,-0.50000,-0.44364,0.19767,0.000000,-0.000226,0.000000,-0.001030,0.000432
2122,79,home,mask_home,environment,zone_out,delayed,-1.4001,-0.49977,-0.21576,-0.50000,-0.44339,0.19748,0.000232,0.000470,0.000000,0.000252,-0.000187
2123,79,home,mask_home,environment,zone_out,goal_achieved,1.4016,-0.50000,-0.21670,-0.50000,-0.44535,0.19829,-0.000232,-0.000941,0.000000,-0.001961,0.000807
2124,79,home,mask_home,environment,network_actively,failed,-2.9183,-0.50000,-0.21693,-0.50000,-0.44638,0.19872,0.000000,-0.000230,0.000000,-0.001031,0.000436
2125,79,conference,mask_conference,environment,network_actively,goal_achieved,0.8416,0.35408,-0.20835,0.50000,0.50000,-0.34865,0.000413,-0.000514,0.000000,0.000000,-0.000546
2126,79,conference,mask_conference,environment,quick_scan,delayed,-2.0892,0.35466,-0.20838,0.50000,0.50000,-0.34949,0.000572,-0.000033,0.000000,0.000000,-0.000841
2127,79,conference,mask_conference,environment,network_actively,goal_achieved,0.8451,0.35507,-0.20890,0.50000,0.50000,-0.35004,0.000413,-0.000518,0.000000,0.000000,-0.000546
2128,79,conference,mask_conference,environment,take_notes,goal_achieved,1.2404,0.35550,-0.20899,0.50000,0.50000,-0.35044,0.000436,-0.000087,0.000000,0.000000,-0.000405
2129,79,conference,mask_conference,environment,network_actively,goal_achieved,0.8434,0.35592,-0.20950,0.50000,0.50000,-0.35099,0.000416,-0.000510,0.000000,0.000000,-0.000546
2130,79,conference,mask_conference,environment,network_actively,goal_achieved,0.8438,0.35634,-0.21001,0.50000,0.50000,-0.35154,0.000416,-0.000510,0.000000,0.000000,-0.000546
2131,79,conference,mask_conference,environment,network_actively,goal_achieved,0.8441,0.35675,-0.21052,0.50000,0.50000,-0.35208,0.000416,-0.000510,0.000000,0.000000,-0.000546
2132,79,conference,mask_conference,environment,deep_work,failed,-3.7676,0.35700,-0.21111,0.50000,0.50000,-0.35231,0.000243,-0.000594,0.000000,0.000000,-0.000230
2133,79,conference,mask_conference,environment,network_actively,goal_achieved,0.8472,0.35741,-0.21164,0.50000,0.50000,-0.35285,0.000410,-0.000522,0.000000,0.000000,-0.000540
2134,80,work,mask_work,environment,handle_backlog,goal_achieved,1.9431,0.50000,0.50000,-0.50000,-0.50000,-0.45166,0.000000,0.000000,0.000000,0.000000,-0.000508
2135,80,work,mask_work,environment,take_notes,delayed,-1.3631,0.50000,0.50000,-0.50000,-0.50000,-0.45248,0.000000,0.000000,0.000000,0.000000,-0.000820
2136,80,work,mask_work,environment,handle_backlog,failed,-2.4768,0.50000,0.50000,-0.50000,-0.50000,-0.45373,0.000000,0.000000,0.000000,0.000000,-0.001247
2137,80,work,mask_work,environment,deep_work,goal_achieved,1.8485,0.50000,0.50000,-0.50000,-0.50000,-0.45478,0.000000,0.000000,0.000000,0.000000,-0.001052
2138,80,work,mask_work,environment,tidy_up,failed,-2.4362,0.50000,0.50000,-0.50000,-0.50000,-0.45548,0.000000,0.000000,0.000000,0.000000,-0.000701
2139,80,work,mask_work,environment,network_actively,failed,-2.5526,0.50000,0.50000,-0.50000,-0.50000,-0.45641,0.000000,0.000000,0.000000,0.000000,-0.000931
2140,80,work,mask_work,environment,take_notes,failed,-2.2806,0.49997,0.50000,-0.50000,-0.50000,-0.45733,-0.000034,0.000000,0.000000,0.000000,-0.000919
2141,80,work,mask_work,environment,network_actively,failed,-2.5492,0.50000,0.50000,-0.50000,-0.50000,-0.45826,0.000034,0.000000,0.000000,0.000000,-0.000932
2142,80,work,mask_work,environment,deep_work,goal_achieved,1.8585,0.50000,0.50000,-0.50000,-0.50000,-0.45932,0.000000,0.000000,0.000000,0.000000,-0.001054
2143,80,home,mask_home,environment,rest_deeply,delayed,-0.5623,-0.50000,-0.21701,-0.50000,-0.44772,0.19944,0.000000,-0.000079,0.000000,-0.001346,0.000714
2144,80,home,mask_home,environment,zone_out,goal_achieved,1.3980,-0.50000,-0.21795,-0.50000,-0.44968,0.20024,0.000000,-0.000938,0.000000,-0.001961,0.000807
2145,80,home,mask_home,environment,rest_deeply,goal_achieved,1.6973,-0.50000,-0.21799,-0.50000,-0.45003,0.20027,0.000000,-0.000048,0.000000,-0.000345,0.000032
2146,80,home,mask_home,environment,quick_scan,failed,-2.8092,-0.50000,-0.21797,-0.50000,-0.45055,0.20020,0.000000,0.000021,0.000000,-0.000523,-0.000078
2147,80,home,mask_home,environment,rest_deeply,goal_achieved,1.7012,-0.50000,-0.21802,-0.50000,-0.45090,0.20022,0.000000,-0.000045,0.000000,-0.000342,0.000024
2148,80,home,mask_home,environment,rest_deeply,goal_achieved,1.7009,-0.50000,-0.21806,-0.50000,-0.45124,0.20024,0.000000,-0.000045,0.000000,-0.000341,0.000023
2149,80,home,mask_home,environment,rest_deeply,delayed,-0.5696,-0.50000,-0.21817,-0.50000,-0.45261,0.20098,0.000000,-0.000103,0.000000,-0.001373,0.000732
2150,80,home,mask_home,environment,rest_deeply,delayed,-0.5712,-0.50000,-0.21827,-0.50000,-0.45399,0.20171,0.000000,-0.000107,0.000000,-0.001377,0.000738
2151,80,home,mask_home,environment,rest_deeply,goal_achieved,1.6974,-0.50000,-0.21831,-0.50000,-0.45432,0.20173,0.000000,-0.000040,0.000000,-0.000332,0.000020
2152,80,conference,mask_conference,environment,take_notes,goal_achieved,1.2406,0.35784,-0.21174,0.50000,0.50000,-0.35325,0.000429,-0.000102,0.000000,0.000000,-0.000398
2153,80,conference,mask_conference,environment,take_notes,delayed,-2.2726,0.35787,-0.21284,0.50000,0.50000,-0.35343,0.000032,-0.001102,0.000000,0.000000,-0.000185
2154,80,conference,mask_conference,environment,take_notes,goal_achieved,1.2404,0.35830,-0.21294,0.50000,0.50000,-0.35383,0.000429,-0.000098,0.000000,0.000000,-0.000400
2155,80,conference,mask_conference,environment,network_actively,goal_achieved,0.8492,0.35870,-0.21346,0.50000,0.50000,-0.35437,0.000406,-0.000526,0.000000,0.000000,-0.000539
2156,80,conference,mask_conference,environment,network_actively,goal_achieved,0.8495,0.35911,-0.21399,0.50000,0.50000,-0.35491,0.000406,-0.000526,0.000000,0.000000,-0.000539
2157,80,conference,mask_conference,environment,network_actively,delayed,-0.3609,0.35906,-0.21381,0.49905,0.49930,-0.35444,-0.000051,0.000179,-0.000952,-0.000700,0.000467
2158,80,conference,mask_conference,environment,network_actively,goal_achieved,0.8511,0.35946,-0.21434,0.50000,0.50000,-0.35498,0.000406,-0.000529,0.000952,0.000700,-0.000536
2159,80,conference,mask_conference,environment,network_actively,delayed,-0.3610,0.35941,-0.21416,0.49905,0.49930,-0.35451,-0.000051,0.000179,-0.000953,-0.000701,0.000467
2160,80,conference,mask_conference,environment,network_actively,goal_achieved,0.8509,0.35982,-0.21469,0.50000,0.50000,-0.35505,0.000405,-0.000527,0.000953,0.000701,-0.000537
2161,81,work,mask_work,environment,take_notes,delayed,-1.3516,0.50000,0.50000,-0.50000,-0.50000,-0.46015,0.000000,0.000000,0.000000,0.000000,-0.000833
2162,81,work,mask_work,environment,network_actively,goal_achieved,1.8527,0.50000,0.49978,-0.49865,-0.49985,-0.46062,0.000000,-0.000216,0.001352,0.000149,-0.000470
2163,81,work,mask_work,environment,deep_work,delayed,-0.7178,0.49944,0.49993,-0.49838,-0.49970,-0.46024,-0.000563,0.000148,0.000264,0.000153,0.000386
2164,81,work,mask_work,environment,deep_work,goal_achieved,1.8578,0.50000,0.50000,-0.49977,-0.50000,-0.46129,0.000563,0.000068,-0.001387,-0.000302,-0.001053
2165,81,work,mask_work,environment,take_notes,goal_achieved,1.4368,0.50000,0.50000,-0.50000,-0.50000,-0.46185,0.000000,0.000000,-0.000229,0.000000,-0.000562
2166,81,work,mask_work,environment,handle_backlog,delayed,-1.3661,0.50000,0.50000,-0.50000,-0.50000,-0.46291,0.000000,0.000000,0.000000,0.000000,-0.001060
2167,81,work,mask_work,environment,take_notes,failed,-2.2750,0.49997,0.50000,-0.50000,-0.50000,-0.46383,-0.000032,0.000000,0.000000,0.000000,-0.000921
2168,81,work,mask_work,environment,network_actively,delayed,-1.4424,0.50000,0.50000,-0.50000,-0.50000,-0.46465,0.000032,0.000000,0.000000,0.000000,-0.000818
2169,81,work,mask_work,environment,deep_work,goal_achieved,1.8605,0.50000,0.50000,-0.50000,-0.50000,-0.46571,0.000000,0.000000,0.000000,0.000000,-0.001058
2170,81,home,mask_home,environment,rest_deeply,goal_achieved,1.6971,-0.50000,-0.21835,-0.50000,-0.45465,0.20175,0.000000,-0.000039,0.000000,-0.000332,0.000020
2171,81,home,mask_home,environment,rest_deeply,goal_achieved,1.6968,-0.50000,-0.21839,-0.50000,-0.45498,0.20177,0.000000,-0.000039,0.000000,-0.000331,0.000019
2172,81,home,mask_home,environment,zone_out,goal_achieved,1.3893,-0.50000,-0.21932,-0.50000,-0.45693,0.20257,0.000000,-0.000929,0.000000,-0.001950,0.000793
2173,81,home,mask_home,environment,zone_out,delayed,-1.3938,-0.49973,-0.21885,-0.50000,-0.45666,0.20239,0.000270,0.000472,0.000000,0.000266,-0.000181
2174,81,home,mask_home,environment,network_actively,goal_achieved,1.2223,-0.49874,-0.21819,-0.50000,-0.45540,0.20156,0.000992,0.000656,0.000000,0.001263,-0.000824
2175,81,home,mask_home,environment,rest_deeply,goal_achieved,1.6905,-0.49919,-0.21823,-0.50000,-0.45573,0.20158,-0.000453,-0.000039,0.000000,-0.000328,0.000017
2176,81,home,mask_home,environment,rest_deeply,goal_achieved,1.6901,-0.49964,-0.21827,-0.50000,-0.45606,0.20159,-0.000451,-0.000038,0.000000,-0.000326,0.000017
2177,81,home,mask_home,environment,tidy_up,goal_achieved,1.8325,-0.50000,-0.21806,-0.50000,-0.45659,0.20166,-0.000357,0.000212,0.000000,-0.000530,0.000061
2178,81,home,mask_home,environment,rest_deeply,goal_achieved,1.6882,-0.50000,-0.21809,-0.50000,-0.45691,0.20167,0.000000,-0.000033,0.000000,-0.000322,0.000014
2179,81,conference,mask_conference,environment,take_notes,delayed,-2.2690,0.35985,-0.21578,0.50000,0.50000,-0.35524,0.000030,-0.001094,0.000000,0.000000,-0.000186
2180,81,conference,mask_conference,environment,network_actively,delayed,-0.3554,0.35979,-0.21563,0.49908,0.49931,-0.35477,-0.000062,0.000154,-0.000921,-0.000689,0.000472
2181,81,conference,mask_conference,environment,network_actively,goal_achieved,0.8554,0.36018,-0.21617,0.50000,0.50000,-0.35530,0.000396,-0.000542,0.000921,0.000689,-0.000537
2182,81,conference,mask_conference,environment,network_actively,delayed,-0.3555,0.36012,-0.21601,0.49908,0.49931,-0.35483,-0.000062,0.000155,-0.000921,-0.000689,0.000472
2183,81,conference,mask_conference,environment,deep_work,delayed,-2.5602,0.36045,-0.21634,0.50000,0.50000,-0.35520,0.000328,-0.000327,0.000921,0.000689,-0.000368
2184,81,conference,mask_conference,environment,network_actively,goal_achieved,0.8528,0.36084,-0.21687,0.50000,0.50000,-0.35574,0.000397,-0.000531,0.000000,0.000000,-0.000543
2185,81,conference,mask_conference,environment,take_notes,goal_achieved,1.2489,0.36127,-0.21695,0.50000,0.50000,-0.35614,0.000426,-0.000082,0.000000,0.000000,-0.000402
2186,81,conference,mask_conference,environment,quick_scan,goal_achieved,1.0548,0.36101,-0.21809,0.50000,0.50000,-0.35537,-0.000258,-0.001140,0.000000,0.000000,0.000775
2187,81,conference,mask_conference,environment,network_actively,goal_achieved,0.8451,0.36141,-0.21861,0.50000,0.50000,-0.35591,0.000396,-0.000514,0.000000,0.000000,-0.000542
2188,82,work,mask_work,environment,deep_work,goal_achieved,1.8605,0.50000,0.50000,-0.50000,-0.50000,-0.46677,0.000000,0.000000,0.000000,0.000000,-0.001058
2189,82,work,mask_work,environment,rest_deeply,goal_achieved,2.1558,0.50000,0.50000,-0.50000,-0.50000,-0.46714,0.000000,0.000000,0.000000,0.000000,-0.000373
2190,82,work,mask_work,environment,deep_work,goal_achieved,1.8560,0.50000,0.50000,-0.50000,-0.50000,-0.46819,0.000000,0.000000,0.000000,0.000000,-0.001050
2191,82,work,mask_work,environment,take_notes,failed,-2.2824,0.49996,0.50000,-0.50000,-0.50000,-0.46911,-0.000038,0.000000,0.000000,0.000000,-0.000917
2192,82,work,mask_work,environment,handle_backlog,goal_achieved,1.9490,0.50000,0.50000,-0.50000,-0.50000,-0.46961,0.000038,0.000000,0.000000,0.000000,-0.000504
2193,82,work,mask_work,environment,handle_backlog,goal_achieved,1.9490,0.50000,0.50000,-0.50000,-0.50000,-0.47011,0.000000,0.000000,0.000000,0.000000,-0.000504
2194,82,work,mask_work,environment,deep_work,goal_achieved,1.8516,0.50000,0.50000,-0.50000,-0.50000,-0.47116,0.000000,0.000000,0.000000,0.000000,-0.001041
2195,82,work,mask_work,environment,tidy_up,failed,-2.4394,0.50000,0.50000,-0.50000,-0.50000,-0.47185,0.000000,0.000000,0.000000,0.000000,-0.000693
2196,82,work,mask_work,environment,tidy_up,goal_achieved,1.8797,0.49960,0.50000,-0.50000,-0.50000,-0.47270,-0.000399,0.000000,0.000000,0.000000,-0.000847
2197,82,home,mask_home,environment,rest_deeply,goal_achieved,1.6879,-0.50000,-0.21812,-0.50000,-0.45723,0.20168,0.000000,-0.000033,0.000000,-0.000322,0.000013
2198,82,home,mask_home,environment,network_actively,delayed,-1.9014,-0.50000,-0.21813,-0.50000,-0.45768,0.20180,0.000000,-0.000009,0.000000,-0.000453,0.000119
2199,82,home,mask_home,environment,zone_out,failed,-2.3313,-0.49900,-0.21718,-0.50000,-0.45666,0.20129,0.000998,0.000950,0.000000,0.001020,-0.000517
2200,82,home,mask_home,environment,zone_out,failed,-2.3325,-0.49801,-0.21623,-0.50000,-0.45565,0.20077,0.000990,0.000950,0.000000,0.001016,-0.000518
2201,82,home,mask_home,environment,network_actively,delayed,-1.8854,-0.49844,-0.21622,-0.50000,-0.45607,0.20087,-0.000425,0.000011,0.000000,-0.000425,0.000105
2202,82,home,mask_home,environment,rest_deeply,goal_achieved,1.7025,-0.49886,-0.21624,-0.50000,-0.45637,0.20087,-0.000421,-0.000015,0.000000,-0.000294,0.000001
2203,82,home,mask_home,environment,network_actively,failed,-2.9258,-0.49976,-0.21645,-0.50000,-0.45736,0.20129,-0.000905,-0.000209,0.000000,-0.000996,0.000419
2204,82,home,mask_home,environment,network_actively,failed,-2.9281,-0.50000,-0.21665,-0.50000,-0.45835,0.20171,-0.000237,-0.000208,0.000000,-0.000991,0.000418
2205,82,home,mask_home,environment,rest_deeply,goal_achieved,1.7014,-0.50000,-0.21666,-0.50000,-0.45864,0.20171,0.000000,-0.000011,0.000000,-0.000289,-0.000000
2206,82,conference,mask_conference,environment,tidy_up,failed,-3.6452,0.36172,-0.21901,0.50000,0.50000,-0.35624,0.000315,-0.000399,0.000000,0.000000,-0.000327
2207,82,conference,mask_conference,environment,network_actively,goal_achieved,0.8459,0.36212,-0.21952,0.50000,0.50000,-0.35678,0.000396,-0.000515,0.000000,0.000000,-0.000541
2208,82,conference,mask_conference,environment,network_actively,goal_achieved,0.8462,0.36251,-0.22004,0.50000,0.50000,-0.35732,0.000396,-0.000516,0.000000,0.000000,-0.000541
2209,82,conference,mask_conference,environment,rest_deeply,failed,-3.4481,0.36292,-0.22034,0.50000,0.50000,-0.35769,0.000410,-0.000304,0.000000,0.000000,-0.000370
2210,82,conference,mask_conference,environment,network_actively,goal_achieved,0.8492,0.36332,-0.22086,0.50000,0.50000,-0.35823,0.000399,-0.000514,0.000000,0.000000,-0.000541
2211,82,conference,mask_conference,environment,quick_scan,goal_achieved,1.0518,0.36307,-0.22198,0.50000,0.50000,-0.35746,-0.000254,-0.001128,0.000000,0.000000,0.000768
2212,82,conference,mask_conference,environment,network_actively,goal_achieved,0.8433,0.36346,-0.22249,0.50000,0.50000,-0.35800,0.000395,-0.000504,0.000000,0.000000,-0.000540
2213,82,conference,mask_conference,environment,network_actively,goal_achieved,0.8437,0.36386,-0.22299,0.50000,0.50000,-0.35854,0.000395,-0.000505,0.000000,0.000000,-0.000540
2214,82,conference,mask_conference,environment,network_actively,goal_achieved,0.8441,0.36425,-0.22350,0.50000,0.50000,-0.35908,0.000395,-0.000505,0.000000,0.000000,-0.000539
2215,83,work,mask_work,environment,handle_backlog,goal_achieved,1.9476,0.49992,0.50000,-0.50000,-0.50000,-0.47320,0.000315,0.000000,0.000000,0.000000,-0.000506
2216,83,work,mask_work,environment,take_notes,failed,-2.2952,0.49986,0.50000,-0.50000,-0.50000,-0.47410,-0.000052,0.000000,0.000000,0.000000,-0.000904
2217,83,work,mask_work,environment,deep_work,goal_achieved,1.8510,0.50000,0.50000,-0.50000,-0.50000,-0.47514,0.000135,0.000000,0.000000,0.000000,-0.001037
2218,83,work,mask_work,environment,deep_work,goal_achieved,1.8510,0.50000,0.50000,-0.50000,-0.50000,-0.47618,0.000000,0.000000,0.000000,0.000000,-0.001037
2219,83,work,mask_work,environment,deep_work,goal_achieved,1.8510,0.50000,0.50000,-0.50000,-0.50000,-0.47722,0.000000,0.000000,0.000000,0.000000,-0.001037
2220,83,work,mask_work,environment,network_actively,delayed,-1.4595,0.50000,0.50000,-0.50000,-0.50000,-0.47802,0.000000,0.000000,0.000000,0.000000,-0.000807
2221,83,work,mask_work,environment,deep_work,goal_achieved,1.8513,0.50000,0.50000,-0.50000,-0.50000,-0.47906,0.000000,0.000000,0.000000,0.000000,-0.001038
2222,83,work,mask_work,environment,rest_deeply,delayed,-1.3866,0.50000,0.50000,-0.50000,-0.50000,-0.47982,0.000000,0.000000,0.000000,0.000000,-0.000757
2223,83,work,mask_work,environment,handle_backlog,delayed,-1.3691,0.50000,0.50000,-0.50000,-0.50000,-0.48088,0.000000,0.000000,0.000000,0.000000,-0.001065
2224,83,home,mask_home,environment,rest_deeply,goal_achieved,1.7011,-0.50000,-0.21668,-0.50000,-0.45893,0.20171,0.000000,-0.000011,0.000000,-0.000288,-0.000000
2225,83,home,mask_home,environment,rest_deeply,goal_achieved,1.7008,-0.50000,-0.21669,-0.50000,-0.45922,0.20171,0.000000,-0.000011,0.000000,-0.000288,-0.000001
2226,83,home,mask_home,environment,zone_out,delayed,-1.4105,-0.49972,-0.21620,-0.50000,-0.45893,0.20152,0.000281,0.000485,0.000000,0.000284,-0.000194
2227,83,home,mask_home,environment,network_actively,goal_achieved,1.2283,-0.49869,-0.21552,-0.50000,-0.45762,0.20067,0.001034,0.000682,0.000000,0.001309,-0.000845
2228,83,home,mask_home,environment,rest_deeply,goal_achieved,1.7026,-0.49909,-0.21552,-0.50000,-0.45790,0.20067,-0.000404,-0.000006,0.000000,-0.000277,-0.000006
2229,83,home,mask_home,environment,zone_out,goal_achieved,1.3680,-0.50000,-0.21644,-0.50000,-0.45982,0.20144,-0.000910,-0.000919,0.000000,-0.001921,0.000778
2230,83,home,mask_home,environment,tidy_up,goal_achieved,1.8276,-0.50000,-0.21620,-0.50000,-0.46031,0.20148,0.000000,0.000239,0.000000,-0.000483,0.000039
2231,83,home,mask_home,environment,rest_deeply,goal_achieved,1.6927,-0.50000,-0.21621,-0.50000,-0.46059,0.20148,0.000000,-0.000006,0.000000,-0.000281,-0.000005
2232,83,home,mask_home,environment,zone_out,goal_achieved,1.3597,-0.50000,-0.21712,-0.50000,-0.46250,0.20225,0.000000,-0.000913,0.000000,-0.001915,0.000772
2233,83,conference,mask_conference,environment,quick_scan,failed,-3.1264,0.36509,-0.22316,0.50000,0.50000,-0.36047,0.000836,0.000341,0.000000,0.000000,-0.001385
2234,83,conference,mask_conference,environment,network_actively,goal_achieved,0.8507,0.36549,-0.22367,0.50000,0.50000,-0.36101,0.000396,-0.000514,0.000000,0.000000,-0.000540
2235,83,conference,mask_conference,environment,network_actively,goal_achieved,0.8511,0.36588,-0.22419,0.50000,0.50000,-0.36155,0.000396,-0.000515,0.000000,0.000000,-0.000539
2236,83,conference,mask_conference,environment,network_actively,delayed,-0.3612,0.36582,-0.22402,0.49907,0.49930,-0.36107,-0.000060,0.000166,-0.000929,-0.000702,0.000476
2237,83,conference,mask_conference,environment,network_actively,goal_achieved,0.8527,0.36622,-0.22454,0.50000,0.50000,-0.36161,0.000396,-0.000518,0.000929,0.000702,-0.000537
2238,83,conference,mask_conference,environment,network_actively,goal_achieved,0.8512,0.36661,-0.22505,0.50000,0.50000,-0.36215,0.000395,-0.000513,0.000000,0.000000,-0.000540
2239,83,conference,mask_conference,environment,network_actively,goal_achieved,0.8516,0.36701,-0.22556,0.50000,0.50000,-0.36269,0.000395,-0.000513,0.000000,0.000000,-0.000539
2240,83,conference,mask_conference,environment,network_actively,goal_achieved,0.8519,0.36740,-0.22608,0.50000,0.50000,-0.36322,0.000394,-0.000514,0.000000,0.000000,-0.000539
2241,83,conference,mask_conference,environment,network_actively,goal_achieved,0.8523,0.36780,-0.22659,0.50000,0.50000,-0.36376,0.000394,-0.000514,0.000000,0.000000,-0.000539
2242,84,work,mask_work,environment,handle_backlog,goal_achieved,1.9468,0.50000,0.50000,-0.50000,-0.50000,-0.48140,0.000000,0.000000,0.000000,0.000000,-0.000512
2243,84,work,mask_work,environment,take_notes,failed,-2.2988,0.49995,0.50000,-0.50000,-0.50000,-0.48231,-0.000046,0.000000,0.000000,0.000000,-0.000910
2244,84,work,mask_work,environment,tidy_up,delayed,-1.3603,0.50000,0.50000,-0.50000,-0.50000,-0.48304,0.000046,0.000000,0.000000,0.000000,-0.000735
2245,84,work,mask_work,environment,take_notes,goal_achieved,1.4191,0.50000,0.50000,-0.50000,-0.50000,-0.48360,0.000000,0.000000,0.000000,0.000000,-0.000557
2246,84,work,mask_work,environment,deep_work,goal_achieved,1.8520,0.50000,0.50000,-0.50000,-0.50000,-0.48463,0.000000,0.000000,0.000000,0.000000,-0.001037
2247,84,work,mask_work,environment,deep_work,goal_achieved,1.8520,0.50000,0.50000,-0.50000,-0.50000,-0.48567,0.000000,0.000000,0.000000,0.000000,-0.001037
2248,84,work,mask_work,environment,tidy_up,delayed,-1.3673,0.50000,0.50000,-0.50000,-0.50000,-0.48641,0.000000,0.000000,0.000000,0.000000,-0.000736
2249,84,work,mask_work,environment,deep_work,goal_achieved,1.8539,0.50000,0.50000,-0.50000,-0.50000,-0.48744,0.000000,0.000000,0.000000,0.000000,-0.001037
2250,84,work,mask_work,environment,network_actively,failed,-2.5615,0.50000,0.50000,-0.50000,-0.50000,-0.48837,0.000000,0.000000,0.000000,0.000000,-0.000927
2251,84,home,mask_home,environment,rest_deeply,delayed,-0.5858,-0.50000,-0.21723,-0.50000,-0.46387,0.20299,0.000000,-0.000103,0.000000,-0.001372,0.000747
2252,84,home,mask_home,environment,rest_deeply,goal_achieved,1.6831,-0.50000,-0.21724,-0.50000,-0.46416,0.20299,0.000000,-0.000009,0.000000,-0.000285,-0.000003
2253,84,home,mask_home,environment,network_actively,delayed,-1.9081,-0.50000,-0.21723,-0.50000,-0.46459,0.20310,0.000000,0.000008,0.000000,-0.000426,0.000109
2254,84,home,mask_home,environment,rest_deeply,goal_achieved,1.6822,-0.50000,-0.21724,-0.50000,-0.46487,0.20310,0.000000,-0.000008,0.000000,-0.000283,-0.000004
2255,84,home,mask_home,environment,quick_scan,goal_achieved,1.7079,-0.50000,-0.21739,-0.50000,-0.46547,0.20368,0.000000,-0.000152,0.000000,-0.000597,0.000582
2256,84,home,mask_home,environment,zone_out,delayed,-1.4256,-0.49968,-0.21690,-0.50000,-0.46516,0.20349,0.000316,0.000490,0.000000,0.000302,-0.000187
2257,84,home,mask_home,environment,rest_deeply,delayed,-0.5927,-0.50000,-0.21701,-0.50000,-0.46654,0.20425,-0.000316,-0.000107,0.000000,-0.001372,0.000763
2258,84,home,mask_home,environment,zone_out,delayed,-1.4221,-0.49968,-0.21651,-0.50000,-0.46623,0.20407,0.000318,0.000491,0.000000,0.000301,-0.000184
2259,84,home,mask_home,environment,zone_out,goal_achieved,1.3472,-0.50000,-0.21742,-0.50000,-0.46815,0.20485,-0.000318,-0.000910,0.000000,-0.001912,0.000780
2260,84,conference,mask_conference,environment,quick_scan,delayed,-2.0828,0.36836,-0.22663,0.50000,0.50000,-0.36460,0.000560,-0.000034,0.000000,0.000000,-0.000841
2261,84,conference,mask_conference,environment,quick_scan,goal_achieved,1.0503,0.36810,-0.22776,0.50000,0.50000,-0.36383,-0.000258,-0.001134,0.000000,0.000000,0.000770
2262,84,conference,mask_conference,environment,deep_work,delayed,-2.5762,0.36842,-0.22807,0.50000,0.50000,-0.36420,0.000324,-0.000307,0.000000,0.000000,-0.000369
2263,84,conference,mask_conference,environment,network_actively,goal_achieved,0.8491,0.36881,-0.22857,0.50000,0.50000,-0.36474,0.000392,-0.000505,0.000000,0.000000,-0.000539
2264,84,conference,mask_conference,environment,rest_deeply,failed,-3.4544,0.36922,-0.22887,0.50000,0.50000,-0.36511,0.000408,-0.000297,0.000000,0.000000,-0.000371
2265,84,conference,mask_conference,environment,network_actively,goal_achieved,0.8520,0.36962,-0.22937,0.50000,0.50000,-0.36565,0.000395,-0.000504,0.000000,0.000000,-0.000540
2266,84,conference,mask_conference,environment,network_actively,goal_achieved,0.8524,0.37001,-0.22988,0.50000,0.50000,-0.36619,0.000395,-0.000504,0.000000,0.000000,-0.000539
2267,84,conference,mask_conference,environment,network_actively,delayed,-0.3625,0.36995,-0.22971,0.49908,0.49929,-0.36572,-0.000059,0.000172,-0.000924,-0.000706,0.000478
2268,84,conference,mask_conference,environment,quick_scan,failed,-3.1229,0.37079,-0.22937,0.50000,0.50000,-0.36710,0.000836,0.000340,0.000924,0.000706,-0.001381
2269,85,work,mask_work,environment,network_actively,failed,-2.5615,0.50000,0.50000,-0.50000,-0.50000,-0.48930,0.000000,0.000000,0.000000,0.000000,-0.000927
2270,85,work,mask_work,environment,deep_work,goal_achieved,1.8561,0.50000,0.50000,-0.50000,-0.50000,-0.49034,0.000000,0.000000,0.000000,0.000000,-0.001039
2271,85,work,mask_work,environment,deep_work,goal_achieved,1.8561,0.50000,0.50000,-0.50000,-0.50000,-0.49138,0.000000,0.000000,0.000000,0.000000,-0.001039
2272,85,work,mask_work,environment,network_actively,goal_achieved,1.8382,0.50000,0.49977,-0.49867,-0.49987,-0.49184,0.000000,-0.000226,0.001334,0.000134,-0.000466
2273,85,work,mask_work,environment,take_notes,goal_achieved,1.4162,0.50000,0.50000,-0.50000,-0.50000,-0.49241,0.000000,0.000226,-0.001334,-0.000134,-0.000562
2274,85,work,mask_work,environment,take_notes,goal_achieved,1.4159,0.50000,0.50000,-0.50000,-0.50000,-0.49297,0.000000,0.000000,0.000000,0.000000,-0.000562
2275,85,work,mask_work,environment,rest_deeply,failed,-2.5756,0.50000,0.50000,-0.50000,-0.50000,-0.49386,0.000000,0.000000,0.000000,0.000000,-0.000889
2276,85,work,mask_work,environment,deep_work,goal_achieved,1.8455,0.50000,0.50000,-0.50000,-0.50000,-0.49489,0.000000,0.000000,0.000000,0.000000,-0.001036
2277,85,work,mask_work,environment,take_notes,goal_achieved,1.4162,0.50000,0.50000,-0.50000,-0.50000,-0.49546,0.000000,0.000000,0.000000,0.000000,-0.000566
2278,85,home,mask_home,environment,zone_out,goal_achieved,1.3428,-0.50000,-0.21833,-0.50000,-0.47005,0.20563,0.000000,-0.000908,0.000000,-0.001908,0.000777
2279,85,home,mask_home,environment,quick_scan,failed,-2.8429,-0.50000,-0.21829,-0.50000,-0.47054,0.20554,0.000000,0.000037,0.000000,-0.000488,-0.000084
2280,85,home,mask_home,environment,rest_deeply,goal_achieved,1.6685,-0.50000,-0.21830,-0.50000,-0.47082,0.20554,0.000000,-0.000006,0.000000,-0.000277,-0.000002
2281,85,home,mask_home,environment,rest_deeply,goal_achieved,1.6682,-0.50000,-0.21831,-0.50000,-0.47110,0.20554,0.000000,-0.000006,0.000000,-0.000276,-0.000003
2282,85,home,mask_home,environment,network_actively,failed,-2.9688,-0.50000,-0.21852,-0.50000,-0.47209,0.20597,0.000000,-0.000217,0.000000,-0.000989,0.000429
2283,85,home,mask_home,environment,quick_scan,failed,-2.8465,-0.50000,-0.21849,-0.50000,-0.47257,0.20588,0.000000,0.000036,0.000000,-0.000487,-0.000083
2284,85,home,mask_home,environment,rest_deeply,goal_achieved,1.6717,-0.50000,-0.21849,-0.50000,-0.47285,0.20587,0.000000,-0.000002,0.000000,-0.000273,-0.000010
2285,85,home,mask_home,environment,network_actively,failed,-2.9682,-0.50000,-0.21870,-0.50000,-0.47383,0.20630,0.000000,-0.000214,0.000000,-0.000983,0.000422
2286,85,home,mask_home,environment,rest_deeply,goal_achieved,1.6712,-0.50000,-0.21871,-0.50000,-0.47410,0.20629,0.000000,-0.000001,0.000000,-0.000272,-0.000010
2287,85,conference,mask_conference,environment,network_actively,goal_achieved,0.8583,0.37118,-0.22988,0.50000,0.50000,-0.36764,0.000396,-0.000512,0.000000,0.000000,-0.000541
2288,85,conference,mask_conference,environment,network_actively,goal_achieved,0.8586,0.37158,-0.23039,0.50000,0.50000,-0.36818,0.000396,-0.000512,0.000000,0.000000,-0.000540
2289,85,conference,mask_conference,environment,network_actively,delayed,-0.3595,0.37153,-0.23021,0.49908,0.49930,-0.36771,-0.000053,0.000179,-0.000922,-0.000699,0.000469
2290,85,conference,mask_conference,environment,take_notes,delayed,-2.2634,0.37155,-0.23129,0.50000,0.50000,-0.36789,0.000027,-0.001079,0.000922,0.000699,-0.000186
2291,85,conference,mask_conference,environment,quick_scan,goal_achieved,1.0596,0.37129,-0.23243,0.50000,0.50000,-0.36712,-0.000266,-0.001141,0.000000,0.000000,0.000770
2292,85,conference,mask_conference,environment,network_actively,goal_achieved,0.8567,0.37167,-0.23295,0.50000,0.50000,-0.36766,0.000385,-0.000515,0.000000,0.000000,-0.000540
2293,85,conference,mask_conference,environment,network_actively,goal_achieved,0.8570,0.37206,-0.23346,0.50000,0.50000,-0.36820,0.000384,-0.000515,0.000000,0.000000,-0.000539
2294,85,conference,mask_conference,environment,network_actively,delayed,-0.3579,0.37199,-0.23331,0.49910,0.49930,-0.36772,-0.000070,0.000150,-0.000895,-0.000696,0.000483
2295,85,conference,mask_conference,environment,deep_work,failed,-3.7518,0.37220,-0.23392,0.50000,0.50000,-0.36794,0.000213,-0.000607,0.000895,0.000696,-0.000219
2296,86,work,mask_work,environment,network_actively,failed,-2.5777,0.50000,0.50000,-0.50000,-0.50000,-0.49639,0.000000,0.000000,0.000000,0.000000,-0.000929
2297,86,work,mask_work,environment,rest_deeply,failed,-2.5802,0.50000,0.50000,-0.50000,-0.50000,-0.49728,0.000000,0.000000,0.000000,0.000000,-0.000890
2298,86,work,mask_work,environment,take_notes,failed,-2.2975,0.49998,0.50000,-0.50000,-0.50000,-0.49820,-0.000022,0.000000,0.000000,0.000000,-0.000922
2299,86,work,mask_work,environment,deep_work,goal_achieved,1.8463,0.50000,0.50000,-0.50000,-0.50000,-0.49924,0.000022,0.000000,0.000000,0.000000,-0.001039
2300,86,work,mask_work,environment,deep_work,goal_achieved,1.8463,0.50000,0.50000,-0.50000,-0.50000,-0.50000,0.000000,0.000000,0.000000,0.000000,-0.000762
2301,86,work,mask_work,environment,rest_deeply,failed,-2.5789,0.50000,0.50000,-0.50000,-0.50000,-0.50000,0.000000,0.000000,0.000000,0.000000,0.000000
2302,86,work,mask_work,environment,tidy_up,failed,-2.4595,0.50000,0.50000,-0.50000,-0.50000,-0.50000,0.000000,0.000000,0.000000,0.000000,0.000000
2303,86,work,mask_work,environment,tidy_up,goal_achieved,1.8595,0.49963,0.50000,-0.50000,-0.50000,-0.50000,-0.000368,0.000000,0.000000,0.000000,0.000000
2304,86,work,mask_work,environment,take_notes,goal_achieved,1.4173,0.50000,0.50000,-0.50000,-0.50000,-0.50000,0.000368,0.000000,0.000000,0.000000,0.000000
2305,86,home,mask_home,environment,rest_deeply,goal_achieved,1.6710,-0.50000,-0.21871,-0.50000,-0.47437,0.20628,0.000000,-0.000001,0.000000,-0.000271,-0.000010
2306,86,home,mask_home,environment,rest_deeply,goal_achieved,1.6707,-0.50000,-0.21871,-0.50000,-0.47464,0.20627,0.000000,-0.000001,0.000000,-0.000270,-0.000011
2307,86,home,mask_home,environment,network_actively,failed,-2.9746,-0.50000,-0.21892,-0.50000,-0.47562,0.20668,0.000000,-0.000212,0.000000,-0.000976,0.000419
2308,86,home,mask_home,environment,rest_deeply,goal_achieved,1.6703,-0.50000,-0.21892,-0.50000,-0.47589,0.20667,0.000000,0.000001,0.000000,-0.000269,-0.000011
2309,86,home,mask_home,environment,tidy_up,delayed,-1.8377,-0.50000,-0.21931,-0.50000,-0.47646,0.20700,0.000000,-0.000395,0.000000,-0.000570,0.000331
2310,86,home,mask_home,environment,network_actively,failed,-2.9778,-0.50000,-0.21953,-0.50000,-0.47743,0.20742,0.000000,-0.000216,0.000000,-0.000972,0.000420
2311,86,home,mask_home,environment,rest_deeply,goal_achieved,1.6701,-0.50000,-0.21953,-0.50000,-0.47770,0.20741,0.000000,-0.000001,0.000000,-0.000266,-0.000010
2312,86,home,mask_home,environment,network_actively,delayed,-1.9300,-0.50000,-0.21952,-0.50000,-0.47811,0.20752,0.000000,0.000006,0.000000,-0.000412,0.000109
2313,86,home,mask_home,environment,quick_scan,delayed,-1.7212,-0.50000,-0.21954,-0.50000,-0.47861,0.20761,0.000000,-0.000013,0.000000,-0.000505,0.000085
2314,86,conference,mask_conference,environment,network_actively,goal_achieved,0.8589,0.37258,-0.23444,0.50000,0.50000,-0.36848,0.000380,-0.000521,0.000000,0.000000,-0.000536
2315,86,conference,mask_conference,environment,rest_deeply,failed,-3.4412,0.37297,-0.23475,0.50000,0.50000,-0.36884,0.000393,-0.000316,0.000000,0.000000,-0.000364
2316,86,conference,mask_conference,environment,network_actively,goal_achieved,0.8616,0.37336,-0.23527,0.50000,0.50000,-0.36938,0.000383,-0.000520,0.000000,0.000000,-0.000536
2317,86,conference,mask_conference,environment,network_actively,goal_achieved,0.8620,0.37374,-0.23579,0.50000,0.50000,-0.36991,0.000382,-0.000520,0.000000,0.000000,-0.000536
2318,86,conference,mask_conference,environment,network_actively,goal_achieved,0.8623,0.37412,-0.23631,0.50000,0.50000,-0.37045,0.000382,-0.000520,0.000000,0.000000,-0.000536
2319,86,conference,mask_conference,environment,network_actively,goal_achieved,0.8627,0.37450,-0.23683,0.50000,0.50000,-0.37098,0.000381,-0.000520,0.000000,0.000000,-0.000536
2320,86,conference,mask_conference,environment,network_actively,goal_achieved,0.8630,0.37488,-0.23735,0.50000,0.50000,-0.37152,0.000381,-0.000520,0.000000,0.000000,-0.000535
2321,86,conference,mask_conference,environment,quick_scan,goal_achieved,1.0586,0.37461,-0.23849,0.50000,0.50000,-0.37075,-0.000269,-0.001134,0.000000,0.000000,0.000768
2322,86,conference,mask_conference,environment,rest_deeply,failed,-3.4490,0.37500,-0.23880,0.50000,0.50000,-0.37111,0.000390,-0.000311,0.000000,0.000000,-0.000363
2323,87,work,mask_work,environment,deep_work,goal_achieved,1.8424,0.50000,0.50000,-0.50000,-0.50000,-0.50000,0.000000,0.000000,0.000000,0.000000,0.000000
2324,87,work,mask_work,environment,take_notes,goal_achieved,1.4163,0.50000,0.50000,-0.50000,-0.50000,-0.50000,0.000000,0.000000,0.000000,0.000000,0.000000
2325,87,work,mask_work,environment,deep_work,goal_achieved,1.8378,0.50000,0.50000,-0.50000,-0.50000,-0.50000,0.000000,0.000000,0.000000,0.000000,0.000000
2326,87,work,mask_work,environment,network_actively,failed,-2.5856,0.50000,0.50000,-0.50000,-0.50000,-0.50000,0.000000,0.000000,0.000000,0.000000,0.000000
2327,87,work,mask_work,environment,handle_backlog,goal_achieved,1.9240,0.50000,0.50000,-0.50000,-0.50000,-0.50000,0.000000,0.000000,0.000000,0.000000,0.000000
2328,87,work,mask_work,environment,network_actively,failed,-2.5890,0.50000,0.50000,-0.50000,-0.50000,-0.50000,0.000000,0.000000,0.000000,0.000000,0.000000
2329,87,work,mask_work,environment,take_notes,failed,-2.3019,0.49998,0.50000,-0.50000,-0.50000,-0.50000,-0.000020,0.000000,0.000000,0.000000,0.000000
2330,87,work,mask_work,environment,take_notes,failed,-2.3019,0.49996,0.50000,-0.50000,-0.50000,-0.50000,-0.000020,0.000000,0.000000,0.000000,0.000000
2331,87,work,mask_work,environment,take_notes,goal_achieved,1.4141,0.50000,0.50000,-0.50000,-0.50000,-0.50000,0.000039,0.000000,0.000000,0.000000,0.000000
2332,87,home,mask_home,environment,network_actively,failed,-2.9810,-0.50000,-0.21975,-0.50000,-0.47958,0.20802,0.000000,-0.000213,0.000000,-0.000965,0.000416
2333,87,home,mask_home,environment,quick_scan,failed,-2.8571,-0.50000,-0.21972,-0.50000,-0.48006,0.20794,0.000000,0.000031,0.000000,-0.000482,-0.000079
2334,87,home,mask_home,environment,rest_deeply,goal_achieved,1.6734,-0.50000,-0.21971,-0.50000,-0.48032,0.20792,0.000000,0.000005,0.000000,-0.000260,-0.000020
2335,87,home,mask_home,environment,step_away,goal_achieved,1.8670,-0.50000,-0.21972,-0.50000,-0.48096,0.20820,0.000000,-0.000003,0.000000,-0.000641,0.000274
2336,87,home,mask_home,environment,step_away,goal_achieved,1.8661,-0.50000,-0.21972,-0.50000,-0.48160,0.20847,0.000000,-0.000002,0.000000,-0.000640,0.000275
2337,87,home,mask_home,environment,rest_deeply,goal_achieved,1.6581,-0.50000,-0.21970,-0.50000,-0.48189,0.20848,0.000000,0.000016,0.000000,-0.000292,0.000011
2338,87,home,mask_home,environment,network_actively,delayed,-1.9447,-0.50000,-0.21968,-0.50000,-0.48233,0.20862,0.000000,0.000021,0.000000,-0.000440,0.000132
2339,87,home,mask_home,environment,quick_scan,goal_achieved,1.6641,-0.50000,-0.21982,-0.50000,-0.48294,0.20922,0.000000,-0.000132,0.000000,-0.000602,0.000610
2340,87,home,mask_home,environment,zone_out,delayed,-1.4433,-0.49963,-0.21931,-0.50000,-0.48265,0.20907,0.000368,0.000501,0.000000,0.000290,-0.000153
2341,87,conference,mask_conference,environment,network_actively,goal_achieved,0.8596,0.37538,-0.23931,0.50000,0.50000,-0.37165,0.000381,-0.000509,0.000000,0.000000,-0.000535
2342,87,conference,mask_conference,environment,network_actively,delayed,-0.3555,0.37531,-0.23917,0.49914,0.49931,-0.37115,-0.000075,0.000138,-0.000859,-0.000692,0.000495
2343,87,conference,mask_conference,environment,network_actively,goal_achieved,0.8610,0.37569,-0.23968,0.50000,0.50000,-0.37169,0.000381,-0.000511,0.000859,0.000692,-0.000534
2344,87,conference,mask_conference,environment,take_notes,goal_achieved,1.2430,0.37611,-0.23974,0.50000,0.50000,-0.37209,0.000416,-0.000057,0.000000,0.000000,-0.000398
2345,87,conference,mask_conference,environment,network_actively,goal_achieved,0.8580,0.37649,-0.24024,0.50000,0.50000,-0.37262,0.000383,-0.000500,0.000000,0.000000,-0.000536
2346,87,conference,mask_conference,environment,network_actively,goal_achieved,0.8584,0.37687,-0.24074,0.50000,0.50000,-0.37316,0.000383,-0.000500,0.000000,0.000000,-0.000536
2347,87,conference,mask_conference,environment,quick_scan,delayed,-2.0717,0.37743,-0.24076,0.50000,0.50000,-0.37401,0.000557,-0.000019,0.000000,0.000000,-0.000851
2348,87,conference,mask_conference,environment,rest_deeply,failed,-3.4467,0.37782,-0.24106,0.50000,0.50000,-0.37437,0.000394,-0.000305,0.000000,0.000000,-0.000364
2349,87,conference,mask_conference,environment,network_actively,goal_achieved,0.8641,0.37821,-0.24156,0.50000,0.50000,-0.37491,0.000386,-0.000504,0.000000,0.000000,-0.000536
2350,88,work,mask_work,environment,take_notes,failed,-2.3019,0.49998,0.50000,-0.50000,-0.50000,-0.50000,-0.000020,0.000000,0.000000,0.000000,0.000000
2351,88,work,mask_work,environment,take_notes,goal_achieved,1.4141,0.50000,0.50000,-0.50000,-0.50000,-0.50000,0.000020,0.000000,0.000000,0.000000,0.000000
2352,88,work,mask_work,environment,network_actively,delayed,-1.4880,0.50000,0.50000,-0.50000,-0.50000,-0.50000,0.000000,0.000000,0.000000,0.000000,0.000000
2353,88,work,mask_work,environment,deep_work,goal_achieved,1.8373,0.50000,0.50000,-0.50000,-0.50000,-0.50000,0.000000,0.000000,0.000000,0.000000,0.000000
2354,88,work,mask_work,environment,tidy_up,failed,-2.4722,0.50000,0.50000,-0.50000,-0.50000,-0.50000,0.000000,0.000000,0.000000,0.000000,0.000000
2355,88,work,mask_work,environment,take_notes,failed,-2.2987,0.49999,0.50000,-0.50000,-0.50000,-0.50000,-0.000008,0.000000,0.000000,0.000000,0.000000
2356,88,work,mask_work,environment,take_notes,failed,-2.2987,0.49998,0.50000,-0.50000,-0.50000,-0.50000,-0.000008,0.000000,0.000000,0.000000,0.000000
2357,88,work,mask_work,environment,deep_work,goal_achieved,1.8474,0.50000,0.50000,-0.50000,-0.50000,-0.50000,0.000015,0.000000,0.000000,0.000000,0.000000
2358,88,work,mask_work,environment,take_notes,delayed,-1.3707,0.50000,0.50000,-0.50000,-0.50000,-0.50000,0.000000,0.000000,0.000000,0.000000,0.000000
2359,88,home,mask_home,environment,rest_deeply,goal_achieved,1.6533,-0.49998,-0.21929,-0.50000,-0.48293,0.20909,-0.000353,0.000020,0.000000,-0.000282,0.000016
2360,88,home,mask_home,environment,network_actively,failed,-3.0045,-0.50000,-0.21949,-0.50000,-0.48391,0.20953,-0.000015,-0.000196,0.000000,-0.000980,0.000445
2361,88,home,mask_home,environment,quick_scan,goal_achieved,1.6649,-0.50000,-0.21961,-0.50000,-0.48450,0.21014,0.000000,-0.000125,0.000000,-0.000591,0.000605
2362,88,home,mask_home,environment,quick_scan,failed,-2.8758,-0.50000,-0.21957,-0.50000,-0.48500,0.21009,0.000000,0.000047,0.000000,-0.000504,-0.000049
2363,88,home,mask_home,environment,rest_deeply,goal_achieved,1.6486,-0.50000,-0.21954,-0.50000,-0.48528,0.21011,0.000000,0.000023,0.000000,-0.000277,0.000018
2364,88,home,mask_home,environment,rest_deeply,goal_achieved,1.6482,-0.50000,-0.21952,-0.50000,-0.48556,0.21012,0.000000,0.000024,0.000000,-0.000276,0.000018
2365,88,home,mask_home,environment,rest_deeply,delayed,-0.6250,-0.50000,-0.21969,-0.50000,-0.48704,0.21100,0.000000,-0.000170,0.000000,-0.001484,0.000875
2366,88,home,mask_home,environment,network_actively,failed,-3.0124,-0.50000,-0.21988,-0.50000,-0.48801,0.21145,0.000000,-0.000193,0.000000,-0.000972,0.000448
2367,88,home,mask_home,environment,network_actively,goal_achieved,1.2153,-0.49900,-0.21920,-0.50000,-0.48680,0.21067,0.000999,0.000687,0.000000,0.001210,-0.000777
2368,88,conference,mask_conference,environment,network_actively,delayed,-0.3548,0.37815,-0.24141,0.49914,0.49931,-0.37442,-0.000065,0.000155,-0.000861,-0.000691,0.000488
2369,88,conference,mask_conference,environment,network_actively,goal_achieved,0.8655,0.37853,-0.24192,0.50000,0.50000,-0.37496,0.000386,-0.000506,0.000861,0.000691,-0.000534
2370,88,conference,mask_conference,environment,network_actively,goal_achieved,0.8642,0.37892,-0.24242,0.50000,0.50000,-0.37549,0.000386,-0.000502,0.000000,0.000000,-0.000537
2371,88,conference,mask_conference,environment,quick_scan,goal_achieved,1.0618,0.37865,-0.24353,0.50000,0.50000,-0.37473,-0.000263,-0.001114,0.000000,0.000000,0.000763
2372,88,conference,mask_conference,environment,quick_scan,delayed,-2.0691,0.37921,-0.24354,0.50000,0.50000,-0.37559,0.000560,-0.000009,0.000000,0.000000,-0.000855
2373,88,conference,mask_conference,environment,network_actively,goal_achieved,0.8617,0.37960,-0.24404,0.50000,0.50000,-0.37612,0.000383,-0.000497,0.000000,0.000000,-0.000536
2374,88,conference,mask_conference,environment,take_notes,delayed,-2.2697,0.37962,-0.24509,0.50000,0.50000,-0.37631,0.000021,-0.001054,0.000000,0.000000,-0.000184
2375,88,conference,mask_conference,environment,network_actively,goal_achieved,0.8660,0.37999,-0.24560,0.50000,0.50000,-0.37684,0.000376,-0.000510,0.000000,0.000000,-0.000535
2376,88,conference,mask_conference,environment,network_actively,goal_achieved,0.8664,0.38037,-0.24611,0.50000,0.50000,-0.37738,0.000375,-0.000510,0.000000,0.000000,-0.000535
2377,89,work,mask_work,environment,take_notes,failed,-2.2997,0.49999,0.50000,-0.50000,-0.50000,-0.50000,-0.000007,0.000000,0.000000,0.000000,0.000000
2378,89,work,mask_work,environment,deep_work,goal_achieved,1.8516,0.50000,0.50000,-0.50000,-0.50000,-0.50000,0.000007,0.000000,0.000000,0.000000,0.000000
2379,89,work,mask_work,environment,take_notes,failed,-2.3006,0.49999,0.50000,-0.50000,-0.50000,-0.50000,-0.000005,0.000000,0.000000,0.000000,0.000000
2380,89,work,mask_work,environment,network_actively,failed,-2.5740,0.50000,0.50000,-0.50000,-0.50000,-0.50000,0.000005,0.000000,0.000000,0.000000,0.000000
2381,89,work,mask_work,environment,deep_work,goal_achieved,1.8557,0.50000,0.50000,-0.50000,-0.50000,-0.50000,0.000000,0.000000,0.000000,0.000000,0.000000
2382,89,work,mask_work,environment,tidy_up,goal_achieved,1.8586,0.49963,0.50000,-0.50000,-0.50000,-0.50000,-0.000370,0.000000,0.000000,0.000000,0.000000
2383,89,work,mask_work,environment,take_notes,goal_achieved,1.4114,0.50000,0.50000,-0.50000,-0.50000,-0.50000,0.000370,0.000000,0.000000,0.000000,0.000000
2384,89,work,mask_work,environment,handle_backlog,delayed,-1.3840,0.50000,0.50000,-0.50000,-0.50000,-0.50000,0.000000,0.000000,0.000000,0.000000,0.000000
2385,89,work,mask_work,environment,handle_backlog,goal_achieved,1.9319,0.50000,0.50000,-0.50000,-0.50000,-0.50000,0.000000,0.000000,0.000000,0.000000,0.000000
2386,89,home,mask_home,environment,network_actively,delayed,-1.9551,-0.49936,-0.21917,-0.50000,-0.48723,0.21081,-0.000355,0.000026,0.000000,-0.000428,0.000142
2387,89,home,mask_home,environment,zone_out,delayed,-1.4501,-0.49897,-0.21866,-0.50000,-0.48693,0.21066,0.000387,0.000505,0.000000,0.000299,-0.000149
2388,89,home,mask_home,environment,zone_out,delayed,-1.4503,-0.49858,-0.21816,-0.50000,-0.48663,0.21051,0.000385,0.000505,0.000000,0.000298,-0.000149
2389,89,home,mask_home,environment,quick_scan,failed,-2.8722,-0.49915,-0.21810,-0.50000,-0.48711,0.21046,-0.000570,0.000061,0.000000,-0.000482,-0.000058
2390,89,home,mask_home,environment,zone_out,delayed,-1.4470,-0.49877,-0.21759,-0.50000,-0.48681,0.21030,0.000382,0.000508,0.000000,0.000300,-0.000156
2391,89,home,mask_home,environment,rest_deeply,goal_achieved,1.6579,-0.49909,-0.21755,-0.50000,-0.48706,0.21030,-0.000315,0.000043,0.000000,-0.000244,-0.000001
2392,89,home,mask_home,environment,rest_deeply,goal_achieved,1.6575,-0.49940,-0.21750,-0.50000,-0.48730,0.21030,-0.000313,0.000044,0.000000,-0.000243,-0.000002
2393,89,home,mask_home,environment,zone_out,failed,-2.3628,-0.49829,-0.21653,-0.50000,-0.48626,0.20983,0.001114,0.000972,0.000000,0.001038,-0.000468
2394,89,home,mask_home,environment,network_actively,failed,-2.9920,-0.49906,-0.21670,-0.50000,-0.48720,0.21026,-0.000777,-0.000167,0.000000,-0.000936,0.000425
2395,89,conference,mask_conference,environment,rest_deeply,failed,-3.4446,0.38075,-0.24643,0.50000,0.50000,-0.37774,0.000383,-0.000315,0.000000,0.000000,-0.000362
2396,89,conference,mask_conference,environment,network_actively,goal_achieved,0.8688,0.38113,-0.24694,0.50000,0.50000,-0.37827,0.000377,-0.000509,0.000000,0.000000,-0.000535
2397,89,conference,mask_conference,environment,network_actively,goal_achieved,0.8692,0.38151,-0.24744,0.50000,0.50000,-0.37881,0.000377,-0.000509,0.000000,0.000000,-0.000535
2398,89,conference,mask_conference,environment,network_actively,goal_achieved,0.8695,0.38188,-0.24795,0.50000,0.50000,-0.37934,0.000377,-0.000509,0.000000,0.000000,-0.000535
2399,89,conference,mask_conference,environment,take_notes,goal_achieved,1.2432,0.38230,-0.24800,0.50000,0.50000,-0.37975,0.000419,-0.000050,0.000000,0.000000,-0.000402
2400,89,conference,mask_conference,environment,network_actively,goal_achieved,0.8683,0.38268,-0.24851,0.50000,0.50000,-0.38028,0.000379,-0.000503,0.000000,0.000000,-0.000535
2401,89,conference,mask_conference,environment,quick_scan,goal_achieved,1.0605,0.38242,-0.24962,0.50000,0.50000,-0.37952,-0.000266,-0.001115,0.000000,0.000000,0.000760
2402,89,conference,mask_conference,environment,network_actively,goal_achieved,0.8628,0.38279,-0.25012,0.50000,0.50000,-0.38005,0.000376,-0.000493,0.000000,0.000000,-0.000534
2403,89,conference,mask_conference,environment,network_actively,goal_achieved,0.8632,0.38317,-0.25061,0.50000,0.50000,-0.38059,0.000376,-0.000494,0.000000,0.000000,-0.000534
2404,90,work,mask_work,environment,deep_work,goal_achieved,1.8477,0.50000,0.50000,-0.50000,-0.50000,-0.50000,0.000000,0.000000,0.000000,0.000000,0.000000
2405,90,work,mask_work,environment,network_actively,failed,-2.5838,0.50000,0.50000,-0.50000,-0.50000,-0.50000,0.000000,0.000000,0.000000,0.000000,0.000000
2406,90,work,mask_work,environment,tidy_up,failed,-2.4641,0.50000,0.50000,-0.50000,-0.50000,-0.50000,0.000000,0.000000,0.000000,0.000000,0.000000
2407,90,work,mask_work,environment,deep_work,goal_achieved,1.8525,0.50000,0.50000,-0.50000,-0.50000,-0.50000,0.000000,0.000000,0.000000,0.000000,0.000000
2408,90,work,mask_work,environment,deep_work,goal_achieved,1.8525,0.50000,0.50000,-0.50000,-0.50000,-0.50000,0.000000,0.000000,0.000000,0.000000,0.000000
2409,90,work,mask_work,environment,handle_backlog,delayed,-1.3819,0.50000,0.50000,-0.50000,-0.50000,-0.50000,0.000000,0.000000,0.000000,0.000000,0.000000
2410,90,work,mask_work,environment,deep_work,delayed,-0.7191,0.49946,0.50000,-0.49978,-0.49987,-0.49961,-0.000543,0.000000,0.000219,0.000126,0.000394
2411,90,work,mask_work,environment,deep_work,delayed,-0.7191,0.49891,0.50000,-0.49956,-0.49975,-0.49921,-0.000543,0.000000,0.000219,0.000126,0.000394
2412,90,work,mask_work,environment,handle_backlog,goal_achieved,1.9427,0.49928,0.50000,-0.50000,-0.50000,-0.49974,0.000370,0.000000,-0.000437,-0.000252,-0.000527
2413,90,home,mask_home,environment,rest_deeply,goal_achieved,1.6642,-0.49936,-0.21665,-0.50000,-0.48743,0.21025,-0.000301,0.000052,0.000000,-0.000231,-0.000007
2414,90,home,mask_home,environment,rest_deeply,goal_achieved,1.6638,-0.49966,-0.21659,-0.50000,-0.48766,0.21024,-0.000299,0.000053,0.000000,-0.000229,-0.000007
2415,90,home,mask_home,environment,rest_deeply,goal_achieved,1.6634,-0.49996,-0.21654,-0.50000,-0.48789,0.21023,-0.000298,0.000053,0.000000,-0.000228,-0.000008
2416,90,home,mask_home,environment,zone_out,delayed,-1.4538,-0.49958,-0.21603,-0.50000,-0.48758,0.21007,0.000384,0.000512,0.000000,0.000306,-0.000161
2417,90,home,mask_home,environment,zone_out,goal_achieved,1.2855,-0.50000,-0.21691,-0.50000,-0.48948,0.21085,-0.000422,-0.000879,0.000000,-0.001900,0.000772
2418,90,home,mask_home,environment,rest_deeply,goal_achieved,1.6586,-0.50000,-0.21685,-0.50000,-0.48971,0.21084,0.000000,0.000054,0.000000,-0.000228,-0.000008
2419,90,home,mask_home,environment,zone_out,delayed,-1.4560,-0.49961,-0.21634,-0.50000,-0.48940,0.21068,0.000392,0.000513,0.000000,0.000310,-0.000160
2420,90,home,mask_home,environment,rest_deeply,goal_achieved,1.6619,-0.49990,-0.21628,-0.50000,-0.48962,0.21067,-0.000291,0.000057,0.000000,-0.000222,-0.000010
2421,90,home,mask_home,environment,rest_deeply,goal_achieved,1.6615,-0.50000,-0.21623,-0.50000,-0.48984,0.21066,-0.000101,0.000058,0.000000,-0.000221,-0.000011
2422,90,conference,mask_conference,environment,network_actively,goal_achieved,0.8636,0.38354,-0.25110,0.50000,0.50000,-0.38112,0.000376,-0.000494,0.000000,0.000000,-0.000533
2423,90,conference,mask_conference,environment,quick_scan,goal_achieved,1.0556,0.38328,-0.25221,0.50000,0.50000,-0.38037,-0.000266,-0.001103,0.000000,0.000000,0.000754
2424,90,conference,mask_conference,environment,network_actively,goal_achieved,0.8581,0.38365,-0.25269,0.50000,0.50000,-0.38090,0.000373,-0.000484,0.000000,0.000000,-0.000533
2425,90,conference,mask_conference,environment,rest_deeply,failed,-3.4604,0.38403,-0.25299,0.50000,0.50000,-0.38126,0.000380,-0.000297,0.000000,0.000000,-0.000360
2426,90,conference,mask_conference,environment,network_actively,goal_achieved,0.8605,0.38441,-0.25347,0.50000,0.50000,-0.38179,0.000375,-0.000484,0.000000,0.000000,-0.000533
2427,90,conference,mask_conference,environment,deep_work,goal_achieved,0.9883,0.38503,-0.25289,0.50000,0.50000,-0.38260,0.000620,0.000585,0.000000,0.000000,-0.000809
2428,90,conference,mask_conference,environment,deep_work,failed,-3.7652,0.38524,-0.25348,0.50000,0.50000,-0.38282,0.000208,-0.000588,0.000000,0.000000,-0.000214
2429,90,conference,mask_conference,environment,network_actively,goal_achieved,0.8555,0.38562,-0.25393,0.50000,0.50000,-0.38336,0.000385,-0.000458,0.000000,0.000000,-0.000545
2430,90,conference,mask_conference,environment,quick_scan,failed,-3.1212,0.38647,-0.25354,0.50000,0.50000,-0.38478,0.000846,0.000391,0.000000,0.000000,-0.001419
2431,91,work,mask_work,environment,take_notes,failed,-2.2929,0.49927,0.50000,-0.50000,-0.50000,-0.50000,-0.000010,0.000000,0.000000,0.000000,-0.000261
2432,91,work,mask_work,environment,rest_deeply,failed,-2.5701,0.50000,0.50000,-0.50000,-0.50000,-0.50000,0.000726,0.000000,0.000000,0.000000,0.000000
2433,91,work,mask_work,environment,deep_work,goal_achieved,1.8572,0.50000,0.50000,-0.50000,-0.50000,-0.50000,0.000000,0.000000,0.000000,0.000000,0.000000
2434,91,work,mask_work,environment,handle_backlog,goal_achieved,1.9456,0.50000,0.50000,-0.50000,-0.50000,-0.50000,0.000000,0.000000,0.000000,0.000000,0.000000
2435,91,work,mask_work,environment,take_notes,goal_achieved,1.4201,0.50000,0.50000,-0.50000,-0.50000,-0.50000,0.000000,0.000000,0.000000,0.000000,0.000000
2436,91,work,mask_work,environment,handle_backlog,goal_achieved,1.9413,0.50000,0.50000,-0.50000,-0.50000,-0.50000,0.000000,0.000000,0.000000,0.000000,0.000000
2437,91,work,mask_work,environment,rest_deeply,delayed,-1.4045,0.50000,0.50000,-0.50000,-0.50000,-0.50000,0.000000,0.000000,0.000000,0.000000,0.000000
2438,91,work,mask_work,environment,tidy_up,delayed,-1.3846,0.50000,0.50000,-0.50000,-0.50000,-0.50000,0.000000,0.000000,0.000000,0.000000,0.000000
2439,91,work,mask_work,environment,handle_backlog,goal_achieved,1.9429,0.50000,0.50000,-0.50000,-0.50000,-0.50000,0.000000,0.000000,0.000000,0.000000,0.000000
2440,91,home,mask_home,environment,zone_out,goal_achieved,1.2769,-0.50000,-0.21710,-0.50000,-0.49174,0.21142,0.000000,-0.000875,0.000000,-0.001893,0.000767
2441,91,home,mask_home,environment,zone_out,delayed,-1.4594,-0.49960,-0.21659,-0.50000,-0.49142,0.21126,0.000399,0.000515,0.000000,0.000315,-0.000160
2442,91,home,mask_home,environment,zone_out,delayed,-1.4596,-0.49920,-0.21607,-0.50000,-0.49111,0.21110,0.000397,0.000515,0.000000,0.000314,-0.000161
2443,91,home,mask_home,environment,zone_out,failed,-2.3713,-0.49808,-0.21509,-0.50000,-0.49006,0.21063,0.001127,0.000977,0.000000,0.001047,-0.000470
2444,91,home,mask_home,environment,rest_deeply,goal_achieved,1.6678,-0.49835,-0.21503,-0.50000,-0.49027,0.21062,-0.000278,0.000066,0.000000,-0.000209,-0.000015
2445,91,home,mask_home,environment,step_away,goal_achieved,1.8627,-0.49872,-0.21498,-0.50000,-0.49083,0.21087,-0.000368,0.000049,0.000000,-0.000557,0.000249
2446,91,home,mask_home,environment,rest_deeply,delayed,-0.6087,-0.49949,-0.21510,-0.50000,-0.49227,0.21172,-0.000768,-0.000119,0.000000,-0.001439,0.000856
2447,91,home,mask_home,environment,step_away,failed,-2.8021,-0.49996,-0.21526,-0.50000,-0.49193,0.21117,-0.000474,-0.000159,0.000000,0.000337,-0.000556
2448,91,home,mask_home,environment,quick_scan,delayed,-1.7044,-0.50000,-0.21522,-0.50000,-0.49230,0.21118,-0.000036,0.000032,0.000000,-0.000373,0.000014
2449,91,conference,mask_conference,environment,network_actively,goal_achieved,0.8620,0.38685,-0.25401,0.50000,0.50000,-0.38532,0.000387,-0.000469,0.000000,0.000000,-0.000545
2450,91,conference,mask_conference,environment,network_actively,goal_achieved,0.8624,0.38724,-0.25448,0.50000,0.50000,-0.38587,0.000386,-0.000469,0.000000,0.000000,-0.000544
2451,91,conference,mask_conference,environment,network_actively,delayed,-0.3627,0.38718,-0.25430,0.49913,0.49929,-0.38539,-0.000060,0.000179,-0.000874,-0.000714,0.000482
2452,91,conference,mask_conference,environment,network_actively,delayed,-0.3627,0.38712,-0.25412,0.49825,0.49857,-0.38490,-0.000059,0.000180,-0.000874,-0.000714,0.000482
2453,91,conference,mask_conference,environment,network_actively,delayed,-0.3628,0.38706,-0.25394,0.49738,0.49786,-0.38442,-0.000059,0.000180,-0.000874,-0.000714,0.000482
2454,91,conference,mask_conference,environment,network_actively,goal_achieved,0.8663,0.38745,-0.25442,0.50000,0.49963,-0.38496,0.000387,-0.000477,0.002622,0.001770,-0.000539
2455,91,conference,mask_conference,environment,quick_scan,delayed,-2.0694,0.38802,-0.25440,0.50000,0.50000,-0.38583,0.000567,0.000022,0.000000,0.000373,-0.000872
2456,91,conference,mask_conference,environment,network_actively,goal_achieved,0.8646,0.38840,-0.25487,0.50000,0.50000,-0.38638,0.000386,-0.000469,0.000000,0.000000,-0.000546
2457,91,conference,mask_conference,environment,network_actively,goal_achieved,0.8651,0.38879,-0.25534,0.50000,0.50000,-0.38693,0.000386,-0.000470,0.000000,0.000000,-0.000546
2458,92,work,mask_work,environment,deep_work,goal_achieved,1.8453,0.50000,0.50000,-0.50000,-0.50000,-0.50000,0.000000,0.000000,0.000000,0.000000,0.000000
2459,92,work,mask_work,environment,handle_backlog,goal_achieved,1.9419,0.50000,0.50000,-0.50000,-0.50000,-0.50000,0.000000,0.000000,0.000000,0.000000,0.000000
2460,92,work,mask_work,environment,take_notes,delayed,-1.3750,0.50000,0.50000,-0.50000,-0.50000,-0.50000,0.000000,0.000000,0.000000,0.000000,0.000000
2461,92,work,mask_work,environment,deep_work,goal_achieved,1.8436,0.50000,0.50000,-0.50000,-0.50000,-0.50000,0.000000,0.000000,0.000000,0.000000,0.000000
2462,92,work,mask_work,environment,take_notes,goal_achieved,1.4110,0.50000,0.50000,-0.50000,-0.50000,-0.50000,0.000000,0.000000,0.000000,0.000000,0.000000
2463,92,work,mask_work,environment,deep_work,delayed,-0.7361,0.49945,0.50000,-0.49978,-0.49989,-0.49959,-0.000550,0.000000,0.000217,0.000113,0.000413
2464,92,work,mask_work,environment,take_notes,delayed,-1.3717,0.49982,0.50000,-0.50000,-0.50000,-0.50000,0.000370,0.000000,-0.000217,-0.000113,-0.000413
2465,92,work,mask_work,environment,deep_work,goal_achieved,1.8405,0.50000,0.50000,-0.50000,-0.50000,-0.50000,0.000180,0.000000,0.000000,0.000000,0.000000
2466,92,work,mask_work,environment,deep_work,goal_achieved,1.8405,0.50000,0.50000,-0.50000,-0.50000,-0.50000,0.000000,0.000000,0.000000,0.000000,0.000000
2467,92,home,mask_home,environment,rest_deeply,goal_achieved,1.6949,-0.50000,-0.21517,-0.50000,-0.49242,0.21109,0.000000,0.000054,0.000000,-0.000121,-0.000092
2468,92,home,mask_home,environment,rest_deeply,goal_achieved,1.6948,-0.50000,-0.21512,-0.50000,-0.49254,0.21100,0.000000,0.000054,0.000000,-0.000120,-0.000092
2469,92,home,mask_home,environment,rest_deeply,goal_achieved,1.6947,-0.50000,-0.21506,-0.50000,-0.49266,0.21091,0.000000,0.000054,0.000000,-0.000120,-0.000092
2470,92,home,mask_home,environment,zone_out,goal_achieved,1.3014,-0.50000,-0.21595,-0.50000,-0.49447,0.21160,0.000000,-0.000890,0.000000,-0.001808,0.000693
2471,92,home,mask_home,environment,rest_deeply,goal_achieved,1.6876,-0.50000,-0.21590,-0.50000,-0.49460,0.21151,0.000000,0.000050,0.000000,-0.000126,-0.000089
2472,92,home,mask_home,environment,rest_deeply,delayed,-0.5846,-0.50000,-0.21606,-0.50000,-0.49597,0.21230,0.000000,-0.000157,0.000000,-0.001370,0.000791
2473,92,home,mask_home,environment,quick_scan,failed,-2.8498,-0.50000,-0.21599,-0.50000,-0.49633,0.21216,0.000000,0.000067,0.000000,-0.000360,-0.000142
2474,92,home,mask_home,environment,network_actively,failed,-2.9779,-0.50000,-0.21616,-0.50000,-0.49715,0.21249,0.000000,-0.000166,0.000000,-0.000819,0.000335
2475,92,home,mask_home,environment,quick_scan,failed,-2.8502,-0.50000,-0.21609,-0.50000,-0.49751,0.21235,0.000000,0.000067,0.000000,-0.000360,-0.000141
2476,92,conference,mask_conference,environment,network_actively,goal_achieved,0.8655,0.38917,-0.25581,0.50000,0.50000,-0.38747,0.000386,-0.000471,0.000000,0.000000,-0.000545
2477,92,conference,mask_conference,environment,network_actively,goal_achieved,0.8659,0.38956,-0.25628,0.50000,0.50000,-0.38802,0.000385,-0.000471,0.000000,0.000000,-0.000545
2478,92,conference,mask_conference,environment,tidy_up,failed,-3.6469,0.38986,-0.25663,0.50000,0.50000,-0.38836,0.000303,-0.000352,0.000000,0.000000,-0.000340
2479,92,conference,mask_conference,environment,network_actively,delayed,-0.3615,0.38981,-0.25645,0.49913,0.49929,-0.38788,-0.000057,0.000183,-0.000874,-0.000711,0.000478
2480,92,conference,mask_conference,environment,quick_scan,failed,-3.1093,0.39065,-0.25607,0.50000,0.50000,-0.38928,0.000840,0.000376,0.000874,0.000711,-0.001402
2481,92,conference,mask_conference,environment,network_actively,goal_achieved,0.8721,0.39103,-0.25655,0.50000,0.50000,-0.38982,0.000387,-0.000480,0.000000,0.000000,-0.000545
2482,92,conference,mask_conference,environment,network_actively,goal_achieved,0.8725,0.39142,-0.25703,0.50000,0.50000,-0.39037,0.000387,-0.000480,0.000000,0.000000,-0.000544
2483,92,conference,mask_conference,environment,quick_scan,delayed,-2.0666,0.39198,-0.25703,0.50000,0.50000,-0.39123,0.000563,0.000003,0.000000,0.000000,-0.000860
2484,92,conference,mask_conference,environment,take_notes,delayed,-2.2625,0.39201,-0.25806,0.50000,0.50000,-0.39143,0.000029,-0.001038,0.000000,0.000000,-0.000198
2485,93,work,mask_work,environment,take_notes,failed,-2.3026,0.49998,0.50000,-0.50000,-0.50000,-0.50000,-0.000018,0.000000,0.000000,0.000000,0.000000
2486,93,work,mask_work,environment,deep_work,goal_achieved,1.8434,0.50000,0.50000,-0.50000,-0.50000,-0.50000,0.000018,0.000000,0.000000,0.000000,0.000000
2487,93,work,mask_work,environment,network_actively,failed,-2.5838,0.50000,0.50000,-0.50000,-0.50000,-0.50000,0.000000,0.000000,0.000000,0.000000,0.000000
2488,93,work,mask_work,environment,deep_work,goal_achieved,1.8444,0.50000,0.50000,-0.50000,-0.50000,-0.50000,0.000000,0.000000,0.000000,0.000000,0.000000
2489,93,work,mask_work,environment,take_notes,failed,-2.3033,0.49998,0.50000,-0.50000,-0.50000,-0.50000,-0.000016,0.000000,0.000000,0.000000,0.000000
2490,93,work,mask_work,environment,take_notes,delayed,-1.3744,0.50000,0.50000,-0.50000,-0.50000,-0.50000,0.000016,0.000000,0.000000,0.000000,0.000000
2491,93,work,mask_work,environment,handle_backlog,failed,-2.4737,0.50000,0.50000,-0.50000,-0.50000,-0.50000,0.000000,0.000000,0.000000,0.000000,0.000000
2492,93,work,mask_work,environment,deep_work,goal_achieved,1.8541,0.50000,0.50000,-0.50000,-0.50000,-0.50000,0.000000,0.000000,0.000000,0.000000,0.000000
2493,93,work,mask_work,environment,deep_work,goal_achieved,1.8541,0.50000,0.50000,-0.50000,-0.50000,-0.50000,0.000000,0.000000,0.000000,0.000000,0.000000
2494,93,home,mask_home,environment,zone_out,failed,-2.3306,-0.49887,-0.21513,-0.50000,-0.49637,0.21181,0.001133,0.000966,0.000000,0.001135,-0.000547
2495,93,home,mask_home,environment,quick_scan,goal_achieved,1.7012,-0.49900,-0.21521,-0.50000,-0.49679,0.21230,-0.000133,-0.000088,0.000000,-0.000420,0.000492
2496,93,home,mask_home,environment,rest_deeply,delayed,-0.5786,-0.49978,-0.21537,-0.50000,-0.49815,0.21309,-0.000777,-0.000153,0.000000,-0.001363,0.000790
2497,93,home,mask_home,environment,rest_deeply,goal_achieved,1.6912,-0.50000,-0.21530,-0.50000,-0.49826,0.21299,-0.000222,0.000064,0.000000,-0.000103,-0.000101
2498,93,home,mask_home,environment,step_away,goal_achieved,1.8609,-0.50000,-0.21524,-0.50000,-0.49881,0.21324,0.000000,0.000061,0.000000,-0.000550,0.000251
2499,93,home,mask_home,environment,rest_deeply,delayed,-0.5885,-0.50000,-0.21539,-0.50000,-0.50000,0.21405,0.000000,-0.000153,0.000000,-0.001192,0.000813
2500,93,home,mask_home,environment,quick_scan,goal_achieved,1.6960,-0.50000,-0.21547,-0.50000,-0.50000,0.21456,0.000000,-0.000077,0.000000,0.000000,0.000507
2501,93,home,mask_home,environment,step_away,goal_achieved,1.8563,-0.50000,-0.21541,-0.50000,-0.50000,0.21482,0.000000,0.000061,0.000000,0.000000,0.000263
2502,93,home,mask_home,environment,zone_out,failed,-2.3482,-0.49884,-0.21444,-0.50000,-0.49890,0.21433,0.001156,0.000969,0.000000,0.001099,-0.000494
2503,93,conference,mask_conference,environment,network_actively,goal_achieved,0.8796,0.39239,-0.25856,0.50000,0.50000,-0.39197,0.000380,-0.000498,0.000000,0.000000,-0.000543
2504,93,conference,mask_conference,environment,network_actively,goal_achieved,0.8800,0.39277,-0.25906,0.50000,0.50000,-0.39251,0.000380,-0.000498,0.000000,0.000000,-0.000543
2505,93,conference,mask_conference,environment,quick_scan,goal_achieved,1.0681,0.39250,-0.26017,0.50000,0.50000,-0.39176,-0.000266,-0.001112,0.000000,0.000000,0.000753
2506,93,conference,mask_conference,environment,network_actively,delayed,-0.3558,0.39244,-0.26000,0.49915,0.49930,-0.39128,-0.000064,0.000168,-0.000848,-0.000698,0.000478
2507,93,conference,mask_conference,environment,network_actively,goal_achieved,0.8757,0.39282,-0.26050,0.50000,0.50000,-0.39182,0.000377,-0.000491,0.000848,0.000698,-0.000541
2508,93,conference,mask_conference,environment,take_notes,goal_achieved,1.2437,0.39324,-0.26051,0.50000,0.50000,-0.39224,0.000426,-0.000011,0.000000,0.000000,-0.000415
2509,93,conference,mask_conference,environment,quick_scan,goal_achieved,1.0659,0.39298,-0.26160,0.50000,0.50000,-0.39149,-0.000264,-0.001090,0.000000,0.000000,0.000748
2510,93,conference,mask_conference,environment,quick_scan,goal_achieved,1.0628,0.39272,-0.26267,0.50000,0.50000,-0.39075,-0.000264,-0.001077,0.000000,0.000000,0.000743
2511,93,conference,mask_conference,environment,network_actively,delayed,-0.3645,0.39264,-0.26251,0.49914,0.49928,-0.39026,-0.000072,0.000167,-0.000864,-0.000717,0.000493
2512,94,work,mask_work,environment,network_actively,goal_achieved,1.8250,0.50000,0.49981,-0.49868,-0.49989,-0.50000,0.000000,-0.000189,0.001325,0.000111,0.000000
2513,94,work,mask_work,environment,deep_work,delayed,-0.7233,0.49945,0.49999,-0.49844,-0.49977,-0.49960,-0.000553,0.000175,0.000230,0.000121,0.000405
2514,94,work,mask_work,environment,deep_work,goal_achieved,1.8522,0.50000,0.50000,-0.49987,-0.50000,-0.50000,0.000553,0.000014,-0.001421,-0.000232,-0.000405
2515,94,work,mask_work,environment,deep_work,goal_achieved,1.8520,0.50000,0.50000,-0.50000,-0.50000,-0.50000,0.000000,0.000000,-0.000134,0.000000,0.000000
2516,94,work,mask_work,environment,take_notes,delayed,-1.3702,0.50000,0.50000,-0.50000,-0.50000,-0.50000,0.000000,0.000000,0.000000,0.000000,0.000000
2517,94,work,mask_work,environment,network_actively,goal_achieved,1.8284,0.50000,0.49981,-0.49867,-0.49989,-0.50000,0.000000,-0.000192,0.001329,0.000114,0.000000
2518,94,work,mask_work,environment,network_actively,failed,-2.5727,0.50000,0.50000,-0.50000,-0.50000,-0.50000,0.000000,0.000192,-0.001329,-0.000114,0.000000
2519,94,work,mask_work,environment,network_actively,goal_achieved,1.8284,0.50000,0.49981,-0.49867,-0.49989,-0.50000,0.000000,-0.000192,0.001329,0.000114,0.000000
2520,94,work,mask_work,environment,take_notes,goal_achieved,1.4139,0.50000,0.50000,-0.50000,-0.50000,-0.50000,0.000000,0.000192,-0.001329,-0.000114,0.000000
2521,94,home,mask_home,environment,zone_out,goal_achieved,1.2832,-0.50000,-0.21532,-0.50000,-0.50000,0.21505,-0.001156,-0.000876,0.000000,-0.001099,0.000724
2522,94,home,mask_home,environment,quick_scan,goal_achieved,1.6898,-0.50000,-0.21539,-0.50000,-0.50000,0.21557,0.000000,-0.000072,0.000000,0.000000,0.000520
2523,94,home,mask_home,environment,tidy_up,goal_achieved,1.8109,-0.50000,-0.21520,-0.50000,-0.50000,0.21563,0.000000,0.000191,0.000000,0.000000,0.000059
2524,94,home,mask_home,environment,network_actively,delayed,-1.9335,-0.50000,-0.21513,-0.50000,-0.50000,0.21571,0.000000,0.000066,0.000000,0.000000,0.000078
2525,94,home,mask_home,environment,rest_deeply,goal_achieved,1.6646,-0.50000,-0.21506,-0.50000,-0.50000,0.21565,0.000000,0.000076,0.000000,0.000000,-0.000061
2526,94,home,mask_home,environment,zone_out,failed,-2.3556,-0.49884,-0.21409,-0.50000,-0.49890,0.21516,0.001163,0.000969,0.000000,0.001100,-0.000487
2527,94,home,mask_home,environment,quick_scan,delayed,-1.7123,-0.49923,-0.21403,-0.50000,-0.49928,0.21520,-0.000396,0.000054,0.000000,-0.000384,0.000039
2528,94,home,mask_home,environment,network_actively,failed,-2.9910,-0.49993,-0.21417,-0.50000,-0.50000,0.21557,-0.000693,-0.000141,0.000000,-0.000715,0.000371
2529,94,home,mask_home,environment,tidy_up,goal_achieved,1.8159,-0.50000,-0.21397,-0.50000,-0.50000,0.21562,-0.000074,0.000205,0.000000,0.000000,0.000049
2530,94,conference,mask_conference,environment,network_actively,goal_achieved,0.8629,0.39302,-0.26297,0.50000,0.50000,-0.39080,0.000375,-0.000464,0.000864,0.000717,-0.000542
2531,94,conference,mask_conference,environment,network_actively,goal_achieved,0.8616,0.39339,-0.26343,0.50000,0.50000,-0.39134,0.000374,-0.000460,0.000000,0.000000,-0.000544
2532,94,conference,mask_conference,environment,network_actively,goal_achieved,0.8621,0.39377,-0.26389,0.50000,0.50000,-0.39188,0.000373,-0.000461,0.000000,0.000000,-0.000543
2533,94,conference,mask_conference,environment,network_actively,goal_achieved,0.8625,0.39414,-0.26435,0.50000,0.50000,-0.39243,0.000373,-0.000461,0.000000,0.000000,-0.000543
2534,94,conference,mask_conference,environment,network_actively,goal_achieved,0.8629,0.39451,-0.26481,0.50000,0.50000,-0.39297,0.000373,-0.000462,0.000000,0.000000,-0.000542
2535,94,conference,mask_conference,environment,network_actively,delayed,-0.3648,0.39444,-0.26465,0.49914,0.49928,-0.39248,-0.000072,0.000168,-0.000864,-0.000717,0.000492
2536,94,conference,mask_conference,environment,deep_work,goal_achieved,0.9997,0.39506,-0.26404,0.50000,0.49996,-0.39329,0.000617,0.000603,0.000864,0.000676,-0.000813
2537,94,conference,mask_conference,environment,network_actively,goal_achieved,0.8559,0.39544,-0.26447,0.50000,0.50000,-0.39385,0.000386,-0.000430,0.000000,0.000040,-0.000558
2538,94,conference,mask_conference,environment,network_actively,goal_achieved,0.8564,0.39583,-0.26490,0.50000,0.50000,-0.39441,0.000385,-0.000431,0.000000,0.000000,-0.000558
2539,95,work,mask_work,environment,tidy_up,failed,-2.4675,0.50000,0.50000,-0.50000,-0.50000,-0.50000,0.000000,0.000000,0.000000,0.000000,0.000000
2540,95,work,mask_work,environment,network_actively,failed,-2.5739,0.50000,0.50000,-0.50000,-0.50000,-0.50000,0.000000,0.000000,0.000000,0.000000,0.000000
2541,95,work,mask_work,environment,tidy_up,failed,-2.4665,0.50000,0.50000,-0.50000,-0.50000,-0.50000,0.000000,0.000000,0.000000,0.000000,0.000000
2542,95,work,mask_work,environment,deep_work,goal_achieved,1.8539,0.50000,0.50000,-0.50000,-0.50000,-0.50000,0.000000,0.000000,0.000000,0.000000,0.000000
2543,95,work,mask_work,environment,rest_deeply,delayed,-1.3987,0.50000,0.50000,-0.50000,-0.50000,-0.50000,0.000000,0.000000,0.000000,0.000000,0.000000
2544,95,work,mask_work,environment,take_notes,goal_achieved,1.4207,0.50000,0.50000,-0.50000,-0.50000,-0.50000,0.000000,0.000000,0.000000,0.000000,0.000000
2545,95,work,mask_work,environment,deep_work,goal_achieved,1.8497,0.50000,0.50000,-0.50000,-0.50000,-0.50000,0.000000,0.000000,0.000000,0.000000,0.000000
2546,95,work,mask_work,environment,handle_backlog,delayed,-1.3740,0.50000,0.50000,-0.50000,-0.50000,-0.50000,0.000000,0.000000,0.000000,0.000000,0.000000
2547,95,work,mask_work,environment,handle_backlog,goal_achieved,1.9419,0.50000,0.50000,-0.50000,-0.50000,-0.50000,0.000000,0.000000,0.000000,0.000000,0.000000
2548,95,home,mask_home,environment,step_away,delayed,-1.6304,-0.50000,-0.21407,-0.50000,-0.49984,0.21525,0.000000,-0.000101,0.000000,0.000158,-0.000369
2549,95,home,mask_home,environment,network_actively,failed,-2.9754,-0.50000,-0.21422,-0.50000,-0.50000,0.21558,0.000000,-0.000148,0.000000,-0.000158,0.000327
2550,95,home,mask_home,environment,network_actively,goal_achieved,1.2829,-0.49895,-0.21351,-0.50000,-0.49865,0.21471,0.001051,0.000708,0.000000,0.001351,-0.000870
2551,95,home,mask_home,environment,zone_out,goal_achieved,1.2928,-0.50000,-0.21439,-0.50000,-0.50000,0.21539,-0.001051,-0.000883,0.000000,-0.001351,0.000685
2552,95,home,mask_home,environment,network_actively,delayed,-1.9165,-0.50000,-0.21434,-0.50000,-0.50000,0.21542,0.000000,0.000058,0.000000,0.000000,0.000033
2553,95,home,mask_home,environment,zone_out,goal_achieved,1.2886,-0.50000,-0.21522,-0.50000,-0.50000,0.21610,0.000000,-0.000880,0.000000,0.000000,0.000680
2554,95,home,mask_home,environment,rest_deeply,goal_achieved,1.6762,-0.50000,-0.21515,-0.50000,-0.50000,0.21600,0.000000,0.000061,0.000000,0.000000,-0.000104
2555,95,home,mask_home,environment,rest_deeply,goal_achieved,1.6762,-0.50000,-0.21509,-0.50000,-0.50000,0.21590,0.000000,0.000061,0.000000,0.000000,-0.000103
2556,95,home,mask_home,environment,network_actively,failed,-2.9886,-0.50000,-0.21526,-0.50000,-0.50000,0.21623,0.000000,-0.000164,0.000000,0.000000,0.000336
2557,95,conference,mask_conference,environment,network_actively,goal_achieved,0.8568,0.39621,-0.26534,0.50000,0.50000,-0.39496,0.000385,-0.000432,0.000000,0.000000,-0.000557
2558,95,conference,mask_conference,environment,network_actively,delayed,-0.3741,0.39616,-0.26512,0.49908,0.49926,-0.39449,-0.000055,0.000212,-0.000919,-0.000743,0.000470
2559,95,conference,mask_conference,environment,quick_scan,goal_achieved,1.0600,0.39591,-0.26616,0.50000,0.49967,-0.39377,-0.000252,-0.001035,0.000919,0.000417,0.000724
2560,95,conference,mask_conference,environment,network_actively,goal_achieved,0.8514,0.39629,-0.26658,0.50000,0.50000,-0.39433,0.000382,-0.000422,0.000000,0.000326,-0.000557
2561,95,conference,mask_conference,environment,take_notes,delayed,-2.2867,0.39632,-0.26755,0.50000,0.50000,-0.39453,0.000029,-0.000968,0.000000,0.000000,-0.000207
2562,95,conference,mask_conference,environment,network_actively,goal_achieved,0.8554,0.39669,-0.26798,0.50000,0.50000,-0.39509,0.000375,-0.000435,0.000000,0.000000,-0.000556
2563,95,conference,mask_conference,environment,network_actively,delayed,-0.3729,0.39662,-0.26779,0.49910,0.49926,-0.39461,-0.000069,0.000188,-0.000896,-0.000741,0.000482
2564,95,conference,mask_conference,environment,network_actively,goal_achieved,0.8570,0.39700,-0.26823,0.50000,0.50000,-0.39516,0.000375,-0.000438,0.000896,0.000741,-0.000553
2565,95,conference,mask_conference,environment,network_actively,goal_achieved,0.8558,0.39737,-0.26867,0.50000,0.50000,-0.39572,0.000374,-0.000435,0.000000,0.000000,-0.000555
2566,96,work,mask_work,environment,deep_work,goal_achieved,1.8503,0.50000,0.50000,-0.50000,-0.50000,-0.50000,0.000000,0.000000,0.000000,0.000000,0.000000
2567,96,work,mask_work,environment,tidy_up,failed,-2.4727,0.50000,0.50000,-0.50000,-0.50000,-0.50000,0.000000,0.000000,0.000000,0.000000,0.000000
2568,96,work,mask_work,environment,handle_backlog,delayed,-1.3714,0.50000,0.50000,-0.50000,-0.50000,-0.50000,0.000000,0.000000,0.000000,0.000000,0.000000
2569,96,work,mask_work,environment,take_notes,delayed,-1.3605,0.50000,0.50000,-0.50000,-0.50000,-0.50000,0.000000,0.000000,0.000000,0.000000,0.000000
2570,96,work,mask_work,environment,take_notes,failed,-2.2895,0.50000,0.50000,-0.50000,-0.50000,-0.50000,0.000000,0.000000,0.000000,0.000000,0.000000
2571,96,work,mask_work,environment,tidy_up,goal_achieved,1.8537,0.49963,0.50000,-0.50000,-0.50000,-0.50000,-0.000367,0.000000,0.000000,0.000000,0.000000
2572,96,work,mask_work,environment,tidy_up,failed,-2.4653,0.50000,0.50000,-0.50000,-0.50000,-0.50000,0.000367,0.000000,0.000000,0.000000,0.000000
2573,96,work,mask_work,environment,deep_work,goal_achieved,1.8604,0.50000,0.50000,-0.50000,-0.50000,-0.50000,0.000000,0.000000,0.000000,0.000000,0.000000
2574,96,work,mask_work,environment,deep_work,goal_achieved,1.8604,0.50000,0.50000,-0.50000,-0.50000,-0.50000,0.000000,0.000000,0.000000,0.000000,0.000000
2575,96,home,mask_home,environment,zone_out,goal_achieved,1.2866,-0.50000,-0.21614,-0.50000,-0.50000,0.21691,0.000000,-0.000880,0.000000,0.000000,0.000678
2576,96,home,mask_home,environment,step_away,delayed,-1.6477,-0.50000,-0.21626,-0.50000,-0.49987,0.21655,0.000000,-0.000126,0.000000,0.000133,-0.000360
2577,96,home,mask_home,environment,rest_deeply,goal_achieved,1.6870,-0.50000,-0.21622,-0.50000,-0.49993,0.21642,0.000000,0.000044,0.000000,-0.000061,-0.000133
2578,96,home,mask_home,environment,zone_out,delayed,-1.4188,-0.49958,-0.21573,-0.50000,-0.49947,0.21615,0.000419,0.000489,0.000000,0.000457,-0.000265
2579,96,home,mask_home,environment,network_actively,failed,-2.9761,-0.50000,-0.21591,-0.50000,-0.50000,0.21646,-0.000419,-0.000179,0.000000,-0.000529,0.000304
2580,96,home,mask_home,environment,step_away,delayed,-1.6456,-0.50000,-0.21603,-0.50000,-0.49986,0.21610,0.000000,-0.000122,0.000000,0.000137,-0.000362
2581,96,home,mask_home,environment,rest_deeply,goal_achieved,1.7032,-0.50000,-0.21599,-0.50000,-0.49989,0.21593,0.000000,0.000038,0.000000,-0.000024,-0.000164
2582,96,home,mask_home,environment,zone_out,delayed,-1.4067,-0.49959,-0.21551,-0.50000,-0.49940,0.21564,0.000412,0.000480,0.000000,0.000489,-0.000295
2583,96,home,mask_home,environment,network_actively,failed,-2.9615,-0.50000,-0.21570,-0.50000,-0.50000,0.21591,-0.000412,-0.000183,0.000000,-0.000602,0.000271
2584,96,conference,mask_conference,environment,network_actively,delayed,-0.3731,0.39731,-0.26848,0.49910,0.49926,-0.39523,-0.000069,0.000189,-0.000897,-0.000741,0.000482
2585,96,conference,mask_conference,environment,network_actively,goal_achieved,0.8574,0.39768,-0.26892,0.50000,0.50000,-0.39579,0.000374,-0.000438,0.000897,0.000741,-0.000553
2586,96,conference,mask_conference,environment,network_actively,goal_achieved,0.8561,0.39805,-0.26935,0.50000,0.50000,-0.39634,0.000374,-0.000434,0.000000,0.000000,-0.000555
2587,96,conference,mask_conference,environment,network_actively,goal_achieved,0.8566,0.39843,-0.26979,0.50000,0.50000,-0.39690,0.000373,-0.000435,0.000000,0.000000,-0.000554
2588,96,conference,mask_conference,environment,quick_scan,goal_achieved,1.0613,0.39816,-0.27082,0.50000,0.50000,-0.39617,-0.000262,-0.001033,0.000000,0.000000,0.000722
2589,96,conference,mask_conference,environment,network_actively,delayed,-0.3762,0.39809,-0.27064,0.49910,0.49925,-0.39568,-0.000075,0.000184,-0.000898,-0.000748,0.000490
2590,96,conference,mask_conference,environment,network_actively,goal_achieved,0.8529,0.39846,-0.27107,0.50000,0.50000,-0.39624,0.000371,-0.000430,0.000898,0.000748,-0.000552
2591,96,conference,mask_conference,environment,network_actively,goal_achieved,0.8516,0.39883,-0.27149,0.50000,0.50000,-0.39679,0.000370,-0.000426,0.000000,0.000000,-0.000554
2592,96,conference,mask_conference,environment,take_notes,goal_achieved,1.2265,0.39925,-0.27144,0.50000,0.50000,-0.39721,0.000419,0.000048,0.000000,0.000000,-0.000420
2593,97,work,mask_work,environment,take_notes,goal_achieved,1.4242,0.50000,0.50000,-0.50000,-0.50000,-0.50000,0.000000,0.000000,0.000000,0.000000,0.000000
2594,97,work,mask_work,environment,deep_work,delayed,-0.7190,0.49949,0.50000,-0.49976,-0.49988,-0.49959,-0.000512,0.000000,0.000235,0.000121,0.000406
2595,97,work,mask_work,environment,deep_work,goal_achieved,1.8565,0.50000,0.50000,-0.50000,-0.50000,-0.50000,0.000512,0.000000,-0.000235,-0.000121,-0.000406
2596,97,work,mask_work,environment,deep_work,delayed,-0.7190,0.49949,0.50000,-0.49976,-0.49988,-0.49959,-0.000512,0.000000,0.000235,0.000121,0.000406
2597,97,work,mask_work,environment,handle_backlog,goal_achieved,1.9491,0.49989,0.50000,-0.50000,-0.50000,-0.50000,0.000407,0.000000,-0.000235,-0.000121,-0.000406
2598,97,work,mask_work,environment,network_actively,failed,-2.5680,0.50000,0.50000,-0.50000,-0.50000,-0.50000,0.000105,0.000000,0.000000,0.000000,0.000000
2599,97,work,mask_work,environment,network_actively,failed,-2.5680,0.50000,0.50000,-0.50000,-0.50000,-0.50000,0.000000,0.000000,0.000000,0.000000,0.000000
2600,97,work,mask_work,environment,take_notes,delayed,-1.3566,0.50000,0.50000,-0.50000,-0.50000,-0.50000,0.000000,0.000000,0.000000,0.000000,0.000000
2601,97,work,mask_work,environment,rest_deeply,delayed,-1.3921,0.50000,0.50000,-0.50000,-0.50000,-0.50000,0.000000,0.000000,0.000000,0.000000,0.000000
2602,97,home,mask_home,environment,zone_out,goal_achieved,1.3134,-0.50000,-0.21660,-0.50000,-0.50000,0.21652,0.000000,-0.000899,0.000000,0.000000,0.000614
2603,97,home,mask_home,environment,zone_out,goal_achieved,1.3132,-0.50000,-0.21749,-0.50000,-0.50000,0.21714,0.000000,-0.000898,0.000000,0.000000,0.000613
2604,97,home,mask_home,environment,rest_deeply,goal_achieved,1.6971,-0.50000,-0.21747,-0.50000,-0.50000,0.21698,0.000000,0.000028,0.000000,0.000000,-0.000158
2605,97,home,mask_home,environment,zone_out,goal_achieved,1.3120,-0.50000,-0.21836,-0.50000,-0.50000,0.21759,0.000000,-0.000898,0.000000,0.000000,0.000611
2606,97,home,mask_home,environment,zone_out,delayed,-1.4048,-0.49959,-0.21789,-0.50000,-0.49951,0.21730,0.000415,0.000474,0.000000,0.000489,-0.000291
2607,97,home,mask_home,environment,quick_scan,goal_achieved,1.7088,-0.49974,-0.21801,-0.50000,-0.49987,0.21772,-0.000160,-0.000122,0.000000,-0.000355,0.000427
2608,97,home,mask_home,environment,rest_deeply,delayed,-0.5829,-0.50000,-0.21824,-0.50000,-0.50000,0.21850,-0.000255,-0.000232,0.000000,-0.000134,0.000778
2609,97,home,mask_home,environment,rest_deeply,delayed,-0.5833,-0.50000,-0.21848,-0.50000,-0.50000,0.21928,0.000000,-0.000236,0.000000,0.000000,0.000780
2610,97,home,mask_home,environment,network_actively,goal_achieved,1.2897,-0.49901,-0.21782,-0.50000,-0.49863,0.21837,0.000993,0.000661,0.000000,0.001372,-0.000910
2611,97,conference,mask_conference,environment,deep_work,failed,-3.7491,0.39943,-0.27204,0.50000,0.50000,-0.39740,0.000178,-0.000599,0.000000,0.000000,-0.000192
2612,97,conference,mask_conference,environment,network_actively,delayed,-0.3759,0.39935,-0.27186,0.49911,0.49926,-0.39691,-0.000076,0.000181,-0.000894,-0.000744,0.000494
2613,97,conference,mask_conference,environment,take_notes,delayed,-2.2803,0.39937,-0.27283,0.50000,0.50000,-0.39710,0.000018,-0.000971,0.000894,0.000744,-0.000195
2614,97,conference,mask_conference,environment,network_actively,delayed,-0.3720,0.39928,-0.27267,0.49913,0.49926,-0.39661,-0.000084,0.000164,-0.000873,-0.000737,0.000498
2615,97,conference,mask_conference,environment,network_actively,goal_achieved,0.8568,0.39965,-0.27311,0.50000,0.50000,-0.39715,0.000362,-0.000442,0.000873,0.000737,-0.000547
2616,97,conference,mask_conference,environment,rest_deeply,failed,-3.4466,0.40002,-0.27336,0.50000,0.50000,-0.39752,0.000371,-0.000248,0.000000,0.000000,-0.000369
2617,97,conference,mask_conference,environment,network_actively,goal_achieved,0.8576,0.40038,-0.27380,0.50000,0.50000,-0.39807,0.000364,-0.000438,0.000000,0.000000,-0.000550
2618,97,conference,mask_conference,environment,network_actively,delayed,-0.3705,0.40030,-0.27363,0.49914,0.49927,-0.39758,-0.000081,0.000167,-0.000863,-0.000735,0.000497
2619,97,conference,mask_conference,environment,network_actively,goal_achieved,0.8591,0.40067,-0.27407,0.50000,0.50000,-0.39812,0.000364,-0.000441,0.000863,0.000735,-0.000548
2620,98,work,mask_work,environment,deep_work,goal_achieved,1.8565,0.50000,0.50000,-0.50000,-0.50000,-0.50000,0.000000,0.000000,0.000000,0.000000,0.000000
2621,98,work,mask_work,environment,take_notes,delayed,-1.3576,0.50000,0.50000,-0.50000,-0.50000,-0.50000,0.000000,0.000000,0.000000,0.000000,0.000000
2622,98,work,mask_work,environment,deep_work,goal_achieved,1.8576,0.50000,0.50000,-0.50000,-0.50000,-0.50000,0.000000,0.000000,0.000000,0.000000,0.000000
2623,98,work,mask_work,environment,network_actively,delayed,-1.4672,0.50000,0.50000,-0.50000,-0.50000,-0.50000,0.000000,0.000000,0.000000,0.000000,0.000000
2624,98,work,mask_work,environment,network_actively,failed,-2.5677,0.50000,0.50000,-0.50000,-0.50000,-0.50000,0.000000,0.000000,0.000000,0.000000,0.000000
2625,98,work,mask_work,environment,deep_work,goal_achieved,1.8588,0.50000,0.50000,-0.50000,-0.50000,-0.50000,0.000000,0.000000,0.000000,0.000000,0.000000
2626,98,work,mask_work,environment,rest_deeply,delayed,-1.3923,0.50000,0.50000,-0.50000,-0.50000,-0.50000,0.000000,0.000000,0.000000,0.000000,0.000000
2627,98,work,mask_work,environment,tidy_up,goal_achieved,1.8547,0.49963,0.50000,-0.50000,-0.50000,-0.50000,-0.000372,0.000000,0.000000,0.000000,0.000000
2628,98,work,mask_work,environment,deep_work,goal_achieved,1.8548,0.50000,0.50000,-0.50000,-0.50000,-0.50000,0.000372,0.000000,0.000000,0.000000,0.000000
2629,98,home,mask_home,environment,rest_deeply,goal_achieved,1.6885,-0.49929,-0.21780,-0.50000,-0.49867,0.21822,-0.000281,0.000024,0.000000,-0.000042,-0.000152
2630,98,home,mask_home,environment,rest_deeply,goal_achieved,1.6884,-0.49957,-0.21777,-0.50000,-0.49871,0.21807,-0.000280,0.000024,0.000000,-0.000041,-0.000152
2631,98,home,mask_home,environment,network_actively,failed,-2.9734,-0.50000,-0.21798,-0.50000,-0.49947,0.21836,-0.000432,-0.000208,0.000000,-0.000754,0.000294
2632,98,home,mask_home,environment,rest_deeply,goal_achieved,1.6883,-0.50000,-0.21795,-0.50000,-0.49950,0.21821,0.000000,0.000026,0.000000,-0.000039,-0.000153
2633,98,home,mask_home,environment,network_actively,failed,-2.9757,-0.50000,-0.21816,-0.50000,-0.50000,0.21850,0.000000,-0.000206,0.000000,-0.000496,0.000292
2634,98,home,mask_home,environment,rest_deeply,goal_achieved,1.6887,-0.50000,-0.21813,-0.50000,-0.50000,0.21835,0.000000,0.000026,0.000000,0.000000,-0.000153
2635,98,home,mask_home,environment,zone_out,failed,-2.3134,-0.49884,-0.21721,-0.50000,-0.49878,0.21777,0.001161,0.000929,0.000000,0.001222,-0.000583
2636,98,home,mask_home,environment,zone_out,goal_achieved,1.3119,-0.50000,-0.21810,-0.50000,-0.50000,0.21839,-0.001161,-0.000899,0.000000,-0.001222,0.000620
2637,98,home,mask_home,environment,rest_deeply,delayed,-0.5841,-0.50000,-0.21834,-0.50000,-0.50000,0.21916,0.000000,-0.000233,0.000000,0.000000,0.000777
2638,98,conference,mask_conference,environment,network_actively,goal_achieved,0.8579,0.40103,-0.27451,0.50000,0.50000,-0.39867,0.000363,-0.000437,0.000000,0.000000,-0.000550
2639,98,conference,mask_conference,environment,network_actively,goal_achieved,0.8583,0.40139,-0.27494,0.50000,0.50000,-0.39922,0.000363,-0.000438,0.000000,0.000000,-0.000549
2640,98,conference,mask_conference,environment,network_actively,goal_achieved,0.8588,0.40176,-0.27538,0.50000,0.50000,-0.39977,0.000363,-0.000439,0.000000,0.000000,-0.000548
2641,98,conference,mask_conference,environment,take_notes,goal_achieved,1.2363,0.40217,-0.27534,0.50000,0.50000,-0.40018,0.000415,0.000044,0.000000,0.000000,-0.000414
2642,98,conference,mask_conference,environment,quick_scan,goal_achieved,1.0703,0.40190,-0.27637,0.50000,0.50000,-0.39946,-0.000269,-0.001026,0.000000,0.000000,0.000725
2643,98,conference,mask_conference,environment,network_actively,goal_achieved,0.8526,0.40226,-0.27679,0.50000,0.50000,-0.40001,0.000363,-0.000425,0.000000,0.000000,-0.000547
2644,98,conference,mask_conference,environment,network_actively,delayed,-0.3759,0.40218,-0.27662,0.49912,0.49925,-0.39950,-0.000082,0.000172,-0.000876,-0.000745,0.000502
2645,98,conference,mask_conference,environment,rest_deeply,failed,-3.4478,0.40255,-0.27686,0.50000,0.50000,-0.39987,0.000371,-0.000240,0.000876,0.000745,-0.000364
2646,98,conference,mask_conference,environment,quick_scan,failed,-3.0927,0.40339,-0.27642,0.50000,0.50000,-0.40130,0.000839,0.000439,0.000000,0.000000,-0.001437
2647,99,work,mask_work,environment,take_notes,goal_achieved,1.4240,0.50000,0.50000,-0.50000,-0.50000,-0.50000,0.000000,0.000000,0.000000,0.000000,0.000000
2648,99,work,mask_work,environment,network_actively,failed,-2.5774,0.50000,0.50000,-0.50000,-0.50000,-0.50000,0.000000,0.000000,0.000000,0.000000,0.000000
2649,99,work,mask_work,environment,deep_work,goal_achieved,1.8518,0.50000,0.50000,-0.50000,-0.50000,-0.50000,0.000000,0.000000,0.000000,0.000000,0.000000
2650,99,work,mask_work,environment,network_actively,delayed,-1.4778,0.50000,0.50000,-0.50000,-0.50000,-0.50000,0.000000,0.000000,0.000000,0.000000,0.000000
2651,99,work,mask_work,environment,take_notes,goal_achieved,1.4244,0.50000,0.50000,-0.50000,-0.50000,-0.50000,0.000000,0.000000,0.000000,0.000000,0.000000
2652,99,work,mask_work,environment,handle_backlog,goal_achieved,1.9392,0.50000,0.50000,-0.50000,-0.50000,-0.50000,0.000000,0.000000,0.000000,0.000000,0.000000
2653,99,work,mask_work,environment,deep_work,goal_achieved,1.8454,0.50000,0.50000,-0.50000,-0.50000,-0.50000,0.000000,0.000000,0.000000,0.000000,0.000000
2654,99,work,mask_work,environment,rest_deeply,delayed,-1.4081,0.50000,0.50000,-0.50000,-0.50000,-0.50000,0.000000,0.000000,0.000000,0.000000,0.000000
2655,99,work,mask_work,environment,tidy_up,goal_achieved,1.8427,0.49964,0.50000,-0.50000,-0.50000,-0.50000,-0.000363,0.000000,0.000000,0.000000,0.000000
2656,99,home,mask_home,environment,network_actively,delayed,-1.9074,-0.50000,-0.21833,-0.50000,-0.50000,0.21915,0.000000,0.000010,0.000000,0.000000,-0.000008
2657,99,home,mask_home,environment,rest_deeply,delayed,-0.5844,-0.50000,-0.21856,-0.50000,-0.50000,0.21993,0.000000,-0.000236,0.000000,0.000000,0.000780
2658,99,home,mask_home,environment,step_away,goal_achieved,1.8315,-0.50000,-0.21852,-0.50000,-0.50000,0.22023,0.000000,0.000039,0.000000,0.000000,0.000295
2659,99,home,mask_home,environment,network_actively,delayed,-1.9105,-0.50000,-0.21851,-0.50000,-0.50000,0.22024,0.000000,0.000014,0.000000,0.000000,0.000010
2660,99,home,mask_home,environment,zone_out,goal_achieved,1.3078,-0.50000,-0.21940,-0.50000,-0.50000,0.22087,0.000000,-0.000891,0.000000,0.000000,0.000633
2661,99,home,mask_home,environment,rest_deeply,goal_achieved,1.6774,-0.50000,-0.21938,-0.50000,-0.50000,0.22074,0.000000,0.000026,0.000000,0.000000,-0.000136
2662,99,home,mask_home,environment,zone_out,delayed,-1.4073,-0.49957,-0.21890,-0.50000,-0.49953,0.22048,0.000427,0.000472,0.000000,0.000468,-0.000261
2663,99,home,mask_home,environment,zone_out,goal_achieved,1.3079,-0.50000,-0.21979,-0.50000,-0.50000,0.22111,-0.000427,-0.000891,0.000000,-0.000468,0.000633
2664,99,home,mask_home,environment,rest_deeply,goal_achieved,1.6757,-0.50000,-0.21977,-0.50000,-0.50000,0.22097,0.000000,0.000023,0.000000,0.000000,-0.000135
2665,99,conference,mask_conference,environment,network_actively,delayed,-0.3717,0.40332,-0.27624,0.49913,0.49926,-0.40081,-0.000075,0.000181,-0.000867,-0.000738,0.000493
2666,99,conference,mask_conference,environment,network_actively,delayed,-0.3717,0.40324,-0.27606,0.49827,0.49852,-0.40032,-0.000073,0.000181,-0.000867,-0.000737,0.000493
2667,99,conference,mask_conference,environment,network_actively,goal_achieved,0.8622,0.40361,-0.27649,0.50000,0.50000,-0.40086,0.000367,-0.000436,0.001734,0.001475,-0.000546
2668,99,conference,mask_conference,environment,network_actively,goal_achieved,0.8584,0.40398,-0.27692,0.50000,0.50000,-0.40142,0.000366,-0.000425,0.000000,0.000000,-0.000552
2669,99,conference,mask_conference,environment,rest_deeply,goal_achieved,1.3226,0.40392,-0.27745,0.50000,0.50000,-0.40165,-0.000061,-0.000527,0.000000,0.000000,-0.000231
2670,99,conference,mask_conference,environment,quick_scan,goal_achieved,1.0712,0.40364,-0.27846,0.50000,0.50000,-0.40092,-0.000280,-0.001017,0.000000,0.000000,0.000727
2671,99,conference,mask_conference,environment,network_actively,goal_achieved,0.8487,0.40399,-0.27889,0.50000,0.50000,-0.40147,0.000356,-0.000423,0.000000,0.000000,-0.000549
2672,99,conference,mask_conference,environment,network_actively,goal_achieved,0.8487,0.40435,-0.27931,0.50000,0.50000,-0.40202,0.000356,-0.000422,0.000000,0.000000,-0.000549
2673,99,conference,mask_conference,environment,quick_scan,failed,-3.0945,0.40518,-0.27887,0.50000,0.50000,-0.40346,0.000831,0.000440,0.000000,0.000000,-0.001437
2674,100,work,mask_work,environment,network_actively,failed,-2.5897,0.50000,0.50000,-0.50000,-0.50000,-0.50000,0.000363,0.000000,0.000000,0.000000,0.000000
2675,100,work,mask_work,environment,tidy_up,failed,-2.4754,0.50000,0.50000,-0.50000,-0.50000,-0.50000,0.000000,0.000000,0.000000,0.000000,0.000000
2676,100,work,mask_work,environment,network_actively,failed,-2.5863,0.50000,0.50000,-0.50000,-0.50000,-0.50000,0.000000,0.000000,0.000000,0.000000,0.000000
2677,100,work,mask_work,environment,handle_backlog,goal_achieved,1.9396,0.50000,0.50000,-0.50000,-0.50000,-0.50000,0.000000,0.000000,0.000000,0.000000,0.000000
2678,100,work,mask_work,environment,deep_work,goal_achieved,1.8440,0.50000,0.50000,-0.50000,-0.50000,-0.50000,0.000000,0.000000,0.000000,0.000000,0.000000
2679,100,work,mask_work,environment,network_actively,failed,-2.5898,0.50000,0.50000,-0.50000,-0.50000,-0.50000,0.000000,0.000000,0.000000,0.000000,0.000000
2680,100,work,mask_work,environment,take_notes,goal_achieved,1.4196,0.50000,0.50000,-0.50000,-0.50000,-0.50000,0.000000,0.000000,0.000000,0.000000,0.000000
2681,100,work,mask_work,environment,handle_backlog,goal_achieved,1.9359,0.50000,0.50000,-0.50000,-0.50000,-0.50000,0.000000,0.000000,0.000000,0.000000,0.000000
2682,100,work,mask_work,environment,deep_work,delayed,-0.7368,0.49947,0.50000,-0.49982,-0.49990,-0.49958,-0.000525,0.000000,0.000183,0.000095,0.000416
2683,100,home,mask_home,environment,quick_scan,failed,-2.8323,-0.50000,-0.21975,-0.50000,-0.50000,0.22079,0.000000,0.000022,0.000000,0.000000,-0.000185
2684,100,home,mask_home,environment,step_away,failed,-2.8105,-0.50000,-0.21997,-0.50000,-0.49965,0.22023,0.000000,-0.000219,0.000000,0.000349,-0.000563
2685,100,home,mask_home,environment,rest_deeply,goal_achieved,1.6963,-0.50000,-0.21996,-0.50000,-0.49967,0.22005,0.000000,0.000012,0.000000,-0.000024,-0.000177
2686,100,home,mask_home,environment,rest_deeply,goal_achieved,1.6963,-0.50000,-0.21994,-0.50000,-0.49970,0.21987,0.000000,0.000012,0.000000,-0.000024,-0.000177
2687,100,home,mask_home,environment,zone_out,goal_achieved,1.3244,-0.50000,-0.22085,-0.50000,-0.50000,0.22046,0.000000,-0.000901,0.000000,-0.000301,0.000587
2688,100,home,mask_home,environment,zone_out,delayed,-1.3890,-0.49958,-0.22039,-0.50000,-0.49949,0.22015,0.000420,0.000459,0.000000,0.000514,-0.000306
2689,100,home,mask_home,environment,zone_out,goal_achieved,1.3251,-0.50000,-0.22129,-0.50000,-0.50000,0.22074,-0.000420,-0.000901,0.000000,-0.000514,0.000587
2690,100,home,mask_home,environment,rest_deeply,goal_achieved,1.6903,-0.50000,-0.22128,-0.50000,-0.50000,0.22057,0.000000,0.000004,0.000000,0.000000,-0.000173
2691,100,home,mask_home,environment,zone_out,goal_achieved,1.3227,-0.50000,-0.22218,-0.50000,-0.50000,0.22115,0.000000,-0.000900,0.000000,0.000000,0.000584
2692,100,conference,mask_conference,environment,network_actively,goal_achieved,0.8523,0.40554,-0.27929,0.50000,0.50000,-0.40401,0.000358,-0.000421,0.000000,0.000000,-0.000555
2693,100,conference,mask_conference,environment,network_actively,goal_achieved,0.8523,0.40590,-0.27971,0.50000,0.50000,-0.40457,0.000359,-0.000420,0.000000,0.000000,-0.000555
2694,100,conference,mask_conference,environment,quick_scan,delayed,-2.0550,0.40645,-0.27963,0.50000,0.50000,-0.40546,0.000553,0.000075,0.000000,0.000000,-0.000897
2695,100,conference,mask_conference,environment,quick_scan,delayed,-2.0548,0.40700,-0.27956,0.50000,0.50000,-0.40636,0.000553,0.000074,0.000000,0.000000,-0.000896
2696,100,conference,mask_conference,environment,network_actively,delayed,-0.3745,0.40692,-0.27938,0.49910,0.49926,-0.40587,-0.000081,0.000180,-0.000898,-0.000738,0.000489
2697,100,conference,mask_conference,environment,deep_work,delayed,-2.5472,0.40720,-0.27966,0.50000,0.50000,-0.40622,0.000275,-0.000285,0.000898,0.000738,-0.000351
2698,100,conference,mask_conference,environment,network_actively,goal_achieved,0.8559,0.40756,-0.28008,0.50000,0.50000,-0.40678,0.000362,-0.000417,0.000000,0.000000,-0.000561
2699,100,conference,mask_conference,environment,network_actively,goal_achieved,0.8559,0.40792,-0.28050,0.50000,0.50000,-0.40734,0.000362,-0.000416,0.000000,0.000000,-0.000562
2700,100,conference,mask_conference,environment,network_actively,goal_achieved,0.8560,0.40828,-0.28091,0.50000,0.50000,-0.40791,0.000363,-0.000415,0.000000,0.000000,-0.000563
2701,101,work,mask_work,environment,take_notes,failed,-2.2951,0.49947,0.50000,-0.50000,-0.50000,-0.50000,-0.000004,0.000000,-0.000183,-0.000095,-0.000416
2702,101,work,mask_work,environment,handle_backlog,goal_achieved,1.9424,0.49988,0.50000,-0.50000,-0.50000,-0.50000,0.000406,0.000000,0.000000,0.000000,0.000000
2703,101,work,mask_work,environment,deep_work,goal_achieved,1.8388,0.50000,0.50000,-0.50000,-0.50000,-0.50000,0.000123,0.000000,0.000000,0.000000,0.000000
2704,101,work,mask_work,environment,deep_work,goal_achieved,1.8388,0.50000,0.50000,-0.50000,-0.50000,-0.50000,0.000000,0.000000,0.000000,0.000000,0.000000
2705,101,work,mask_work,environment,tidy_up,delayed,-1.4011,0.50000,0.50000,-0.50000,-0.50000,-0.50000,0.000000,0.000000,0.000000,0.000000,0.000000
2706,101,work,mask_work,environment,network_actively,failed,-2.5922,0.50000,0.50000,-0.50000,-0.50000,-0.50000,0.000000,0.000000,0.000000,0.000000,0.000000
2707,101,work,mask_work,environment,deep_work,goal_achieved,1.8413,0.50000,0.50000,-0.50000,-0.50000,-0.50000,0.000000,0.000000,0.000000,0.000000,0.000000
2708,101,work,mask_work,environment,network_actively,delayed,-1.4926,0.50000,0.50000,-0.50000,-0.50000,-0.50000,0.000000,0.000000,0.000000,0.000000,0.000000
2709,101,work,mask_work,environment,deep_work,goal_achieved,1.8415,0.50000,0.50000,-0.50000,-0.50000,-0.50000,0.000000,0.000000,0.000000,0.000000,0.000000
2710,101,home,mask_home,environment,rest_deeply,goal_achieved,1.6862,-0.50000,-0.22218,-0.50000,-0.50000,0.22098,0.000000,-0.000002,0.000000,0.000000,-0.000170
2711,101,home,mask_home,environment,network_actively,delayed,-1.9128,-0.50000,-0.22221,-0.50000,-0.50000,0.22096,0.000000,-0.000023,0.000000,0.000000,-0.000021
2712,101,home,mask_home,environment,quick_scan,failed,-2.8284,-0.50000,-0.22222,-0.50000,-0.50000,0.22074,0.000000,-0.000007,0.000000,0.000000,-0.000217
2713,101,home,mask_home,environment,zone_out,delayed,-1.3865,-0.49958,-0.22176,-0.50000,-0.49948,0.22043,0.000419,0.000458,0.000000,0.000517,-0.000310
2714,101,home,mask_home,environment,rest_deeply,delayed,-0.5819,-0.50000,-0.22204,-0.50000,-0.50000,0.22121,-0.000419,-0.000281,0.000000,-0.000517,0.000773
2715,101,home,mask_home,environment,rest_deeply,goal_achieved,1.6921,-0.50000,-0.22204,-0.50000,-0.50000,0.22103,0.000000,0.000003,0.000000,0.000000,-0.000177
2716,101,home,mask_home,environment,zone_out,goal_achieved,1.3274,-0.50000,-0.22293,-0.50000,-0.50000,0.22161,0.000000,-0.000898,0.000000,0.000000,0.000579
2717,101,home,mask_home,environment,quick_scan,failed,-2.8265,-0.50000,-0.22295,-0.50000,-0.50000,0.22139,0.000000,-0.000012,0.000000,0.000000,-0.000214
2718,101,home,mask_home,environment,rest_deeply,delayed,-0.5838,-0.50000,-0.22324,-0.50000,-0.50000,0.22217,0.000000,-0.000295,0.000000,0.000000,0.000779
2719,101,conference,mask_conference,environment,network_actively,goal_achieved,0.8560,0.40864,-0.28133,0.50000,0.50000,-0.40847,0.000363,-0.000414,0.000000,0.000000,-0.000563
2720,101,conference,mask_conference,environment,quick_scan,goal_achieved,1.0676,0.40837,-0.28234,0.50000,0.50000,-0.40775,-0.000277,-0.001014,0.000000,0.000000,0.000724
2721,101,conference,mask_conference,environment,network_actively,goal_achieved,0.8527,0.40873,-0.28275,0.50000,0.50000,-0.40831,0.000363,-0.000412,0.000000,0.000000,-0.000560
2722,101,conference,mask_conference,environment,quick_scan,goal_achieved,1.0658,0.40846,-0.28376,0.50000,0.50000,-0.40758,-0.000275,-0.001009,0.000000,0.000000,0.000722
2723,101,conference,mask_conference,environment,network_actively,goal_achieved,0.8495,0.40882,-0.28417,0.50000,0.50000,-0.40814,0.000363,-0.000410,0.000000,0.000000,-0.000557
2724,101,conference,mask_conference,environment,network_actively,goal_achieved,0.8495,0.40918,-0.28458,0.50000,0.50000,-0.40870,0.000363,-0.000409,0.000000,0.000000,-0.000557
2725,101,conference,mask_conference,environment,network_actively,delayed,-0.3798,0.40909,-0.28442,0.49910,0.49925,-0.40819,-0.000091,0.000166,-0.000896,-0.000750,0.000505
2726,101,conference,mask_conference,environment,rest_deeply,failed,-3.4445,0.40947,-0.28464,0.50000,0.50000,-0.40857,0.000377,-0.000221,0.000896,0.000750,-0.000373
2727,101,conference,mask_conference,environment,network_actively,goal_achieved,0.8513,0.40984,-0.28504,0.50000,0.50000,-0.40913,0.000367,-0.000407,0.000000,0.000000,-0.000559
2728,102,work,mask_work,environment,take_notes,delayed,-1.3692,0.50000,0.50000,-0.50000,-0.50000,-0.50000,0.000000,0.000000,0.000000,0.000000,0.000000
2729,102,work,mask_work,environment,network_actively,failed,-2.5927,0.50000,0.50000,-0.50000,-0.50000,-0.50000,0.000000,0.000000,0.000000,0.000000,0.000000
2730,102,work,mask_work,environment,deep_work,delayed,-0.7319,0.49947,0.50000,-0.49983,-0.49991,-0.49958,-0.000528,0.000000,0.000174,0.000087,0.000417
2731,102,work,mask_work,environment,tidy_up,goal_achieved,1.8434,0.49910,0.50000,-0.50000,-0.50000,-0.50000,-0.000375,0.000000,-0.000174,-0.000087,-0.000417
2732,102,work,mask_work,environment,take_notes,goal_achieved,1.4189,0.50000,0.50000,-0.50000,-0.50000,-0.50000,0.000904,0.000000,0.000000,0.000000,0.000000
2733,102,work,mask_work,environment,take_notes,delayed,-1.3683,0.50000,0.50000,-0.50000,-0.50000,-0.50000,0.000000,0.000000,0.000000,0.000000,0.000000
2734,102,work,mask_work,environment,deep_work,goal_achieved,1.8370,0.50000,0.50000,-0.50000,-0.50000,-0.50000,0.000000,0.000000,0.000000,0.000000,0.000000
2735,102,work,mask_work,environment,take_notes,failed,-2.2981,0.49999,0.50000,-0.50000,-0.50000,-0.50000,-0.000012,0.000000,0.000000,0.000000,0.000000
2736,102,work,mask_work,environment,take_notes,delayed,-1.3691,0.50000,0.50000,-0.50000,-0.50000,-0.50000,0.000012,0.000000,0.000000,0.000000,0.000000
2737,102,home,mask_home,environment,rest_deeply,goal_achieved,1.6915,-0.50000,-0.22324,-0.50000,-0.50000,0.22199,0.000000,-0.000002,0.000000,0.000000,-0.000179
2738,102,home,mask_home,environment,rest_deeply,goal_achieved,1.6916,-0.50000,-0.22324,-0.50000,-0.50000,0.22182,0.000000,-0.000002,0.000000,0.000000,-0.000179
2739,102,home,mask_home,environment,network_actively,goal_achieved,1.2965,-0.49906,-0.22261,-0.50000,-0.49864,0.22088,0.000938,0.000635,0.000000,0.001358,-0.000934
2740,102,home,mask_home,environment,quick_scan,delayed,-1.6943,-0.49956,-0.22265,-0.50000,-0.49897,0.22083,-0.000494,-0.000045,0.000000,-0.000323,-0.000055
2741,102,home,mask_home,environment,quick_scan,failed,-2.8268,-0.50000,-0.22266,-0.50000,-0.49927,0.22061,-0.000444,-0.000009,0.000000,-0.000308,-0.000216
2742,102,home,mask_home,environment,rest_deeply,delayed,-0.5817,-0.50000,-0.22295,-0.50000,-0.50000,0.22138,0.000000,-0.000286,0.000000,-0.000727,0.000765
2743,102,home,mask_home,environment,rest_deeply,delayed,-0.5823,-0.50000,-0.22324,-0.50000,-0.50000,0.22215,0.000000,-0.000291,0.000000,0.000000,0.000769
2744,102,home,mask_home,environment,rest_deeply,goal_achieved,1.6931,-0.50000,-0.22324,-0.50000,-0.50000,0.22196,0.000000,0.000002,0.000000,0.000000,-0.000188
2745,102,home,mask_home,environment,rest_deeply,delayed,-0.5823,-0.50000,-0.22353,-0.50000,-0.50000,0.22273,0.000000,-0.000294,0.000000,0.000000,0.000772
2746,102,conference,mask_conference,environment,network_actively,delayed,-0.3782,0.40975,-0.28488,0.49911,0.49925,-0.40862,-0.000088,0.000168,-0.000887,-0.000748,0.000504
2747,102,conference,mask_conference,environment,quick_scan,delayed,-2.0488,0.41031,-0.28479,0.50000,0.50000,-0.40952,0.000561,0.000087,0.000887,0.000748,-0.000903
2748,102,conference,mask_conference,environment,network_actively,goal_achieved,0.8531,0.41068,-0.28520,0.50000,0.50000,-0.41009,0.000368,-0.000406,0.000000,0.000000,-0.000561
2749,102,conference,mask_conference,environment,take_notes,goal_achieved,1.2392,0.41109,-0.28513,0.50000,0.50000,-0.41050,0.000413,0.000062,0.000000,0.000000,-0.000420
2750,102,conference,mask_conference,environment,quick_scan,goal_achieved,1.0681,0.41082,-0.28613,0.50000,0.50000,-0.40979,-0.000267,-0.000994,0.000000,0.000000,0.000719
2751,102,conference,mask_conference,environment,network_actively,delayed,-0.3815,0.41074,-0.28595,0.49910,0.49925,-0.40928,-0.000086,0.000174,-0.000898,-0.000755,0.000506
2752,102,conference,mask_conference,environment,quick_scan,delayed,-2.0482,0.41130,-0.28586,0.50000,0.50000,-0.41018,0.000565,0.000098,0.000898,0.000755,-0.000905
2753,102,conference,mask_conference,environment,deep_work,failed,-3.7397,0.41148,-0.28642,0.50000,0.50000,-0.41038,0.000177,-0.000563,0.000000,0.000000,-0.000198
2754,102,conference,mask_conference,environment,rest_deeply,delayed,-2.2503,0.41175,-0.28671,0.50000,0.50000,-0.41072,0.000268,-0.000293,0.000000,0.000000,-0.000336
2755,103,work,mask_work,environment,handle_backlog,goal_achieved,1.9440,0.50000,0.50000,-0.50000,-0.50000,-0.50000,0.000000,0.000000,0.000000,0.000000,0.000000
2756,103,work,mask_work,environment,tidy_up,delayed,-1.3981,0.50000,0.50000,-0.50000,-0.50000,-0.50000,0.000000,0.000000,0.000000,0.000000,0.000000
2757,103,work,mask_work,environment,rest_deeply,goal_achieved,2.1203,0.50000,0.50000,-0.50000,-0.50000,-0.50000,0.000000,0.000000,0.000000,0.000000,0.000000
2758,103,work,mask_work,environment,handle_backlog,goal_achieved,1.9418,0.50000,0.50000,-0.50000,-0.50000,-0.50000,0.000000,0.000000,0.000000,0.000000,0.000000
2759,103,work,mask_work,environment,deep_work,goal_achieved,1.8339,0.50000,0.50000,-0.50000,-0.50000,-0.50000,0.000000,0.000000,0.000000,0.000000,0.000000
2760,103,work,mask_work,environment,rest_deeply,goal_achieved,2.1172,0.50000,0.50000,-0.50000,-0.50000,-0.50000,0.000000,0.000000,0.000000,0.000000,0.000000
2761,103,work,mask_work,environment,tidy_up,failed,-2.4882,0.50000,0.50000,-0.50000,-0.50000,-0.50000,0.000000,0.000000,0.000000,0.000000,0.000000
2762,103,work,mask_work,environment,network_actively,failed,-2.6006,0.50000,0.50000,-0.50000,-0.50000,-0.50000,0.000000,0.000000,0.000000,0.000000,0.000000
2763,103,work,mask_work,environment,network_actively,goal_achieved,1.8011,0.50000,0.49978,-0.49869,-0.49990,-0.50000,0.000000,-0.000217,0.001306,0.000102,0.000000
2764,103,home,mask_home,environment,zone_out,failed,-2.2690,-0.49884,-0.22263,-0.50000,-0.49876,0.22212,0.001160,0.000905,0.000000,0.001245,-0.000606
2765,103,home,mask_home,environment,quick_scan,goal_achieved,1.7161,-0.49902,-0.22278,-0.50000,-0.49912,0.22255,-0.000181,-0.000149,0.000000,-0.000360,0.000427
2766,103,home,mask_home,environment,rest_deeply,goal_achieved,1.6941,-0.49933,-0.22277,-0.50000,-0.49915,0.22236,-0.000311,0.000006,0.000000,-0.000031,-0.000184
2767,103,home,mask_home,environment,network_actively,failed,-2.9551,-0.50000,-0.22301,-0.50000,-0.49991,0.22265,-0.000667,-0.000243,0.000000,-0.000764,0.000282
2768,103,home,mask_home,environment,zone_out,goal_achieved,1.3379,-0.50000,-0.22391,-0.50000,-0.50000,0.22322,0.000000,-0.000896,0.000000,-0.000089,0.000576
2769,103,home,mask_home,environment,rest_deeply,goal_achieved,1.6899,-0.50000,-0.22391,-0.50000,-0.50000,0.22304,0.000000,0.000002,0.000000,0.000000,-0.000183
2770,103,home,mask_home,environment,rest_deeply,goal_achieved,1.6899,-0.50000,-0.22390,-0.50000,-0.50000,0.22286,0.000000,0.000002,0.000000,0.000000,-0.000183
2771,103,home,mask_home,environment,rest_deeply,goal_achieved,1.6900,-0.50000,-0.22390,-0.50000,-0.50000,0.22267,0.000000,0.000001,0.000000,0.000000,-0.000182
2772,103,home,mask_home,environment,zone_out,goal_achieved,1.3348,-0.50000,-0.22480,-0.50000,-0.50000,0.22325,0.000000,-0.000895,0.000000,0.000000,0.000573
2773,103,conference,mask_conference,environment,quick_scan,goal_achieved,1.0728,0.41148,-0.28771,0.50000,0.50000,-0.40999,-0.000270,-0.001000,0.000000,0.000000,0.000725
2774,103,conference,mask_conference,environment,network_actively,goal_achieved,0.8490,0.41184,-0.28812,0.50000,0.50000,-0.41055,0.000367,-0.000405,0.000000,0.000000,-0.000554
2775,103,conference,mask_conference,environment,network_actively,delayed,-0.3804,0.41175,-0.28796,0.49912,0.49925,-0.41003,-0.000093,0.000158,-0.000883,-0.000750,0.000516
2776,103,conference,mask_conference,environment,take_notes,goal_achieved,1.2439,0.41216,-0.28791,0.50000,0.50000,-0.41044,0.000406,0.000049,0.000883,0.000750,-0.000405
2777,103,conference,mask_conference,environment,network_actively,goal_achieved,0.8474,0.41253,-0.28831,0.50000,0.50000,-0.41099,0.000370,-0.000398,0.000000,0.000000,-0.000555
2778,103,conference,mask_conference,environment,network_actively,goal_achieved,0.8474,0.41290,-0.28871,0.50000,0.50000,-0.41155,0.000371,-0.000397,0.000000,0.000000,-0.000555
2779,103,conference,mask_conference,environment,network_actively,goal_achieved,0.8475,0.41327,-0.28910,0.50000,0.50000,-0.41210,0.000371,-0.000396,0.000000,0.000000,-0.000556
2780,103,conference,mask_conference,environment,take_notes,delayed,-2.2772,0.41328,-0.29004,0.50000,0.50000,-0.41230,0.000016,-0.000941,0.000000,0.000000,-0.000193
2781,103,conference,mask_conference,environment,quick_scan,goal_achieved,1.0729,0.41302,-0.29104,0.50000,0.50000,-0.41157,-0.000268,-0.000998,0.000000,0.000000,0.000722
2782,104,work,mask_work,environment,rest_deeply,failed,-2.5888,0.50000,0.50000,-0.49978,-0.50000,-0.50000,0.000000,0.000217,-0.001089,-0.000102,0.000000
2783,104,work,mask_work,environment,take_notes,goal_achieved,1.4099,0.50000,0.50000,-0.50000,-0.50000,-0.50000,0.000000,0.000000,-0.000218,0.000000,0.000000
2784,104,work,mask_work,environment,deep_work,delayed,-0.7456,0.49946,0.50000,-0.49983,-0.49991,-0.49956,-0.000543,0.000000,0.000170,0.000091,0.000436
2785,104,work,mask_work,environment,tidy_up,failed,-2.4881,0.50000,0.50000,-0.50000,-0.50000,-0.50000,0.000543,0.000000,-0.000170,-0.000091,-0.000436
2786,104,work,mask_work,environment,deep_work,goal_achieved,1.8329,0.50000,0.50000,-0.50000,-0.50000,-0.50000,0.000000,0.000000,0.000000,0.000000,0.000000
2787,104,work,mask_work,environment,deep_work,goal_achieved,1.8329,0.50000,0.50000,-0.50000,-0.50000,-0.50000,0.000000,0.000000,0.000000,0.000000,0.000000
2788,104,work,mask_work,environment,network_actively,delayed,-1.4977,0.50000,0.50000,-0.50000,-0.50000,-0.50000,0.000000,0.000000,0.000000,0.000000,0.000000
2789,104,work,mask_work,environment,deep_work,goal_achieved,1.8330,0.50000,0.50000,-0.50000,-0.50000,-0.50000,0.000000,0.000000,0.000000,0.000000,0.000000
2790,104,work,mask_work,environment,take_notes,failed,-2.3016,0.49999,0.50000,-0.50000,-0.50000,-0.50000,-0.000012,0.000000,0.000000,0.000000,0.000000
2791,104,home,mask_home,environment,step_away,goal_achieved,1.8192,-0.50000,-0.22479,-0.50000,-0.50000,0.22356,0.000000,0.000009,0.000000,0.000000,0.000307
2792,104,home,mask_home,environment,rest_deeply,goal_achieved,1.6792,-0.50000,-0.22479,-0.50000,-0.50000,0.22339,0.000000,0.000001,0.000000,0.000000,-0.000164
2793,104,home,mask_home,environment,rest_deeply,goal_achieved,1.6792,-0.50000,-0.22479,-0.50000,-0.50000,0.22323,0.000000,0.000001,0.000000,0.000000,-0.000163
2794,104,home,mask_home,environment,rest_deeply,goal_achieved,1.6793,-0.50000,-0.22479,-0.50000,-0.50000,0.22307,0.000000,0.000001,0.000000,0.000000,-0.000163
2795,104,home,mask_home,environment,zone_out,delayed,-1.3830,-0.49957,-0.22433,-0.50000,-0.49950,0.22277,0.000426,0.000456,0.000000,0.000500,-0.000292
2796,104,home,mask_home,environment,network_actively,failed,-2.9739,-0.50000,-0.22458,-0.50000,-0.50000,0.22307,-0.000426,-0.000247,0.000000,-0.000500,0.000299
2797,104,home,mask_home,environment,rest_deeply,delayed,-0.5933,-0.50000,-0.22488,-0.50000,-0.50000,0.22388,0.000000,-0.000304,0.000000,0.000000,0.000804
2798,104,home,mask_home,environment,zone_out,delayed,-1.3787,-0.49958,-0.22443,-0.50000,-0.49950,0.22359,0.000425,0.000454,0.000000,0.000495,-0.000288
2799,104,home,mask_home,environment,quick_scan,failed,-2.8220,-0.50000,-0.22444,-0.50000,-0.49983,0.22339,-0.000425,-0.000009,0.000000,-0.000329,-0.000196
2800,104,conference,mask_conference,environment,network_actively,delayed,-0.3811,0.41292,-0.29090,0.49913,0.49925,-0.41105,-0.000101,0.000144,-0.000871,-0.000752,0.000525
2801,104,conference,mask_conference,environment,network_actively,delayed,-0.3812,0.41282,-0.29075,0.49826,0.49850,-0.41052,-0.000100,0.000145,-0.000872,-0.000752,0.000525
2802,104,conference,mask_conference,environment,quick_scan,goal_achieved,1.0810,0.41255,-0.29175,0.50000,0.49889,-0.40980,-0.000267,-0.000997,0.001743,0.000391,0.000725
2803,104,conference,mask_conference,environment,network_actively,delayed,-0.3835,0.41244,-0.29161,0.49913,0.49813,-0.40927,-0.000105,0.000138,-0.000871,-0.000758,0.000532
2804,104,conference,mask_conference,environment,rest_deeply,delayed,-2.2476,0.41270,-0.29191,0.50000,0.49933,-0.40959,0.000261,-0.000297,0.000871,0.001198,-0.000319
2805,104,conference,mask_conference,environment,network_actively,delayed,-0.3836,0.41260,-0.29177,0.49913,0.49857,-0.40905,-0.000105,0.000137,-0.000872,-0.000758,0.000533
2806,104,conference,mask_conference,environment,network_actively,goal_achieved,0.8456,0.41296,-0.29218,0.50000,0.50000,-0.40960,0.000366,-0.000407,0.000872,0.001431,-0.000547
2807,104,conference,mask_conference,environment,network_actively,goal_achieved,0.8444,0.41333,-0.29258,0.50000,0.50000,-0.41015,0.000367,-0.000403,0.000000,0.000000,-0.000549
2808,104,conference,mask_conference,environment,network_actively,goal_achieved,0.8444,0.41370,-0.29298,0.50000,0.50000,-0.41070,0.000367,-0.000402,0.000000,0.000000,-0.000550
2809,105,work,mask_work,environment,deep_work,goal_achieved,1.8357,0.50000,0.50000,-0.50000,-0.50000,-0.50000,0.000012,0.000000,0.000000,0.000000,0.000000
2810,105,work,mask_work,environment,handle_backlog,goal_achieved,1.9433,0.50000,0.50000,-0.50000,-0.50000,-0.50000,0.000000,0.000000,0.000000,0.000000,0.000000
2811,105,work,mask_work,environment,take_notes,delayed,-1.3756,0.50000,0.50000,-0.50000,-0.50000,-0.50000,0.000000,0.000000,0.000000,0.000000,0.000000
2812,105,work,mask_work,environment,handle_backlog,goal_achieved,1.9444,0.50000,0.50000,-0.50000,-0.50000,-0.50000,0.000000,0.000000,0.000000,0.000000,0.000000
2813,105,work,mask_work,environment,take_notes,failed,-2.3068,0.49998,0.50000,-0.50000,-0.50000,-0.50000,-0.000016,0.000000,0.000000,0.000000,0.000000
2814,105,work,mask_work,environment,tidy_up,failed,-2.4894,0.50000,0.50000,-0.50000,-0.50000,-0.50000,0.000016,0.000000,0.000000,0.000000,0.000000
2815,105,work,mask_work,environment,network_actively,failed,-2.5949,0.50000,0.50000,-0.50000,-0.50000,-0.50000,0.000000,0.000000,0.000000,0.000000,0.000000
2816,105,work,mask_work,environment,deep_work,goal_achieved,1.8388,0.50000,0.50000,-0.50000,-0.50000,-0.50000,0.000000,0.000000,0.000000,0.000000,0.000000
2817,105,work,mask_work,environment,take_notes,failed,-2.3037,0.49999,0.50000,-0.50000,-0.50000,-0.50000,-0.000007,0.000000,0.000000,0.000000,0.000000
2818,105,home,mask_home,environment,zone_out,failed,-2.2788,-0.49884,-0.22353,-0.50000,-0.49861,0.22281,0.001164,0.000905,0.000000,0.001226,-0.000586
2819,105,home,mask_home,environment,rest_deeply,goal_achieved,1.6943,-0.49915,-0.22352,-0.50000,-0.49866,0.22264,-0.000312,0.000011,0.000000,-0.000050,-0.000171
2820,105,home,mask_home,environment,zone_out,delayed,-1.3776,-0.49873,-0.22306,-0.50000,-0.49817,0.22234,0.000415,0.000457,0.000000,0.000491,-0.000293
2821,105,home,mask_home,environment,zone_out,goal_achieved,1.3356,-0.50000,-0.22396,-0.50000,-0.49987,0.22293,-0.001266,-0.000892,0.000000,-0.001704,0.000591
2822,105,home,mask_home,environment,zone_out,delayed,-1.3776,-0.49958,-0.22350,-0.50000,-0.49937,0.22264,0.000420,0.000458,0.000000,0.000496,-0.000294
2823,105,home,mask_home,environment,rest_deeply,goal_achieved,1.6944,-0.49989,-0.22348,-0.50000,-0.49942,0.22247,-0.000307,0.000014,0.000000,-0.000044,-0.000174
2824,105,home,mask_home,environment,quick_scan,delayed,-1.6878,-0.50000,-0.22352,-0.50000,-0.49975,0.22242,-0.000114,-0.000033,0.000000,-0.000327,-0.000043
2825,105,home,mask_home,environment,rest_deeply,goal_achieved,1.6949,-0.50000,-0.22350,-0.50000,-0.49979,0.22225,0.000000,0.000015,0.000000,-0.000043,-0.000176
2826,105,home,mask_home,environment,step_away,failed,-2.7984,-0.50000,-0.22373,-0.50000,-0.49944,0.22167,0.000000,-0.000233,0.000000,0.000346,-0.000575
2827,105,conference,mask_conference,environment,quick_scan,failed,-3.0732,0.41454,-0.29252,0.50000,0.50000,-0.41215,0.000845,0.000465,0.000000,0.000000,-0.001453
2828,105,conference,mask_conference,environment,network_actively,goal_achieved,0.8479,0.41491,-0.29292,0.50000,0.50000,-0.41271,0.000369,-0.000402,0.000000,0.000000,-0.000554
2829,105,conference,mask_conference,environment,network_actively,goal_achieved,0.8479,0.41528,-0.29332,0.50000,0.50000,-0.41326,0.000370,-0.000401,0.000000,0.000000,-0.000555
2830,105,conference,mask_conference,environment,network_actively,goal_achieved,0.8480,0.41565,-0.29372,0.50000,0.50000,-0.41382,0.000370,-0.000400,0.000000,0.000000,-0.000556
2831,105,conference,mask_conference,environment,network_actively,goal_achieved,0.8480,0.41602,-0.29412,0.50000,0.50000,-0.41437,0.000371,-0.000399,0.000000,0.000000,-0.000556
2832,105,conference,mask_conference,environment,network_actively,goal_achieved,0.8481,0.41639,-0.29452,0.50000,0.50000,-0.41493,0.000371,-0.000398,0.000000,0.000000,-0.000557
2833,105,conference,mask_conference,environment,network_actively,delayed,-0.3811,0.41629,-0.29437,0.49913,0.49925,-0.41440,-0.000102,0.000142,-0.000870,-0.000753,0.000526
2834,105,conference,mask_conference,environment,network_actively,goal_achieved,0.8494,0.41666,-0.29478,0.50000,0.50000,-0.41496,0.000371,-0.000401,0.000870,0.000753,-0.000555
2835,105,conference,mask_conference,environment,network_actively,goal_achieved,0.8482,0.41704,-0.29517,0.50000,0.50000,-0.41551,0.000372,-0.000397,0.000000,0.000000,-0.000557
2836,106,work,mask_work,environment,handle_backlog,goal_achieved,1.9527,0.50000,0.50000,-0.50000,-0.50000,-0.50000,0.000007,0.000000,0.000000,0.000000,0.000000
2837,106,work,mask_work,environment,handle_backlog,delayed,-1.3632,0.50000,0.50000,-0.50000,-0.50000,-0.50000,0.000000,0.000000,0.000000,0.000000,0.000000
2838,106,work,mask_work,environment,handle_backlog,delayed,-1.3632,0.50000,0.50000,-0.50000,-0.50000,-0.50000,0.000000,0.000000,0.000000,0.000000,0.000000
2839,106,work,mask_work,environment,rest_deeply,delayed,-1.4002,0.50000,0.50000,-0.50000,-0.50000,-0.50000,0.000000,0.000000,0.000000,0.000000,0.000000
2840,106,work,mask_work,environment,take_notes,failed,-2.2996,0.50000,0.50000,-0.50000,-0.50000,-0.50000,-0.000002,0.000000,0.000000,0.000000,0.000000
2841,106,work,mask_work,environment,network_actively,failed,-2.5865,0.50000,0.50000,-0.50000,-0.50000,-0.50000,0.000002,0.000000,0.000000,0.000000,0.000000
2842,106,work,mask_work,environment,deep_work,goal_achieved,1.8489,0.50000,0.50000,-0.50000,-0.50000,-0.50000,0.000000,0.000000,0.000000,0.000000,0.000000
2843,106,work,mask_work,environment,deep_work,goal_achieved,1.8489,0.50000,0.50000,-0.50000,-0.50000,-0.50000,0.000000,0.000000,0.000000,0.000000,0.000000
2844,106,work,mask_work,environment,take_notes,failed,-2.3003,0.50000,0.50000,-0.50000,-0.50000,-0.50000,0.000000,0.000000,0.000000,0.000000,0.000000
2845,106,home,mask_home,environment,quick_scan,failed,-2.8058,-0.50000,-0.22374,-0.50000,-0.49972,0.22143,0.000000,-0.000008,0.000000,-0.000276,-0.000237
2846,106,home,mask_home,environment,zone_out,failed,-2.2651,-0.49885,-0.22284,-0.50000,-0.49845,0.22080,0.001152,0.000902,0.000000,0.001266,-0.000630
2847,106,home,mask_home,environment,network_actively,delayed,-1.8720,-0.49920,-0.22286,-0.50000,-0.49865,0.22075,-0.000349,-0.000015,0.000000,-0.000195,-0.000057
2848,106,home,mask_home,environment,step_away,failed,-2.7930,-0.49971,-0.22308,-0.50000,-0.49830,0.22017,-0.000512,-0.000222,0.000000,0.000346,-0.000575
2849,106,home,mask_home,environment,zone_out,goal_achieved,1.3640,-0.50000,-0.22399,-0.50000,-0.49993,0.22070,-0.000292,-0.000911,0.000000,-0.001632,0.000523
2850,106,home,mask_home,environment,network_actively,failed,-2.9302,-0.50000,-0.22424,-0.50000,-0.50000,0.22091,0.000000,-0.000249,0.000000,-0.000066,0.000217
2851,106,home,mask_home,environment,quick_scan,failed,-2.7918,-0.50000,-0.22425,-0.50000,-0.50000,0.22065,0.000000,-0.000016,0.000000,0.000000,-0.000267
2852,106,home,mask_home,environment,network_actively,delayed,-1.8612,-0.50000,-0.22428,-0.50000,-0.50000,0.22056,0.000000,-0.000028,0.000000,0.000000,-0.000090
2853,106,home,mask_home,environment,rest_deeply,delayed,-0.5464,-0.50000,-0.22458,-0.50000,-0.50000,0.22127,0.000000,-0.000298,0.000000,0.000000,0.000712
2854,106,conference,mask_conference,environment,take_notes,goal_achieved,1.2463,0.41744,-0.29511,0.50000,0.50000,-0.41592,0.000408,0.000059,0.000000,0.000000,-0.000406
2855,106,conference,mask_conference,environment,quick_scan,delayed,-2.0382,0.41801,-0.29500,0.50000,0.50000,-0.41683,0.000571,0.000109,0.000000,0.000000,-0.000912
2856,106,conference,mask_conference,environment,network_actively,delayed,-0.3818,0.41792,-0.29485,0.49912,0.49925,-0.41631,-0.000096,0.000154,-0.000881,-0.000754,0.000520
2857,106,conference,mask_conference,environment,quick_scan,delayed,-2.0342,0.41849,-0.29474,0.50000,0.50000,-0.41722,0.000569,0.000106,0.000881,0.000754,-0.000907
2858,106,conference,mask_conference,environment,network_actively,goal_achieved,0.8502,0.41886,-0.29514,0.50000,0.50000,-0.41778,0.000376,-0.000390,0.000000,0.000000,-0.000563
2859,106,conference,mask_conference,environment,network_actively,goal_achieved,0.8502,0.41924,-0.29552,0.50000,0.50000,-0.41835,0.000376,-0.000390,0.000000,0.000000,-0.000563
2860,106,conference,mask_conference,environment,network_actively,goal_achieved,0.8503,0.41962,-0.29591,0.50000,0.50000,-0.41891,0.000377,-0.000389,0.000000,0.000000,-0.000564
2861,106,conference,mask_conference,environment,network_actively,goal_achieved,0.8503,0.41999,-0.29630,0.50000,0.50000,-0.41947,0.000377,-0.000388,0.000000,0.000000,-0.000564
2862,106,conference,mask_conference,environment,network_actively,goal_achieved,0.8504,0.42037,-0.29669,0.50000,0.50000,-0.42004,0.000377,-0.000387,0.000000,0.000000,-0.000565
2863,107,work,mask_work,environment,take_notes,failed,-2.3003,0.50000,0.50000,-0.50000,-0.50000,-0.50000,0.000000,0.000000,0.000000,0.000000,0.000000
2864,107,work,mask_work,environment,take_notes,delayed,-1.3713,0.50000,0.50000,-0.50000,-0.50000,-0.50000,0.000000,0.000000,0.000000,0.000000,0.000000
2865,107,work,mask_work,environment,network_actively,goal_achieved,1.8197,0.50000,0.49978,-0.49868,-0.49990,-0.50000,0.000000,-0.000223,0.001317,0.000096,0.000000
2866,107,work,mask_work,environment,take_notes,goal_achieved,1.4141,0.50000,0.50000,-0.50000,-0.50000,-0.50000,0.000000,0.000223,-0.001317,-0.000096,0.000000
2867,107,work,mask_work,environment,take_notes,delayed,-1.3732,0.50000,0.50000,-0.50000,-0.50000,-0.50000,0.000000,0.000000,0.000000,0.000000,0.000000
2868,107,work,mask_work,environment,deep_work,goal_achieved,1.8502,0.50000,0.50000,-0.50000,-0.50000,-0.50000,0.000000,0.000000,0.000000,0.000000,0.000000
2869,107,work,mask_work,environment,tidy_up,goal_achieved,1.8389,0.49959,0.50000,-0.50000,-0.50000,-0.50000,-0.000405,0.000000,0.000000,0.000000,0.000000
2870,107,work,mask_work,environment,network_actively,delayed,-1.4887,0.50000,0.50000,-0.50000,-0.50000,-0.50000,0.000405,0.000000,0.000000,0.000000,0.000000
2871,107,work,mask_work,environment,deep_work,delayed,-0.7286,0.49945,0.50000,-0.49982,-0.49991,-0.49957,-0.000554,0.000000,0.000181,0.000091,0.000433
2872,107,home,mask_home,environment,rest_deeply,goal_achieved,1.7296,-0.50000,-0.22458,-0.50000,-0.49997,0.22102,0.000000,-0.000002,0.000000,0.000029,-0.000247
2873,107,home,mask_home,environment,zone_out,delayed,-1.3425,-0.49960,-0.22414,-0.50000,-0.49941,0.22065,0.000402,0.000441,0.000000,0.000565,-0.000367
2874,107,home,mask_home,environment,step_away,delayed,-1.6289,-0.50000,-0.22430,-0.50000,-0.49930,0.22029,-0.000402,-0.000163,0.000000,0.000104,-0.000363
2875,107,home,mask_home,environment,rest_deeply,goal_achieved,1.7394,-0.50000,-0.22431,-0.50000,-0.49925,0.22003,0.000000,-0.000005,0.000000,0.000048,-0.000263
2876,107,home,mask_home,environment,rest_deeply,goal_achieved,1.7395,-0.50000,-0.22431,-0.50000,-0.49921,0.21977,0.000000,-0.000005,0.000000,0.000047,-0.000262
2877,107,home,mask_home,environment,rest_deeply,goal_achieved,1.7395,-0.50000,-0.22432,-0.50000,-0.49916,0.21950,0.000000,-0.000005,0.000000,0.000047,-0.000262
2878,107,home,mask_home,environment,zone_out,goal_achieved,1.3727,-0.50000,-0.22523,-0.50000,-0.50000,0.22001,0.000000,-0.000915,0.000000,-0.000840,0.000502
2879,107,home,mask_home,environment,quick_scan,goal_achieved,1.7396,-0.50000,-0.22540,-0.50000,-0.50000,0.22036,0.000000,-0.000165,0.000000,0.000000,0.000358
2880,107,home,mask_home,environment,zone_out,delayed,-1.3424,-0.49960,-0.22497,-0.50000,-0.49941,0.21999,0.000404,0.000434,0.000000,0.000585,-0.000378
2881,107,conference,mask_conference,environment,quick_scan,goal_achieved,1.0765,0.42011,-0.29767,0.50000,0.50000,-0.41932,-0.000262,-0.000981,0.000000,0.000000,0.000721
2882,107,conference,mask_conference,environment,network_actively,goal_achieved,0.8473,0.42049,-0.29806,0.50000,0.50000,-0.41988,0.000377,-0.000385,0.000000,0.000000,-0.000562
2883,107,conference,mask_conference,environment,quick_scan,delayed,-2.0391,0.42106,-0.29794,0.50000,0.50000,-0.42080,0.000574,0.000113,0.000000,0.000000,-0.000915
2884,107,conference,mask_conference,environment,network_actively,goal_achieved,0.8492,0.42144,-0.29833,0.50000,0.50000,-0.42136,0.000379,-0.000384,0.000000,0.000000,-0.000565
2885,107,conference,mask_conference,environment,network_actively,goal_achieved,0.8492,0.42182,-0.29871,0.50000,0.50000,-0.42192,0.000379,-0.000384,0.000000,0.000000,-0.000565
2886,107,conference,mask_conference,environment,network_actively,delayed,-0.3818,0.42172,-0.29856,0.49912,0.49925,-0.42140,-0.000096,0.000153,-0.000879,-0.000754,0.000520
2887,107,conference,mask_conference,environment,network_actively,goal_achieved,0.8506,0.42210,-0.29894,0.50000,0.50000,-0.42197,0.000379,-0.000386,0.000879,0.000754,-0.000563
2888,107,conference,mask_conference,environment,network_actively,goal_achieved,0.8493,0.42248,-0.29933,0.50000,0.50000,-0.42253,0.000380,-0.000383,0.000000,0.000000,-0.000566
2889,107,conference,mask_conference,environment,quick_scan,delayed,-2.0387,0.42305,-0.29921,0.50000,0.50000,-0.42345,0.000575,0.000113,0.000000,0.000000,-0.000916
2890,108,work,mask_work,environment,tidy_up,delayed,-1.3966,0.50000,0.50000,-0.50000,-0.50000,-0.50000,0.000554,0.000000,-0.000181,-0.000091,-0.000433
2891,108,work,mask_work,environment,take_notes,goal_achieved,1.4144,0.50000,0.50000,-0.50000,-0.50000,-0.50000,0.000000,0.000000,0.000000,0.000000,0.000000
2892,108,work,mask_work,environment,take_notes,delayed,-1.3725,0.50000,0.50000,-0.50000,-0.50000,-0.50000,0.000000,0.000000,0.000000,0.000000,0.000000
2893,108,work,mask_work,environment,take_notes,delayed,-1.3725,0.50000,0.50000,-0.50000,-0.50000,-0.50000,0.000000,0.000000,0.000000,0.000000,0.000000
2894,108,work,mask_work,environment,tidy_up,delayed,-1.3984,0.50000,0.50000,-0.50000,-0.50000,-0.50000,0.000000,0.000000,0.000000,0.000000,0.000000
2895,108,work,mask_work,environment,handle_backlog,goal_achieved,1.9562,0.50000,0.50000,-0.50000,-0.50000,-0.50000,0.000000,0.000000,0.000000,0.000000,0.000000
2896,108,work,mask_work,environment,network_actively,goal_achieved,1.8150,0.50000,0.49978,-0.49868,-0.49990,-0.50000,0.000000,-0.000221,0.001317,0.000098,0.000000
2897,108,work,mask_work,environment,network_actively,failed,-2.5861,0.50000,0.50000,-0.50000,-0.50000,-0.50000,0.000000,0.000221,-0.001317,-0.000098,0.000000
2898,108,work,mask_work,environment,deep_work,goal_achieved,1.8446,0.50000,0.50000,-0.50000,-0.50000,-0.50000,0.000000,0.000000,0.000000,0.000000,0.000000
2899,108,home,mask_home,environment,tidy_up,goal_achieved,1.8939,-0.50000,-0.22493,-0.50000,-0.49964,0.21989,-0.000404,0.000040,0.000000,-0.000227,-0.000097
2900,108,home,mask_home,environment,network_actively,delayed,-1.8579,-0.50000,-0.22496,-0.50000,-0.49979,0.21979,0.000000,-0.000032,0.000000,-0.000147,-0.000101
2901,108,home,mask_home,environment,rest_deeply,delayed,-0.5430,-0.50000,-0.22526,-0.50000,-0.50000,0.22049,0.000000,-0.000302,0.000000,-0.000211,0.000700
2902,108,home,mask_home,environment,rest_deeply,goal_achieved,1.7331,-0.50000,-0.22527,-0.50000,-0.49995,0.22023,0.000000,-0.000007,0.000000,0.000048,-0.000258
2903,108,home,mask_home,environment,zone_out,goal_achieved,1.3689,-0.50000,-0.22618,-0.50000,-0.50000,0.22074,0.000000,-0.000914,0.000000,-0.000048,0.000506
2904,108,home,mask_home,environment,rest_deeply,goal_achieved,1.7296,-0.50000,-0.22619,-0.50000,-0.49996,0.22048,0.000000,-0.000012,0.000000,0.000039,-0.000255
2905,108,home,mask_home,environment,rest_deeply,goal_achieved,1.7297,-0.50000,-0.22621,-0.50000,-0.49992,0.22023,0.000000,-0.000012,0.000000,0.000039,-0.000254
2906,108,home,mask_home,environment,rest_deeply,goal_achieved,1.7297,-0.50000,-0.22622,-0.50000,-0.49988,0.21997,0.000000,-0.000012,0.000000,0.000038,-0.000254
2907,108,home,mask_home,environment,rest_deeply,goal_achieved,1.7298,-0.50000,-0.22623,-0.50000,-0.49985,0.21972,0.000000,-0.000013,0.000000,0.000037,-0.000254
2908,108,conference,mask_conference,environment,network_actively,goal_achieved,0.8511,0.42343,-0.29960,0.50000,0.50000,-0.42402,0.000381,-0.000382,0.000000,0.000000,-0.000568
2909,108,conference,mask_conference,environment,network_actively,goal_achieved,0.8512,0.42382,-0.29998,0.50000,0.50000,-0.42459,0.000381,-0.000381,0.000000,0.000000,-0.000569
2910,108,conference,mask_conference,environment,quick_scan,delayed,-2.0399,0.42439,-0.29986,0.50000,0.50000,-0.42550,0.000575,0.000112,0.000000,0.000000,-0.000916
2911,108,conference,mask_conference,environment,quick_scan,delayed,-2.0398,0.42496,-0.29975,0.50000,0.50000,-0.42642,0.000574,0.000110,0.000000,0.000000,-0.000915
2912,108,conference,mask_conference,environment,quick_scan,goal_achieved,1.0744,0.42470,-0.30074,0.50000,0.50000,-0.42570,-0.000261,-0.000982,0.000000,0.000000,0.000720
2913,108,conference,mask_conference,environment,deep_work,failed,-3.7388,0.42489,-0.30127,0.50000,0.50000,-0.42591,0.000190,-0.000534,0.000000,0.000000,-0.000210
2914,108,conference,mask_conference,environment,network_actively,goal_achieved,0.8537,0.42527,-0.30166,0.50000,0.50000,-0.42647,0.000380,-0.000387,0.000000,0.000000,-0.000566
2915,108,conference,mask_conference,environment,quick_scan,delayed,-2.0382,0.42585,-0.30155,0.50000,0.50000,-0.42739,0.000573,0.000105,0.000000,0.000000,-0.000913
2916,108,conference,mask_conference,environment,network_actively,goal_achieved,0.8554,0.42623,-0.30194,0.50000,0.50000,-0.42796,0.000381,-0.000387,0.000000,0.000000,-0.000569
2917,109,work,mask_work,environment,take_notes,failed,-2.3041,0.49999,0.50000,-0.50000,-0.50000,-0.50000,-0.000008,0.000000,0.000000,0.000000,0.000000
2918,109,work,mask_work,environment,tidy_up,goal_achieved,1.8394,0.49958,0.50000,-0.50000,-0.50000,-0.50000,-0.000413,0.000000,0.000000,0.000000,0.000000
2919,109,work,mask_work,environment,network_actively,delayed,-1.4881,0.50000,0.50000,-0.50000,-0.50000,-0.50000,0.000421,0.000000,0.000000,0.000000,0.000000
2920,109,work,mask_work,environment,take_notes,delayed,-1.3784,0.50000,0.50000,-0.50000,-0.50000,-0.50000,0.000000,0.000000,0.000000,0.000000,0.000000
2921,109,work,mask_work,environment,tidy_up,delayed,-1.3988,0.50000,0.50000,-0.50000,-0.50000,-0.50000,0.000000,0.000000,0.000000,0.000000,0.000000
2922,109,work,mask_work,environment,network_actively,failed,-2.5864,0.50000,0.50000,-0.50000,-0.50000,-0.50000,0.000000,0.000000,0.000000,0.000000,0.000000
2923,109,work,mask_work,environment,network_actively,failed,-2.5864,0.50000,0.50000,-0.50000,-0.50000,-0.50000,0.000000,0.000000,0.000000,0.000000,0.000000
2924,109,work,mask_work,environment,take_notes,failed,-2.3044,0.49999,0.50000,-0.50000,-0.50000,-0.50000,-0.000014,0.000000,0.000000,0.000000,0.000000
2925,109,work,mask_work,environment,deep_work,goal_achieved,1.8501,0.50000,0.50000,-0.50000,-0.50000,-0.50000,0.000014,0.000000,0.000000,0.000000,0.000000
2926,109,home,mask_home,environment,rest_deeply,goal_achieved,1.7298,-0.50000,-0.22624,-0.50000,-0.49981,0.21947,0.000000,-0.000013,0.000000,0.000037,-0.000253
2927,109,home,mask_home,environment,rest_deeply,goal_achieved,1.7298,-0.50000,-0.22626,-0.50000,-0.49977,0.21921,0.000000,-0.000013,0.000000,0.000036,-0.000253
2928,109,home,mask_home,environment,network_actively,failed,-2.9302,-0.50000,-0.22652,-0.50000,-0.50000,0.21942,0.000000,-0.000260,0.000000,-0.000227,0.000206
2929,109,home,mask_home,environment,rest_deeply,goal_achieved,1.7306,-0.50000,-0.22653,-0.50000,-0.49996,0.21917,0.000000,-0.000014,0.000000,0.000035,-0.000252
2930,109,home,mask_home,environment,rest_deeply,goal_achieved,1.7306,-0.50000,-0.22654,-0.50000,-0.49993,0.21891,0.000000,-0.000014,0.000000,0.000034,-0.000252
2931,109,home,mask_home,environment,zone_out,delayed,-1.3464,-0.49960,-0.22611,-0.50000,-0.49934,0.21853,0.000403,0.000435,0.000000,0.000587,-0.000381
2932,109,home,mask_home,environment,rest_deeply,goal_achieved,1.7333,-0.49993,-0.22612,-0.50000,-0.49931,0.21828,-0.000329,-0.000012,0.000000,0.000035,-0.000251
2933,109,home,mask_home,environment,zone_out,delayed,-1.3478,-0.49953,-0.22568,-0.50000,-0.49872,0.21790,0.000400,0.000437,0.000000,0.000586,-0.000381
2934,109,home,mask_home,environment,quick_scan,goal_achieved,1.7392,-0.49971,-0.22584,-0.50000,-0.49900,0.21826,-0.000185,-0.000162,0.000000,-0.000278,0.000356
2935,109,conference,mask_conference,environment,network_actively,goal_achieved,0.8555,0.42661,-0.30232,0.50000,0.50000,-0.42853,0.000381,-0.000386,0.000000,0.000000,-0.000569
2936,109,conference,mask_conference,environment,network_actively,goal_achieved,0.8555,0.42699,-0.30271,0.50000,0.50000,-0.42910,0.000382,-0.000385,0.000000,0.000000,-0.000570
2937,109,conference,mask_conference,environment,rest_deeply,goal_achieved,1.3175,0.42693,-0.30321,0.50000,0.50000,-0.42933,-0.000059,-0.000504,0.000000,0.000000,-0.000239
2938,109,conference,mask_conference,environment,network_actively,goal_achieved,0.8505,0.42731,-0.30360,0.50000,0.50000,-0.42990,0.000375,-0.000387,0.000000,0.000000,-0.000569
2939,109,conference,mask_conference,environment,deep_work,failed,-3.7462,0.42749,-0.30413,0.50000,0.50000,-0.43012,0.000187,-0.000532,0.000000,0.000000,-0.000216
2940,109,conference,mask_conference,environment,network_actively,goal_achieved,0.8524,0.42787,-0.30453,0.50000,0.50000,-0.43069,0.000373,-0.000394,0.000000,0.000000,-0.000566
2941,109,conference,mask_conference,environment,take_notes,delayed,-2.2776,0.42789,-0.30546,0.50000,0.50000,-0.43089,0.000020,-0.000931,0.000000,0.000000,-0.000201
2942,109,conference,mask_conference,environment,network_actively,goal_achieved,0.8554,0.42826,-0.30586,0.50000,0.50000,-0.43145,0.000370,-0.000403,0.000000,0.000000,-0.000566
2943,109,conference,mask_conference,environment,quick_scan,delayed,-2.0417,0.42882,-0.30578,0.50000,0.50000,-0.43237,0.000561,0.000083,0.000000,0.000000,-0.000911
2944,110,work,mask_work,environment,tidy_up,delayed,-1.3954,0.50000,0.50000,-0.50000,-0.50000,-0.50000,0.000000,0.000000,0.000000,0.000000,0.000000
2945,110,work,mask_work,environment,handle_backlog,delayed,-1.3554,0.50000,0.50000,-0.50000,-0.50000,-0.50000,0.000000,0.000000,0.000000,0.000000,0.000000
2946,110,work,mask_work,environment,take_notes,failed,-2.3008,0.49999,0.50000,-0.50000,-0.50000,-0.50000,-0.000005,0.000000,0.000000,0.000000,0.000000
2947,110,work,mask_work,environment,network_actively,delayed,-1.4776,0.50000,0.50000,-0.50000,-0.50000,-0.50000,0.000005,0.000000,0.000000,0.000000,0.000000
2948,110,work,mask_work,environment,rest_deeply,failed,-2.5660,0.50000,0.50000,-0.50000,-0.50000,-0.50000,0.000000,0.000000,0.000000,0.000000,0.000000
2949,110,work,mask_work,environment,network_actively,delayed,-1.4766,0.50000,0.50000,-0.50000,-0.50000,-0.50000,0.000000,0.000000,0.000000,0.000000,0.000000
2950,110,work,mask_work,environment,network_actively,goal_achieved,1.8247,0.50000,0.49978,-0.49868,-0.49990,-0.50000,0.000000,-0.000222,0.001323,0.000099,0.000000
2951,110,work,mask_work,environment,deep_work,delayed,-0.7190,0.49945,0.49994,-0.49849,-0.49981,-0.49957,-0.000554,0.000166,0.000191,0.000092,0.000429
2952,110,work,mask_work,environment,deep_work,delayed,-0.7191,0.49889,0.50000,-0.49829,-0.49972,-0.49914,-0.000554,0.000056,0.000191,0.000092,0.000429
2953,110,home,mask_home,environment,zone_out,goal_achieved,1.3591,-0.50000,-0.22676,-0.50000,-0.50000,0.21877,-0.000290,-0.000917,0.000000,-0.000999,0.000513
2954,110,home,mask_home,environment,rest_deeply,goal_achieved,1.7272,-0.50000,-0.22678,-0.50000,-0.49996,0.21852,0.000000,-0.000014,0.000000,0.000035,-0.000246
2955,110,home,mask_home,environment,zone_out,delayed,-1.3526,-0.49959,-0.22634,-0.50000,-0.49938,0.21815,0.000407,0.000434,0.000000,0.000588,-0.000376
2956,110,home,mask_home,environment,zone_out,goal_achieved,1.3579,-0.50000,-0.22726,-0.50000,-0.50000,0.21866,-0.000407,-0.000917,0.000000,-0.000623,0.000511
2957,110,home,mask_home,environment,zone_out,goal_achieved,1.3566,-0.50000,-0.22817,-0.50000,-0.50000,0.21917,0.000000,-0.000916,0.000000,0.000000,0.000508
2958,110,home,mask_home,environment,rest_deeply,goal_achieved,1.7227,-0.50000,-0.22819,-0.50000,-0.49998,0.21892,0.000000,-0.000022,0.000000,0.000025,-0.000242
2959,110,home,mask_home,environment,zone_out,goal_achieved,1.3558,-0.50000,-0.22911,-0.50000,-0.50000,0.21943,0.000000,-0.000915,0.000000,-0.000025,0.000507
2960,110,home,mask_home,environment,rest_deeply,goal_achieved,1.7195,-0.50000,-0.22914,-0.50000,-0.49998,0.21919,0.000000,-0.000027,0.000000,0.000017,-0.000240
2961,110,home,mask_home,environment,zone_out,failed,-2.2541,-0.49885,-0.22826,-0.50000,-0.49866,0.21852,0.001155,0.000877,0.000000,0.001323,-0.000668
2962,110,conference,mask_conference,environment,network_actively,goal_achieved,0.8571,0.42919,-0.30618,0.50000,0.50000,-0.43293,0.000371,-0.000402,0.000000,0.000000,-0.000569
2963,110,conference,mask_conference,environment,take_notes,goal_achieved,1.2441,0.42960,-0.30613,0.50000,0.50000,-0.43336,0.000409,0.000053,0.000000,0.000000,-0.000421
2964,110,conference,mask_conference,environment,network_actively,goal_achieved,0.8557,0.42997,-0.30652,0.50000,0.50000,-0.43393,0.000374,-0.000395,0.000000,0.000000,-0.000570
2965,110,conference,mask_conference,environment,take_notes,goal_achieved,1.2435,0.43038,-0.30647,0.50000,0.50000,-0.43435,0.000410,0.000053,0.000000,0.000000,-0.000421
2966,110,conference,mask_conference,environment,network_actively,goal_achieved,0.8543,0.43076,-0.30686,0.50000,0.50000,-0.43492,0.000377,-0.000389,0.000000,0.000000,-0.000571
2967,110,conference,mask_conference,environment,network_actively,delayed,-0.3791,0.43065,-0.30672,0.49912,0.49926,-0.43439,-0.000108,0.000133,-0.000880,-0.000739,0.000524
2968,110,conference,mask_conference,environment,network_actively,delayed,-0.3792,0.43054,-0.30659,0.49824,0.49852,-0.43387,-0.000107,0.000134,-0.000881,-0.000739,0.000523
2969,110,conference,mask_conference,environment,network_actively,goal_achieved,0.8569,0.43092,-0.30698,0.50000,0.50000,-0.43444,0.000376,-0.000394,0.001761,0.001478,-0.000568
2970,110,conference,mask_conference,environment,rest_deeply,delayed,-2.2428,0.43120,-0.30726,0.50000,0.50000,-0.43479,0.000280,-0.000278,0.000000,0.000000,-0.000347
2971,111,work,mask_work,environment,handle_backlog,failed,-2.4518,0.50000,0.50000,-0.49949,-0.50000,-0.50000,0.001108,0.000000,-0.001195,-0.000282,-0.000857
2972,111,work,mask_work,environment,network_actively,goal_achieved,1.8360,0.50000,0.49977,-0.49816,-0.49989,-0.50000,0.000000,-0.000235,0.001334,0.000111,0.000000
2973,111,work,mask_work,environment,rest_deeply,failed,-2.5579,0.50000,0.50000,-0.49921,-0.50000,-0.50000,0.000000,0.000235,-0.001052,-0.000111,0.000000
2974,111,work,mask_work,environment,network_actively,goal_achieved,1.8368,0.50000,0.49977,-0.49787,-0.49989,-0.50000,0.000000,-0.000230,0.001336,0.000111,0.000000
2975,111,work,mask_work,environment,deep_work,goal_achieved,1.8585,0.50000,0.50000,-0.49931,-0.50000,-0.50000,0.000000,0.000230,-0.001438,-0.000111,0.000000
2976,111,work,mask_work,environment,rest_deeply,goal_achieved,2.1480,0.50000,0.50000,-0.50000,-0.50000,-0.50000,0.000000,0.000000,-0.000690,0.000000,0.000000
2977,111,work,mask_work,environment,network_actively,goal_achieved,1.8333,0.50000,0.49976,-0.49867,-0.49989,-0.50000,0.000000,-0.000243,0.001328,0.000111,0.000000
2978,111,work,mask_work,environment,take_notes,delayed,-1.3690,0.50000,0.50000,-0.49963,-0.50000,-0.50000,0.000000,0.000243,-0.000954,-0.000111,0.000000
2979,111,work,mask_work,environment,deep_work,goal_achieved,1.8541,0.50000,0.50000,-0.50000,-0.50000,-0.50000,0.000000,0.000000,-0.000375,0.000000,0.000000
2980,111,home,mask_home,environment,rest_deeply,goal_achieved,1.7248,-0.49919,-0.22828,-0.50000,-0.49864,0.21829,-0.000342,-0.000024,0.000000,0.000018,-0.000238
2981,111,home,mask_home,environment,rest_deeply,goal_achieved,1.7247,-0.49953,-0.22831,-0.50000,-0.49862,0.21805,-0.000342,-0.000023,0.000000,0.000018,-0.000238
2982,111,home,mask_home,environment,zone_out,goal_achieved,1.3559,-0.50000,-0.22922,-0.50000,-0.50000,0.21856,-0.000471,-0.000916,0.000000,-0.001375,0.000509
2983,111,home,mask_home,environment,rest_deeply,delayed,-0.5573,-0.50000,-0.22956,-0.50000,-0.50000,0.21928,0.000000,-0.000337,0.000000,0.000000,0.000726
2984,111,home,mask_home,environment,network_actively,failed,-2.9445,-0.50000,-0.22984,-0.50000,-0.50000,0.21950,0.000000,-0.000276,0.000000,0.000000,0.000218
2985,111,home,mask_home,environment,zone_out,goal_achieved,1.3571,-0.50000,-0.23075,-0.50000,-0.50000,0.22001,0.000000,-0.000916,0.000000,0.000000,0.000506
2986,111,home,mask_home,environment,zone_out,delayed,-1.3479,-0.49959,-0.23033,-0.50000,-0.49941,0.21964,0.000410,0.000423,0.000000,0.000587,-0.000371
2987,111,home,mask_home,environment,zone_out,goal_achieved,1.3585,-0.50000,-0.23125,-0.50000,-0.50000,0.22014,-0.000410,-0.000916,0.000000,-0.000587,0.000507
2988,111,home,mask_home,environment,rest_deeply,goal_achieved,1.7173,-0.50000,-0.23128,-0.50000,-0.49999,0.21991,0.000000,-0.000034,0.000000,0.000007,-0.000236
2989,111,conference,mask_conference,environment,deep_work,goal_achieved,1.0180,0.43179,-0.30664,0.50000,0.50000,-0.43559,0.000595,0.000620,0.000000,0.000000,-0.000803
2990,111,conference,mask_conference,environment,take_notes,goal_achieved,1.2414,0.43221,-0.30656,0.50000,0.50000,-0.43602,0.000419,0.000083,0.000000,0.000000,-0.000433
2991,111,conference,mask_conference,environment,network_actively,delayed,-0.3878,0.43212,-0.30639,0.49907,0.49924,-0.43552,-0.000092,0.000174,-0.000931,-0.000763,0.000505
2992,111,conference,mask_conference,environment,network_actively,goal_achieved,0.8482,0.43251,-0.30674,0.50000,0.50000,-0.43610,0.000387,-0.000358,0.000931,0.000763,-0.000584
2993,111,conference,mask_conference,environment,network_actively,goal_achieved,0.8470,0.43290,-0.30710,0.50000,0.50000,-0.43669,0.000388,-0.000355,0.000000,0.000000,-0.000586
2994,111,conference,mask_conference,environment,network_actively,goal_achieved,0.8470,0.43329,-0.30745,0.50000,0.50000,-0.43727,0.000389,-0.000354,0.000000,0.000000,-0.000587
2995,111,conference,mask_conference,environment,quick_scan,goal_achieved,1.0625,0.43303,-0.30841,0.50000,0.50000,-0.43656,-0.000258,-0.000960,0.000000,0.000000,0.000712
2996,111,conference,mask_conference,environment,network_actively,goal_achieved,0.8441,0.43342,-0.30877,0.50000,0.50000,-0.43715,0.000389,-0.000352,0.000000,0.000000,-0.000584
2997,111,conference,mask_conference,environment,network_actively,goal_achieved,0.8442,0.43381,-0.30912,0.50000,0.50000,-0.43773,0.000389,-0.000352,0.000000,0.000000,-0.000584
2998,112,work,mask_work,environment,take_notes,failed,-2.2990,0.49999,0.50000,-0.50000,-0.50000,-0.50000,-0.000011,0.000000,0.000000,0.000000,0.000000
2999,112,work,mask_work,environment,rest_deeply,delayed,-1.3828,0.50000,0.50000,-0.50000,-0.50000,-0.50000,0.000011,0.000000,0.000000,0.000000,0.000000
3000,112,work,mask_work,environment,deep_work,goal_achieved,1.8563,0.50000,0.50000,-0.50000,-0.50000,-0.50000,0.000000,0.000000,0.000000,0.000000,0.000000
3001,112,work,mask_work,environment,take_notes,goal_achieved,1.4162,0.50000,0.50000,-0.50000,-0.50000,-0.50000,0.000000,0.000000,0.000000,0.000000,0.000000
3002,112,work,mask_work,environment,network_actively,failed,-2.5704,0.50000,0.50000,-0.50000,-0.50000,-0.50000,0.000000,0.000000,0.000000,0.000000,0.000000
3003,112,work,mask_work,environment,network_actively,goal_achieved,1.8314,0.50000,0.49976,-0.49867,-0.49989,-0.50000,0.000000,-0.000241,0.001326,0.000110,0.000000
3004,112,work,mask_work,environment,deep_work,goal_achieved,1.8521,0.50000,0.50000,-0.50000,-0.50000,-0.50000,0.000000,0.000241,-0.001326,-0.000110,0.000000
3005,112,work,mask_work,environment,tidy_up,goal_achieved,1.8484,0.49958,0.50000,-0.50000,-0.50000,-0.50000,-0.000418,0.000000,0.000000,0.000000,0.000000
3006,112,work,mask_work,environment,take_notes,delayed,-1.3759,0.49995,0.50000,-0.50000,-0.50000,-0.50000,0.000372,0.000000,0.000000,0.000000,0.000000
3007,112,home,mask_home,environment,rest_deeply,goal_achieved,1.7173,-0.50000,-0.23131,-0.50000,-0.49999,0.21967,0.000000,-0.000034,0.000000,0.000007,-0.000236
3008,112,home,mask_home,environment,rest_deeply,goal_achieved,1.7174,-0.50000,-0.23135,-0.50000,-0.49998,0.21943,0.000000,-0.000034,0.000000,0.000006,-0.000236
3009,112,home,mask_home,environment,rest_deeply,delayed,-0.5611,-0.50000,-0.23171,-0.50000,-0.50000,0.22017,0.000000,-0.000357,0.000000,-0.000021,0.000739
3010,112,home,mask_home,environment,zone_out,goal_achieved,1.3578,-0.50000,-0.23262,-0.50000,-0.50000,0.22068,0.000000,-0.000915,0.000000,0.000000,0.000504
3011,112,home,mask_home,environment,step_away,goal_achieved,1.8089,-0.50000,-0.23263,-0.50000,-0.50000,0.22099,0.000000,-0.000006,0.000000,0.000000,0.000314
3012,112,home,mask_home,environment,zone_out,failed,-2.2530,-0.49884,-0.23176,-0.50000,-0.49870,0.22035,0.001161,0.000867,0.000000,0.001302,-0.000642
3013,112,home,mask_home,environment,rest_deeply,goal_achieved,1.7129,-0.49920,-0.23179,-0.50000,-0.49871,0.22013,-0.000357,-0.000031,0.000000,-0.000015,-0.000218
3014,112,home,mask_home,environment,network_actively,failed,-2.9528,-0.50000,-0.23208,-0.50000,-0.49945,0.22037,-0.000804,-0.000284,0.000000,-0.000733,0.000241
3015,112,home,mask_home,environment,network_actively,goal_achieved,1.3092,-0.49908,-0.23146,-0.50000,-0.49804,0.21938,0.000918,0.000618,0.000000,0.001407,-0.000988
3016,112,conference,mask_conference,environment,network_actively,goal_achieved,0.8443,0.43419,-0.30947,0.50000,0.50000,-0.43831,0.000389,-0.000351,0.000000,0.000000,-0.000585
3017,112,conference,mask_conference,environment,network_actively,goal_achieved,0.8443,0.43458,-0.30982,0.50000,0.50000,-0.43890,0.000390,-0.000351,0.000000,0.000000,-0.000585
3018,112,conference,mask_conference,environment,network_actively,delayed,-0.3903,0.43449,-0.30965,0.49907,0.49923,-0.43839,-0.000097,0.000168,-0.000930,-0.000768,0.000513
3019,112,conference,mask_conference,environment,take_notes,goal_achieved,1.2407,0.43490,-0.30957,0.50000,0.50000,-0.43881,0.000418,0.000082,0.000930,0.000768,-0.000428
3020,112,conference,mask_conference,environment,network_actively,goal_achieved,0.8431,0.43530,-0.30992,0.50000,0.50000,-0.43940,0.000391,-0.000346,0.000000,0.000000,-0.000585
3021,112,conference,mask_conference,environment,quick_scan,goal_achieved,1.0595,0.43504,-0.31086,0.50000,0.50000,-0.43869,-0.000253,-0.000949,0.000000,0.000000,0.000708
3022,112,conference,mask_conference,environment,network_actively,goal_achieved,0.8402,0.43543,-0.31121,0.50000,0.50000,-0.43927,0.000391,-0.000344,0.000000,0.000000,-0.000583
3023,112,conference,mask_conference,environment,network_actively,goal_achieved,0.8403,0.43583,-0.31155,0.50000,0.50000,-0.43986,0.000391,-0.000344,0.000000,0.000000,-0.000583
3024,112,conference,mask_conference,environment,take_notes,goal_achieved,1.2354,0.43624,-0.31147,0.50000,0.50000,-0.44028,0.000417,0.000081,0.000000,0.000000,-0.000426
3025,113,work,mask_work,environment,deep_work,goal_achieved,1.8494,0.50000,0.50000,-0.50000,-0.50000,-0.50000,0.000046,0.000000,0.000000,0.000000,0.000000
3026,113,work,mask_work,environment,take_notes,goal_achieved,1.4103,0.50000,0.50000,-0.50000,-0.50000,-0.50000,0.000000,0.000000,0.000000,0.000000,0.000000
3027,113,work,mask_work,environment,tidy_up,delayed,-1.3943,0.50000,0.50000,-0.50000,-0.50000,-0.50000,0.000000,0.000000,0.000000,0.000000,0.000000
3028,113,work,mask_work,environment,deep_work,goal_achieved,1.8472,0.50000,0.50000,-0.50000,-0.50000,-0.50000,0.000000,0.000000,0.000000,0.000000,0.000000
3029,113,work,mask_work,environment,tidy_up,goal_achieved,1.8443,0.49959,0.50000,-0.50000,-0.50000,-0.50000,-0.000413,0.000000,0.000000,0.000000,0.000000
3030,113,work,mask_work,environment,take_notes,goal_achieved,1.4076,0.50000,0.50000,-0.50000,-0.50000,-0.50000,0.000413,0.000000,0.000000,0.000000,0.000000
3031,113,work,mask_work,environment,handle_backlog,delayed,-1.3716,0.50000,0.50000,-0.50000,-0.50000,-0.50000,0.000000,0.000000,0.000000,0.000000,0.000000
3032,113,work,mask_work,environment,deep_work,goal_achieved,1.8433,0.50000,0.50000,-0.50000,-0.50000,-0.50000,0.000000,0.000000,0.000000,0.000000,0.000000
3033,113,work,mask_work,environment,deep_work,delayed,-0.7321,0.49944,0.50000,-0.49978,-0.49988,-0.49957,-0.000559,0.000000,0.000221,0.000120,0.000429
3034,113,home,mask_home,environment,tidy_up,delayed,-1.8393,-0.49955,-0.23171,-0.50000,-0.49836,0.21945,-0.000463,-0.000255,0.000000,-0.000319,0.000062
3035,113,home,mask_home,environment,rest_deeply,goal_achieved,1.7113,-0.49990,-0.23174,-0.50000,-0.49837,0.21923,-0.000353,-0.000030,0.000000,-0.000012,-0.000219
3036,113,home,mask_home,environment,zone_out,delayed,-1.3563,-0.49949,-0.23132,-0.50000,-0.49780,0.21887,0.000412,0.000427,0.000000,0.000571,-0.000356
3037,113,home,mask_home,environment,zone_out,goal_achieved,1.3519,-0.50000,-0.23223,-0.50000,-0.49943,0.21940,-0.000514,-0.000912,0.000000,-0.001631,0.000523
3038,113,home,mask_home,environment,rest_deeply,delayed,-0.5693,-0.50000,-0.23258,-0.50000,-0.50000,0.22015,0.000000,-0.000356,0.000000,-0.000571,0.000755
3039,113,home,mask_home,environment,zone_out,goal_achieved,1.3511,-0.50000,-0.23349,-0.50000,-0.50000,0.22067,0.000000,-0.000910,0.000000,0.000000,0.000518
3040,113,home,mask_home,environment,network_actively,failed,-2.9562,-0.50000,-0.23379,-0.50000,-0.50000,0.22091,0.000000,-0.000293,0.000000,0.000000,0.000246
3041,113,home,mask_home,environment,zone_out,goal_achieved,1.3516,-0.50000,-0.23470,-0.50000,-0.50000,0.22143,0.000000,-0.000910,0.000000,0.000000,0.000517
3042,113,home,mask_home,environment,network_actively,goal_achieved,1.3064,-0.49910,-0.23409,-0.50000,-0.49861,0.22045,0.000898,0.000607,0.000000,0.001387,-0.000981
3043,113,conference,mask_conference,environment,network_actively,goal_achieved,0.8392,0.43664,-0.31181,0.50000,0.50000,-0.44087,0.000393,-0.000338,0.000000,0.000000,-0.000584
3044,113,conference,mask_conference,environment,network_actively,goal_achieved,0.8392,0.43703,-0.31215,0.50000,0.50000,-0.44145,0.000394,-0.000338,0.000000,0.000000,-0.000584
3045,113,conference,mask_conference,environment,network_actively,goal_achieved,0.8393,0.43742,-0.31248,0.50000,0.50000,-0.44203,0.000394,-0.000338,0.000000,0.000000,-0.000584
3046,113,conference,mask_conference,environment,network_actively,goal_achieved,0.8394,0.43782,-0.31282,0.50000,0.50000,-0.44262,0.000394,-0.000337,0.000000,0.000000,-0.000584
3047,113,conference,mask_conference,environment,network_actively,goal_achieved,0.8395,0.43821,-0.31316,0.50000,0.50000,-0.44320,0.000395,-0.000337,0.000000,0.000000,-0.000585
3048,113,conference,mask_conference,environment,take_notes,goal_achieved,1.2322,0.43863,-0.31308,0.50000,0.50000,-0.44363,0.000418,0.000081,0.000000,0.000000,-0.000428
3049,113,conference,mask_conference,environment,network_actively,goal_achieved,0.8384,0.43903,-0.31341,0.50000,0.50000,-0.44422,0.000396,-0.000332,0.000000,0.000000,-0.000585
3050,113,conference,mask_conference,environment,network_actively,goal_achieved,0.8385,0.43942,-0.31374,0.50000,0.50000,-0.44480,0.000397,-0.000331,0.000000,0.000000,-0.000586
3051,113,conference,mask_conference,environment,network_actively,goal_achieved,0.8385,0.43982,-0.31407,0.50000,0.50000,-0.44539,0.000397,-0.000331,0.000000,0.000000,-0.000586
3052,114,work,mask_work,environment,take_notes,delayed,-1.3739,0.49981,0.50000,-0.50000,-0.50000,-0.50000,0.000369,0.000000,-0.000221,-0.000120,-0.000429
3053,114,work,mask_work,environment,tidy_up,failed,-2.4718,0.50000,0.50000,-0.50000,-0.50000,-0.50000,0.000190,0.000000,0.000000,0.000000,0.000000
3054,114,work,mask_work,environment,network_actively,goal_achieved,1.8269,0.50000,0.49976,-0.49868,-0.49989,-0.50000,0.000000,-0.000238,0.001322,0.000113,0.000000
3055,114,work,mask_work,environment,deep_work,goal_achieved,1.8455,0.50000,0.50000,-0.50000,-0.50000,-0.50000,0.000000,0.000238,-0.001322,-0.000113,0.000000
3056,114,work,mask_work,environment,deep_work,goal_achieved,1.8452,0.50000,0.50000,-0.50000,-0.50000,-0.50000,0.000000,0.000000,0.000000,0.000000,0.000000
3057,114,work,mask_work,environment,take_notes,goal_achieved,1.4126,0.50000,0.50000,-0.50000,-0.50000,-0.50000,0.000000,0.000000,0.000000,0.000000,0.000000
3058,114,work,mask_work,environment,deep_work,delayed,-0.7335,0.49945,0.50000,-0.49977,-0.49988,-0.49957,-0.000549,0.000000,0.000230,0.000122,0.000431
3059,114,work,mask_work,environment,deep_work,goal_achieved,1.8420,0.50000,0.50000,-0.50000,-0.50000,-0.50000,0.000549,0.000000,-0.000230,-0.000122,-0.000431
3060,114,work,mask_work,environment,rest_deeply,failed,-2.5736,0.50000,0.50000,-0.50000,-0.50000,-0.50000,0.000000,0.000000,0.000000,0.000000,0.000000
3061,114,home,mask_home,environment,network_actively,goal_achieved,1.3033,-0.49820,-0.23348,-0.50000,-0.49722,0.21947,0.000900,0.000607,0.000000,0.001389,-0.000981
3062,114,home,mask_home,environment,rest_deeply,goal_achieved,1.7011,-0.49857,-0.23352,-0.50000,-0.49725,0.21925,-0.000367,-0.000039,0.000000,-0.000024,-0.000216
3063,114,home,mask_home,environment,step_away,goal_achieved,1.8051,-0.49900,-0.23353,-0.50000,-0.49791,0.21956,-0.000431,-0.000012,0.000000,-0.000659,0.000310
3064,114,home,mask_home,environment,quick_scan,failed,-2.8210,-0.49963,-0.23359,-0.50000,-0.49821,0.21932,-0.000633,-0.000053,0.000000,-0.000299,-0.000242
3065,114,home,mask_home,environment,rest_deeply,goal_achieved,1.6965,-0.50000,-0.23362,-0.50000,-0.49824,0.21911,-0.000362,-0.000032,0.000000,-0.000033,-0.000209
3066,114,home,mask_home,environment,zone_out,goal_achieved,1.3449,-0.50000,-0.23452,-0.50000,-0.49987,0.21964,-0.000003,-0.000901,0.000000,-0.001634,0.000525
3067,114,home,mask_home,environment,rest_deeply,goal_achieved,1.6923,-0.50000,-0.23455,-0.50000,-0.49991,0.21943,0.000000,-0.000034,0.000000,-0.000034,-0.000210
3068,114,home,mask_home,environment,network_actively,failed,-2.9684,-0.50000,-0.23485,-0.50000,-0.50000,0.21969,0.000000,-0.000298,0.000000,-0.000093,0.000262
3069,114,home,mask_home,environment,rest_deeply,goal_achieved,1.6931,-0.50000,-0.23489,-0.50000,-0.50000,0.21948,0.000000,-0.000034,0.000000,0.000000,-0.000209
3070,114,conference,mask_conference,environment,network_actively,goal_achieved,0.8386,0.44022,-0.31440,0.50000,0.50000,-0.44597,0.000397,-0.000331,0.000000,0.000000,-0.000586
3071,114,conference,mask_conference,environment,rest_deeply,delayed,-2.2673,0.44052,-0.31463,0.50000,0.50000,-0.44634,0.000301,-0.000224,0.000000,0.000000,-0.000363
3072,114,conference,mask_conference,environment,quick_scan,failed,-3.0962,0.44139,-0.31410,0.50000,0.50000,-0.44783,0.000873,0.000524,0.000000,0.000000,-0.001491
3073,114,conference,mask_conference,environment,network_actively,goal_achieved,0.8420,0.44179,-0.31443,0.50000,0.50000,-0.44842,0.000398,-0.000331,0.000000,0.000000,-0.000590
3074,114,conference,mask_conference,environment,network_actively,delayed,-0.3955,0.44170,-0.31424,0.49904,0.49922,-0.44791,-0.000089,0.000188,-0.000956,-0.000778,0.000508
3075,114,conference,mask_conference,environment,network_actively,goal_achieved,0.8435,0.44210,-0.31458,0.50000,0.50000,-0.44850,0.000398,-0.000334,0.000956,0.000778,-0.000588
3076,114,conference,mask_conference,environment,network_actively,goal_achieved,0.8422,0.44250,-0.31491,0.50000,0.50000,-0.44909,0.000399,-0.000331,0.000000,0.000000,-0.000590
3077,114,conference,mask_conference,environment,take_notes,delayed,-2.2878,0.44253,-0.31581,0.50000,0.50000,-0.44931,0.000034,-0.000900,0.000000,0.000000,-0.000220
3078,114,conference,mask_conference,environment,network_actively,delayed,-0.3924,0.44244,-0.31564,0.49906,0.49923,-0.44880,-0.000094,0.000174,-0.000938,-0.000772,0.000512
3079,115,work,mask_work,environment,network_actively,delayed,-1.4757,0.50000,0.50000,-0.50000,-0.50000,-0.50000,0.000000,0.000000,0.000000,0.000000,0.000000
3080,115,work,mask_work,environment,network_actively,delayed,-1.4757,0.50000,0.50000,-0.50000,-0.50000,-0.50000,0.000000,0.000000,0.000000,0.000000,0.000000
3081,115,work,mask_work,environment,take_notes,failed,-2.2994,0.49999,0.50000,-0.50000,-0.50000,-0.50000,-0.000014,0.000000,0.000000,0.000000,0.000000
3082,115,work,mask_work,environment,network_actively,delayed,-1.4734,0.50000,0.50000,-0.50000,-0.50000,-0.50000,0.000014,0.000000,0.000000,0.000000,0.000000
3083,115,work,mask_work,environment,take_notes,goal_achieved,1.4168,0.50000,0.50000,-0.50000,-0.50000,-0.50000,0.000000,0.000000,0.000000,0.000000,0.000000
3084,115,work,mask_work,environment,handle_backlog,delayed,-1.3688,0.50000,0.50000,-0.50000,-0.50000,-0.50000,0.000000,0.000000,0.000000,0.000000,0.000000
3085,115,work,mask_work,environment,take_notes,failed,-2.2964,0.49999,0.50000,-0.50000,-0.50000,-0.50000,-0.000010,0.000000,0.000000,0.000000,0.000000
3086,115,work,mask_work,environment,rest_deeply,failed,-2.5690,0.50000,0.50000,-0.50000,-0.50000,-0.50000,0.000010,0.000000,0.000000,0.000000,0.000000
3087,115,work,mask_work,environment,take_notes,goal_achieved,1.4206,0.50000,0.50000,-0.50000,-0.50000,-0.50000,0.000000,0.000000,0.000000,0.000000,0.000000
3088,115,home,mask_home,environment,network_actively,failed,-2.9692,-0.50000,-0.23518,-0.50000,-0.50000,0.21974,0.000000,-0.000298,0.000000,0.000000,0.000262
3089,115,home,mask_home,environment,quick_scan,delayed,-1.6979,-0.50000,-0.23528,-0.50000,-0.50000,0.21966,0.000000,-0.000092,0.000000,0.000000,-0.000079
3090,115,home,mask_home,environment,zone_out,delayed,-1.3589,-0.49957,-0.23485,-0.50000,-0.49943,0.21931,0.000425,0.000429,0.000000,0.000568,-0.000349
3091,115,home,mask_home,environment,zone_out,goal_achieved,1.3441,-0.50000,-0.23575,-0.50000,-0.50000,0.21984,-0.000425,-0.000901,0.000000,-0.000568,0.000522
3092,115,home,mask_home,environment,network_actively,failed,-2.9690,-0.50000,-0.23605,-0.50000,-0.50000,0.22010,0.000000,-0.000301,0.000000,0.000000,0.000262
3093,115,home,mask_home,environment,rest_deeply,goal_achieved,1.6950,-0.50000,-0.23609,-0.50000,-0.50000,0.21989,0.000000,-0.000037,0.000000,0.000000,-0.000208
3094,115,home,mask_home,environment,zone_out,delayed,-1.3583,-0.49958,-0.23566,-0.50000,-0.49943,0.21954,0.000425,0.000426,0.000000,0.000567,-0.000347
3095,115,home,mask_home,environment,zone_out,delayed,-1.3586,-0.49915,-0.23523,-0.50000,-0.49887,0.21920,0.000422,0.000427,0.000000,0.000565,-0.000347
3096,115,home,mask_home,environment,zone_out,delayed,-1.3589,-0.49873,-0.23481,-0.50000,-0.49831,0.21885,0.000419,0.000427,0.000000,0.000562,-0.000347
3097,115,conference,mask_conference,environment,rest_deeply,failed,-3.4434,0.44285,-0.31579,0.50000,0.50000,-0.44920,0.000412,-0.000159,0.000938,0.000772,-0.000400
3098,115,conference,mask_conference,environment,network_actively,goal_achieved,0.8467,0.44325,-0.31613,0.50000,0.50000,-0.44979,0.000398,-0.000338,0.000000,0.000000,-0.000590
3099,115,conference,mask_conference,environment,take_notes,goal_achieved,1.2371,0.44367,-0.31604,0.50000,0.50000,-0.45022,0.000425,0.000088,0.000000,0.000000,-0.000436
3100,115,conference,mask_conference,environment,network_actively,goal_achieved,0.8457,0.44407,-0.31638,0.50000,0.50000,-0.45081,0.000400,-0.000334,0.000000,0.000000,-0.000591
3101,115,conference,mask_conference,environment,quick_scan,failed,-3.0901,0.44494,-0.31586,0.50000,0.50000,-0.45230,0.000872,0.000519,0.000000,0.000000,-0.001489
3102,115,conference,mask_conference,environment,network_actively,goal_achieved,0.8490,0.44535,-0.31619,0.50000,0.50000,-0.45290,0.000401,-0.000334,0.000000,0.000000,-0.000595
3103,115,conference,mask_conference,environment,network_actively,goal_achieved,0.8490,0.44575,-0.31653,0.50000,0.50000,-0.45349,0.000401,-0.000334,0.000000,0.000000,-0.000595
3104,115,conference,mask_conference,environment,network_actively,goal_achieved,0.8491,0.44615,-0.31686,0.50000,0.50000,-0.45409,0.000402,-0.000333,0.000000,0.000000,-0.000595
3105,115,conference,mask_conference,environment,network_actively,delayed,-0.3904,0.44606,-0.31667,0.49906,0.49923,-0.45358,-0.000085,0.000189,-0.000938,-0.000768,0.000502
3106,116,work,mask_work,environment,network_actively,failed,-2.5745,0.50000,0.50000,-0.50000,-0.50000,-0.50000,0.000000,0.000000,0.000000,0.000000,0.000000
3107,116,work,mask_work,environment,deep_work,goal_achieved,1.8460,0.50000,0.50000,-0.50000,-0.50000,-0.50000,0.000000,0.000000,0.000000,0.000000,0.000000
3108,116,work,mask_work,environment,rest_deeply,failed,-2.5722,0.50000,0.50000,-0.50000,-0.50000,-0.50000,0.000000,0.000000,0.000000,0.000000,0.000000
3109,116,work,mask_work,environment,network_actively,delayed,-1.4739,0.50000,0.50000,-0.50000,-0.50000,-0.50000,0.000000,0.000000,0.000000,0.000000,0.000000
3110,116,work,mask_work,environment,deep_work,goal_achieved,1.8471,0.50000,0.50000,-0.50000,-0.50000,-0.50000,0.000000,0.000000,0.000000,0.000000,0.000000
3111,116,work,mask_work,environment,deep_work,goal_achieved,1.8471,0.50000,0.50000,-0.50000,-0.50000,-0.50000,0.000000,0.000000,0.000000,0.000000,0.000000
3112,116,work,mask_work,environment,network_actively,delayed,-1.4753,0.50000,0.50000,-0.50000,-0.50000,-0.50000,0.000000,0.000000,0.000000,0.000000,0.000000
3113,116,work,mask_work,environment,deep_work,delayed,-0.7280,0.49946,0.50000,-0.49978,-0.49988,-0.49958,-0.000535,0.000000,0.000220,0.000116,0.000422
3114,116,work,mask_work,environment,handle_backlog,delayed,-1.3655,0.50000,0.50000,-0.50000,-0.50000,-0.50000,0.000535,0.000000,-0.000220,-0.000116,-0.000422
3115,116,home,mask_home,environment,quick_scan,delayed,-1.6906,-0.49926,-0.23489,-0.50000,-0.49862,0.21877,-0.000528,-0.000086,0.000000,-0.000310,-0.000080
3116,116,home,mask_home,environment,network_actively,failed,-2.9599,-0.50000,-0.23518,-0.50000,-0.49938,0.21903,-0.000737,-0.000292,0.000000,-0.000763,0.000257
3117,116,home,mask_home,environment,rest_deeply,goal_achieved,1.7035,-0.50000,-0.23521,-0.50000,-0.49941,0.21881,0.000000,-0.000030,0.000000,-0.000031,-0.000211
3118,116,home,mask_home,environment,zone_out,delayed,-1.3585,-0.49958,-0.23478,-0.50000,-0.49885,0.21847,0.000419,0.000429,0.000000,0.000564,-0.000349
3119,116,home,mask_home,environment,quick_scan,goal_achieved,1.6967,-0.49979,-0.23497,-0.50000,-0.49919,0.21887,-0.000211,-0.000182,0.000000,-0.000342,0.000403
3120,116,home,mask_home,environment,quick_scan,delayed,-1.6896,-0.50000,-0.23505,-0.50000,-0.49949,0.21878,-0.000209,-0.000082,0.000000,-0.000302,-0.000083
3121,116,home,mask_home,environment,rest_deeply,goal_achieved,1.7022,-0.50000,-0.23508,-0.50000,-0.49952,0.21858,0.000000,-0.000028,0.000000,-0.000027,-0.000208
3122,116,home,mask_home,environment,rest_deeply,goal_achieved,1.7022,-0.50000,-0.23510,-0.50000,-0.49954,0.21837,0.000000,-0.000028,0.000000,-0.000027,-0.000208
3123,116,home,mask_home,environment,zone_out,goal_achieved,1.3392,-0.50000,-0.23601,-0.50000,-0.50000,0.21889,0.000000,-0.000903,0.000000,-0.000455,0.000526
3124,116,conference,mask_conference,environment,network_actively,delayed,-0.3906,0.44598,-0.31648,0.49812,0.49846,-0.45308,-0.000084,0.000190,-0.000939,-0.000768,0.000502
3125,116,conference,mask_conference,environment,deep_work,failed,-3.7432,0.44618,-0.31699,0.50000,0.49985,-0.45331,0.000202,-0.000510,0.001877,0.001384,-0.000225
3126,116,conference,mask_conference,environment,network_actively,goal_achieved,0.8512,0.44658,-0.31733,0.50000,0.50000,-0.45390,0.000399,-0.000342,0.000000,0.000153,-0.000591
3127,116,conference,mask_conference,environment,take_notes,delayed,-2.2764,0.44662,-0.31824,0.50000,0.50000,-0.45412,0.000035,-0.000904,0.000000,0.000000,-0.000220
3128,116,conference,mask_conference,environment,quick_scan,goal_achieved,1.0617,0.44636,-0.31920,0.50000,0.50000,-0.45340,-0.000253,-0.000961,0.000000,0.000000,0.000712
3129,116,conference,mask_conference,environment,network_actively,goal_achieved,0.8509,0.44676,-0.31955,0.50000,0.50000,-0.45399,0.000396,-0.000348,0.000000,0.000000,-0.000588
3130,116,conference,mask_conference,environment,quick_scan,goal_achieved,1.0602,0.44651,-0.32050,0.50000,0.50000,-0.45328,-0.000251,-0.000956,0.000000,0.000000,0.000710
3131,116,conference,mask_conference,environment,network_actively,goal_achieved,0.8480,0.44690,-0.32085,0.50000,0.50000,-0.45387,0.000396,-0.000346,0.000000,0.000000,-0.000585
3132,116,conference,mask_conference,environment,network_actively,goal_achieved,0.8481,0.44730,-0.32119,0.50000,0.50000,-0.45445,0.000396,-0.000345,0.000000,0.000000,-0.000586
3133,117,work,mask_work,environment,deep_work,goal_achieved,1.8501,0.50000,0.50000,-0.50000,-0.50000,-0.50000,0.000000,0.000000,0.000000,0.000000,0.000000
3134,117,work,mask_work,environment,network_actively,goal_achieved,1.8313,0.50000,0.49977,-0.49868,-0.49988,-0.50000,0.000000,-0.000226,0.001322,0.000115,0.000000
3135,117,work,mask_work,environment,take_notes,failed,-2.2917,0.50000,0.50000,-0.49932,-0.50000,-0.50000,-0.000003,0.000226,-0.000644,-0.000115,0.000000
3136,117,work,mask_work,environment,deep_work,delayed,-0.7247,0.49946,0.50000,-0.49909,-0.49988,-0.49958,-0.000535,0.000000,0.000232,0.000123,0.000419
3137,117,work,mask_work,environment,deep_work,goal_achieved,1.8508,0.50000,0.50000,-0.50000,-0.50000,-0.50000,0.000538,0.000000,-0.000911,-0.000123,-0.000419
3138,117,work,mask_work,environment,network_actively,goal_achieved,1.8360,0.50000,0.49977,-0.49867,-0.49988,-0.50000,0.000000,-0.000231,0.001328,0.000119,0.000000
3139,117,work,mask_work,environment,deep_work,delayed,-0.7264,0.49946,0.49990,-0.49843,-0.49975,-0.49958,-0.000536,0.000130,0.000242,0.000128,0.000420
3140,117,work,mask_work,environment,deep_work,goal_achieved,1.8492,0.50000,0.50000,-0.49984,-0.50000,-0.50000,0.000536,0.000101,-0.001409,-0.000247,-0.000420
3141,117,work,mask_work,environment,handle_backlog,goal_achieved,1.9535,0.50000,0.50000,-0.50000,-0.50000,-0.50000,0.000000,0.000000,-0.000161,0.000000,0.000000
3142,117,home,mask_home,environment,zone_out,goal_achieved,1.3385,-0.50000,-0.23691,-0.50000,-0.50000,0.21942,0.000000,-0.000902,0.000000,0.000000,0.000523
3143,117,home,mask_home,environment,rest_deeply,goal_achieved,1.6962,-0.50000,-0.23695,-0.50000,-0.50000,0.21921,0.000000,-0.000036,0.000000,0.000000,-0.000205
3144,117,home,mask_home,environment,zone_out,goal_achieved,1.3376,-0.50000,-0.23785,-0.50000,-0.50000,0.21973,0.000000,-0.000901,0.000000,0.000000,0.000522
3145,117,home,mask_home,environment,rest_deeply,goal_achieved,1.6934,-0.50000,-0.23789,-0.50000,-0.50000,0.21953,0.000000,-0.000040,0.000000,0.000000,-0.000203
3146,117,home,mask_home,environment,network_actively,failed,-2.9762,-0.50000,-0.23819,-0.50000,-0.50000,0.21980,0.000000,-0.000305,0.000000,0.000000,0.000264
3147,117,home,mask_home,environment,network_actively,delayed,-1.9101,-0.50000,-0.23827,-0.50000,-0.50000,0.21975,0.000000,-0.000077,0.000000,0.000000,-0.000045
3148,117,home,mask_home,environment,zone_out,goal_achieved,1.3373,-0.50000,-0.23917,-0.50000,-0.50000,0.22027,0.000000,-0.000901,0.000000,0.000000,0.000520
3149,117,home,mask_home,environment,rest_deeply,goal_achieved,1.6915,-0.50000,-0.23922,-0.50000,-0.50000,0.22007,0.000000,-0.000045,0.000000,0.000000,-0.000200
3150,117,home,mask_home,environment,rest_deeply,delayed,-0.5900,-0.50000,-0.23962,-0.50000,-0.50000,0.22087,0.000000,-0.000406,0.000000,0.000000,0.000801
3151,117,conference,mask_conference,environment,rest_deeply,failed,-3.4435,0.44771,-0.32136,0.50000,0.50000,-0.45485,0.000409,-0.000167,0.000000,0.000000,-0.000395
3152,117,conference,mask_conference,environment,quick_scan,delayed,-2.0463,0.44830,-0.32122,0.50000,0.50000,-0.45579,0.000593,0.000144,0.000000,0.000000,-0.000941
3153,117,conference,mask_conference,environment,network_actively,goal_achieved,0.8515,0.44870,-0.32156,0.50000,0.50000,-0.45638,0.000399,-0.000344,0.000000,0.000000,-0.000588
3154,117,conference,mask_conference,environment,network_actively,goal_achieved,0.8516,0.44910,-0.32191,0.50000,0.50000,-0.45697,0.000400,-0.000344,0.000000,0.000000,-0.000589
3155,117,conference,mask_conference,environment,quick_scan,goal_achieved,1.0585,0.44886,-0.32286,0.50000,0.50000,-0.45626,-0.000246,-0.000952,0.000000,0.000000,0.000707
3156,117,conference,mask_conference,environment,network_actively,delayed,-0.3895,0.44876,-0.32270,0.49910,0.49923,-0.45573,-0.000101,0.000153,-0.000898,-0.000767,0.000527
3157,117,conference,mask_conference,environment,network_actively,goal_achieved,0.8501,0.44915,-0.32305,0.50000,0.50000,-0.45632,0.000399,-0.000345,0.000898,0.000767,-0.000584
3158,117,conference,mask_conference,environment,network_actively,goal_achieved,0.8488,0.44955,-0.32339,0.50000,0.50000,-0.45690,0.000400,-0.000342,0.000000,0.000000,-0.000586
3159,117,conference,mask_conference,environment,network_actively,goal_achieved,0.8489,0.44995,-0.32373,0.50000,0.50000,-0.45749,0.000400,-0.000341,0.000000,0.000000,-0.000586
3160,118,work,mask_work,environment,handle_backlog,goal_achieved,1.9534,0.50000,0.50000,-0.50000,-0.50000,-0.50000,0.000000,0.000000,0.000000,0.000000,0.000000
3161,118,work,mask_work,environment,tidy_up,goal_achieved,1.8513,0.49959,0.50000,-0.50000,-0.50000,-0.50000,-0.000406,0.000000,0.000000,0.000000,0.000000
3162,118,work,mask_work,environment,deep_work,delayed,-0.7340,0.49904,0.50000,-0.49976,-0.49987,-0.49957,-0.000550,0.000000,0.000243,0.000128,0.000425
3163,118,work,mask_work,environment,handle_backlog,goal_achieved,1.9535,0.49941,0.50000,-0.50000,-0.50000,-0.50000,0.000366,0.000000,-0.000243,-0.000128,-0.000425
3164,118,work,mask_work,environment,tidy_up,goal_achieved,1.8524,0.49900,0.50000,-0.50000,-0.50000,-0.50000,-0.000413,0.000000,0.000000,0.000000,0.000000
3165,118,work,mask_work,environment,take_notes,delayed,-1.3692,0.49935,0.50000,-0.50000,-0.50000,-0.50000,0.000352,0.000000,0.000000,0.000000,0.000000
3166,118,work,mask_work,environment,take_notes,failed,-2.2982,0.49931,0.50000,-0.50000,-0.50000,-0.50000,-0.000039,0.000000,0.000000,0.000000,0.000000
3167,118,work,mask_work,environment,tidy_up,failed,-2.4634,0.50000,0.50000,-0.50000,-0.50000,-0.50000,0.000690,0.000000,0.000000,0.000000,0.000000
3168,118,work,mask_work,environment,deep_work,goal_achieved,1.8420,0.50000,0.50000,-0.50000,-0.50000,-0.50000,0.000000,0.000000,0.000000,0.000000,0.000000
3169,118,home,mask_home,environment,zone_out,failed,-2.2572,-0.49882,-0.23877,-0.50000,-0.49870,0.22025,0.001178,0.000855,0.000000,0.001299,-0.000626
3170,118,home,mask_home,environment,network_actively,failed,-2.9703,-0.49967,-0.23908,-0.50000,-0.49948,0.22051,-0.000851,-0.000309,0.000000,-0.000777,0.000269
3171,118,home,mask_home,environment,zone_out,delayed,-1.3579,-0.49925,-0.23866,-0.50000,-0.49892,0.22018,0.000424,0.000416,0.000000,0.000562,-0.000339
3172,118,home,mask_home,environment,network_actively,failed,-2.9686,-0.50000,-0.23896,-0.50000,-0.49969,0.22044,-0.000751,-0.000305,0.000000,-0.000771,0.000266
3173,118,home,mask_home,environment,rest_deeply,delayed,-0.5822,-0.50000,-0.23936,-0.50000,-0.50000,0.22124,0.000000,-0.000399,0.000000,-0.000313,0.000797
3174,118,home,mask_home,environment,zone_out,goal_achieved,1.3434,-0.50000,-0.24027,-0.50000,-0.50000,0.22176,0.000000,-0.000902,0.000000,0.000000,0.000523
3175,118,home,mask_home,environment,zone_out,goal_achieved,1.3434,-0.50000,-0.24117,-0.50000,-0.50000,0.22228,0.000000,-0.000902,0.000000,0.000000,0.000521
3176,118,home,mask_home,environment,zone_out,failed,-2.2505,-0.49882,-0.24032,-0.50000,-0.49871,0.22166,0.001178,0.000846,0.000000,0.001293,-0.000617
3177,118,home,mask_home,environment,network_actively,goal_achieved,1.2949,-0.49793,-0.23971,-0.50000,-0.49734,0.22069,0.000890,0.000610,0.000000,0.001368,-0.000972
3178,118,conference,mask_conference,environment,network_actively,goal_achieved,0.8490,0.45035,-0.32407,0.50000,0.50000,-0.45808,0.000400,-0.000341,0.000000,0.000000,-0.000587
3179,118,conference,mask_conference,environment,network_actively,goal_achieved,0.8491,0.45075,-0.32441,0.50000,0.50000,-0.45866,0.000400,-0.000340,0.000000,0.000000,-0.000587
3180,118,conference,mask_conference,environment,network_actively,goal_achieved,0.8492,0.45116,-0.32475,0.50000,0.50000,-0.45925,0.000401,-0.000340,0.000000,0.000000,-0.000587
3181,118,conference,mask_conference,environment,network_actively,goal_achieved,0.8493,0.45156,-0.32509,0.50000,0.50000,-0.45984,0.000401,-0.000339,0.000000,0.000000,-0.000588
3182,118,conference,mask_conference,environment,network_actively,goal_achieved,0.8493,0.45196,-0.32543,0.50000,0.50000,-0.46043,0.000401,-0.000339,0.000000,0.000000,-0.000588
3183,118,conference,mask_conference,environment,take_notes,goal_achieved,1.2343,0.45239,-0.32535,0.50000,0.50000,-0.46086,0.000428,0.000085,0.000000,0.000000,-0.000434
3184,118,conference,mask_conference,environment,take_notes,goal_achieved,1.2343,0.45281,-0.32526,0.50000,0.50000,-0.46129,0.000428,0.000084,0.000000,0.000000,-0.000433
3185,118,conference,mask_conference,environment,quick_scan,goal_achieved,1.0527,0.45257,-0.32620,0.50000,0.50000,-0.46059,-0.000239,-0.000938,0.000000,0.000000,0.000702
3186,118,conference,mask_conference,environment,network_actively,goal_achieved,0.8444,0.45298,-0.32653,0.50000,0.50000,-0.46118,0.000404,-0.000329,0.000000,0.000000,-0.000586
3187,119,work,mask_work,environment,handle_backlog,delayed,-1.3606,0.50000,0.50000,-0.50000,-0.50000,-0.50000,0.000000,0.000000,0.000000,0.000000,0.000000
3188,119,work,mask_work,environment,deep_work,goal_achieved,1.8447,0.50000,0.50000,-0.50000,-0.50000,-0.50000,0.000000,0.000000,0.000000,0.000000,0.000000
3189,119,work,mask_work,environment,tidy_up,goal_achieved,1.8567,0.49959,0.50000,-0.50000,-0.50000,-0.50000,-0.000411,0.000000,0.000000,0.000000,0.000000
3190,119,work,mask_work,environment,deep_work,delayed,-0.7339,0.49903,0.50000,-0.49975,-0.49987,-0.49958,-0.000563,0.000000,0.000246,0.000132,0.000423
3191,119,work,mask_work,environment,tidy_up,delayed,-1.3792,0.50000,0.50000,-0.50000,-0.50000,-0.50000,0.000974,0.000000,-0.000246,-0.000132,-0.000423
3192,119,work,mask_work,environment,take_notes,failed,-2.2930,0.49996,0.50000,-0.50000,-0.50000,-0.50000,-0.000036,0.000000,0.000000,0.000000,0.000000
3193,119,work,mask_work,environment,handle_backlog,goal_achieved,1.9580,0.50000,0.50000,-0.50000,-0.50000,-0.50000,0.000036,0.000000,0.000000,0.000000,0.000000
3194,119,work,mask_work,environment,tidy_up,delayed,-1.3792,0.50000,0.50000,-0.50000,-0.50000,-0.50000,0.000000,0.000000,0.000000,0.000000,0.000000
3195,119,work,mask_work,environment,handle_backlog,goal_achieved,1.9593,0.50000,0.50000,-0.50000,-0.50000,-0.50000,0.000000,0.000000,0.000000,0.000000,0.000000
3196,119,home,mask_home,environment,rest_deeply,delayed,-0.5833,-0.49883,-0.24011,-0.50000,-0.49871,0.22149,-0.000902,-0.000403,0.000000,-0.001375,0.000796
3197,119,home,mask_home,environment,zone_out,delayed,-1.3520,-0.49841,-0.23970,-0.50000,-0.49816,0.22115,0.000424,0.000412,0.000000,0.000558,-0.000334
3198,119,home,mask_home,environment,rest_deeply,goal_achieved,1.6988,-0.49878,-0.23974,-0.50000,-0.49820,0.22095,-0.000372,-0.000040,0.000000,-0.000044,-0.000204
3199,119,home,mask_home,environment,rest_deeply,delayed,-0.5824,-0.49968,-0.24014,-0.50000,-0.49957,0.22175,-0.000897,-0.000401,0.000000,-0.001372,0.000796
3200,119,home,mask_home,environment,zone_out,goal_achieved,1.3474,-0.50000,-0.24104,-0.50000,-0.50000,0.22227,-0.000321,-0.000901,0.000000,-0.000428,0.000522
3201,119,home,mask_home,environment,rest_deeply,goal_achieved,1.6945,-0.50000,-0.24108,-0.50000,-0.50000,0.22206,0.000000,-0.000040,0.000000,0.000000,-0.000208
3202,119,home,mask_home,environment,rest_deeply,goal_achieved,1.6945,-0.50000,-0.24112,-0.50000,-0.50000,0.22185,0.000000,-0.000040,0.000000,0.000000,-0.000207
3203,119,home,mask_home,environment,rest_deeply,delayed,-0.5877,-0.50000,-0.24154,-0.50000,-0.50000,0.22266,0.000000,-0.000416,0.000000,0.000000,0.000806
3204,119,home,mask_home,environment,network_actively,delayed,-1.8963,-0.50000,-0.24162,-0.50000,-0.50000,0.22262,0.000000,-0.000085,0.000000,0.000000,-0.000037
3205,119,conference,mask_conference,environment,network_actively,goal_achieved,0.8445,0.45338,-0.32686,0.50000,0.50000,-0.46176,0.000404,-0.000329,0.000000,0.000000,-0.000586
3206,119,conference,mask_conference,environment,network_actively,goal_achieved,0.8446,0.45379,-0.32719,0.50000,0.50000,-0.46235,0.000405,-0.000328,0.000000,0.000000,-0.000586
3207,119,conference,mask_conference,environment,quick_scan,goal_achieved,1.0498,0.45355,-0.32812,0.50000,0.50000,-0.46165,-0.000236,-0.000933,0.000000,0.000000,0.000699
3208,119,conference,mask_conference,environment,quick_scan,delayed,-2.0538,0.45416,-0.32795,0.50000,0.50000,-0.46261,0.000606,0.000166,0.000000,0.000000,-0.000955
3209,119,conference,mask_conference,environment,deep_work,delayed,-2.5723,0.45447,-0.32816,0.50000,0.50000,-0.46298,0.000310,-0.000210,0.000000,0.000000,-0.000369
3210,119,conference,mask_conference,environment,network_actively,goal_achieved,0.8435,0.45487,-0.32849,0.50000,0.50000,-0.46356,0.000405,-0.000326,0.000000,0.000000,-0.000586
3211,119,conference,mask_conference,environment,network_actively,goal_achieved,0.8436,0.45528,-0.32882,0.50000,0.50000,-0.46415,0.000405,-0.000326,0.000000,0.000000,-0.000586
3212,119,conference,mask_conference,environment,network_actively,delayed,-0.3962,0.45518,-0.32866,0.49909,0.49922,-0.46361,-0.000101,0.000157,-0.000914,-0.000781,0.000534
3213,119,conference,mask_conference,environment,network_actively,delayed,-0.3964,0.45507,-0.32850,0.49817,0.49844,-0.46308,-0.000101,0.000158,-0.000914,-0.000780,0.000533
3214,120,work,mask_work,environment,take_notes,goal_achieved,1.4202,0.50000,0.50000,-0.50000,-0.50000,-0.50000,0.000000,0.000000,0.000000,0.000000,0.000000
3215,120,work,mask_work,environment,tidy_up,goal_achieved,1.8548,0.49958,0.50000,-0.50000,-0.50000,-0.50000,-0.000419,0.000000,0.000000,0.000000,0.000000
3216,120,work,mask_work,environment,tidy_up,failed,-2.4641,0.50000,0.50000,-0.50000,-0.50000,-0.50000,0.000419,0.000000,0.000000,0.000000,0.000000
3217,120,work,mask_work,environment,rest_deeply,failed,-2.5696,0.50000,0.50000,-0.50000,-0.50000,-0.50000,0.000000,0.000000,0.000000,0.000000,0.000000
3218,120,work,mask_work,environment,take_notes,goal_achieved,1.4207,0.50000,0.50000,-0.50000,-0.50000,-0.50000,0.000000,0.000000,0.000000,0.000000,0.000000
3219,120,work,mask_work,environment,network_actively,delayed,-1.4706,0.50000,0.50000,-0.50000,-0.50000,-0.50000,0.000000,0.000000,0.000000,0.000000,0.000000
3220,120,work,mask_work,environment,network_actively,delayed,-1.4706,0.50000,0.50000,-0.50000,-0.50000,-0.50000,0.000000,0.000000,0.000000,0.000000,0.000000
3221,120,work,mask_work,environment,deep_work,goal_achieved,1.8367,0.50000,0.50000,-0.50000,-0.50000,-0.50000,0.000000,0.000000,0.000000,0.000000,0.000000
3222,120,work,mask_work,environment,deep_work,goal_achieved,1.8367,0.50000,0.50000,-0.50000,-0.50000,-0.50000,0.000000,0.000000,0.000000,0.000000,0.000000
3223,120,home,mask_home,environment,zone_out,failed,-2.2455,-0.49882,-0.24078,-0.50000,-0.49871,0.22201,0.001183,0.000846,0.000000,0.001294,-0.000616
3224,120,home,mask_home,environment,rest_deeply,goal_achieved,1.6996,-0.49918,-0.24082,-0.50000,-0.49874,0.22180,-0.000367,-0.000038,0.000000,-0.000037,-0.000207
3225,120,home,mask_home,environment,rest_deeply,goal_achieved,1.6995,-0.49955,-0.24085,-0.50000,-0.49878,0.22159,-0.000367,-0.000037,0.000000,-0.000037,-0.000207
3226,120,home,mask_home,environment,rest_deeply,goal_achieved,1.6994,-0.49992,-0.24089,-0.50000,-0.49882,0.22138,-0.000366,-0.000037,0.000000,-0.000036,-0.000208
3227,120,home,mask_home,environment,quick_scan,failed,-2.8120,-0.50000,-0.24096,-0.50000,-0.49913,0.22115,-0.000083,-0.000070,0.000000,-0.000309,-0.000237
3228,120,home,mask_home,environment,quick_scan,goal_achieved,1.6927,-0.50000,-0.24115,-0.50000,-0.49948,0.22156,0.000000,-0.000193,0.000000,-0.000352,0.000413
3229,120,home,mask_home,environment,zone_out,delayed,-1.3520,-0.49957,-0.24074,-0.50000,-0.49892,0.22123,0.000430,0.000412,0.000000,0.000562,-0.000332
3230,120,home,mask_home,environment,rest_deeply,goal_achieved,1.6998,-0.49993,-0.24078,-0.50000,-0.49895,0.22102,-0.000360,-0.000034,0.000000,-0.000032,-0.000207
3231,120,home,mask_home,environment,rest_deeply,goal_achieved,1.6997,-0.50000,-0.24081,-0.50000,-0.49898,0.22081,-0.000070,-0.000034,0.000000,-0.000032,-0.000207
3232,120,conference,mask_conference,environment,network_actively,delayed,-0.3965,0.45497,-0.32834,0.49726,0.49766,-0.46255,-0.000100,0.000160,-0.000915,-0.000780,0.000533
3233,120,conference,mask_conference,environment,quick_scan,goal_achieved,1.0604,0.45474,-0.32928,0.49916,0.49802,-0.46184,-0.000236,-0.000936,0.001898,0.000365,0.000704
3234,120,conference,mask_conference,environment,network_actively,goal_achieved,0.8421,0.45514,-0.32960,0.50000,0.49972,-0.46242,0.000404,-0.000328,0.000845,0.001692,-0.000581
3235,120,conference,mask_conference,environment,network_actively,delayed,-0.3984,0.45504,-0.32945,0.49909,0.49893,-0.46188,-0.000105,0.000152,-0.000913,-0.000785,0.000540
3236,120,conference,mask_conference,environment,network_actively,goal_achieved,0.8423,0.45544,-0.32978,0.50000,0.50000,-0.46246,0.000404,-0.000329,0.000913,0.001070,-0.000581
3237,120,conference,mask_conference,environment,network_actively,delayed,-0.3984,0.45534,-0.32963,0.49909,0.49921,-0.46192,-0.000105,0.000152,-0.000913,-0.000785,0.000540
3238,120,conference,mask_conference,environment,network_actively,goal_achieved,0.8424,0.45574,-0.32996,0.50000,0.50000,-0.46250,0.000404,-0.000329,0.000913,0.000785,-0.000581
3239,120,conference,mask_conference,environment,network_actively,goal_achieved,0.8411,0.45615,-0.33028,0.50000,0.50000,-0.46309,0.000405,-0.000325,0.000000,0.000000,-0.000583
3240,120,conference,mask_conference,environment,network_actively,delayed,-0.3985,0.45604,-0.33013,0.49909,0.49921,-0.46255,-0.000105,0.000152,-0.000914,-0.000785,0.000541
